"full_name","a","e","i","om","w","q","ad","per_y","data_arc","condition_code","n_obs_used","n_del_obs_used","n_dop_obs_used","H","spkid","pha","diameter","albedo","diameter_sigma","epoch","ma","moid"
"  2062 Aten (1976 AA)",0.967,0.1829,18.94,108.53,148.07,0.790,1.14,0.951,23339,0,1024,5,2,17.11,20002062,N,1.1,0.26,,2461200.5,239.96,0.113
"  2100 Ra-Shalom (1978 RA)",0.832,0.4365,15.76,170.76,356.08,0.469,1.20,0.759,18595,0,4237,9,2,16.24,20002100,N,2.3,0.13,0.20,2461200.5,148.84,0.15
"  2340 Hathor (1976 UA)",0.8437,0.4500,5.86,211.21,40.20,0.464,1.22,0.775,16477,0,572,4,3,20.41,20002340,Y,0.3,,,2461200.5,96.29,0.0064
"  3362 Khufu (1984 QA)",0.9895,0.4685,9.92,152.40,55.09,0.526,1.45,0.984,7394,1,262,,,18.52,20003362,Y,0.7,0.21,,2461200.5,240.65,0.0132
"  3554 Amun (1986 EB)",0.9739,0.2805,23.36,358.59,359.42,0.701,1.25,0.961,12044,0,1979,,,15.91,20003554,N,3.341,0.074,0.02,2461200.5,121.80,0.251
"  3753 Cruithne (1986 TO)",0.9978,0.5149,19.80,126.19,43.88,0.484,1.51,0.997,19313,0,1704,,,15.42,20003753,N,2.071,0.365,0.11,2461200.5,182.13,0.0707
"  5381 Sekhmet (1991 JY)",0.9475,0.2964,48.97,58.53,37.44,0.667,1.23,0.922,12875,0,1473,1,0,16.75,20005381,N,0.935,0.507,0.04,2461200.5,120.36,0.113
"  5590 (1990 VA)",0.9864,0.2801,14.18,216.25,34.50,0.710,1.26,0.98,2218,2,67,,,19.91,20005590,N,,,,2461200.5,269.55,0.121
"  5604 (1992 FE)",0.9299,0.4065,4.70,311.93,82.77,0.552,1.31,0.897,15082,0,1572,6,0,17.32,20005604,Y,0.55,0.48,,2461200.5,209.48,0.0334
" 33342 (1998 WT24)",0.7187,0.4176,7.37,81.66,167.51,0.419,1.02,0.609,9571,0,1983,16,1,18.02,20033342,Y,0.432,0.654,0.03,2461200.5,278.11,0.0103
" 65679 (1989 UQ)",0.9148,0.2645,1.30,178.05,15.01,0.673,1.16,0.875,25910,0,1164,,,19.62,20065679,Y,0.918,0.033,0.01,2461200.5,151.82,0.014
" 66063 (1998 RO1)",0.9909,0.7201,22.69,351.83,151.17,0.277,1.70,0.986,9064,0,1321,4,0,18.15,20066063,N,,,,2461200.5,306.14,0.0922
" 66146 (1998 TU3)",0.7876,0.4837,5.42,101.88,84.99,0.407,1.17,0.699,15964,0,2388,,,14.36,20066146,N,2.864,0.224,1.17,2461200.5,356.82,0.0737
" 66391 Moshup (1999 KW4)",0.6424,0.6884,38.88,244.90,192.65,0.200,1.08,0.515,10188,0,3871,37,0,16.64,20066391,Y,1.317,,0.04,2461200.5,5.46,0.0132
" 66400 (1999 LT7)",0.8554,0.5725,9.06,79.79,341.41,0.366,1.35,0.791,13942,0,835,,,19.27,20066400,N,0.411,0.182,0.08,2461200.5,274.80,0.0591
" 68347 (2001 KB67)",0.9616,0.3799,17.13,245.85,243.82,0.596,1.33,0.943,7444,0,614,6,2,19.92,20068347,Y,,,,2461200.5,259.49,0.0147
" 85770 (1998 UP1)",0.9977,0.3452,33.18,18.31,234.24,0.653,1.34,0.997,12791,0,468,,,20.72,20085770,N,,,,2461200.5,350.52,0.0833
" 85953 (1999 FK21)",0.7389,0.7031,12.60,180.43,172.43,0.219,1.26,0.635,20138,0,2132,2,1,18.09,20085953,N,0.59,0.32,,2461200.5,209.34,0.0709
" 85989 (1999 JD6)",0.8831,0.6328,17.07,130.14,309.26,0.324,1.44,0.83,12805,0,3850,11,4,17.07,20085989,Y,1.462,0.056,0.02,2461200.5,331.03,0.0479
" 86450 (2000 CK33)",0.9681,0.4149,18.11,124.82,215.61,0.566,1.37,0.953,9608,0,4250,,,18.44,20086450,N,,,,2461200.5,336.92,0.125
" 86667 (2000 FO10)",0.8594,0.5946,14.29,208.30,172.49,0.348,1.37,0.797,13186,0,2444,,,17.54,20086667,N,0.745,0.349,0.02,2461200.5,116.48,0.133
" 87309 (2000 QP)",0.8475,0.4632,34.74,294.27,188.18,0.455,1.24,0.78,18320,0,1157,,,17.59,20087309,N,0.568,0.499,0.16,2461200.5,267.24,0.202
" 87684 (2000 SY2)",0.8586,0.6427,19.22,162.00,47.81,0.307,1.41,0.796,17573,0,2531,,,15.96,20087684,Y,,,,2461200.5,206.21,0.0468
" 88213 (2001 AF2)",0.954,0.5953,17.81,114.25,195.00,0.386,1.52,0.932,9207,0,364,,,19.48,20088213,N,0.912,0.028,0.42,2461200.5,228.96,0.172
" 96590 (1998 XB)",0.9079,0.3512,13.60,75.68,202.72,0.589,1.23,0.865,12365,0,3847,8,7,16.28,20096590,N,0.882,0.489,0.22,2461200.5,121.51,0.114
" 99907 (1989 VA)",0.7284,0.5947,28.80,225.58,2.87,0.295,1.16,0.622,13198,0,1591,,,17.96,20099907,N,1.4,,,2461200.5,112.94,0.154
" 99942 Apophis (2004 MN4)",0.9224,0.1911,3.34,203.89,126.68,0.746,1.10,0.886,6599,0,7370,20,30,19.09,20099942,Y,0.34,0.35,0.04,2461200.5,175.33,0.000108
"105140 (2000 NL10)",0.9143,0.8170,32.54,237.27,281.68,0.167,1.66,0.874,27013,0,3634,,,15.75,20105140,N,1.946,0.223,0.06,2461200.5,352.28,0.356
"136818 Selqet (1997 MW1)",0.9375,0.3463,12.78,259.91,203.84,0.613,1.26,0.908,10627,0,781,,,18.96,20136818,N,,,,2461200.5,126.50,0.113
"137170 (1999 HF1)",0.8191,0.4625,25.66,155.84,253.42,0.440,1.20,0.741,9877,0,8985,1,0,14.66,20137170,N,,,,2461200.5,326.75,0.174
"137805 (1999 YK5)",0.8294,0.5583,16.75,349.51,292.89,0.366,1.29,0.755,9469,0,2251,,,16.72,20137805,N,2.243,0.027,0.03,2461200.5,153.55,0.114
"137924 (2000 BD19)",0.8765,0.8950,25.76,333.66,324.39,0.092,1.66,0.821,10591,0,1293,7,0,17.49,20137924,N,0.970,0.247,0.04,2461200.5,213.42,0.0901
"138127 (2000 EE14)",0.6618,0.5331,26.46,155.74,197.85,0.309,1.01,0.538,9477,0,1125,,,17.11,20138127,Y,0.754,0.449,0.02,2461200.5,94.65,0.023
"138258 (2000 GD2)",0.7578,0.4767,32.14,358.11,16.98,0.397,1.12,0.66,9165,0,244,0,2,18.98,20138258,N,,,,2461200.5,36.62,0.0717
"140333 (2001 TD2)",0.9619,0.4816,19.03,12.80,199.11,0.499,1.43,0.943,8404,0,763,,,19.24,20140333,N,,,,2461200.5,162.99,0.185
"141424 (2002 CD)",0.9799,0.1768,6.88,8.66,331.80,0.807,1.15,0.97,2001,1,297,,,20.65,20141424,N,,,,2461200.5,168.57,0.0731
"141432 (2002 CQ11)",0.976,0.4275,2.47,81.34,272.65,0.559,1.39,0.964,3746,0,472,3,1,20.06,20141432,Y,0.239,0.340,0.04,2461200.5,134.85,0.0195
"141484 (2002 DB4)",0.8579,0.3696,16.60,234.21,94.16,0.541,1.17,0.795,8857,0,1572,,,16.26,20141484,N,1.034,0.455,0.04,2461200.5,303.66,0.153
"141498 (2002 EZ16)",0.9216,0.5666,30.14,262.89,25.38,0.399,1.44,0.885,11046,0,693,,,18.44,20141498,N,,,,2461200.5,278.00,0.176
"141531 (2002 GB)",0.9921,0.5289,22.55,40.80,8.32,0.467,1.52,0.988,8435,0,900,,,19.15,20141531,N,0.303,0.482,0.01,2461200.5,240.39,0.281
"144900 (2004 VG64)",0.9685,0.6556,36.24,208.83,43.96,0.333,1.60,0.953,7708,0,436,4,2,18.27,20144900,Y,,,,2461200.5,290.24,0.0275
"152563 (1992 BF)",0.9079,0.2717,7.25,315.19,336.57,0.661,1.15,0.865,25988,0,638,,,19.71,20152563,N,0.272,0.287,0.08,2461200.5,110.15,0.063
"152637 (1997 NC1)",0.8649,0.2086,16.73,96.45,16.61,0.685,1.05,0.804,10637,0,1117,0,2,17.87,20152637,Y,,,,2461200.5,131.01,0.0167
"152742 (1998 XE12)",0.8781,0.7392,13.43,280.01,353.17,0.229,1.53,0.823,10285,0,565,,,19.10,20152742,N,0.413,0.264,0.01,2461200.5,256.06,0.112
"152931 (2000 EA107)",0.9297,0.4558,28.58,52.87,278.02,0.506,1.35,0.896,9599,0,2232,,,16.31,20152931,N,1.646,0.237,0.04,2461200.5,277.00,0.162
"153201 (2000 WO107)",0.9112,0.7808,7.77,69.18,213.77,0.200,1.62,0.87,8479,0,1137,4,4,19.30,20153201,Y,0.510,0.129,0.08,2461200.5,179.43,0.0028
"153415 (2001 QP153)",0.8915,0.2139,50.21,317.67,244.27,0.701,1.08,0.842,10003,0,670,2,1,17.01,20153415,N,,,,2461200.5,273.24,0.0735
"162004 (1991 VE)",0.8908,0.6646,7.22,61.84,193.68,0.299,1.48,0.841,25965,0,1890,1,1,18.28,20162004,N,,,,2461200.5,137.22,0.0575
"162015 (1994 TF2)",0.9934,0.2841,23.75,175.21,349.80,0.711,1.28,0.99,3301,1,147,,,19.25,20162015,N,,,,2461200.5,223.29,0.255
"162080 (1998 DG16)",0.8967,0.3582,16.21,344.32,356.86,0.575,1.22,0.849,16470,0,723,,,19.91,20162080,N,0.777,0.035,0.06,2461200.5,300.28,0.188
"162117 (1998 SD15)",0.9326,0.3448,26.80,183.91,35.88,0.611,1.25,0.901,9937,0,792,,,19.04,20162117,N,,,,2461200.5,23.62,0.11
"162142 (1998 VR)",0.8753,0.3178,21.81,46.35,170.74,0.597,1.15,0.819,9902,0,773,,,18.78,20162142,N,0.462,0.250,0.17,2461200.5,77.17,0.151
"162361 (2000 AF6)",0.8749,0.4109,2.71,109.72,201.53,0.515,1.23,0.818,11715,0,506,,,20.24,20162361,Y,,,,2461200.5,190.56,0.0224
"162385 (2000 BM19)",0.7405,0.3587,6.88,70.20,247.74,0.475,1.01,0.637,9546,0,334,2,0,18.59,20162385,N,0.812,0.115,0.10,2461200.5,255.13,0.0834
"162421 (2000 ET70)",0.9466,0.1239,22.32,331.11,46.05,0.829,1.06,0.921,17851,0,743,18,0,18.11,20162421,Y,,,,2461200.5,313.59,0.0303
"162483 (2000 PJ5)",0.8727,0.3737,51.18,124.41,7.65,0.547,1.20,0.815,9505,0,880,,,17.53,20162483,N,0.906,0.236,0.01,2461200.5,27.50,0.175
"162694 (2000 UH11)",0.8703,0.4224,32.22,29.77,187.42,0.503,1.24,0.812,8058,0,215,,,19.74,20162694,N,,,,2461200.5,11.97,0.224
"163023 (2001 XU1)",0.7974,0.5464,27.15,69.68,208.54,0.362,1.23,0.712,8428,0,383,,,19.52,20163023,N,,,,2461200.5,266.43,0.056
"163243 (2002 FB3)",0.7616,0.6016,20.28,203.55,148.34,0.303,1.22,0.665,8856,0,1995,,,16.42,20163243,Y,1.682,0.172,0.01,2461200.5,279.21,0.00315
"163348 (2002 NN4)",0.8758,0.4346,5.42,259.41,222.21,0.495,1.26,0.82,8435,0,790,,,20.05,20163348,Y,0.735,0.030,0.24,2461200.5,209.33,0.00686
"163899 (2003 SD220)",0.8279,0.2094,8.55,273.63,327.02,0.654,1.00,0.753,9153,0,1935,17,8,17.56,20163899,Y,0.791,0.340,0.03,2461200.5,193.58,0.018
"164202 (2004 EW)",0.9879,0.2789,4.67,342.89,56.22,0.712,1.26,0.982,4823,0,427,,,20.91,20164202,Y,,,,2461200.5,322.00,0.0236
"168044 (2005 SG)",0.9813,0.2833,34.83,23.51,205.52,0.703,1.26,0.972,1482,1,347,,,19.09,20168044,N,,,,2461200.5,212.85,0.202
"187026 (2005 EK70)",0.9596,0.1355,30.00,329.78,347.04,0.830,1.09,0.94,7799,0,1560,1,0,17.36,20187026,N,,,,2461200.5,357.96,0.0965
"188174 (2002 JC)",0.8189,0.3907,40.86,69.38,306.91,0.499,1.14,0.741,12458,0,623,3,0,17.48,20188174,N,,,,2461200.5,2.92,0.092
"199003 (2005 WJ56)",0.959,0.1520,21.62,288.01,297.66,0.813,1.10,0.939,6940,0,1303,3,2,18.16,20199003,Y,,,,2461200.5,116.77,0.0226
"202683 (2006 US216)",0.6371,0.5623,3.44,193.22,56.45,0.279,1.00,0.509,4080,1,89,,,19.78,20202683,Y,,,,2461200.5,340.31,0.0442
"203471 (2002 AU4)",0.8554,0.3736,17.19,99.41,205.21,0.536,1.17,0.791,11377,0,472,,,19.45,20203471,N,,,,2461200.5,122.02,0.0885
"208023 (1999 AQ10)",0.9339,0.2353,6.50,326.95,300.62,0.714,1.15,0.903,9862,0,444,3,0,20.53,20208023,Y,,,,2461200.5,328.39,0.00609
"209215 (2003 WP25)",0.9892,0.1213,2.56,40.76,226.46,0.869,1.11,0.984,2320,1,59,,,24.30,20209215,N,,,,2461200.5,109.28,0.0221
"215442 (2002 MQ3)",0.9136,0.2742,36.29,109.06,346.90,0.663,1.16,0.873,8050,0,860,,,18.53,20215442,N,1.075,0.080,0.02,2461200.5,309.32,0.134
"216523 (2001 HY7)",0.9137,0.4121,5.21,205.04,211.34,0.537,1.29,0.873,8111,0,353,,,20.70,20216523,Y,,,,2461200.5,47.12,0.0352
"230111 (2001 BE10)",0.8231,0.3693,17.51,297.74,30.60,0.519,1.13,0.747,8830,0,834,2,1,19.27,20230111,Y,,0.253,,2461200.5,114.20,0.0412
"234145 (2000 EW70)",0.9376,0.3213,5.43,178.02,125.79,0.636,1.24,0.908,6939,0,410,4,6,21.58,20234145,Y,0.344,0.045,0.01,2461200.5,225.92,0.0104
"234341 (2001 FZ57)",0.9442,0.6042,20.67,22.08,339.98,0.374,1.51,0.918,12369,0,545,,,18.93,20234341,N,0.344,0.493,0.06,2461200.5,20.75,0.158
"242191 (2003 NZ6)",0.7934,0.4923,18.25,124.58,311.63,0.403,1.18,0.707,7996,0,647,2,1,19.02,20242191,N,0.370,0.334,0.03,2461200.5,50.83,0.066
"247517 (2002 QY6)",0.8171,0.6991,12.75,164.16,355.42,0.246,1.39,0.739,8459,0,666,,,19.59,20247517,N,0.269,0.357,0.01,2461200.5,248.49,0.106
"250680 (2005 QC5)",0.893,0.3646,9.45,48.05,108.72,0.567,1.22,0.844,17462,0,129,,,19.63,20250680,Y,0.398,0.147,0.01,2461200.5,45.55,0.0478
"252399 (2001 TX44)",0.8748,0.5459,15.21,57.76,136.04,0.397,1.35,0.818,8116,0,351,,,19.41,20252399,Y,0.291,0.478,0.07,2461200.5,265.33,0.00897
"260277 (2004 TR12)",0.8951,0.2096,19.36,155.35,77.80,0.707,1.08,0.847,6283,0,551,,,18.27,20260277,N,0.470,0.419,0.13,2461200.5,330.26,0.0964
"262623 (2006 WY2)",0.9833,0.3329,27.55,99.83,159.98,0.656,1.31,0.975,5827,0,952,,,18.64,20262623,N,0.761,0.122,0.08,2461200.5,130.27,0.254
"264357 (2000 AZ93)",0.7469,0.3600,8.59,277.30,8.19,0.478,1.02,0.645,8000,0,160,4,1,21.17,20264357,Y,0.113,0.037,0.03,2461200.5,147.30,0.0213
"276770 (2004 HC)",0.7892,0.5987,28.98,202.97,159.37,0.317,1.26,0.701,7680,0,220,,,19.94,20276770,N,,,,2461200.5,90.50,0.0932
"277830 (2006 HR29)",0.9855,0.2637,9.54,232.52,212.68,0.726,1.25,0.978,3731,1,232,,,20.71,20277830,N,,,,2461200.5,301.21,0.0942
"281375 (2008 JV19)",0.9857,0.2485,7.23,141.88,310.75,0.741,1.23,0.979,3374,0,607,,,20.81,20281375,Y,,,,2461200.5,275.29,0.0416
"286079 (2001 TW1)",0.9113,0.5261,31.32,27.33,208.83,0.432,1.39,0.87,8045,0,459,,,19.29,20286079,N,,,,2461200.5,215.86,0.148
"288592 (2004 JW20)",0.9529,0.5615,14.73,235.15,207.55,0.418,1.49,0.93,6628,0,124,,,20.87,20288592,N,,,,2461200.5,0.40,0.0988
"289227 (2004 XY60)",0.6402,0.7966,23.79,122.55,130.91,0.130,1.15,0.512,7694,0,258,,,18.67,20289227,N,,,,2461200.5,195.55,0.194
"297418 (2000 SP43)",0.8115,0.4669,10.34,350.51,224.49,0.433,1.19,0.731,9199,0,1260,0,1,18.51,20297418,Y,0.407,0.388,0.02,2461200.5,159.46,0.0194
"302169 (2001 TD45)",0.7967,0.7776,25.36,30.23,212.47,0.177,1.42,0.711,8428,0,294,4,1,20.00,20302169,Y,,,,2461200.5,311.54,0.0276
"303250 (2004 RU10)",0.9041,0.6569,15.91,118.94,65.30,0.310,1.50,0.86,7014,0,506,,,17.91,20303250,N,,,,2461200.5,293.09,0.107
"306383 (1993 VD)",0.8758,0.5515,2.07,2.14,254.27,0.393,1.36,0.82,11719,0,208,0,1,21.52,20306383,Y,,,,2461200.5,7.64,0.0174
"307918 (2004 EU9)",0.8805,0.5052,28.58,161.08,202.43,0.436,1.33,0.826,7350,0,560,,,19.02,20307918,N,0.374,0.358,0.05,2461200.5,94.08,0.168
"308242 (2005 GO21)",0.7533,0.3399,24.93,272.67,156.65,0.497,1.01,0.654,7457,0,557,6,2,16.18,20308242,Y,,,,2461200.5,348.82,0.044
"309214 (2007 LL)",0.9808,0.1741,10.05,247.04,211.53,0.810,1.15,0.971,1187,1,415,,,20.51,20309214,N,,,,2461200.5,344.70,0.0842
"309662 (2008 EE)",0.9814,0.2119,16.16,343.54,332.52,0.773,1.19,0.972,1823,1,399,,,19.87,20309662,N,,,,2461200.5,122.75,0.138
"310442 (2000 CH59)",0.8621,0.4230,3.26,213.47,109.84,0.497,1.23,0.8,9133,0,573,,,19.82,20310442,Y,,,,2461200.5,104.48,0.0227
"310842 (2003 AK18)",0.8769,0.3843,7.40,301.53,23.94,0.540,1.21,0.821,8448,0,886,1,3,19.79,20310842,N,,,,2461200.5,304.77,0.0564
"311554 (2006 BQ147)",0.8199,0.4223,24.38,146.76,153.23,0.474,1.17,0.742,12481,0,622,0,1,18.72,20311554,N,0.382,0.401,0.01,2461200.5,300.93,0.0707
"312070 (2007 TA19)",0.9539,0.5095,22.63,181.15,58.07,0.468,1.44,0.932,6270,0,224,,,19.40,20312070,Y,0.595,0.087,0.10,2461200.5,91.28,0.02
"313276 (2002 AX1)",0.8799,0.5418,33.00,294.69,25.36,0.403,1.36,0.825,8816,0,341,,,19.83,20313276,N,,,,2461200.5,308.48,0.16
"315098 (2007 EX)",0.8716,0.4174,18.70,297.41,78.88,0.508,1.24,0.814,6983,0,814,,,16.67,20315098,N,0.993,0.313,0.24,2461200.5,351.01,0.124
"322756 (2001 CK32)",0.7241,0.3827,8.15,109.26,233.97,0.447,1.00,0.616,7723,0,1294,,,19.23,20322756,N,,,,2461200.5,147.06,0.0774
"325102 (2008 EY5)",0.6262,0.6268,5.11,245.42,106.70,0.234,1.02,0.496,4347,1,175,,,20.17,20325102,N,0.361,0.124,0.01,2461200.5,85.53,0.0787
"325395 (2009 CQ5)",0.9327,0.0914,18.68,278.65,118.24,0.847,1.02,0.901,4594,0,517,,,17.43,20325395,Y,,,,2461200.5,124.27,0.0485
"326290 Akhenaten (1998 HE3)",0.8793,0.4401,3.38,53.39,309.36,0.492,1.27,0.825,12086,0,559,1,0,21.81,20326290,Y,,,,2461200.5,302.80,0.00327
"329437 (2002 OA22)",0.9357,0.2432,6.90,173.98,318.74,0.708,1.16,0.905,7729,0,921,6,0,19.41,20329437,Y,,,,2461200.5,269.07,0.0353
"329915 (2005 MB)",0.9855,0.7930,41.36,88.59,42.86,0.204,1.77,0.978,8482,1,200,,,17.05,20329915,N,1.012,0.249,0.14,2461200.5,252.99,0.0689
"333478 (2004 SD20)",0.8754,0.4649,21.33,46.55,94.51,0.468,1.28,0.819,7968,0,253,,,18.05,20333478,N,,,,2461200.5,80.78,0.181
"333889 (1998 SV4)",0.8165,0.6420,53.30,177.24,359.52,0.292,1.34,0.738,10207,0,1051,,,18.24,20333889,N,0.919,0.110,0.27,2461200.5,9.10,0.335
"337248 (2000 RH60)",0.8259,0.5513,19.65,177.86,354.41,0.371,1.28,0.751,8813,0,628,,,20.08,20337248,N,0.846,0.025,0.08,2461200.5,284.18,0.176
"338292 (2002 UA31)",0.7987,0.4871,30.71,209.30,358.68,0.410,1.19,0.714,8342,0,548,,,19.11,20338292,N,,,,2461200.5,192.76,0.192
"340666 (2006 RO36)",0.9064,0.2313,23.85,270.92,261.17,0.697,1.12,0.863,7277,0,943,2,0,17.80,20340666,N,,,,2461200.5,91.37,0.111
"341843 (2008 EV5)",0.9598,0.0829,7.45,93.19,235.93,0.880,1.04,0.94,6624,0,1486,8,0,20.05,20341843,Y,0.40,0.137,0.05,2461200.5,332.50,0.0135
"344074 (1997 UH9)",0.83,0.4747,25.49,42.38,180.93,0.436,1.22,0.756,10290,0,799,,,19.00,20344074,N,,,,2461200.5,110.05,0.223
"345705 (2006 VB14)",0.767,0.4211,31.03,258.71,346.46,0.444,1.09,0.672,6651,0,1416,0,1,18.58,20345705,N,0.406,0.402,0.09,2461200.5,235.80,0.0783
"345722 (2007 BG29)",0.8326,0.3347,18.51,60.95,245.16,0.554,1.11,0.76,6970,0,528,1,0,18.20,20345722,N,0.653,0.258,0.01,2461200.5,40.32,0.0878
"348306 (2005 AY28)",0.8726,0.5702,5.89,117.40,156.07,0.375,1.37,0.815,7638,0,271,0,2,21.51,20348306,Y,,,,2461200.5,334.14,0.0362
"360502 (2003 EO16)",0.9344,0.2495,13.23,177.90,167.93,0.701,1.17,0.903,7006,0,1049,,,20.77,20360502,N,,,,2461200.5,90.95,0.137
"363027 (1998 ST27)",0.8198,0.5298,21.05,197.51,322.44,0.385,1.25,0.742,9517,0,1050,12,1,19.58,20363027,Y,0.578,0.059,0.23,2461200.5,353.97,0.00962
"363505 (2003 UC20)",0.7813,0.3369,3.78,187.92,60.17,0.518,1.04,0.691,26035,0,1071,3,5,18.48,20363505,Y,1.876,0.029,0.04,2461200.5,43.25,0.0353
"364136 (2006 CJ)",0.6766,0.7549,10.22,303.20,29.69,0.166,1.19,0.557,7339,0,637,5,3,20.18,20364136,Y,,,,2461200.5,11.11,0.0258
"365424 (2010 KX7)",0.9893,0.1709,21.49,46.45,61.95,0.820,1.16,0.984,1103,1,95,1,1,21.91,20365424,Y,0.212,0.075,0.02,2461200.5,212.84,0.0327
"365449 (2010 NJ1)",0.9684,0.5407,11.22,128.23,358.59,0.445,1.49,0.953,2988,0,197,,,20.28,20365449,N,0.215,0.264,0.04,2461200.5,335.73,0.155
"367943 Duende (2012 DA14)",0.9106,0.0893,11.61,146.89,195.72,0.829,0.99,0.869,364,0,1017,4,4,24.19,20367943,N,,,,2461200.5,278.60,0.000476
"368184 (2000 RN77)",0.9513,0.3182,16.10,312.68,211.75,0.649,1.25,0.928,9453,0,497,,,19.36,20368184,N,0.381,0.193,0.12,2461200.5,106.29,0.107
"369986 (1998 SO)",0.7314,0.6986,30.35,176.14,359.87,0.220,1.24,0.626,9844,0,302,,,20.44,20369986,N,,,,2461200.5,302.65,0.198
"376848 (2001 RY47)",0.9064,0.3928,17.61,11.18,214.11,0.550,1.26,0.863,7393,0,398,,,19.61,20376848,N,,,,2461200.5,340.88,0.0812
"378160 (2006 WX1)",0.9165,0.3002,11.64,327.95,290.96,0.641,1.19,0.877,5877,0,260,,,19.69,20378160,Y,,,,2461200.5,268.59,0.029
"380636 (2004 XN14)",0.9313,0.2665,10.75,120.78,115.75,0.683,1.18,0.899,6621,0,429,,,19.76,20380636,Y,,,,2461200.5,203.52,0.00318
"380818 (2005 YV128)",0.923,0.5124,14.14,127.69,191.83,0.450,1.40,0.887,6646,0,232,,,20.67,20380818,N,,,,2461200.5,97.30,0.154
"387733 (2003 GS)",0.8928,0.2186,12.03,196.18,181.90,0.698,1.09,0.844,8101,0,933,5,0,18.93,20387733,N,0.344,0.411,0.01,2461200.5,335.30,0.0873
"387816 (2004 FM17)",0.8852,0.2501,6.76,169.72,196.59,0.664,1.11,0.833,7351,0,227,1,0,19.36,20387816,N,,,,2461200.5,72.58,0.0596
"388189 (2006 DS14)",0.8638,0.3365,26.54,162.23,187.51,0.573,1.15,0.803,8768,0,264,,,20.53,20388189,N,0.315,0.123,0.01,2461200.5,257.34,0.156
"390725 (2003 HB)",0.8497,0.3803,18.12,70.34,306.75,0.527,1.17,0.783,8067,0,499,,,19.69,20390725,Y,0.293,0.271,0.05,2461200.5,22.36,0.046
"394392 (2007 EP88)",0.8373,0.8859,20.73,328.48,47.13,0.096,1.58,0.766,6975,0,215,,,18.34,20394392,N,0.636,0.174,0.04,2461200.5,153.73,0.143
"396593 (2001 HC)",0.8746,0.4994,23.73,32.58,28.19,0.438,1.31,0.818,8430,0,357,,,19.06,20396593,N,,,,2461200.5,13.94,0.105
"398188 Agni (2010 LE15)",0.8646,0.2734,13.25,134.16,328.65,0.628,1.10,0.804,9174,0,1210,7,6,19.33,20398188,Y,0.462,0.137,0.01,2461200.5,138.12,0.0224
"401885 (2001 RV17)",0.9147,0.3423,7.53,153.77,4.67,0.602,1.23,0.875,7728,0,421,,,20.42,20401885,N,,,,2461200.5,312.68,0.0974
"401954 (2002 RW25)",0.8245,0.2866,1.35,92.00,72.05,0.588,1.06,0.749,7675,0,164,,,18.89,20401954,Y,,,,2461200.5,100.48,0.0166
"403775 (2011 HS4)",0.9384,0.6800,5.46,117.48,314.29,0.300,1.58,0.909,8040,0,135,,,20.90,20403775,Y,,,,2461200.5,317.98,0.00587
"408982 (2002 SP)",0.9046,0.6004,20.85,350.87,169.43,0.361,1.45,0.86,8725,1,117,,,20.78,20408982,N,,,,2461200.5,95.49,0.195
"413260 (2003 TL4)",0.7767,0.3814,12.19,219.99,321.97,0.480,1.07,0.685,8028,0,463,4,6,19.57,20413260,Y,,,,2461200.5,258.23,0.0255
"413577 (2005 UL5)",0.9362,0.5697,14.32,58.86,127.80,0.403,1.47,0.906,7279,0,420,4,2,20.34,20413577,Y,,,,2461200.5,170.43,0.00571
"414286 (2008 OC6)",0.9231,0.1992,21.85,177.57,295.88,0.739,1.11,0.887,5168,0,527,,,18.59,20414286,Y,0.369,0.471,0.08,2461200.5,318.49,0.0306
"415713 (1998 XX2)",0.741,0.3676,6.97,74.35,153.08,0.469,1.01,0.638,9491,0,440,,,20.00,20415713,Y,,,,2461200.5,260.42,0.0162
"415949 (2001 XY10)",0.8717,0.3873,30.99,92.93,219.69,0.534,1.21,0.814,8073,0,250,1,2,19.37,20415949,N,,,,2461200.5,138.88,0.0577
"416002 (2002 BN)",0.875,0.5464,27.76,115.74,147.27,0.397,1.35,0.818,8388,0,138,,,20.49,20416002,N,,,,2461200.5,186.14,0.0901
"417210 (2005 XV77)",0.7843,0.4142,16.85,282.23,9.29,0.459,1.11,0.695,6605,0,655,,,20.55,20417210,N,,,,2461200.5,304.16,0.0961
"417217 (2005 YS)",0.711,0.5503,19.60,288.58,327.93,0.320,1.10,0.6,6598,0,357,,,19.52,20417217,Y,,,,2461200.5,237.57,0.0301
"417655 (2006 YF13)",0.9188,0.4035,10.54,205.23,95.43,0.548,1.29,0.881,5929,0,160,,,19.90,20417655,N,,,,2461200.5,150.25,0.0813
"418198 (2008 CN70)",0.8517,0.3796,24.46,150.67,114.38,0.528,1.18,0.786,6566,0,400,,,18.93,20418198,N,,,,2461200.5,14.62,0.09
"418797 (2008 VF)",0.9059,0.3257,26.20,234.40,3.28,0.611,1.20,0.862,7318,0,470,,,19.41,20418797,N,0.789,0.063,0.23,2461200.5,318.95,0.209
"420738 (2012 TS)",0.9897,0.1134,16.46,190.75,20.65,0.877,1.10,0.985,2290,0,535,,,20.84,20420738,N,,,,2461200.5,104.87,0.0895
"422686 (2000 AC6)",0.8537,0.2865,4.70,101.33,188.06,0.609,1.10,0.789,9513,0,464,,,21.60,20422686,Y,0.176,0.143,0.01,2461200.5,4.77,0.0461
"424965 (2009 AM15)",0.8125,0.4870,28.87,166.16,131.50,0.417,1.21,0.732,5828,0,215,,,18.76,20424965,N,,,,2461200.5,68.76,0.0523
"425755 (2011 CP4)",0.9117,0.8703,9.47,147.96,159.95,0.118,1.71,0.871,8449,0,187,4,7,21.12,20425755,Y,,,,2461200.5,105.70,0.0192
"427684 (2004 DH2)",0.9443,0.4003,23.02,157.28,216.14,0.566,1.32,0.918,8083,0,378,,,20.22,20427684,N,,,,2461200.5,216.40,0.125
"427778 (2005 BE)",0.8838,0.4211,31.19,115.96,168.71,0.512,1.26,0.831,7342,0,313,,,20.10,20427778,N,,,,2461200.5,91.45,0.232
"434313 (2004 GP)",0.6966,0.4884,14.55,115.59,278.69,0.356,1.04,0.581,8117,0,127,,,19.40,20434313,N,,,,2461200.5,196.77,0.212
"436030 (2009 JO2)",0.8883,0.4784,19.62,203.41,239.73,0.463,1.31,0.837,6277,0,673,1,0,19.42,20436030,N,0.295,0.296,0.04,2461200.5,202.63,0.0557
"436771 (2012 JG11)",0.962,0.4324,24.73,165.52,280.40,0.546,1.38,0.944,2604,0,176,,,19.03,20436771,N,,,,2461200.5,25.69,0.113
"437841 (1998 HD14)",0.9633,0.3126,7.81,183.75,260.93,0.662,1.26,0.945,7735,0,210,,,21.00,20437841,Y,,,,2461200.5,359.86,0.0341
"437844 (1999 MN)",0.6741,0.6653,2.03,81.38,9.21,0.226,1.12,0.553,9860,0,298,2,2,21.01,20437844,Y,,,,2461200.5,103.71,0.00597
"446924 (2002 VV17)",0.8375,0.4367,9.69,222.13,348.93,0.472,1.20,0.766,12123,0,515,,,20.16,20446924,N,,,,2461200.5,146.99,0.0875
"450237 (2002 XY38)",0.9114,0.2177,2.12,158.69,119.93,0.713,1.11,0.87,7342,0,145,,,23.18,20450237,N,0.096,0.134,0.00,2461200.5,160.57,0.00271
"450300 (2004 QD14)",0.9418,0.3378,6.25,75.23,109.37,0.624,1.26,0.914,8044,0,160,,,20.68,20450300,Y,,,,2461200.5,52.23,0.0139
"450649 (2006 UY64)",0.9316,0.1573,26.22,30.76,210.82,0.785,1.08,0.899,6994,0,777,6,1,19.42,20450649,N,,,,2461200.5,69.69,0.0535
"453563 (2010 BB)",0.8201,0.2776,10.02,279.68,29.03,0.592,1.05,0.743,5431,0,305,1,0,20.22,20453563,Y,,,,2461200.5,158.62,0.0109
"455184 (2000 ED14)",0.8349,0.5667,13.78,3.84,310.15,0.362,1.31,0.763,9055,0,168,0,1,21.23,20455184,Y,,,,2461200.5,57.28,0.0355
"455659 (2005 BO1)",0.9494,0.3563,10.67,113.32,174.22,0.611,1.29,0.925,4784,0,102,,,21.60,20455659,N,,,,2461200.5,245.65,0.151
"456537 (2007 BG)",0.7868,0.3306,12.75,168.26,133.42,0.527,1.05,0.698,5828,0,319,1,0,19.63,20456537,N,0.308,0.242,0.11,2461200.5,84.78,0.0517
"457059 (2008 EG)",0.9428,0.7390,26.79,327.44,355.53,0.246,1.64,0.915,7319,0,123,,,20.02,20457059,N,,,,2461200.5,249.49,0.254
"458452 (2011 BR15)",0.8735,0.2769,10.23,216.80,72.18,0.632,1.12,0.816,8002,0,187,,,19.77,20458452,N,,,,2461200.5,135.24,0.0595
"462238 (2008 CN1)",0.7706,0.3478,7.22,331.43,7.28,0.503,1.04,0.676,2945,1,568,,,20.66,20462238,Y,0.227,0.197,0.00,2461200.5,180.44,0.034
"464798 (2004 JX20)",0.9017,0.2657,10.53,101.74,349.13,0.662,1.14,0.856,7280,0,995,2,0,19.37,20464798,N,1.109,0.028,0.01,2461200.5,36.68,0.0954
"466507 (2014 FK33)",0.9756,0.5034,26.96,15.76,328.19,0.484,1.47,0.964,759,1,184,,,20.82,20466507,N,,,,2461200.5,101.17,0.163
"467336 (2002 LT38)",0.8453,0.3137,6.18,259.26,162.80,0.580,1.11,0.777,7698,0,836,2,1,20.61,20467336,Y,,,,2461200.5,161.76,0.0344
"467351 (2003 KO2)",0.7277,0.5108,23.49,215.46,204.04,0.356,1.10,0.621,8414,0,484,,,20.37,20467351,Y,,,,2461200.5,223.81,0.0016
"467352 (2003 KZ18)",0.9492,0.3308,23.89,249.94,154.64,0.635,1.26,0.925,7967,0,166,,,21.34,20467352,N,0.470,0.026,0.20,2461200.5,192.30,0.16
"467460 (2006 JF42)",0.6715,0.5819,5.94,40.82,17.81,0.281,1.06,0.55,6903,0,368,3,3,19.05,20467460,Y,,,,2461200.5,302.47,0.00319
"468468 (2004 KH17)",0.7122,0.4981,22.13,79.11,340.73,0.357,1.07,0.601,7673,0,248,1,0,22.01,20468468,Y,0.197,0.072,0.01,2461200.5,80.10,0.00344
"468540 (2006 MD12)",0.8386,0.6052,27.27,291.81,174.57,0.331,1.35,0.768,7359,0,334,,,19.45,20468540,N,,,,2461200.5,199.01,0.228
"468727 (2010 JE87)",0.9041,0.4370,16.91,120.47,242.31,0.509,1.30,0.86,4392,0,192,0,2,20.76,20468727,Y,0.308,0.108,0.02,2461200.5,162.17,0.0353
"468909 (2014 KZ44)",0.98,0.3464,39.46,225.11,190.46,0.641,1.32,0.97,1483,1,127,,,20.52,20468909,N,,,,2461200.5,307.34,0.294
"469445 (2002 LT24)",0.7201,0.4958,0.77,165.65,283.10,0.363,1.08,0.611,8065,0,287,,,22.14,20469445,N,0.143,0.136,0.02,2461200.5,264.86,0.0113
"469737 (2005 NW44)",0.7793,0.4834,6.07,114.26,0.98,0.403,1.16,0.688,7331,0,377,,,20.39,20469737,N,,,,2461200.5,324.00,0.0536
"470310 (2007 LB15)",0.9383,0.3952,25.19,262.77,237.37,0.567,1.31,0.909,6995,0,190,,,19.61,20470310,Y,,,,2461200.5,58.65,0.00674
"474238 (2001 RU17)",0.9584,0.2407,13.89,170.65,330.37,0.728,1.19,0.938,5534,0,190,,,21.51,20474238,N,,,,2461200.5,357.10,0.108
"474611 (2004 SB56)",0.8658,0.2378,18.69,302.03,233.58,0.660,1.07,0.806,7772,0,273,,,19.26,20474611,N,,,,2461200.5,171.55,0.0538
"475534 (2006 TS7)",0.9469,0.5804,5.50,225.12,300.05,0.397,1.50,0.921,7254,0,224,4,2,21.25,20475534,Y,,,,2461200.5,33.88,0.0153
"477465 (2009 XZ1)",0.8558,0.5338,8.16,81.97,153.01,0.399,1.31,0.792,8409,0,191,,,21.70,20477465,Y,,,,2461200.5,176.55,0.0422
"480808 (1994 XL1)",0.6709,0.5262,28.17,252.64,356.58,0.318,1.02,0.55,10594,0,298,,,20.64,20480808,Y,,,,2461200.5,315.62,0.0356
"480820 (1998 VF32)",0.8508,0.4438,23.75,236.25,320.96,0.473,1.23,0.785,9074,0,160,,,20.97,20480820,Y,,,,2461200.5,297.76,0.0363
"480883 (2001 YE4)",0.6769,0.5404,4.85,305.32,319.00,0.311,1.04,0.557,8762,0,456,6,1,20.90,20480883,Y,,,,2461200.5,187.14,0.0312
"480922 (2002 XP37)",0.955,0.3593,21.53,265.87,317.63,0.612,1.30,0.933,5502,0,213,,,20.59,20480922,N,,,,2461200.5,306.39,0.103
"481394 (2006 SF6)",0.9501,0.2806,5.84,227.95,305.57,0.684,1.22,0.926,5146,0,1108,2,0,19.98,20481394,Y,,,,2461200.5,300.43,0.0189
"481442 (2006 WO3)",0.7997,0.4474,21.21,252.60,9.70,0.442,1.16,0.715,7331,0,311,,,21.58,20481442,N,,,,2461200.5,261.49,0.132
"482533 (2012 UA34)",0.7859,0.8016,19.78,18.97,222.42,0.156,1.42,0.697,4803,0,238,,,19.80,20482533,N,,,,2461200.5,348.58,0.0887
"482796 (2013 QJ10)",0.9593,0.4250,18.15,327.42,243.88,0.552,1.37,0.94,5522,0,553,,,19.60,20482796,Y,,,,2461200.5,301.14,0.0251
"483656 (2005 ES70)",0.7633,0.3863,20.81,352.80,351.00,0.468,1.06,0.667,7312,0,227,0,1,23.77,20483656,N,,,,2461200.5,146.59,0.0528
"487577 (2014 YQ15)",0.9635,0.2356,10.92,81.82,252.37,0.737,1.19,0.946,861,1,173,,,21.08,20487577,Y,,,,2461200.5,136.02,0.00296
"488803 (2005 GB120)",0.7911,0.3947,9.15,160.84,243.85,0.479,1.10,0.704,6988,0,239,,,20.48,20488803,N,0.209,0.283,0.01,2461200.5,143.54,0.0737
"490581 (2009 WZ104)",0.8555,0.1926,9.84,263.23,10.59,0.691,1.02,0.791,7013,0,1209,0,1,20.85,20490581,Y,0.237,0.314,0.00,2461200.5,98.90,0.0299
"494710 (2005 MO13)",0.8635,0.4107,6.32,176.54,250.22,0.509,1.22,0.802,8787,0,449,,,20.75,20494710,Y,,,,2461200.5,268.79,0.0429
"494999 (2010 JU39)",0.9191,0.5460,36.22,95.16,311.38,0.417,1.42,0.881,8422,0,249,2,1,19.69,20494999,Y,,,,2461200.5,245.22,0.00481
"495615 (2015 PQ291)",0.9823,0.2375,34.60,234.38,198.97,0.749,1.22,0.974,4030,0,2411,,,17.69,20495615,N,,,,2461200.5,224.04,0.181
"501647 (2014 SD224)",0.9782,0.3309,4.59,286.23,277.23,0.655,1.30,0.968,2327,0,271,4,1,22.36,20501647,N,,,,2461200.5,156.85,0.0173
"508908 (2003 YX1)",0.8797,0.2670,5.76,89.61,223.14,0.645,1.11,0.825,7009,0,433,,,20.95,20508908,Y,,,,2461200.5,194.05,0.0115
"509352 (2007 AG)",0.7206,0.3744,11.94,283.20,5.72,0.451,0.99,0.612,6946,0,279,6,1,20.14,20509352,Y,,,,2461200.5,79.16,0.00375
"509505 (2007 VL8)",0.9361,0.3594,9.34,62.31,194.75,0.600,1.27,0.906,6603,0,96,,,21.24,20509505,N,,,,2461200.5,310.11,0.11
"512234 (2015 VO66)",0.9521,0.6000,14.02,64.45,219.33,0.381,1.52,0.929,1873,1,318,,,20.62,20512234,Y,,,,2461200.5,207.48,0.0433
"512245 (2016 AU8)",0.982,0.2003,9.18,302.87,21.65,0.785,1.18,0.973,4830,0,1882,,,19.91,20512245,N,,,,2461200.5,353.22,0.119
"513170 (2004 KH15)",0.9611,0.1701,35.07,78.08,350.07,0.798,1.12,0.942,6197,0,109,,,20.18,20513170,N,,,,2461200.5,327.09,0.106
"513171 (2004 MD6)",0.9509,0.5631,29.32,263.83,231.46,0.415,1.49,0.927,5954,0,174,,,20.48,20513171,Y,,,,2461200.5,324.97,0.00909
"515742 (2015 CU)",0.9714,0.2039,35.38,154.06,197.83,0.773,1.17,0.957,1126,1,177,,,20.83,20515742,N,,,,2461200.5,76.63,0.164
"516435 (2004 FJ29)",0.9132,0.3492,33.44,195.42,210.27,0.594,1.23,0.873,7702,0,170,,,21.40,20516435,N,,,,2461200.5,265.79,0.132
"522684 (2016 JP)",0.9953,0.3842,11.32,202.51,255.49,0.613,1.38,0.993,3700,0,763,2,0,21.14,20522684,Y,,,,2461200.5,140.49,0.0287
"523586 (1999 LK1)",0.9068,0.3326,11.93,239.92,223.65,0.605,1.21,0.864,9522,0,115,,,22.11,20523586,N,,,,2461200.5,220.54,0.0279
"523605 (2004 RX10)",0.9198,0.3513,5.96,173.59,334.12,0.597,1.24,0.882,7975,0,209,,,21.49,20523605,N,,,,2461200.5,86.52,0.0521
"523661 (2012 LF11)",0.8969,0.4832,11.66,222.13,263.61,0.464,1.33,0.849,4400,0,258,,,20.79,20523661,N,,,,2461200.5,255.71,0.111
"523664 (2012 OD1)",0.8288,0.5029,42.26,303.72,224.36,0.412,1.25,0.754,4441,0,1140,5,0,18.52,20523664,Y,0.346,0.536,0.09,2461200.5,254.93,0.0384
"523808 (2007 ML24)",0.7588,0.3585,33.43,281.87,201.51,0.487,1.03,0.661,6983,0,335,,,19.35,20523808,Y,,,,2461200.5,101.75,0.0232
"523950 (1998 SZ27)",0.9051,0.5067,23.64,166.67,47.73,0.446,1.36,0.861,9175,0,150,,,20.17,20523950,Y,,,,2461200.5,149.16,0.00723
"524471 (2002 JW15)",0.899,0.2663,11.76,218.35,175.28,0.660,1.14,0.852,10634,0,666,,,20.36,20524471,N,,,,2461200.5,306.72,0.116
"524522 Zoozve (2002 VE68)",0.7236,0.4101,9.04,231.46,355.40,0.427,1.02,0.615,7622,0,610,4,6,20.54,20524522,Y,,,,2461200.5,288.84,0.0255
"525268 (2004 XL14)",0.7596,0.4104,21.46,85.60,157.60,0.448,1.07,0.662,5109,0,280,2,2,21.43,20525268,Y,,,,2461200.5,15.97,0.0271
"525498 (2005 GE60)",0.9589,0.2459,5.58,229.71,112.88,0.723,1.19,0.939,6301,0,116,,,22.11,20525498,N,,,,2461200.5,73.55,0.00475
"526742 (2006 WR127)",0.907,0.3760,16.79,260.77,351.50,0.566,1.25,0.864,11736,0,267,,,20.46,20526742,N,,,,2461200.5,48.16,0.191
"526798 (2007 AA9)",0.8581,0.4204,6.80,270.81,55.92,0.497,1.22,0.795,5880,1,77,,,22.58,20526798,N,,,,2461200.5,253.40,0.0156
"526826 (2007 CA27)",0.8657,0.3437,29.97,122.96,200.07,0.568,1.16,0.805,6213,0,115,,,21.28,20526826,N,,,,2461200.5,173.77,0.132
"527977 (2008 EY68)",0.745,0.7600,19.79,175.45,199.01,0.179,1.31,0.643,6590,0,127,,,22.36,20527977,N,,,,2461200.5,231.60,0.0392
"528807 (2009 BL71)",0.9367,0.2658,5.55,17.45,292.46,0.688,1.19,0.907,3716,0,124,,,22.07,20528807,N,,,,2461200.5,235.02,0.0102
"530938 (2011 XE)",0.7839,0.4634,20.72,221.24,46.65,0.421,1.15,0.694,7700,0,305,,,19.29,20530938,N,0.413,0.197,0.01,2461200.5,103.73,0.0538
"531060 (2012 DJ61)",0.9176,0.5153,53.64,346.26,311.96,0.445,1.39,0.879,2927,0,119,,,19.89,20531060,Y,,,,2461200.5,334.70,0.0288
"531899 (2013 BE19)",0.9113,0.2974,31.01,309.25,311.97,0.640,1.18,0.87,4788,0,324,,,19.71,20531899,Y,,,,2461200.5,25.01,0.0451
"537829 (2015 XY378)",0.7102,0.4893,13.92,1.20,265.69,0.363,1.06,0.599,3668,1,168,,,19.51,20537829,N,0.312,0.214,0.08,2461200.5,28.78,0.197
"592968 (2015 FV118)",0.858,0.5839,6.24,98.46,267.60,0.357,1.36,0.795,8383,0,168,,,21.66,20592968,N,,,,2461200.5,244.10,0.0746
"612197 (2000 WP19)",0.8544,0.2884,7.68,55.62,222.19,0.608,1.10,0.79,6974,0,80,,,22.93,20612197,N,,,,2461200.5,236.97,0.0032
"612343 (2002 FT6)",0.9884,0.4626,9.49,188.41,226.84,0.531,1.45,0.983,6303,1,72,,,22.66,20612343,N,,,,2461200.5,304.76,0.0407
"612356 (2002 JX8)",0.7703,0.3049,4.38,68.06,338.55,0.535,1.01,0.676,8424,0,762,2,0,19.99,20612356,Y,,,,2461200.5,39.37,0.0198
"612443 (2002 RR25)",0.9667,0.3098,13.54,349.80,156.16,0.667,1.27,0.95,7363,0,281,,,21.06,20612443,N,,,,2461200.5,210.29,0.14
"612970 (2005 HN3)",0.8554,0.3356,7.90,59.28,6.31,0.568,1.14,0.791,6990,0,245,,,21.15,20612970,N,,,,2461200.5,17.34,0.0787
"613010 (2005 OU1)",0.9758,0.3200,12.52,309.70,204.87,0.664,1.29,0.964,1186,2,157,,,20.23,20613010,N,,,,2461200.5,4.47,0.127
"613286 (2005 YQ96)",0.7433,0.3336,22.23,282.66,340.15,0.495,0.99,0.641,6559,0,99,5,4,20.63,20613286,Y,,,,2461200.5,157.39,0.0192
"613398 (2006 FK)",0.9226,0.3433,14.61,15.12,3.22,0.606,1.24,0.886,5860,0,109,,,21.25,20613398,N,,,,2461200.5,85.62,0.194
"613400 (2006 FH36)",0.9552,0.1982,1.58,278.09,156.95,0.766,1.14,0.934,5604,0,182,,,23.03,20613400,N,,,,2461200.5,321.07,0.0172
"613403 (2006 GB)",0.9586,0.1795,10.07,183.67,242.93,0.787,1.13,0.939,6322,0,543,,,20.22,20613403,Y,,,,2461200.5,278.77,0.00991
"613471 (2006 RJ1)",0.9504,0.3004,1.41,93.45,110.33,0.665,1.24,0.927,5213,0,248,,,22.27,20613471,N,,,,2461200.5,232.73,0.00142
"613569 (2006 TU7)",0.8513,0.4704,2.95,91.34,69.21,0.451,1.25,0.785,8055,0,196,,,21.95,20613569,Y,,,,2461200.5,275.62,0.0236
"613726 (2007 EF)",0.8203,0.4101,21.73,158.33,226.04,0.484,1.16,0.743,5538,0,120,,,21.34,20613726,Y,0.260,0.072,0.01,2461200.5,64.48,0.0251
"613862 (2007 UY1)",0.9493,0.1760,1.02,337.45,274.12,0.782,1.12,0.925,5222,0,312,,,23.10,20613862,N,,,,2461200.5,154.99,0.00554
"613939 (2008 CH116)",0.6628,0.5875,20.37,85.89,248.18,0.273,1.05,0.54,5916,0,155,,,19.25,20613939,N,0.322,0.355,0.09,2461200.5,212.01,0.225
"613949 (2008 CC175)",0.9552,0.5014,10.17,125.58,166.50,0.476,1.43,0.934,5513,0,114,,,21.42,20613949,N,,,,2461200.5,135.09,0.117
"614134 (2008 TC4)",0.7804,0.5544,10.65,212.53,324.36,0.348,1.21,0.689,4726,0,180,,,21.65,20614134,Y,,,,2461200.5,98.73,0.00349
"618348 (2016 PN)",0.8587,0.3323,21.60,126.04,23.69,0.573,1.14,0.796,4404,0,315,,,20.22,20618348,N,0.160,0.495,0.07,2461200.5,270.51,0.0703
"620091 (2015 FD341)",0.9552,0.6750,20.54,7.51,67.03,0.310,1.60,0.934,4728,1,114,,,17.87,20620091,N,1.248,0.094,0.42,2461200.5,85.67,0.124
"625991 (2006 UL185)",0.8441,0.5018,19.43,52.27,177.35,0.420,1.27,0.775,6223,0,113,,,21.41,20625991,N,,,,2461200.5,253.19,0.204
"666220 (2010 AO60)",0.9516,0.2485,11.06,309.88,37.34,0.715,1.19,0.928,5175,0,264,,,21.73,20666220,N,,,,2461200.5,347.52,0.0814
"666241 (2010 BK2)",0.9046,0.4479,6.05,278.00,72.69,0.499,1.31,0.86,4831,0,85,,,22.04,20666241,N,0.118,0.205,0.00,2461200.5,101.24,0.0329
"673713 (2015 FQ117)",0.8606,0.6205,4.55,293.85,63.12,0.327,1.39,0.798,2919,0,84,,,20.87,20673713,Y,,,,2461200.5,198.84,0.0283
"678989 (2018 GY4)",0.9181,0.7101,17.24,266.98,102.77,0.266,1.57,0.88,5520,0,95,,,19.06,20678989,N,,,,2461200.5,251.00,0.175
"686964 (2011 GM44)",0.7817,0.5191,49.33,10.82,37.53,0.376,1.19,0.691,6555,0,143,,,19.68,20686964,Y,,,,2461200.5,83.95,0.0234
"693691 (2015 KJ157)",0.9449,0.7373,36.90,101.46,302.07,0.248,1.64,0.918,8415,0,273,,,19.20,20693691,N,,,,2461200.5,278.11,0.171
"706765 (2010 TK7)",0.9985,0.1903,20.91,96.41,46.07,0.809,1.19,0.998,4115,0,153,,,20.78,20706765,N,0.379,0.059,0.12,2461200.5,144.42,0.0832
"723136 (2006 NL)",0.8477,0.5759,20.08,115.18,29.41,0.360,1.34,0.781,6615,0,346,1,1,19.95,20723136,N,,,,2461200.5,291.42,0.0563
"741537 (2006 HV5)",0.8425,0.3156,32.02,35.94,317.51,0.577,1.11,0.773,7316,0,402,7,2,19.41,20741537,Y,0.307,0.246,0.08,2461200.5,263.13,0.0152
"745311 (2010 XC15)",0.7324,0.4199,8.24,94.40,158.12,0.425,1.04,0.627,4406,0,279,4,5,21.48,20745311,Y,,,,2461200.5,50.03,0.00231
"746190 (2011 TG2)",0.8938,0.5148,21.09,12.91,218.65,0.434,1.35,0.845,4070,0,465,,,20.32,20746190,N,,,,2461200.5,217.37,0.0505
"747011 (2012 PG6)",0.8373,0.6160,6.53,311.87,169.93,0.321,1.35,0.766,8424,0,480,2,2,20.24,20747011,N,,,,2461200.5,253.43,0.0535
"756476 (2019 NC1)",0.9917,0.1277,6.81,310.47,144.39,0.865,1.12,0.988,4018,0,1211,,,21.40,20756476,N,,,,2461200.5,191.43,0.0576
"776617 (2008 CL1)",0.961,0.1374,30.02,344.05,4.68,0.829,1.09,0.942,6530,0,769,,,19.45,20776617,N,,,,2461200.5,312.85,0.101
"786479 (2015 YU7)",0.8195,0.4127,7.19,253.96,44.30,0.481,1.16,0.742,3336,0,259,,,21.38,20786479,Y,,,,2461200.5,149.48,0.00608
"789529 (2017 SN14)",0.9796,0.4392,24.98,316.22,287.37,0.549,1.41,0.97,3067,0,352,,,19.04,20789529,N,,,,2461200.5,52.13,0.0505
"791223 (2019 SV4)",0.9707,0.6539,12.08,210.04,17.51,0.336,1.61,0.956,2576,1,229,,,21.20,20791223,N,,,,2461200.5,64.77,0.102
"791587 (2020 AD3)",0.9827,0.5948,2.64,268.41,73.84,0.398,1.57,0.974,2236,1,256,,,21.61,20791587,Y,,,,2461200.5,270.54,0.0157
"875236 (2001 SQ263)",0.947,0.4913,3.94,327.04,262.62,0.482,1.41,0.922,8788,0,92,,,22.52,20875236,N,,,,2461200.5,359.17,0.0324
"875461 (2003 YJ)",0.9305,0.1988,19.47,89.72,165.67,0.746,1.12,0.898,6537,0,234,,,20.34,20875461,N,,,,2461200.5,223.33,0.12
"875759 (2005 XT77)",0.8412,0.2664,17.22,84.78,150.03,0.617,1.07,0.771,7267,0,125,,,21.42,20875759,Y,,,,2461200.5,62.26,0.027
"876393 (2008 BP16)",0.8286,0.6496,29.19,139.90,155.38,0.290,1.37,0.754,6554,1,107,,,21.81,20876393,N,,,,2461200.5,21.60,0.0947
"876653 (2008 UX)",0.8174,0.6812,21.75,37.53,158.15,0.261,1.37,0.739,6239,0,186,,,20.89,20876653,N,,,,2461200.5,172.92,0.0785
"876912 (2009 BE58)",0.9373,0.5596,1.87,149.41,121.06,0.413,1.46,0.907,6175,0,159,,,21.71,20876912,Y,,,,2461200.5,334.49,0.00411
"877685 (2010 VD72)",0.9184,0.1813,19.20,224.05,310.32,0.752,1.08,0.88,5467,0,82,,,21.55,20877685,Y,0.124,0.290,0.01,2461200.5,139.94,0.0132
"878293 (2011 YX10)",0.9541,0.3307,25.23,272.98,345.79,0.639,1.27,0.932,5141,0,108,,,21.57,20878293,N,,,,2461200.5,27.56,0.242
"883081 (2016 JE)",0.8219,0.4721,16.68,51.34,347.51,0.434,1.21,0.745,4423,1,130,,,21.94,20883081,N,,,,2461200.5,4.27,0.112
"885268 (2018 RP8)",0.7848,0.5154,15.38,321.25,247.69,0.380,1.19,0.695,5141,0,237,,,19.81,20885268,N,,,,2461200.5,135.92,0.133
"885677 (2019 OH1)",0.9906,0.2973,8.47,311.86,215.26,0.696,1.29,0.986,3715,1,187,,,22.59,20885677,N,,,,2461200.5,96.95,0.0757
"886859 (2021 UN7)",0.9992,0.3933,20.30,49.89,227.28,0.606,1.39,0.999,4030,0,125,,,23.37,20886859,N,,,,2461200.5,294.39,0.0973
"887773 (2007 DB61)",0.8106,0.3649,5.41,158.98,209.28,0.515,1.11,0.73,9850,0,165,,,23.79,20887773,N,,,,2461200.5,259.85,0.0129
"891458 (2015 AJ44)",0.8869,0.4764,6.32,116.96,192.68,0.464,1.31,0.835,4079,0,99,,,22.38,20891458,N,,,,2461200.5,20.94,0.0657
"893065 (2016 CL136)",0.7296,0.6223,21.53,316.42,23.52,0.276,1.18,0.623,3662,0,291,1,1,21.30,20893065,Y,0.123,0.320,0.06,2461200.5,309.02,0.0281
"893859 (2016 VO1)",0.9828,0.4287,1.62,129.71,131.95,0.561,1.40,0.974,3396,1,97,,,23.14,20893859,N,,,,2461200.5,40.36,0.00766
"894575 (2017 YS8)",0.8657,0.3826,32.30,321.30,303.26,0.534,1.20,0.805,2977,0,236,,,19.67,20894575,Y,,,,2461200.5,44.59,0.0413
"       (1993 DA)",0.9359,0.0931,12.39,329.00,353.95,0.849,1.02,0.905,5,6,22,,,26.40,50092137,N,,,,2461200.5,112.44,0.0341
"       (1994 GL)",0.6834,0.5039,3.68,196.61,179.57,0.339,1.03,0.565,9496,2,104,,,25.50,50092147,N,,,,2461200.5,152.11,0.0128
"       (1994 WR12)",0.7567,0.3976,6.84,62.44,206.12,0.456,1.06,0.658,11345,0,153,,,22.41,50005992,N,,,,2461200.5,92.24,0.00111
"       (1995 CR)",0.9069,0.8684,4.08,342.30,322.85,0.119,1.69,0.864,11333,0,264,,,21.76,50005996,Y,,,,2461200.5,36.96,0.0125
"       (1996 BG1)",0.8966,0.2802,3.83,139.19,151.00,0.645,1.15,0.849,10192,0,46,,,23.72,50092167,N,,,,2461200.5,105.24,0.0269
"       (1996 XZ12)",0.9764,0.4927,5.56,251.74,55.85,0.495,1.46,0.965,3,9,11,,,25.40,50092179,N,,,,2450427.5,73.80,0.00595
"       (1997 AC11)",0.9132,0.3680,31.70,116.92,141.58,0.577,1.25,0.873,10204,0,171,,,20.70,50009740,N,,,,2461200.5,141.03,0.103
"       (1998 HP126)",0.794,0.4723,0.74,183.60,241.11,0.419,1.17,0.708,1,9,15,,,25.77,54179903,,,,,2459400.5,46.10,
"       (1998 SD9)",0.7025,0.5044,2.99,165.74,7.70,0.348,1.06,0.589,7302,0,150,1,0,24.09,50014207,N,,,,2461200.5,207.83,0.00867
"       (1998 XN17)",0.9829,0.2105,7.24,85.86,226.68,0.776,1.19,0.974,1926,2,37,,,22.80,50064338,N,,,,2461200.5,193.20,0.0555
"       (1999 AO10)",0.912,0.1109,2.58,312.17,7.22,0.811,1.01,0.871,9927,1,230,,,24.32,50017332,N,,,,2461200.5,316.93,0.0216
"       (1999 VW25)",0.9292,0.1117,10.76,232.07,354.70,0.825,1.03,0.896,3,7,31,,,25.39,50092268,N,,,,2461200.5,64.31,0.0426
"       (1999 VX25)",0.8997,0.1390,1.66,55.31,151.72,0.775,1.02,0.853,5,7,41,,,26.70,50024053,N,,,,2461200.5,255.05,0.00579
"       (2000 EB14)",0.8955,0.4956,11.57,162.78,139.66,0.452,1.34,0.847,8041,1,80,,,23.43,50031199,N,,,,2461200.5,267.92,0.031
"       (2000 EM26)",0.8172,0.4668,3.84,344.90,24.42,0.436,1.20,0.739,7358,1,93,,,22.51,50092276,N,,,,2461200.5,327.39,0.0185
"       (2000 EZ106)",0.9309,0.4477,40.51,358.45,313.72,0.514,1.35,0.898,9520,0,102,,,20.67,50035188,N,,,,2461200.5,344.36,0.065
"       (2000 HB24)",0.8151,0.4304,2.67,55.04,18.02,0.464,1.17,0.736,6264,0,113,,,23.70,50036386,N,,,,2461200.5,275.10,0.0158
"       (2000 HO40)",0.7462,0.5171,5.84,29.93,6.47,0.360,1.13,0.645,7335,0,127,,,22.30,50092283,N,,,,2461200.5,1.42,0.0382
"       (2000 LG6)",0.9171,0.1106,2.83,72.52,8.14,0.816,1.02,0.878,3,6,12,,,29.00,50042578,N,,,,2461200.5,35.52,0.00291
"       (2000 OK8)",0.9846,0.2209,9.98,304.54,166.29,0.767,1.20,0.977,759,2,199,,,20.20,50046671,N,,,,2461200.5,13.35,0.135
"       (2000 SZ162)",0.9289,0.1677,0.89,12.50,132.92,0.773,1.08,0.895,8,7,26,,,27.30,50054361,N,,,,2461200.5,115.36,0.00225
"       (2000 SG344)",0.9775,0.0669,0.11,191.75,275.58,0.912,1.04,0.966,507,3,31,,,24.70,50054397,N,,,,2461200.5,119.64,0.000877
"       (2000 UK11)",0.8833,0.2485,0.79,236.91,294.10,0.664,1.10,0.83,5435,1,69,1,2,25.30,50054396,N,,,,2461200.5,192.50,0.00417
"       (2000 UR16)",0.9047,0.4388,11.75,33.73,228.88,0.508,1.30,0.861,33,6,60,,,23.90,50063812,N,,,,2461200.5,9.32,0.0123
"       (2000 WC1)",0.8784,0.2621,17.42,50.76,230.21,0.648,1.11,0.823,8850,0,62,,,22.57,50063081,Y,,,,2461200.5,106.34,0.00551
"       (2000 YS134)",0.8564,0.2245,3.55,96.29,190.32,0.664,1.05,0.793,8435,2,58,,,24.02,50067515,N,,,,2461200.5,196.76,0.0275
"       (2001 BA16)",0.94,0.1374,5.77,115.26,243.14,0.811,1.07,0.911,40,6,21,,,26.00,50068089,N,,,,2461200.5,49.47,0.000299
"       (2001 BB16)",0.8554,0.1723,2.03,122.32,196.08,0.708,1.00,0.791,6967,0,57,0,1,23.20,50071962,N,,,,2461200.5,192.11,0.0049
"       (2001 CP36)",0.7146,0.4072,10.56,330.93,353.63,0.424,1.01,0.604,2213,1,148,2,2,23.92,50069781,N,,,,2461200.5,148.95,0.0112
"       (2001 CQ36)",0.9374,0.1772,1.26,30.54,344.89,0.771,1.10,0.908,7751,0,159,0,2,22.74,50070824,N,,,,2461200.5,52.34,0.0139
"       (2001 ED18)",0.9893,0.0573,11.63,357.76,306.70,0.933,1.05,0.984,5,6,98,,,24.50,50072219,N,,,,2461200.5,107.38,0.0247
"       (2001 FR85)",0.9828,0.0279,5.25,183.01,233.78,0.955,1.01,0.974,7,3,40,3,1,24.80,50072296,N,,,,2461200.5,75.80,0.0019
"       (2001 FO127)",0.8884,0.1582,7.31,189.09,200.95,0.748,1.03,0.837,19,6,35,,,27.50,50072314,N,,,,2461200.5,189.53,0.0165
"       (2001 OT)",0.934,0.3228,12.06,295.77,143.01,0.633,1.24,0.903,6616,0,98,,,21.70,50079973,N,,,,2461200.5,97.30,0.0627
"       (2001 TD)",0.9537,0.1662,9.01,13.01,241.59,0.795,1.11,0.931,8,4,31,,,25.10,50092370,N,,,,2461200.5,275.49,0.00443
"       (2001 UP)",0.8838,0.2872,7.69,25.39,133.50,0.630,1.14,0.831,4,3,42,0,3,25.70,50092413,N,,,,2461200.5,128.27,0.00665
"       (2001 WF49)",0.7521,0.3707,17.95,239.63,358.44,0.473,1.03,0.652,6218,0,89,,,22.10,50102688,N,,,,2461200.5,44.80,0.0424
"       (2002 AY1)",0.7792,0.4371,29.90,287.84,323.81,0.439,1.12,0.688,8801,0,270,7,4,20.86,50102751,Y,,,,2461200.5,75.69,0.00758
"       (2002 AB2)",0.8409,0.3843,13.10,103.00,149.62,0.518,1.16,0.771,7274,0,56,,,23.28,50102754,N,,,,2461200.5,123.61,0.049
"       (2002 AO11)",0.9172,0.1621,13.06,294.98,305.94,0.769,1.07,0.878,5114,2,23,,,23.05,50102779,N,0.175,0.048,0.05,2461200.5,178.93,0.0027
"       (2002 AA29)",0.9926,0.0130,10.75,106.35,101.87,0.980,1.01,0.989,736,0,63,0,1,24.10,50102785,N,,,,2461200.5,137.80,0.0116
"       (2002 CW11)",0.8645,0.2253,3.14,137.12,210.53,0.670,1.06,0.804,14,7,30,,,26.10,50114046,N,,,,2461200.5,222.71,0.0106
"       (2002 CC14)",0.8205,0.4030,12.65,137.55,218.24,0.490,1.15,0.743,7,7,47,,,24.80,50114049,N,,,,2461200.5,28.98,0.00994
"       (2002 EM7)",0.9209,0.3634,1.55,345.94,58.90,0.586,1.26,0.884,25,5,69,,,24.40,50117450,N,,,,2461200.5,240.97,0.000613
"       (2002 FW1)",0.8241,0.3416,6.62,164.30,223.22,0.543,1.11,0.748,21,8,14,,,24.30,50117469,N,,,,2452358.5,130.48,0.00848
"       (2002 FT5)",0.967,0.3004,28.06,7.92,31.49,0.677,1.26,0.951,7310,0,94,,,21.57,50117483,N,,,,2461200.5,288.43,0.164
"       (2002 GQ)",0.7684,0.3751,10.62,189.36,206.38,0.480,1.06,0.674,7,7,23,,,26.30,50120886,N,,,,2461200.5,97.66,0.00241
"       (2002 JR100)",0.9234,0.2990,3.70,202.21,254.22,0.647,1.20,0.887,8776,0,165,,,24.36,50126206,N,0.028,0.441,0.00,2461200.5,140.62,0.0193
"       (2002 LY1)",0.9555,0.3787,2.89,247.76,134.34,0.594,1.32,0.934,5124,0,188,1,1,22.48,50127414,N,,,,2461200.5,169.65,0.0119
"       (2002 TZ66)",0.9297,0.1207,8.48,12.90,223.26,0.817,1.04,0.896,23,3,49,0,1,25.90,50137867,N,,,,2461200.5,270.93,0.00325
"       (2002 VX91)",0.9843,0.2014,2.34,216.36,78.81,0.786,1.18,0.977,1942,2,45,,,24.30,50143107,N,,,,2461200.5,141.23,0.00193
"       (2002 XB)",0.9061,0.2376,25.53,245.86,351.29,0.691,1.12,0.863,6975,0,71,,,21.88,50143144,N,,,,2461200.5,294.86,0.13
"       (2002 XS90)",0.8098,0.2418,34.17,81.65,178.64,0.614,1.01,0.729,16,7,17,,,22.80,50144554,N,,,,2461200.5,266.01,0.0207
"       (2003 AF23)",0.8744,0.4259,23.23,286.74,43.95,0.502,1.25,0.818,8407,0,463,1,2,21.01,50146522,Y,,,,2461200.5,319.28,0.0325
"       (2003 CA4)",0.9205,0.1192,7.49,139.66,172.93,0.811,1.03,0.883,5485,0,179,,,23.60,50147602,N,,,,2461200.5,339.38,0.0414
"       (2003 EM1)",0.9567,0.0525,15.26,345.91,23.51,0.906,1.01,0.936,8,5,243,,,24.50,50150791,N,,,,2461200.5,93.63,0.0103
"       (2003 FK1)",0.7075,0.4857,23.35,177.59,196.51,0.364,1.05,0.595,7,8,27,,,23.00,50151664,N,,,,2452725.5,160.22,0.0139
"       (2003 FU3)",0.8584,0.3940,13.04,21.53,339.39,0.520,1.20,0.795,8425,0,196,,,21.09,50151667,N,,,,2461200.5,264.22,0.0825
"       (2003 FY6)",0.73,0.5821,6.59,359.09,29.75,0.305,1.15,0.624,7332,0,204,,,22.61,50151678,N,,,,2461200.5,178.30,0.00407
"       (2003 GQ22)",0.8723,0.1814,17.02,199.46,168.69,0.714,1.03,0.815,8058,0,318,,,21.34,50152340,Y,,,,2461200.5,347.36,0.0243
"       (2003 HM)",0.8138,0.2696,26.27,30.44,19.36,0.594,1.03,0.734,8053,0,147,4,5,22.11,50153532,N,,,,2461200.5,337.54,0.00726
"       (2003 HT42)",0.8147,0.2616,4.87,38.56,352.56,0.602,1.03,0.735,12,6,110,,,24.80,50153553,N,,,,2461200.5,345.77,0.0132
"       (2003 LH)",0.9616,0.1490,10.80,247.12,238.78,0.818,1.10,0.943,59,5,50,,,25.20,50154543,N,,,,2461200.5,266.72,0.00467
"       (2003 LN6)",0.8558,0.2109,0.66,213.57,212.39,0.675,1.04,0.792,8413,0,186,,,24.74,50156325,N,,,,2461200.5,199.21,0.00101
"       (2003 RU11)",0.8886,0.1823,4.67,178.18,316.76,0.727,1.05,0.838,3,3,33,1,1,25.50,50160746,N,,,,2461200.5,276.79,0.00775
"       (2003 SW130)",0.8836,0.3043,3.68,176.24,47.76,0.615,1.15,0.831,8,5,24,,,29.10,50160771,N,,,,2461200.5,221.70,0.000632
"       (2003 TG2)",0.9078,0.3159,25.46,200.64,355.18,0.621,1.19,0.865,7323,0,79,,,21.36,50160876,N,,,,2461200.5,237.95,0.194
"       (2003 UY12)",0.7011,0.5945,16.40,22.85,200.68,0.284,1.12,0.587,7323,1,93,,,23.27,50164424,N,,,,2461200.5,324.02,0.0115
"       (2003 UT55)",0.9793,0.1476,16.89,212.81,287.33,0.835,1.12,0.969,1,8,30,,,26.80,50164454,N,,,,2452939.5,269.56,0.00723
"       (2003 WU21)",0.9092,0.5449,28.60,57.51,140.70,0.414,1.40,0.867,6943,0,136,,,21.87,50167371,N,,,,2461200.5,282.71,0.0697
"       (2003 WT153)",0.8937,0.1782,0.37,56.54,147.47,0.734,1.05,0.845,2,6,46,,,28.00,50167390,N,,,,2461200.5,130.65,0.0016
"       (2003 YR1)",0.899,0.4508,29.33,86.39,138.07,0.494,1.30,0.852,6213,1,58,,,22.20,50170265,N,,,,2461200.5,42.06,0.0665
"       (2003 YS17)",0.9299,0.3128,6.53,98.91,134.65,0.639,1.22,0.897,6228,0,209,,,21.60,50170227,Y,,,,2461200.5,259.94,0.0304
"       (2003 YN107)",0.9888,0.0139,4.32,264.37,87.43,0.975,1.00,0.983,467,1,45,,,26.50,50170244,N,,,,2461200.5,26.63,0.00464
"       (2003 YG136)",0.9693,0.3550,2.73,86.20,128.23,0.625,1.31,0.954,4,7,21,,,25.24,50170231,N,,,,2461200.5,115.81,0.0123
"       (2004 BY1)",0.8808,0.2200,3.58,298.03,29.64,0.687,1.07,0.827,28,7,37,,,24.58,50172345,N,,,,2461200.5,133.84,0.0183
"       (2004 BT58)",0.9607,0.3849,17.67,300.80,45.85,0.591,1.33,0.942,6229,0,141,,,22.19,50174210,N,,,,2461200.5,12.33,0.0782
"       (2004 DA53)",0.883,0.3300,5.14,336.48,50.10,0.592,1.17,0.83,1,7,17,,,28.00,50176210,N,,,,2461200.5,31.27,0.0023
"       (2004 EL20)",0.8148,0.2685,7.60,355.91,337.71,0.596,1.03,0.735,2,7,21,,,26.70,50177216,N,,,,2461200.5,300.92,0.00729
"       (2004 ER21)",0.899,0.1710,7.95,357.25,343.53,0.745,1.05,0.852,10,7,70,,,24.40,50177220,N,,,,2461200.5,219.02,0.0408
"       (2004 FH)",0.8193,0.2889,0.05,258.14,69.25,0.583,1.06,0.742,6184,1,273,,,26.41,50177225,N,,,,2461200.5,239.56,0.000497
"       (2004 FG29)",0.8784,0.4929,3.43,182.89,142.56,0.445,1.31,0.823,2,7,45,,,26.00,50177255,N,,,,2461200.5,260.54,0.0101
"       (2004 FU162)",0.8269,0.3922,4.16,191.25,139.78,0.503,1.15,0.752,,9,4,,,29.48,50250001,N,,,,2453100.5,262.67,7.23e-05
"       (2004 HT59)",0.98,0.2233,11.13,214.63,112.21,0.761,1.20,0.97,1,7,10,,,27.20,50180215,N,,,,2461200.5,201.04,0.00698
"       (2004 KG1)",0.8302,0.4072,1.91,242.42,214.23,0.492,1.17,0.756,8111,0,113,,,23.96,50182846,N,,,,2461200.5,162.11,0.00301
"       (2004 LO2)",0.9159,0.3511,25.44,82.59,309.42,0.594,1.24,0.877,4,7,31,,,25.00,50183870,N,,,,2461200.5,303.61,0.0137
"       (2004 QB3)",0.95,0.4163,14.31,327.21,232.17,0.555,1.35,0.926,13,8,19,,,24.40,50250003,N,,,,2453241.5,88.35,0.02
"       (2004 QG13)",0.953,0.1734,56.31,151.86,9.21,0.788,1.12,0.93,6,9,47,,,21.40,50250216,N,,,,2453243.5,164.10,0.104
"       (2004 QA22)",0.951,0.1228,0.58,174.70,28.26,0.834,1.07,0.927,10,5,45,,,27.90,50250316,N,,,,2461200.5,294.50,0.00424
"       (2004 RO111)",0.9609,0.3322,5.40,199.17,281.13,0.642,1.28,0.942,5842,0,69,,,23.30,50252127,N,,,,2461200.5,285.93,0.0239
"       (2004 ST2)",0.955,0.1872,22.30,356.74,227.14,0.776,1.13,0.933,5118,1,66,,,24.20,50253668,N,,,,2461200.5,212.91,0.0461
"       (2004 SW26)",0.7378,0.4162,18.41,180.36,359.48,0.431,1.04,0.634,1,8,25,,,25.66,50255197,N,,,,2453272.5,184.00,0.0414
"       (2004 SC56)",0.7676,0.4284,4.78,201.80,322.97,0.439,1.10,0.672,2167,1,168,,,22.70,50255488,N,0.291,0.017,0.04,2461200.5,321.79,0.0108
"       (2004 TA1)",0.9085,0.2502,13.50,14.42,200.47,0.681,1.14,0.866,4737,1,44,,,23.29,50255902,N,,,,2461200.5,161.53,0.0906
"       (2004 TD10)",0.7511,0.4428,2.60,47.88,137.21,0.419,1.08,0.651,5466,0,166,,,22.18,50256344,N,,,,2461200.5,312.72,0.0118
"       (2004 TP13)",0.9765,0.1619,36.53,12.61,138.62,0.818,1.13,0.965,7,9,23,,,23.10,50256606,N,,,,2453289.5,238.08,0.0811
"       (2004 TN20)",0.9466,0.2593,14.09,203.00,56.59,0.701,1.19,0.921,3,7,17,,,24.90,50257100,N,,,,2461200.5,277.69,0.0216
"       (2004 UH1)",0.9534,0.3965,3.70,29.52,120.90,0.575,1.33,0.931,1,6,16,,,28.10,50258085,N,,,,2461200.5,2.51,0.00212
"       (2004 UT1)",0.9687,0.2216,4.41,211.30,293.92,0.754,1.18,0.953,6579,0,67,,,26.69,50258099,N,,,,2461200.5,198.24,0.00575
"       (2004 VZ)",0.9404,0.2442,16.23,225.70,297.26,0.711,1.17,0.912,3,7,46,,,24.60,50261424,N,,,,2461200.5,144.56,0.00327
"       (2004 VJ1)",0.9438,0.1641,1.29,233.27,332.31,0.789,1.10,0.917,4052,1,105,,,24.10,50261704,N,,,,2461200.5,41.54,0.0137
"       (2004 WC1)",0.8573,0.1712,10.32,54.72,179.39,0.711,1.00,0.794,3,7,18,,,26.10,50262592,N,,,,2461200.5,243.05,0.0147
"       (2004 XG)",0.8365,0.2987,1.20,283.62,2.45,0.587,1.09,0.765,7373,1,96,,,24.16,50263255,N,,,,2461200.5,146.63,0.0127
"       (2004 XJ)",0.887,0.1697,12.19,253.22,16.47,0.736,1.04,0.835,13,7,75,,,24.00,50263256,N,,,,2461200.5,60.14,0.0407
"       (2004 XK14)",0.7485,0.4339,3.10,306.79,303.21,0.424,1.07,0.648,4758,0,152,,,22.44,50263471,N,0.240,0.034,0.08,2461200.5,264.19,0.0251
"       (2004 YC)",0.8677,0.3137,6.08,263.14,47.49,0.596,1.14,0.808,4,6,35,,,25.60,50264211,N,,,,2461200.5,300.79,0.00276
"       (2004 YD)",0.8424,0.2404,12.10,265.63,7.82,0.640,1.04,0.773,9,8,22,,,24.00,50264212,N,,,,2453358.5,166.43,0.0554
"       (2004 YA5)",0.8089,0.5364,28.18,269.95,31.22,0.375,1.24,0.728,13,8,30,,,22.84,50264570,N,,,,2453362.5,99.16,0.0519
"       (2005 BU)",0.8472,0.3006,12.99,296.75,38.91,0.593,1.10,0.78,2,7,32,,,26.70,50266054,N,,,,2461200.5,275.37,0.0147
"       (2005 CN61)",0.9891,0.0679,9.55,146.67,248.62,0.922,1.06,0.984,5,5,46,,,25.30,50267587,N,,,,2461200.5,339.25,0.0207
"       (2005 EP1)",0.8923,0.7700,16.30,344.39,328.04,0.205,1.58,0.843,3,9,30,,,23.70,50273481,N,,,,2453433.5,297.33,0.0124
"       (2005 FC)",0.9179,0.2707,12.83,0.08,310.84,0.669,1.17,0.879,8,6,29,,,24.50,50274714,N,,,,2461200.5,296.09,0.0237
"       (2005 FN)",0.9332,0.3301,3.75,177.24,120.90,0.625,1.24,0.902,1,5,185,,,26.90,50274928,N,,,,2461200.5,111.87,0.00109
"       (2005 GR33)",0.7784,0.3844,27.99,22.66,334.64,0.479,1.08,0.687,4737,0,153,,,22.14,50276001,N,,,,2461200.5,156.48,0.0123
"       (2005 GZ128)",0.9511,0.1358,18.65,202.99,230.64,0.822,1.08,0.928,4,7,22,,,26.47,50276709,N,,,,2461200.5,47.42,0.0182
"       (2005 KA)",0.8415,0.2127,2.97,224.88,182.77,0.662,1.02,0.772,3646,0,69,,,24.70,50278425,N,,,,2461200.5,305.82,0.0115
"       (2005 MF5)",0.8038,0.3818,29.52,98.03,349.76,0.497,1.11,0.721,6586,1,95,,,21.73,50283241,N,,,,2461200.5,212.99,0.0805
"       (2005 MR5)",0.8527,0.2958,27.79,263.59,190.56,0.600,1.10,0.787,6941,0,296,,,20.24,50283250,N,,,,2461200.5,21.55,0.0802
"       (2005 NE21)",0.7892,0.4965,10.63,289.67,194.78,0.397,1.18,0.701,7707,0,189,,,21.24,50283702,N,,,,2461200.5,92.48,0.0561
"       (2005 NJ63)",0.8692,0.4223,26.55,120.83,1.75,0.502,1.24,0.81,7692,0,106,,,21.03,50283973,N,,,,2461200.5,93.59,0.218
"       (2005 QP11)",0.9755,0.1759,3.96,334.80,119.91,0.804,1.15,0.963,9,4,47,,,26.40,50288956,N,,,,2461200.5,102.41,0.0101
"       (2005 RB3)",0.8776,0.3937,36.11,165.83,320.43,0.532,1.22,0.822,6920,1,102,,,22.61,50289762,N,,,,2461200.5,340.41,0.0482
"       (2005 SP9)",0.8657,0.6238,27.74,354.80,228.15,0.326,1.41,0.805,6220,0,69,,,21.61,50291247,N,,,,2461200.5,329.39,0.0518
"       (2005 TM)",0.8412,0.4172,5.22,8.67,151.90,0.490,1.19,0.772,6,8,20,,,24.70,50292284,N,,,,2453647.5,240.49,0.0235
"       (2005 TQ45)",0.8276,0.2325,25.63,14.86,185.87,0.635,1.02,0.753,2,5,38,,,25.60,50293813,N,,,,2461200.5,337.99,0.0185
"       (2005 TE49)",0.9491,0.3653,4.75,194.99,304.69,0.602,1.30,0.925,4389,2,40,,,26.39,50293854,N,,,,2461200.5,49.38,0.00825
"       (2005 TG50)",0.9227,0.1351,2.39,344.01,201.59,0.798,1.05,0.886,5849,0,77,,,24.83,50293945,N,,,,2461200.5,297.65,0.0117
"       (2005 TH50)",0.8375,0.2255,0.73,196.84,18.17,0.649,1.03,0.766,4,8,16,,,28.00,50293946,N,,,,2453654.5,153.66,0.00137
"       (2005 UE1)",0.8937,0.1700,5.64,32.42,139.88,0.742,1.05,0.845,2,6,39,,,26.20,50297205,N,,,,2461200.5,26.47,0.00185
"       (2005 UV64)",0.9589,0.1161,5.42,215.74,313.55,0.848,1.07,0.939,5471,0,35,,,26.40,50297402,N,,,,2461200.5,225.39,0.0254
"       (2005 VK1)",0.7413,0.4269,24.59,223.75,358.55,0.425,1.06,0.638,2,8,36,,,22.60,50297651,N,,,,2453679.5,174.40,0.0662
"       (2005 VL1)",0.8912,0.2246,0.24,37.88,227.80,0.691,1.09,0.841,5874,4,79,,,26.45,50297652,N,,,,2461200.5,284.04,1.82e-06
"       (2005 VN5)",0.9454,0.2326,2.06,48.26,116.15,0.725,1.17,0.919,2,5,61,,,27.00,50299744,N,,,,2461200.5,52.47,0.00097
"       (2005 WS3)",0.6716,0.5755,23.07,69.37,176.11,0.285,1.06,0.55,5830,0,167,,,21.23,50304589,N,,,,2461200.5,303.13,0.065
"       (2005 XZ7)",0.9686,0.3207,32.70,75.70,238.63,0.658,1.28,0.953,3,8,30,,,24.20,50306602,N,,,,2453712.5,86.04,0.0488
"       (2005 YO3)",0.7595,0.3733,12.80,274.21,20.16,0.476,1.04,0.662,13,7,21,,,25.10,50309114,N,,,,2461200.5,98.35,0.0161
"       (2005 YR3)",0.82,0.2729,3.28,75.26,217.94,0.596,1.04,0.743,7328,0,121,,,23.76,50309115,N,,,,2461200.5,358.83,0.00491
"       (2005 YO128)",0.821,0.2966,15.59,281.70,328.43,0.578,1.06,0.744,5,7,36,,,24.60,50309855,N,,,,2461200.5,39.73,0.0144
"       (2005 YU128)",0.7716,0.3219,7.71,100.42,190.14,0.523,1.02,0.678,6962,2,39,,,25.26,50309880,N,,,,2461200.5,210.19,0.0221
"       (2006 AM4)",0.9822,0.6492,4.16,123.30,139.69,0.345,1.62,0.973,7274,0,191,5,0,21.88,50311987,Y,,,,2461200.5,264.39,0.0111
"       (2006 BA9)",0.9127,0.3661,8.33,305.79,25.71,0.579,1.25,0.872,7302,0,68,,,22.76,50313762,N,,,,2461200.5,264.75,0.0722
"       (2006 DM63)",0.6957,0.4971,1.78,336.43,17.43,0.350,1.04,0.58,1,8,19,,,26.70,50324679,N,,,,2453794.5,140.28,0.0007
"       (2006 HV50)",0.8487,0.2612,16.43,34.67,22.60,0.627,1.07,0.782,7,7,37,,,23.60,50330711,N,,,,2461200.5,45.98,0.0331
"       (2006 QQ23)",0.8037,0.2842,3.45,4.07,125.54,0.575,1.03,0.721,6555,0,113,,,19.71,50338391,Y,,,,2461200.5,4.10,0.0333
"       (2006 QQ56)",0.9851,0.0456,2.80,161.16,331.59,0.940,1.03,0.978,18,5,92,,,25.90,50339105,N,,,,2461200.5,285.10,0.0147
"       (2006 SE6)",0.805,0.3456,4.82,347.21,183.19,0.527,1.08,0.722,4785,0,164,,,22.97,50342345,N,,,,2461200.5,294.42,0.0363
"       (2006 SP19)",0.8811,0.2930,4.59,357.88,166.54,0.623,1.14,0.827,6937,0,51,,,24.22,50343127,N,,,,2461200.5,149.19,0.0458
"       (2006 SF77)",0.9215,0.3287,32.41,1.22,224.33,0.619,1.22,0.885,23,7,223,,,21.75,50344192,N,,,,2461200.5,206.00,0.0604
"       (2006 SU217)",0.9852,0.1740,2.64,193.65,38.57,0.814,1.16,0.978,15,5,35,,,25.30,50347516,N,,,,2461200.5,165.91,0.0252
"       (2006 TL)",0.9404,0.3975,11.61,195.32,315.30,0.567,1.31,0.912,3658,1,28,,,23.90,50348167,N,,,,2461200.5,113.98,0.0451
"       (2006 UZ215)",0.8889,0.2065,14.26,35.11,222.49,0.705,1.07,0.838,4,6,37,,,25.50,50354978,N,,,,2461200.5,255.44,0.00788
"       (2006 VX2)",0.9344,0.2907,9.81,47.17,126.67,0.663,1.21,0.903,3279,2,81,,,24.78,50358245,N,,,,2461200.5,150.09,0.0229
"       (2006 VY2)",0.8925,0.3763,14.51,231.18,327.09,0.557,1.23,0.843,5858,0,121,,,22.75,50358246,N,,,,2461200.5,324.52,0.0751
"       (2006 VG13)",0.8176,0.3034,5.86,96.44,115.27,0.570,1.07,0.739,6213,0,95,,,21.46,50358545,Y,,,,2461200.5,14.62,0.0457
"       (2006 WB)",0.8541,0.1765,4.90,64.70,159.44,0.703,1.00,0.789,6600,0,330,7,7,23.18,50359047,N,,,,2461200.5,186.60,0.00325
"       (2006 WV1)",0.8286,0.2884,5.57,61.21,149.99,0.590,1.07,0.754,1,7,29,,,25.90,50359295,N,,,,2461200.5,203.86,0.0108
"       (2006 WO130)",0.9797,0.2594,4.61,248.87,61.86,0.726,1.23,0.97,,9,11,,,26.89,50363062,N,,,,2454066.5,83.98,0.015
"       (2006 XX2)",0.9859,0.3106,17.65,260.56,67.67,0.680,1.29,0.979,10,7,32,,,25.10,50363452,N,,,,2461200.5,43.34,0.0168
"       (2006 XO4)",0.8389,0.3013,8.47,266.65,29.09,0.586,1.09,0.768,3666,1,60,,,23.40,50363719,N,,,,2461200.5,255.80,0.0271
"       (2006 XP4)",0.8724,0.2143,0.52,292.98,347.03,0.685,1.06,0.815,4773,0,152,,,23.90,50363720,N,,,,2461200.5,123.30,0.00445
"       (2006 YM)",0.8984,0.1231,12.89,86.31,171.06,0.788,1.01,0.852,6203,0,34,,,24.50,50363931,N,,,,2461200.5,151.05,0.0229
"       (2007 AM)",0.7987,0.4671,11.72,107.08,172.56,0.426,1.17,0.714,5501,1,98,,,21.82,50365944,N,,,,2461200.5,260.16,0.0971
"       (2007 BB)",0.9341,0.1411,3.53,297.31,300.88,0.802,1.07,0.903,2,7,21,,,27.80,50366303,N,,,,2461200.5,74.56,0.00127
"       (2007 BD)",0.7335,0.3444,9.27,297.39,359.35,0.481,0.99,0.628,4,6,303,,,25.40,50366305,N,,,,2461200.5,132.06,0.00219
"       (2007 BU7)",0.945,0.3367,21.14,120.32,241.58,0.627,1.26,0.919,7,8,15,,,24.10,50366832,N,,,,2454126.5,86.13,0.0098
"       (2007 CS5)",0.9804,0.1725,0.75,125.37,261.38,0.811,1.15,0.971,16,6,19,,,24.60,50367744,N,,,,2461200.5,58.86,0.000651
"       (2007 CM26)",0.9426,0.1795,7.09,142.48,152.57,0.773,1.11,0.915,4043,0,36,,,25.10,50367923,N,,,,2461200.5,258.13,0.0615
"       (2007 CT26)",0.8551,0.3869,2.89,321.52,44.62,0.524,1.19,0.791,6963,0,118,,,23.55,50367927,N,,,,2461200.5,252.64,0.00223
"       (2007 DD)",0.9875,0.1156,2.62,328.97,77.60,0.873,1.10,0.981,1565,2,85,,,25.90,50368427,N,,,,2461200.5,324.52,0.00432
"       (2007 DE8)",0.8692,0.3084,12.84,327.04,328.33,0.601,1.14,0.81,6197,2,47,,,23.59,50368754,N,,,,2461200.5,168.69,0.0504
"       (2007 DM8)",0.9884,0.3685,7.56,332.65,61.36,0.624,1.35,0.983,4,8,17,,,26.20,50368760,N,,,,2454153.5,77.35,0.0153
"       (2007 EC)",0.9287,0.1960,5.85,307.48,46.37,0.747,1.11,0.895,6212,0,258,4,2,22.23,50370044,N,,,,2461200.5,6.26,0.0239
"       (2007 EG)",0.755,0.3683,3.11,165.42,169.59,0.477,1.03,0.656,6948,0,157,,,24.58,50370191,N,,,,2461200.5,346.35,0.00956
"       (2007 FN3)",0.9946,0.2652,48.59,177.60,137.83,0.731,1.26,0.992,1,9,11,,,23.30,50372234,N,,,,2454180.5,246.62,0.147
"       (2007 HA)",0.8926,0.4702,32.99,205.78,133.16,0.473,1.31,0.843,5853,0,566,,,20.38,50374003,Y,,,,2461200.5,171.35,0.0156
"       (2007 JB21)",0.9859,0.1087,13.44,227.82,250.78,0.879,1.09,0.979,6,6,28,,,25.40,50376368,N,,,,2461200.5,274.91,0.00121
"       (2007 MF)",0.9841,0.0501,17.47,85.61,346.72,0.935,1.03,0.976,2,6,38,,,26.20,50378583,N,,,,2461200.5,353.65,0.0159
"       (2007 MC4)",0.9721,0.1738,19.19,109.36,358.31,0.803,1.14,0.958,414,2,98,,,21.10,50378755,N,,,,2461200.5,72.84,0.124
"       (2007 PB8)",0.8805,0.4451,16.56,323.12,169.46,0.489,1.27,0.826,8777,0,95,,,21.36,50381253,N,,,,2461200.5,131.11,0.16
"       (2007 PS25)",0.7285,0.4218,6.71,141.39,8.16,0.421,1.04,0.622,4,7,30,,,25.50,50381371,N,,,,2461200.5,258.87,0.00965
"       (2007 RF1)",0.8404,0.2361,2.65,158.77,352.36,0.642,1.04,0.77,2,7,35,,,26.10,50383690,N,,,,2461200.5,2.94,0.0145
"       (2007 RP15)",0.9465,0.5002,15.17,171.95,47.31,0.473,1.42,0.921,5,8,66,,,22.80,50384211,N,,,,2454358.5,77.20,0.0272
"       (2007 RO17)",0.9267,0.1967,2.44,354.24,196.36,0.744,1.11,0.892,4,7,21,,,25.80,50384423,N,,,,2461200.5,149.92,0.0247
"       (2007 RC20)",0.9545,0.1983,2.87,165.10,309.39,0.765,1.14,0.932,1,9,8,,,26.60,50384510,N,,,,2454358.5,257.89,0.0113
"       (2007 SV1)",0.7568,0.3783,4.13,348.40,189.52,0.470,1.04,0.658,18,8,35,,,24.70,50385850,N,,,,2454367.5,184.67,0.0115
"       (2007 SW2)",0.9118,0.4655,8.56,339.60,174.04,0.487,1.34,0.871,6901,0,116,,,21.46,50386157,N,,,,2461200.5,65.03,0.107
"       (2007 SG11)",0.8351,0.2487,6.88,193.37,345.99,0.627,1.04,0.763,5828,0,197,,,22.68,50387115,N,,,,2461200.5,6.68,0.0263
"       (2007 TD)",0.6893,0.5355,3.49,186.02,12.13,0.320,1.06,0.572,7,8,31,,,24.40,50387357,N,,,,2454378.5,153.43,0.0059
"       (2007 TH3)",0.9682,0.1210,8.23,11.81,238.16,0.851,1.09,0.953,35,4,66,,,24.70,50387557,N,,,,2461200.5,325.94,0.0136
"       (2007 TL5)",0.8683,0.5955,12.99,12.12,219.02,0.351,1.39,0.809,1,8,29,,,25.90,50387571,N,,,,2454381.5,81.12,0.0125
"       (2007 TQ24)",0.7933,0.5394,10.59,183.47,30.00,0.365,1.22,0.707,6252,0,177,,,22.06,50388334,N,,,,2461200.5,279.23,0.0164
"       (2007 TD66)",0.9669,0.3105,14.88,205.12,1.39,0.667,1.27,0.951,6971,0,81,,,21.86,50388377,N,,,,2461200.5,36.13,0.219
"       (2007 TR68)",0.876,0.2575,11.36,18.06,144.88,0.650,1.10,0.82,3,7,26,,,25.90,50388418,N,,,,2461200.5,154.74,0.0272
"       (2007 TN74)",0.8963,0.2985,9.69,14.76,146.31,0.629,1.16,0.849,3,7,15,,,25.60,50388508,N,,,,2461200.5,239.60,0.0486
"       (2007 US)",0.962,0.5826,12.40,24.01,203.06,0.402,1.52,0.944,6587,0,46,,,22.73,50388910,N,,,,2461200.5,8.16,0.0985
"       (2007 UW1)",0.9075,0.1209,8.22,25.92,146.58,0.798,1.02,0.865,2239,1,38,,,22.70,50389218,N,,,,2461200.5,64.07,0.0018
"       (2007 UT3)",0.7716,0.4002,0.63,160.88,21.06,0.463,1.08,0.678,4,8,18,,,25.90,50389385,N,,,,2454394.5,232.14,0.000998
"       (2007 UP6)",0.9678,0.0943,9.58,31.39,236.35,0.877,1.06,0.952,396,2,84,,,23.00,50389511,N,,,,2461200.5,316.90,0.0146
"       (2007 US12)",0.9062,0.5147,8.80,211.06,44.69,0.440,1.37,0.863,5148,0,98,,,22.13,50390670,N,,,,2461200.5,295.03,0.0135
"       (2007 VZ2)",0.9867,0.1871,30.95,217.79,70.83,0.802,1.17,0.98,2,8,28,,,24.70,50392321,N,,,,2454408.5,90.69,0.0203
"       (2007 VD3)",0.9721,0.1503,13.12,53.75,179.97,0.826,1.12,0.958,775,2,75,,,22.20,50392325,N,,,,2461200.5,307.41,0.128
"       (2007 VU6)",0.9762,0.0906,1.22,220.22,34.87,0.888,1.06,0.965,9,6,42,,,26.59,50392389,N,,,,2461200.5,241.71,0.0116
"       (2007 VV83)",0.9669,0.0979,10.12,225.49,318.80,0.872,1.06,0.951,9,5,26,,,24.70,50393841,N,,,,2461200.5,68.97,0.04
"       (2007 VW83)",0.9007,0.2199,7.07,38.92,163.65,0.703,1.10,0.855,23,7,20,,,24.10,50393842,N,,,,2461200.5,113.99,0.0653
"       (2007 VY137)",0.8969,0.3815,16.42,223.16,42.68,0.555,1.24,0.849,6212,1,48,,,24.43,50394094,N,,,,2461200.5,53.79,0.0421
"       (2007 VB138)",0.7725,0.4308,6.01,41.96,161.75,0.440,1.11,0.679,3,7,27,,,26.10,50394097,N,,,,2461200.5,359.10,0.0244
"       (2007 VB188)",0.8818,0.2251,7.24,43.26,155.11,0.683,1.08,0.828,1,8,14,,,26.30,50394732,N,,,,2454418.5,228.36,0.0405
"       (2007 VL243)",0.9652,0.7286,43.33,114.67,91.27,0.262,1.67,0.948,6615,0,55,,,17.69,50395332,N,,,,2461200.5,123.16,0.39
"       (2007 WM3)",0.7939,0.4280,6.46,55.29,204.16,0.454,1.13,0.707,6242,0,104,,,23.28,50395979,N,,,,2461200.5,203.99,0.0221
"       (2007 WC5)",0.9732,0.2106,8.54,236.84,66.27,0.768,1.18,0.96,1,8,14,,,27.30,50396013,N,,,,2454425.5,91.91,0.0153
"       (2007 XP)",0.9863,0.2707,7.65,255.67,64.68,0.719,1.25,0.98,2,9,16,,,23.78,50397519,N,,,,2454439.5,83.52,0.02
"       (2007 YF)",0.9536,0.1198,1.65,276.58,34.98,0.839,1.07,0.931,5224,0,80,,,24.85,50398111,N,,,,2461200.5,66.73,0.0146
"       (2007 YS56)",0.9423,0.2838,6.23,274.40,63.87,0.675,1.21,0.915,11,6,49,,,25.70,50398677,N,,,,2461200.5,142.55,0.00226
"       (2008 BX2)",0.8572,0.3412,3.14,336.55,350.69,0.565,1.15,0.794,2987,1,72,,,23.60,50400333,N,,,,2461200.5,194.82,0.0316
"       (2008 CT1)",0.8908,0.4565,0.37,138.09,126.22,0.484,1.30,0.841,,8,13,,,27.70,50401456,N,,,,2454500.5,280.34,0.000254
"       (2008 CL20)",0.7671,0.3187,15.97,321.21,349.72,0.523,1.01,0.672,3,7,50,,,25.30,50402157,N,,,,2461200.5,302.59,0.0163
"       (2008 CY21)",0.9687,0.2485,10.70,322.80,53.96,0.728,1.21,0.953,4,7,17,,,24.60,50402221,N,,,,2461200.5,177.51,0.0465
"       (2008 CH70)",0.8531,0.3196,6.54,144.37,188.25,0.580,1.13,0.788,19,7,24,,,24.45,50402270,N,,,,2461200.5,252.23,0.0663
"       (2008 DL4)",0.9297,0.1229,3.20,341.03,42.79,0.815,1.04,0.896,10,6,32,,,26.90,50404188,N,,,,2461200.5,270.90,0.00851
"       (2008 DF5)",0.8757,0.1961,41.97,338.10,28.67,0.704,1.05,0.819,2,8,33,,,23.40,50404385,N,,,,2454525.5,139.28,0.0264
"       (2008 DY22)",0.8209,0.2262,19.07,342.54,0.44,0.635,1.01,0.744,3,7,42,,,24.20,50404517,N,,,,2461200.5,20.85,0.0153
"       (2008 EP)",0.8426,0.2595,15.84,348.07,21.56,0.624,1.06,0.773,6213,1,103,,,24.31,50404553,N,,,,2461200.5,2.12,0.0394
"       (2008 EE5)",0.9448,0.0716,44.81,321.26,20.03,0.877,1.01,0.918,5056,0,200,1,1,19.71,50404791,Y,,,,2461200.5,106.71,0.0211
"       (2008 EA8)",0.9578,0.6737,1.78,224.86,146.36,0.313,1.60,0.937,6607,0,73,,,22.37,50405171,N,,,,2461200.5,260.73,0.00572
"       (2008 FX6)",0.9227,0.1270,11.13,9.89,325.01,0.806,1.04,0.886,4,6,44,,,25.00,50407704,N,,,,2461200.5,48.09,0.013
"       (2008 GS3)",0.8546,0.3747,28.78,196.86,187.39,0.534,1.17,0.79,5497,1,92,,,22.27,50408609,N,,,,2461200.5,167.01,0.165
"       (2008 GL20)",0.8939,0.2026,6.88,198.64,220.78,0.713,1.07,0.845,6,6,30,,,26.60,50408673,N,,,,2461200.5,303.49,0.00728
"       (2008 JE)",0.9839,0.0931,6.96,39.13,317.00,0.892,1.08,0.976,7,4,31,,,25.80,50409986,N,,,,2461200.5,72.10,0.032
"       (2008 KS)",0.975,0.1566,25.60,246.11,152.76,0.822,1.13,0.963,5,8,20,,,24.73,50412771,N,,,,2454615.5,218.32,0.0893
"       (2008 KV2)",0.8501,0.4120,5.04,66.77,347.85,0.500,1.20,0.784,6582,0,337,,,21.25,50412778,Y,,,,2461200.5,213.85,0.044
"       (2008 LD)",0.8949,0.1513,6.58,250.47,202.71,0.760,1.03,0.847,8,6,26,,,28.90,50413099,N,,,,2461200.5,287.62,0.00213
"       (2008 LG2)",0.8509,0.2295,3.06,86.14,337.07,0.656,1.05,0.785,5490,0,119,,,25.34,50413188,N,,,,2461200.5,142.94,0.00249
"       (2008 LH2)",0.9793,0.2760,5.77,249.26,249.21,0.709,1.25,0.969,37,5,92,,,24.40,50413284,N,,,,2461200.5,297.74,0.00365
"       (2008 MG1)",0.7834,0.8227,5.73,352.10,109.18,0.139,1.43,0.693,6570,0,65,,,19.86,50414414,N,,,,2461200.5,149.34,0.0735
"       (2008 NA)",0.9622,0.3021,10.02,104.77,52.46,0.671,1.25,0.944,6236,1,131,,,23.73,50414447,N,,,,2461200.5,91.08,0.0268
"       (2008 PR9)",0.9434,0.5118,3.30,18.74,75.62,0.461,1.43,0.916,4030,0,40,,,22.46,50423850,N,,,,2461200.5,79.91,0.0224
"       (2008 QU3)",0.8689,0.2477,14.06,303.52,241.43,0.654,1.08,0.81,6234,0,140,,,20.72,50426262,N,,,,2461200.5,113.50,0.0652
"       (2008 QV11)",0.908,0.4529,8.28,114.31,7.45,0.497,1.32,0.865,6515,0,72,,,21.34,50426433,N,,,,2461200.5,82.09,0.0982
"       (2008 SS)",0.9285,0.4792,21.14,5.01,135.04,0.484,1.37,0.895,6213,0,90,,,22.11,50427482,N,,,,2461200.5,189.70,0.0448
"       (2008 ST)",0.9632,0.1262,1.87,187.39,292.32,0.842,1.08,0.945,7,5,49,,,27.10,50427483,N,,,,2461200.5,148.80,0.00193
"       (2008 SD85)",0.8829,0.4073,23.37,2.49,209.15,0.523,1.24,0.83,1828,2,39,,,23.09,50428278,N,,,,2461200.5,241.30,0.1
"       (2008 TD)",0.896,0.3386,5.08,357.59,144.65,0.593,1.20,0.848,8,7,23,,,25.40,50428721,N,,,,2461200.5,203.08,0.0252
"       (2008 TF)",0.9568,0.5182,21.04,10.11,139.43,0.461,1.45,0.936,5499,0,145,,,21.89,50428723,N,,,,2461200.5,228.78,0.0775
"       (2008 TZ)",0.9526,0.3967,1.50,9.63,127.61,0.575,1.33,0.93,10,6,84,,,25.40,50429707,N,,,,2461200.5,279.26,0.00366
"       (2008 TF2)",0.9902,0.3587,15.98,196.66,295.18,0.635,1.35,0.985,5,8,21,,,25.10,50429844,N,,,,2454744.5,279.91,0.0116
"       (2008 UB95)",0.9894,0.2686,3.26,21.59,253.65,0.724,1.26,0.984,4139,1,66,,,24.80,50435046,N,,,,2461200.5,47.55,0.000952
"       (2008 VY3)",0.9897,0.3479,12.38,220.31,301.40,0.645,1.33,0.985,5,8,19,,,24.80,50437812,N,,,,2454775.5,281.74,0.0354
"       (2008 VR4)",0.9216,0.3880,4.17,37.00,235.37,0.564,1.28,0.885,6311,0,44,,,23.09,50437828,N,,,,2461200.5,40.01,0.00174
"       (2008 WQ2)",0.8465,0.2047,13.45,234.04,8.29,0.673,1.02,0.779,2,8,23,,,24.30,50439585,N,,,,2454791.5,173.52,0.0275
"       (2008 WK60)",0.7794,0.3204,8.49,81.50,146.40,0.530,1.03,0.688,18,8,25,,,22.40,50440342,N,,,,2454797.5,209.06,0.0171
"       (2008 WT62)",0.8842,0.3539,18.19,57.97,148.37,0.571,1.20,0.831,3645,1,43,,,23.11,50440419,N,,,,2461200.5,270.97,0.0846
"       (2008 YC29)",0.8638,0.3975,3.26,94.23,138.46,0.521,1.21,0.803,,9,18,,,25.40,50442868,N,,,,2454830.5,267.42,0.00731
"       (2009 BH2)",0.8141,0.4758,23.19,117.08,221.00,0.427,1.20,0.735,5128,0,170,,,22.57,50444393,N,,,,2461200.5,339.14,0.000749
"       (2009 BJ2)",0.946,0.2789,6.50,296.01,300.17,0.682,1.21,0.92,2,6,37,,,27.10,50444394,N,,,,2461200.5,232.87,0.0111
"       (2009 BO58)",0.8363,0.4498,26.25,130.69,207.71,0.460,1.21,0.765,5868,0,153,,,21.87,50445102,N,,,,2461200.5,14.45,0.0913
"       (2009 CD)",0.9013,0.2639,22.77,304.97,333.55,0.663,1.14,0.856,4394,0,99,,,23.03,50445566,N,,,,2461200.5,322.53,0.102
"       (2009 CE)",0.8928,0.1883,8.14,127.58,190.42,0.725,1.06,0.844,4046,1,64,,,24.30,50445567,N,,,,2461200.5,5.71,0.0654
"       (2009 DC1)",0.8734,0.2764,8.78,329.59,34.93,0.632,1.11,0.816,24,6,51,,,24.00,50447940,N,,,,2461200.5,197.35,0.0311
"       (2009 EP2)",0.927,0.3563,27.70,175.15,129.85,0.597,1.26,0.892,6202,0,192,,,21.61,50449614,Y,,,,2461200.5,18.08,0.0419
"       (2009 FL)",0.98,0.4661,26.11,174.64,124.56,0.523,1.44,0.97,3,8,30,,,24.40,50451818,N,,,,2454908.5,291.00,0.0302
"       (2009 FU23)",0.8372,0.2822,13.90,57.72,315.27,0.601,1.07,0.766,8165,0,226,1,0,20.09,50455160,Y,,,,2461200.5,332.76,0.0333
"       (2009 FW25)",0.882,0.3214,12.36,0.11,323.86,0.598,1.17,0.828,6,7,21,,,23.42,50455282,N,,,,2461200.5,159.26,0.0417
"       (2009 FG44)",0.9642,0.1141,31.61,6.71,15.77,0.854,1.07,0.947,3,8,19,,,22.50,50455765,N,,,,2454922.5,165.42,0.071
"       (2009 HG21)",0.9077,0.3679,5.43,32.33,317.13,0.574,1.24,0.865,3,6,27,,,25.00,50457869,N,,,,2461200.5,185.39,0.0165
"       (2009 HU44)",0.8303,0.6441,6.64,212.83,213.67,0.296,1.37,0.757,21,7,63,,,22.60,50458602,N,,,,2461200.5,313.94,0.00618
"       (2009 HE60)",0.9955,0.2645,1.58,228.82,219.71,0.732,1.26,0.993,5,7,19,,,25.69,50458993,N,,,,2461200.5,179.21,0.0154
"       (2009 KR4)",0.8435,0.2395,10.72,240.04,191.22,0.642,1.05,0.775,10,8,31,,,25.00,50461254,N,,,,2454979.5,170.29,0.0259
"       (2009 LD)",0.988,0.1504,9.79,244.55,254.14,0.839,1.14,0.982,3,6,28,,,26.20,50462527,N,,,,2461200.5,210.50,0.00444
"       (2009 MW)",0.9128,0.2993,21.03,87.54,23.63,0.640,1.19,0.872,5140,0,146,,,20.86,50463394,N,,,,2461200.5,295.46,0.113
"       (2009 ME9)",0.9234,0.5009,31.47,274.02,207.52,0.461,1.39,0.887,5846,0,64,,,21.24,50463782,N,,,,2461200.5,182.96,0.161
"       (2009 PC)",0.9957,0.3427,7.09,134.23,48.20,0.654,1.34,0.994,18,7,33,,,23.16,50465557,N,,,,2461200.5,77.50,0.0381
"       (2009 PY)",0.9452,0.2944,26.56,325.63,195.97,0.667,1.22,0.919,4385,0,52,,,21.12,50465706,N,,,,2461200.5,248.41,0.18
"       (2009 SS)",0.9076,0.2012,9.53,350.55,162.17,0.725,1.09,0.865,2,9,12,,,26.70,50467236,N,,,,2455091.5,210.98,0.063
"       (2009 SH2)",0.9912,0.0942,6.81,6.66,101.77,0.898,1.08,0.987,14,4,109,,,24.90,50467281,N,,,,2461200.5,230.45,0.000358
"       (2009 SJ18)",0.9451,0.1106,12.57,0.32,172.99,0.841,1.05,0.919,9,6,24,,,24.60,50467418,N,,,,2461200.5,258.68,0.0447
"       (2009 SZ99)",0.8148,0.2145,21.33,338.02,147.56,0.640,0.99,0.736,6106,0,66,,,19.32,50468453,N,,,,2461200.5,147.50,0.0577
"       (2009 SM104)",0.9814,0.3674,9.67,0.78,139.01,0.621,1.34,0.972,15,7,46,,,23.60,50468550,N,,,,2461200.5,325.49,0.067
"       (2009 TD8)",0.8834,0.2453,5.08,20.13,147.45,0.667,1.10,0.83,1,7,19,,,26.90,50471537,N,,,,2461200.5,248.99,0.0214
"       (2009 TK8)",0.9294,0.3402,21.16,29.23,222.27,0.613,1.25,0.896,3685,0,291,,,20.17,50471541,N,,,,2461200.5,310.68,0.0734
"       (2009 UC)",0.7597,0.3474,24.78,22.35,185.45,0.496,1.02,0.662,3,7,28,,,26.60,50471608,N,,,,2461200.5,216.16,0.0232
"       (2009 UG)",0.788,0.3754,5.02,13.69,201.89,0.492,1.08,0.7,5114,0,279,4,3,23.50,50471612,N,,,,2461200.5,68.92,0.012
"       (2009 UM1)",0.9613,0.5960,8.73,193.63,334.07,0.388,1.53,0.943,7,8,25,,,23.49,50471712,N,,,,2455124.5,278.60,0.0629
"       (2009 UR5)",0.7731,0.3662,6.57,215.43,345.65,0.490,1.06,0.68,4,8,17,,,25.70,50471998,N,,,,2455126.5,197.09,0.0238
"       (2009 UY17)",0.8186,0.3163,42.06,202.06,30.57,0.560,1.08,0.741,25,7,20,,,20.92,50472322,Y,,,,2461200.5,299.01,0.0139
"       (2009 UT19)",0.8906,0.6612,9.67,212.42,328.57,0.302,1.48,0.841,5851,1,106,,,22.79,50472393,N,,,,2461200.5,185.80,0.0288
"       (2009 UZ87)",0.9233,0.1884,3.78,218.32,45.06,0.749,1.10,0.887,13,6,31,,,25.90,50472723,N,,,,2461200.5,12.52,0.0116
"       (2009 VS25)",0.9708,0.2817,5.34,226.46,315.67,0.697,1.24,0.957,6,6,23,,,24.40,50476155,N,,,,2461200.5,8.84,0.0392
"       (2009 WQ6)",0.8666,0.4087,5.82,55.52,227.42,0.512,1.22,0.807,1,5,20,,,29.20,50477726,N,,,,2461200.5,277.74,0.00194
"       (2009 WY7)",0.6498,0.6087,4.03,64.00,172.41,0.254,1.05,0.524,4024,1,144,,,24.10,50477965,N,,,,2461200.5,43.45,0.01
"       (2009 WN8)",0.8484,0.3577,12.75,58.62,220.72,0.545,1.15,0.782,3,6,26,,,25.20,50477968,N,,,,2461200.5,171.97,0.0144
"       (2009 WR25)",0.8675,0.4810,31.72,238.21,31.37,0.450,1.28,0.808,4744,1,85,,,21.58,50478273,N,,,,2461200.5,279.44,0.104
"       (2009 WC54)",0.9019,0.2314,17.94,244.00,358.33,0.693,1.11,0.857,4391,1,58,,,24.31,50478676,N,,,,2461200.5,287.83,0.123
"       (2009 WD54)",0.8179,0.2957,3.02,61.41,211.10,0.576,1.06,0.74,2,8,19,,,28.50,50478677,N,,,,2455160.5,129.12,0.00272
"       (2009 WY104)",0.9955,0.2234,26.80,61.26,126.76,0.773,1.22,0.993,1,9,14,,,25.00,50479033,N,,,,2455160.5,255.86,0.0943
"       (2009 WB105)",0.8255,0.2525,38.40,242.58,347.44,0.617,1.03,0.75,5480,0,196,,,23.50,50479036,N,,,,2461200.5,217.56,0.0378
"       (2009 WM105)",0.9001,0.1564,9.22,45.56,198.43,0.759,1.04,0.854,36,6,26,,,23.00,50479037,N,,,,2461200.5,309.84,0.0353
"       (2009 YF)",0.9352,0.1214,1.53,87.48,193.59,0.822,1.05,0.904,17,7,44,,,24.70,50483823,N,,,,2461200.5,234.85,0.017
"       (2009 YP)",0.8198,0.4247,10.00,86.01,203.06,0.472,1.17,0.742,1,9,19,,,24.00,50483907,N,,,,2455184.5,141.00,0.0504
"       (2009 YR)",0.9419,0.1101,0.70,87.21,128.00,0.838,1.05,0.914,6,6,29,,,28.00,50483909,N,,,,2461200.5,245.45,0.00182
"       (2010 AF)",0.9621,0.2978,23.60,105.22,242.88,0.676,1.25,0.944,1,7,27,,,25.00,50484604,N,,,,2461200.5,229.67,0.0244
"       (2010 AJ30)",0.8114,0.3024,7.57,303.36,350.84,0.566,1.06,0.731,4059,0,117,,,22.70,50485286,N,0.111,0.120,0.02,2461200.5,333.06,0.046
"       (2010 CT)",0.8879,0.6577,19.76,176.00,104.37,0.304,1.47,0.837,5077,0,47,,,20.25,50507204,N,,,,2461200.5,113.14,0.171
"       (2010 CK19)",0.9869,0.1500,2.26,328.50,278.96,0.839,1.13,0.98,12,5,35,,,27.90,50508139,N,,,,2461200.5,145.33,6.34e-05
"       (2010 DT1)",0.9868,0.4647,25.76,324.78,46.59,0.528,1.45,0.98,8,9,27,,,23.82,50508177,N,,,,2455245.5,84.72,0.0934
"       (2010 DJ77)",0.9545,0.2106,24.75,286.71,103.77,0.753,1.16,0.933,5610,1,56,,,21.59,50511378,N,0.277,,0.03,2461200.5,281.62,0.0506
"       (2010 EX11)",0.9562,0.1096,9.75,3.90,42.79,0.851,1.06,0.935,5159,1,145,,,24.11,50511134,N,0.040,0.234,0.01,2461200.5,249.28,0.0282
"       (2010 EG21)",0.844,0.2265,9.71,168.52,186.45,0.653,1.04,0.775,14,7,50,,,24.50,50511538,N,0.090,0.038,0.01,2461200.5,150.78,0.0401
"       (2010 FK)",0.9401,0.0972,12.67,173.42,166.21,0.849,1.03,0.912,10,6,83,,,23.80,50512298,N,0.087,0.071,0.01,2461200.5,130.49,0.0337
"       (2010 FM)",0.8176,0.2702,7.75,175.25,202.32,0.597,1.04,0.739,6,7,33,,,27.10,50512300,N,,,,2461200.5,127.39,0.0114
"       (2010 FN)",0.9898,0.2111,0.12,161.67,125.95,0.781,1.20,0.985,4,6,31,,,26.60,50512301,N,,,,2461200.5,84.21,0.000766
"       (2010 FS)",0.78,0.3175,9.12,169.74,206.30,0.532,1.03,0.689,13,8,42,,,24.20,50512306,N,0.023,0.548,0.00,2455276.5,148.24,0.00869
"       (2010 FY9)",0.8904,0.1504,4.17,356.29,336.90,0.757,1.02,0.84,10,7,24,,,26.96,50513073,N,,,,2461200.5,294.68,0.00942
"       (2010 FB10)",0.9679,0.5138,13.72,176.08,212.56,0.471,1.47,0.952,17,8,30,,,22.20,50513076,N,,,,2455283.5,112.55,0.0925
"       (2010 GB6)",0.8821,0.2449,35.31,195.13,187.95,0.666,1.10,0.828,5484,1,90,,,22.07,50514914,N,0.134,0.142,0.02,2461200.5,349.54,0.0944
"       (2010 GA7)",0.9126,0.3891,30.00,21.50,25.51,0.558,1.27,0.872,5139,0,190,,,21.27,50514982,N,0.151,0.256,0.02,2461200.5,313.08,0.163
"       (2010 GV23)",0.9294,0.2029,3.62,198.45,233.89,0.741,1.12,0.896,7,6,63,,,27.60,50515474,N,,,,2461200.5,119.78,0.00386
"       (2010 GD35)",0.7646,0.4810,7.82,24.97,14.00,0.397,1.13,0.669,4380,1,70,,,24.62,50515715,N,,,,2461200.5,207.72,0.0385
"       (2010 GK65)",0.9224,0.4428,0.58,348.22,82.79,0.514,1.33,0.886,6,7,55,,,24.50,50516431,N,,,,2461200.5,168.91,0.00492
"       (2010 GV147)",0.9588,0.6602,44.05,295.08,97.90,0.326,1.59,0.939,5826,1,92,,,18.29,50517488,N,2.055,0.018,0.05,2461200.5,302.16,0.317
"       (2010 HA)",0.9596,0.1959,2.19,251.00,186.06,0.772,1.15,0.94,5879,0,73,,,24.04,50516656,N,0.032,0.482,0.00,2461200.5,171.81,0.0333
"       (2010 HX107)",0.8014,0.3004,3.36,51.56,352.96,0.561,1.04,0.717,1830,1,36,,,23.54,50520781,N,0.064,0.187,0.01,2461200.5,331.64,0.0136
"       (2010 JL1)",0.9285,0.1929,20.66,43.54,40.91,0.749,1.11,0.895,2,7,24,,,25.50,50519542,N,,,,2461200.5,119.49,0.0356
"       (2010 JR34)",0.9592,0.1449,0.72,36.82,316.17,0.820,1.10,0.939,4,5,37,,,27.70,50520685,N,,,,2461200.5,291.34,0.00375
"       (2010 JW34)",0.9813,0.0547,2.26,49.79,43.75,0.928,1.03,0.972,4,4,60,,,28.10,50520690,N,,,,2461200.5,324.78,0.00732
"       (2010 KC)",0.7818,0.6071,2.21,94.34,297.23,0.307,1.26,0.691,4713,0,85,,,24.18,50522654,N,,,,2461200.5,331.78,0.0196
"       (2010 KV39)",0.9589,0.2558,13.92,65.38,296.68,0.714,1.20,0.939,2,6,49,,,26.80,50525152,N,,,,2461200.5,303.80,0.000316
"       (2010 KD149)",0.8889,0.2118,14.23,324.42,131.04,0.701,1.08,0.838,5838,1,53,,,21.45,54114211,Y,0.213,0.118,0.01,2461200.5,190.59,0.0219
"       (2010 MA)",0.8436,0.3481,14.09,87.37,32.12,0.550,1.14,0.775,4,6,34,,,25.70,50529649,N,,,,2461200.5,338.98,0.0234
"       (2010 MB)",0.9486,0.1556,11.65,87.71,19.16,0.801,1.10,0.924,4380,1,72,,,24.60,50530373,N,,,,2461200.5,257.37,0.0656
"       (2010 MJ1)",0.9924,0.1322,18.26,98.23,340.18,0.861,1.12,0.989,24,6,26,,,23.60,50532389,N,,,,2461200.5,250.50,0.0951
"       (2010 MP1)",0.8552,0.4873,22.64,93.05,32.39,0.438,1.27,0.791,5495,0,134,,,21.50,50532417,N,0.104,0.518,0.00,2461200.5,165.85,0.0567
"       (2010 MS1)",0.9297,0.2685,9.04,98.75,350.07,0.680,1.18,0.896,5806,0,84,,,21.90,50532424,N,,,,2461200.5,121.59,0.107
"       (2010 NM)",0.9723,0.1514,16.12,105.06,318.57,0.825,1.12,0.959,8,7,30,,,24.50,50536588,N,,,,2461200.5,93.68,0.0503
"       (2010 NG1)",0.8493,0.3326,24.74,167.11,300.00,0.567,1.13,0.783,4075,0,127,,,20.29,50536614,N,0.229,0.142,0.04,2461200.5,287.66,0.0817
"       (2010 OF101)",0.951,0.3250,23.37,212.35,282.54,0.642,1.26,0.927,5568,0,282,,,19.73,50541527,N,0.303,0.231,0.05,2461200.5,169.80,0.0625
"       (2010 PK9)",0.6821,0.6759,12.59,306.51,195.65,0.221,1.14,0.563,4783,0,123,,,21.81,50542542,Y,0.143,0.138,0.01,2461200.5,184.30,0.0157
"       (2010 PQ10)",0.8429,0.3768,22.27,123.01,6.86,0.525,1.16,0.774,3631,0,53,,,21.62,50542578,N,,,,2461200.5,354.90,0.134
"       (2010 PC73)",0.9366,0.1193,24.20,335.61,184.49,0.825,1.05,0.906,3717,1,182,,,22.05,54132120,N,,,,2461200.5,313.99,0.0374
"       (2010 RX30)",0.8309,0.3884,5.06,165.93,320.04,0.508,1.15,0.757,1073,1,101,,,27.10,50545581,N,,,,2461200.5,183.99,0.000861
"       (2010 RE31)",0.9682,0.3231,7.09,340.49,236.92,0.655,1.28,0.953,3,7,23,,,25.90,50545653,N,,,,2461200.5,286.81,0.0143
"       (2010 RF42)",0.9237,0.2033,14.08,169.61,359.53,0.736,1.11,0.888,3,7,19,,,25.10,50545728,N,,,,2461200.5,80.61,0.104
"       (2010 RJ43)",0.8839,0.4959,6.88,319.40,236.84,0.446,1.32,0.831,3669,1,47,,,23.70,50545736,N,,,,2461200.5,85.81,0.0212
"       (2010 SF)",0.8386,0.2198,9.35,350.88,184.18,0.654,1.02,0.768,9,7,47,,,25.40,50546727,N,,,,2461200.5,357.10,0.0151
"       (2010 SJ)",0.9214,0.1660,11.31,183.34,335.66,0.768,1.07,0.884,20,6,74,,,23.80,50546764,N,,,,2461200.5,127.41,0.049
"       (2010 TE)",0.9075,0.1979,5.55,181.82,36.26,0.728,1.09,0.865,4751,0,107,,,26.07,50547794,N,,,,2461200.5,174.46,0.0168
"       (2010 TK19)",0.9412,0.1289,12.96,15.43,208.30,0.820,1.06,0.913,23,4,87,,,24.90,50548108,N,,,,2461200.5,202.22,0.0412
"       (2010 TE55)",0.9489,0.1280,1.16,196.72,305.36,0.827,1.07,0.924,5,4,159,,,28.00,50548910,N,,,,2461200.5,223.89,0.00169
"       (2010 TL167)",0.9692,0.6481,12.79,213.05,15.56,0.341,1.60,0.954,2,9,18,,,22.40,50549586,N,,,,2455484.5,96.79,0.115
"       (2010 UC)",0.9418,0.0656,4.85,21.12,177.39,0.880,1.00,0.914,7,5,54,,,27.40,50549640,N,,,,2461200.5,245.62,0.0055
"       (2010 UJ)",0.9404,0.0989,0.35,127.14,77.23,0.847,1.03,0.912,1,9,12,,,26.20,50549662,N,,,,2455487.5,181.47,0.0038
"       (2010 UK)",0.8663,0.2184,4.93,203.32,36.65,0.677,1.06,0.806,15,6,79,,,26.80,50549663,N,,,,2461200.5,271.28,0.00133
"       (2010 UJ7)",0.796,0.3172,13.23,219.39,331.56,0.543,1.05,0.71,4,6,59,,,25.40,50550096,N,,,,2461200.5,218.59,0.000134
"       (2010 UY7)",0.8962,0.1496,0.45,40.40,210.13,0.762,1.03,0.848,9,6,65,,,28.42,50550112,N,,,,2461200.5,270.64,0.000914
"       (2010 VB)",0.923,0.3320,5.09,39.92,128.57,0.617,1.23,0.887,13,5,100,,,25.60,50550140,N,,,,2461200.5,117.52,0.0112
"       (2010 VQ)",0.8611,0.1974,0.35,27.49,199.24,0.691,1.03,0.799,4411,2,61,,,27.72,50550162,N,,,,2461200.5,356.82,0.00103
"       (2010 VP21)",0.718,0.5344,8.70,39.00,195.75,0.334,1.10,0.608,5143,1,141,,,23.39,50550631,N,,,,2461200.5,17.99,0.0227
"       (2010 VD139)",0.8443,0.2390,3.84,57.42,155.68,0.643,1.05,0.776,12,8,29,,,26.20,50551429,N,,,,2455515.5,210.87,0.0128
"       (2010 VK139)",0.7799,0.2821,26.96,233.34,8.33,0.560,1.00,0.689,4022,0,96,1,0,23.71,50551498,N,0.055,0.196,0.01,2461200.5,28.75,0.00624
"       (2010 VX139)",0.9646,0.1637,21.24,242.49,33.41,0.807,1.12,0.947,1490,2,81,,,20.50,50551546,N,,,,2461200.5,287.34,0.0941
"       (2010 WC)",0.8184,0.3427,7.40,57.47,143.54,0.538,1.10,0.74,5121,0,60,2,2,25.50,50552187,N,,,,2461200.5,279.65,0.00364
"       (2010 WS)",0.9291,0.3133,4.54,60.65,233.28,0.638,1.22,0.896,14,6,41,,,24.90,50552546,N,,,,2461200.5,216.42,0.00982
"       (2010 WD1)",0.8765,0.2583,1.83,63.57,222.21,0.650,1.10,0.821,1,8,12,,,26.50,50552554,N,,,,2455527.5,114.21,0.00324
"       (2010 WU8)",0.961,0.1863,2.80,260.36,340.66,0.782,1.14,0.942,14,6,23,,,24.20,50552677,N,,,,2461200.5,7.22,0.0378
"       (2010 XF3)",0.9522,0.1119,6.02,77.09,140.26,0.846,1.06,0.929,4764,0,176,,,24.44,50552800,N,,,,2461200.5,114.68,0.0341
"       (2010 XU10)",0.9457,0.0596,4.54,66.53,169.02,0.889,1.00,0.92,3,6,21,,,27.40,50553084,N,,,,2461200.5,151.77,0.0139
"       (2010 XA11)",0.9028,0.3716,4.54,66.21,239.96,0.567,1.24,0.858,5,6,34,,,26.10,50553085,N,,,,2461200.5,76.93,0.00614
"       (2010 XQ69)",0.8755,0.4504,1.10,177.39,105.02,0.481,1.27,0.819,5164,0,65,,,23.33,50554010,N,,,,2461200.5,93.16,0.00825
"       (2010 XR69)",0.8413,0.5168,0.92,68.96,234.79,0.406,1.28,0.772,2,7,15,,,25.40,50554011,N,,,,2461200.5,109.37,0.00313
"       (2010 XX72)",0.9032,0.2836,4.47,278.83,334.50,0.647,1.16,0.858,4394,0,139,,,22.06,50554034,N,,,,2461200.5,199.80,0.0386
"       (2010 YO)",0.733,0.4393,24.05,94.03,203.95,0.411,1.06,0.628,6,7,26,,,24.60,50554462,N,,,,2461200.5,352.17,0.00369
"       (2010 YR)",0.9694,0.1996,17.15,275.46,290.66,0.776,1.16,0.954,4,7,54,,,23.93,50554663,N,,,,2461200.5,336.17,0.0145
"       (2011 AB3)",0.9672,0.1824,7.26,105.64,138.38,0.791,1.14,0.951,22,5,44,,,23.50,50555038,N,,,,2461200.5,311.54,0.0575
"       (2011 AC3)",0.9868,0.4977,23.28,284.74,307.83,0.496,1.48,0.98,364,1,107,,,22.40,50555039,N,,,,2461200.5,191.62,0.047
"       (2011 AE3)",0.9818,0.1556,8.57,282.90,79.83,0.829,1.13,0.973,,9,16,,,26.85,50555066,N,,,,2455565.5,82.19,0.00122
"       (2011 AX22)",0.9666,0.3368,0.68,58.01,291.03,0.641,1.29,0.95,406,3,66,,,24.70,50555175,N,,,,2461200.5,158.93,0.00114
"       (2011 BQ50)",0.9506,0.0974,0.36,280.26,2.37,0.858,1.04,0.927,12,6,23,,,28.00,50556150,N,,,,2461200.5,58.75,0.00523
"       (2011 CQ1)",0.8372,0.2046,5.28,314.93,335.32,0.666,1.01,0.766,,6,35,,,32.10,50556229,N,,,,2461200.5,233.45,0.000248
"       (2011 CH22)",0.8574,0.2328,0.27,326.45,28.33,0.658,1.06,0.794,,9,20,,,27.28,50557353,N,,,,2455600.5,125.80,0.000986
"       (2011 CK50)",0.877,0.3225,4.12,133.33,176.84,0.594,1.16,0.821,5140,0,43,,,24.12,50557558,N,,,,2461200.5,83.21,0.051
"       (2011 CL50)",0.8802,0.1475,0.19,354.49,309.50,0.750,1.01,0.826,3628,0,131,,,27.30,50557559,N,,,,2461200.5,348.53,0.00119
"       (2011 CD66)",0.6996,0.4371,6.68,326.26,359.10,0.394,1.01,0.585,1,8,23,,,26.90,50557566,N,,,,2455606.5,178.08,0.0161
"       (2011 DP)",0.7983,0.5847,24.14,153.06,197.06,0.332,1.27,0.713,5483,2,43,,,22.71,50557849,N,,,,2461200.5,287.75,0.12
"       (2011 DV)",0.9571,0.0495,10.59,35.03,350.45,0.910,1.00,0.936,5485,0,166,,,20.79,50557866,Y,,,,2461200.5,253.13,0.00204
"       (2011 DW)",0.8398,0.2753,25.08,159.52,152.56,0.609,1.07,0.77,3664,0,205,,,22.70,50557867,N,,,,2461200.5,172.05,0.0335
"       (2011 EK)",0.8977,0.1649,8.72,155.28,178.45,0.750,1.05,0.851,4021,0,74,,,22.47,50558301,N,,,,2461200.5,186.25,0.0555
"       (2011 EX4)",0.8556,0.2736,3.03,152.67,219.32,0.622,1.09,0.791,1508,1,82,,,24.60,50558395,N,,,,2461200.5,233.80,0.00359
"       (2011 EB12)",0.9821,0.2284,30.46,346.30,355.36,0.758,1.21,0.973,737,2,90,,,21.30,50558403,N,,,,2461200.5,64.59,0.212
"       (2011 EH17)",0.7307,0.6599,2.99,332.99,36.04,0.248,1.21,0.625,5476,0,71,,,24.82,50558411,N,,,,2461200.5,251.40,0.00741
"       (2011 EE41)",0.927,0.1779,10.36,4.74,350.21,0.762,1.09,0.893,4,7,21,,,24.30,50559764,N,,,,2461200.5,196.84,0.0842
"       (2011 EK47)",0.9115,0.2787,10.83,334.76,44.00,0.657,1.17,0.87,3,7,15,,,24.30,50559805,N,,,,2461200.5,315.50,0.037
"       (2011 EP51)",0.8292,0.3075,3.43,159.40,170.34,0.574,1.08,0.755,3240,0,318,,,25.20,50559866,N,,,,2461200.5,292.96,0.0263
"       (2011 EB74)",0.9328,0.1761,10.57,356.00,300.85,0.769,1.10,0.901,,9,17,,,26.90,50559931,N,,,,2455635.5,255.20,0.000852
"       (2011 ER74)",0.8388,0.2493,12.43,169.44,164.99,0.630,1.05,0.768,1,8,13,,,24.20,50559932,N,,,,2455635.5,209.10,0.038
"       (2011 FK1)",0.9257,0.2232,13.07,359.64,330.64,0.719,1.13,0.891,19,6,39,,,23.70,50560077,N,,,,2461200.5,268.57,0.0751
"       (2011 FQ6)",0.9799,0.3516,5.16,182.99,246.50,0.635,1.32,0.97,3,6,24,,,27.70,50560102,N,,,,2461200.5,318.05,0.000577
"       (2011 GE3)",0.8145,0.2925,6.24,13.19,21.26,0.576,1.05,0.735,4024,1,54,,,25.88,50561052,N,,,,2461200.5,27.75,0.0143
"       (2011 GF3)",0.832,0.5479,15.95,183.62,178.24,0.376,1.29,0.759,4769,2,29,,,22.42,50561054,N,,,,2461200.5,192.91,0.164
"       (2011 GK44)",0.8638,0.1983,15.29,18.56,344.83,0.693,1.04,0.803,5,7,44,,,25.60,50562343,N,,,,2461200.5,166.74,0.024
"       (2011 GL44)",0.8962,0.5264,20.13,38.75,335.02,0.424,1.37,0.848,4809,0,125,,,20.66,50562344,N,,,,2461200.5,144.79,0.117
"       (2011 GP44)",0.7901,0.4187,7.68,201.62,193.32,0.459,1.12,0.702,8,7,39,,,24.40,50562347,N,,,,2461200.5,359.16,0.0451
"       (2011 GP59)",0.869,0.2578,8.51,24.31,319.29,0.645,1.09,0.81,1392,1,225,,,24.30,50562853,N,,,,2461200.5,136.43,0.00307
"       (2011 GC62)",0.9705,0.1883,18.54,202.49,118.63,0.788,1.15,0.956,10,7,28,,,23.60,50563300,N,,,,2461200.5,206.78,0.0225
"       (2011 HR4)",0.9137,0.2248,8.13,47.38,349.85,0.708,1.12,0.873,1,9,11,,,24.55,50564044,N,,,,2455678.5,177.01,0.0787
"       (2011 HN5)",0.9182,0.2442,3.99,223.12,201.67,0.694,1.14,0.88,5535,1,50,,,25.10,50564062,N,,,,2461200.5,203.02,0.0385
"       (2011 JM5)",0.8733,0.2824,1.55,52.09,32.28,0.627,1.12,0.816,7,6,53,,,26.30,50565089,N,,,,2461200.5,290.03,0.00559
"       (2011 KB)",0.8442,0.3636,4.80,233.57,216.58,0.537,1.15,0.776,11,7,37,,,25.10,50566383,N,,,,2461200.5,265.83,0.00642
"       (2011 KY15)",0.6487,0.6030,16.87,242.95,185.77,0.258,1.04,0.522,6,8,29,,,24.42,50566722,N,,,,2455710.5,170.63,0.0167
"       (2011 OB)",0.904,0.5241,27.74,106.22,48.91,0.430,1.38,0.859,11582,0,89,,,19.31,50572729,Y,,,,2461200.5,194.03,0.0103
"       (2011 OB57)",0.9507,0.2422,4.91,296.03,223.73,0.720,1.18,0.927,28,5,12,,,26.00,50576752,N,,,,2461200.5,134.16,0.0236
"       (2011 SM5)",0.9367,0.3655,25.02,352.41,184.89,0.594,1.28,0.907,3663,2,33,,,23.17,50578647,N,,,,2461200.5,260.35,0.258
"       (2011 TO)",0.9267,0.2799,2.24,185.11,57.61,0.667,1.19,0.892,469,4,44,,,26.58,50580987,N,,,,2461200.5,266.02,0.000319
"       (2011 TK5)",0.8534,0.4341,12.60,185.99,349.00,0.483,1.22,0.788,4013,1,68,,,22.91,50581579,N,,,,2461200.5,76.34,0.116
"       (2011 TX8)",0.9096,0.7085,5.98,207.82,313.37,0.265,1.55,0.867,4748,0,95,,,22.00,50581692,Y,,,,2461200.5,248.81,0.0127
"       (2011 UD21)",0.9787,0.0304,1.06,22.34,209.94,0.949,1.01,0.968,37,4,89,,,28.50,50582168,N,,,,2461200.5,193.93,0.00309
"       (2011 UG21)",0.9369,0.5471,14.57,86.55,82.47,0.424,1.45,0.907,4000,0,93,,,19.37,50582255,N,,,,2461200.5,295.34,0.129
"       (2011 UJ21)",0.9719,0.2746,27.74,30.21,117.76,0.705,1.24,0.958,9,8,30,,,23.80,50582259,N,,,,2455857.5,273.62,0.0307
"       (2011 WA)",0.8446,0.2857,30.38,51.50,206.11,0.603,1.09,0.776,5116,0,279,,,21.68,50587895,Y,,,,2461200.5,47.83,0.05
"       (2011 WR41)",0.8117,0.3457,5.22,256.93,350.23,0.531,1.09,0.731,13,7,22,,,25.12,50589158,N,,,,2461200.5,132.27,0.0406
"       (2011 WS74)",0.9763,0.3530,13.69,67.47,118.21,0.632,1.32,0.965,11,4,92,3,2,23.90,50589614,N,,,,2461200.5,312.66,0.021
"       (2011 YW10)",0.8648,0.4431,2.93,86.12,218.32,0.482,1.25,0.804,4811,0,59,,,24.64,50591664,N,,,,2461200.5,101.64,0.00862
"       (2011 YD29)",0.766,0.3088,6.97,281.57,5.55,0.529,1.00,0.67,3,7,25,,,26.30,50591777,N,,,,2461200.5,13.00,0.0153
"       (2012 AN10)",0.9093,0.3982,14.13,297.43,303.41,0.547,1.27,0.867,4744,1,88,,,22.63,50592329,N,,,,2461200.5,130.60,0.00197
"       (2012 AP10)",0.889,0.1383,2.73,101.56,212.16,0.766,1.01,0.838,1838,1,68,,,26.50,50592331,N,,,,2461200.5,213.68,0.00195
"       (2012 BN1)",0.9012,0.1856,4.17,296.34,24.18,0.734,1.07,0.856,4397,0,56,,,25.52,50595942,N,,,,2461200.5,74.22,0.0306
"       (2012 BT1)",0.783,0.3070,4.35,117.64,193.71,0.543,1.02,0.693,1,8,20,,,27.40,50595947,N,,,,2455945.5,156.15,0.0131
"       (2012 BV13)",0.9442,0.1007,12.22,295.41,305.16,0.849,1.04,0.918,4031,0,240,,,22.29,50596053,N,,,,2461200.5,134.68,0.00765
"       (2012 BK14)",0.9808,0.1881,1.48,118.76,253.96,0.796,1.17,0.971,,9,11,,,27.55,50596066,N,,,,2455947.5,86.45,0.00188
"       (2012 BX34)",0.7603,0.3582,10.53,306.67,335.98,0.488,1.03,0.663,2,3,129,0,1,27.60,50596285,N,,,,2461200.5,98.42,0.000223
"       (2012 BL77)",0.943,0.5079,20.70,124.37,146.62,0.464,1.42,0.916,23,7,19,,,23.30,50596705,N,,,,2461200.5,150.11,0.115
"       (2012 BO77)",0.9442,0.5611,12.37,306.14,327.31,0.414,1.47,0.917,4018,1,89,,,22.30,50596708,N,,,,2461200.5,145.36,0.068
"       (2012 BF86)",0.756,0.4361,6.02,117.51,196.46,0.426,1.09,0.657,2218,1,62,,,22.69,50596865,N,,,,2461200.5,98.02,0.0233
"       (2012 CM2)",0.9874,0.2171,5.83,337.86,28.99,0.773,1.20,0.981,1,8,17,,,24.80,50597531,N,,,,2455960.5,104.13,0.0733
"       (2012 DK4)",0.8918,0.1817,4.10,168.15,148.80,0.730,1.05,0.842,37,7,63,,,23.60,50599505,N,,,,2461200.5,193.55,0.0127
"       (2012 DO8)",0.948,0.2470,8.75,347.23,357.11,0.714,1.18,0.923,4043,1,109,,,22.34,50599564,N,,,,2461200.5,359.60,0.126
"       (2012 DQ8)",0.9599,0.1480,29.78,342.75,0.05,0.818,1.10,0.94,5125,1,150,,,21.28,50599566,N,,,,2461200.5,242.55,0.111
"       (2012 DK31)",0.6938,0.5767,11.17,165.17,149.29,0.294,1.09,0.578,3983,1,151,,,22.00,50599889,Y,,,,2461200.5,132.17,0.025
"       (2012 DL31)",0.9575,0.2233,9.51,159.73,200.19,0.744,1.17,0.937,5099,0,98,,,22.71,50599890,N,,,,2461200.5,227.18,0.112
"       (2012 DR32)",0.8866,0.4857,17.20,340.98,312.01,0.456,1.32,0.835,3653,0,123,3,1,24.80,50599895,N,,,,2461200.5,319.26,0.0061
"       (2012 DH54)",0.937,0.1464,3.30,161.79,131.67,0.800,1.07,0.907,14,2,36,1,1,27.50,50600128,N,,,,2461200.5,150.85,0.00919
"       (2012 EO3)",0.7804,0.3564,29.53,345.48,352.24,0.502,1.06,0.689,11,6,77,,,22.98,50600586,N,,,,2461200.5,77.68,0.0602
"       (2012 EP3)",0.9339,0.4032,6.57,148.43,141.90,0.557,1.31,0.903,1,7,19,,,25.50,50600587,N,,,,2461200.5,212.25,0.0382
"       (2012 EH5)",0.9806,0.1273,15.60,356.49,5.15,0.856,1.11,0.971,18,6,26,,,24.50,50601299,N,,,,2461200.5,47.87,0.11
"       (2012 FK15)",0.9912,0.0665,24.36,0.59,327.31,0.925,1.06,0.987,1,8,20,,,26.50,50601597,N,,,,2456009.5,218.73,0.0487
"       (2012 FT35)",0.8338,0.2040,5.13,184.98,169.50,0.664,1.00,0.761,4,6,36,,,29.20,50601696,N,,,,2461200.5,70.71,0.0019
"       (2012 FC71)",0.9877,0.0881,4.94,38.11,348.45,0.901,1.07,0.982,21,5,34,,,25.20,50602180,N,,,,2461200.5,323.88,0.0565
"       (2012 HP13)",0.9864,0.1761,23.02,37.07,286.53,0.813,1.16,0.98,744,1,199,,,24.20,50602862,N,,,,2461200.5,60.25,6.72e-05
"       (2012 HL31)",0.8876,0.3740,19.81,37.48,17.55,0.556,1.22,0.836,3652,0,92,,,22.43,50603151,N,,,,2461200.5,102.18,0.145
"       (2012 KF25)",0.9877,0.0497,16.94,64.85,336.59,0.939,1.04,0.982,3,6,46,,,25.30,50605029,N,,,,2461200.5,311.66,0.0193
"       (2012 LA11)",0.9864,0.0962,5.13,260.39,241.84,0.891,1.08,0.98,441,3,83,,,26.10,50605768,N,,,,2461200.5,205.90,0.00617
"       (2012 MX2)",0.8226,0.4851,5.30,266.10,205.05,0.424,1.22,0.746,4422,1,47,,,23.38,50605881,N,,,,2461200.5,36.80,0.0215
"       (2012 MO3)",0.9381,0.4667,13.43,220.07,280.08,0.500,1.38,0.909,4101,0,95,,,20.89,50605908,N,,,,2461200.5,253.03,0.0875
"       (2012 MD7)",0.9771,0.1088,3.76,266.11,135.47,0.871,1.08,0.966,1,7,10,,,24.10,50605967,N,,,,2461200.5,42.41,0.0173
"       (2012 PZ17)",0.8926,0.1440,5.39,139.42,7.69,0.764,1.02,0.843,7,6,82,,,26.73,50607527,N,,,,2461200.5,299.17,0.00547
"       (2012 PY19)",0.8728,0.2004,1.36,318.10,172.12,0.698,1.05,0.815,3,6,17,,,27.50,50607550,N,,,,2461200.5,174.40,0.00974
"       (2012 QH8)",0.9189,0.3669,19.41,140.94,356.45,0.582,1.26,0.881,5058,0,94,,,21.45,50607765,N,,,,2461200.5,85.43,0.225
"       (2012 QL14)",0.7736,0.5410,15.32,329.71,194.27,0.355,1.19,0.68,24,7,19,,,24.48,50607846,N,,,,2461200.5,235.45,0.0727
"       (2012 RL15)",0.8766,0.2939,26.50,172.97,334.10,0.619,1.13,0.821,8,7,50,,,24.30,50608645,N,,,,2461200.5,126.75,0.0767
"       (2012 RT16)",0.9341,0.2953,10.40,172.06,54.46,0.658,1.21,0.903,2,6,27,,,26.90,50608690,N,,,,2461200.5,168.41,0.0116
"       (2012 SU9)",0.9295,0.3599,0.49,323.34,264.36,0.595,1.26,0.896,5,7,39,,,27.20,50608846,N,,,,2461200.5,200.56,0.00401
"       (2012 SX49)",0.951,0.1160,3.95,353.04,212.01,0.841,1.06,0.927,2,7,35,,,26.20,50609186,N,,,,2461200.5,88.47,0.02
"       (2012 TR231)",0.8389,0.2911,33.44,199.89,347.37,0.595,1.08,0.768,5,7,46,,,23.90,50611425,N,,,,2461200.5,117.81,0.0733
"       (2012 UC)",0.9299,0.3269,8.33,20.42,128.51,0.626,1.23,0.897,6,6,42,,,25.00,50611423,N,,,,2461200.5,343.40,0.0184
"       (2012 UU68)",0.941,0.2287,5.45,220.89,293.02,0.726,1.16,0.913,3664,0,112,,,23.07,50613412,N,,,,2461200.5,245.90,0.00542
"       (2012 UK171)",0.8587,0.2230,1.29,248.86,359.87,0.667,1.05,0.796,4446,0,286,,,24.46,50615486,N,,,,2461200.5,159.67,0.0133
"       (2012 VK5)",0.9383,0.2281,4.78,41.94,152.53,0.724,1.15,0.909,3674,1,43,,,24.72,50616373,N,,,,2461200.5,210.04,0.048
"       (2012 VZ19)",0.9824,0.2541,1.25,57.96,221.43,0.733,1.23,0.974,2,8,14,,,25.60,50616841,N,,,,2456236.5,93.87,0.0111
"       (2012 VC26)",0.9489,0.1951,1.48,42.63,120.11,0.764,1.13,0.924,4,5,28,,,28.70,50617099,N,,,,2461200.5,133.41,0.00288
"       (2012 VS76)",0.991,0.3862,0.81,241.97,284.83,0.608,1.37,0.987,3,6,61,,,27.00,50617736,N,,,,2461200.5,199.43,0.00192
"       (2012 VJ77)",0.8928,0.3465,29.94,51.50,221.06,0.583,1.20,0.844,28,7,47,,,23.00,50617982,N,,,,2461200.5,139.68,0.0607
"       (2012 WH)",0.9067,0.1451,4.09,235.07,8.86,0.775,1.04,0.863,27,7,46,,,25.50,50618089,N,,,,2461200.5,56.93,0.0331
"       (2012 WH1)",0.8166,0.3361,4.60,63.82,147.55,0.542,1.09,0.738,13,3,97,1,1,24.21,50618319,N,,,,2461200.5,350.79,0.0071
"       (2012 WQ10)",0.9416,0.1977,17.80,59.78,191.35,0.755,1.13,0.914,4035,1,52,,,22.68,50618515,N,,,,2461200.5,93.05,0.13
"       (2012 XL16)",0.9844,0.1784,3.15,258.75,59.09,0.809,1.16,0.977,10,6,31,,,25.50,50619484,N,,,,2461200.5,31.31,0.0175
"       (2012 XN55)",0.7486,0.4540,29.08,256.27,15.00,0.409,1.09,0.648,4018,2,68,,,23.87,50619755,N,,,,2461200.5,89.10,0.0651
"       (2012 XS111)",0.7733,0.4996,7.62,62.14,192.06,0.387,1.16,0.68,4758,0,123,,,22.12,50620693,N,,,,2461200.5,133.83,0.0473
"       (2012 XE133)",0.7231,0.4326,6.73,281.01,337.11,0.410,1.04,0.615,2946,0,180,,,23.30,50620890,N,,,,2461200.5,165.54,0.00251
"       (2012 XO134)",0.9756,0.3782,1.42,124.17,199.50,0.607,1.34,0.964,2311,1,113,,,24.00,50621046,N,,,,2461200.5,74.40,0.0177
"       (2012 XM145)",0.8768,0.1965,26.21,249.42,345.14,0.705,1.05,0.821,5093,0,82,,,20.40,50621591,N,,,,2461200.5,353.60,0.0537
"       (2012 YK)",0.7588,0.3841,11.27,88.59,165.55,0.467,1.05,0.661,1463,0,154,,,23.00,50621627,N,,,,2461200.5,331.62,0.033
"       (2012 YD7)",0.8793,0.2184,2.54,72.76,201.83,0.687,1.07,0.825,27,6,31,,,24.30,50621831,N,,,,2461200.5,285.14,0.0168
"       (2013 AF53)",0.9926,0.1945,12.94,107.28,105.99,0.800,1.19,0.989,3,7,26,,,26.50,50623705,N,,,,2461200.5,118.26,0.019
"       (2013 AF69)",0.9865,0.4094,28.54,116.51,220.48,0.583,1.39,0.98,7,8,38,,,22.48,50624021,N,,,,2456307.5,96.80,0.151
"       (2013 AT72)",0.6783,0.5356,15.02,118.14,167.81,0.315,1.04,0.559,1825,1,70,,,24.20,50624082,N,,,,2461200.5,201.71,0.0214
"       (2013 AH76)",0.985,0.5465,4.55,347.19,353.77,0.447,1.52,0.978,6,8,20,,,22.88,50624099,N,,,,2456309.5,73.77,0.06
"       (2013 BT18)",0.7731,0.5648,1.85,161.69,117.43,0.336,1.21,0.68,2155,2,93,,,23.40,50624779,N,,,,2461200.5,126.09,0.0149
"       (2013 BS45)",0.9915,0.0837,0.77,83.41,150.74,0.908,1.07,0.987,375,0,98,3,3,25.90,50625152,N,,,,2461200.5,89.52,0.0114
"       (2013 CW32)",0.9047,0.3783,26.06,132.07,228.85,0.562,1.25,0.86,4375,0,189,3,0,22.09,50626052,N,,,,2461200.5,286.52,0.0351
"       (2013 CN118)",0.9304,0.3264,3.22,143.66,232.69,0.627,1.23,0.897,1,8,20,,,25.47,50626758,N,,,,2456338.5,93.46,0.00814
"       (2013 CN129)",0.9557,0.4011,34.59,148.97,199.39,0.572,1.34,0.934,9447,1,57,,,21.35,50627035,N,,,,2461200.5,230.83,0.266
"       (2013 DF)",0.8646,0.4425,4.20,329.57,322.01,0.482,1.25,0.804,3,6,30,,,24.60,50627082,N,,,,2461200.5,95.19,0.0121
"       (2013 DL1)",0.8392,0.7202,26.48,141.98,185.79,0.235,1.44,0.769,4728,1,76,,,21.24,50627138,N,,,,2461200.5,258.04,0.207
"       (2013 ES41)",0.7422,0.3974,10.34,353.73,341.69,0.447,1.04,0.639,2,8,22,,,26.63,50632016,N,,,,2456363.5,213.12,0.00583
"       (2013 FZ7)",0.9214,0.4032,8.62,8.15,321.33,0.550,1.29,0.884,2536,2,105,,,22.90,50633073,N,,,,2461200.5,228.45,0.0408
"       (2013 FD8)",0.9896,0.2408,10.91,1.56,294.00,0.751,1.23,0.984,11,7,25,,,25.70,50633077,N,,,,2461200.5,63.73,0.0216
"       (2013 FM9)",0.8072,0.3134,14.90,177.27,192.41,0.554,1.06,0.725,9,8,25,,,23.80,50633150,N,,,,2456372.5,158.50,0.05
"       (2013 FQ10)",0.9346,0.1927,16.86,189.84,180.14,0.754,1.11,0.904,3301,1,119,,,22.52,50633162,N,,,,2461200.5,34.25,0.116
"       (2013 GM3)",0.8207,0.2993,0.09,30.42,322.16,0.575,1.07,0.744,12,7,61,,,26.30,50634177,N,,,,2461200.5,307.41,0.000118
"       (2013 GO3)",0.9812,0.4206,20.84,193.21,144.63,0.569,1.39,0.972,7,8,21,,,23.00,50634179,N,,,,2456389.5,253.59,0.136
"       (2013 GF23)",0.8572,0.3214,27.80,197.71,204.40,0.582,1.13,0.794,6,7,35,,,23.70,50634298,N,,,,2461200.5,349.95,0.0793
"       (2013 GT66)",0.8501,0.3233,14.60,21.28,321.91,0.575,1.12,0.784,2,6,32,,,25.20,50634637,N,,,,2461200.5,167.69,0.0126
"       (2013 HM11)",0.8949,0.3699,29.00,32.01,333.39,0.564,1.23,0.847,4029,0,64,,,23.21,50635096,N,,,,2461200.5,54.67,0.126
"       (2013 JK14)",0.9215,0.4641,4.87,55.66,313.06,0.494,1.35,0.885,8,7,20,,,25.18,50638309,N,,,,2461200.5,189.03,0.00757
"       (2013 JL14)",0.9203,0.4312,14.79,227.12,136.46,0.523,1.32,0.883,7,7,27,,,24.50,50638310,N,,,,2461200.5,205.10,0.038
"       (2013 KT1)",0.9231,0.1643,8.11,58.74,317.73,0.771,1.07,0.887,2,5,111,,,26.60,50638600,N,,,,2461200.5,135.17,0.00771
"       (2013 KH6)",0.9226,0.1610,15.55,246.25,195.47,0.774,1.07,0.886,2958,0,87,,,23.51,50639444,N,,,,2461200.5,54.88,0.0498
"       (2013 KJ6)",0.8236,0.2444,20.41,212.19,235.69,0.622,1.02,0.747,4441,0,210,,,19.77,50639459,N,,,,2461200.5,297.73,0.0928
"       (2013 LC1)",0.9689,0.3263,5.32,79.83,47.57,0.653,1.29,0.954,424,3,51,,,23.90,50639490,N,,,,2461200.5,334.01,0.025
"       (2013 MR)",0.8736,0.4909,20.24,266.83,207.41,0.445,1.30,0.817,4745,0,78,,,21.62,50644110,N,,,,2461200.5,89.17,0.092
"       (2013 MD6)",0.8536,0.4338,28.30,91.93,1.63,0.483,1.22,0.789,8038,0,79,,,21.79,50644198,N,,,,2461200.5,324.20,0.206
"       (2013 NV)",0.9585,0.5112,29.29,275.58,227.81,0.469,1.45,0.938,12872,0,208,,,20.15,50644725,Y,,,,2461200.5,352.33,0.039
"       (2013 NG10)",0.9536,0.3367,20.73,111.14,316.56,0.632,1.27,0.931,6,7,17,,,22.70,50644837,N,,,,2461200.5,189.90,0.0744
"       (2013 ND15)",0.7237,0.6118,4.80,95.80,19.78,0.281,1.17,0.616,26,7,20,,,24.10,50645065,N,,,,2461200.5,163.69,0.00762
"       (2013 NC24)",0.9785,0.2692,10.15,109.36,307.67,0.715,1.24,0.968,8,8,8,,,25.30,50645214,N,,,,2456484.5,260.32,0.0379
"       (2013 OY3)",0.8343,0.3441,2.31,107.17,45.81,0.547,1.12,0.762,9,7,42,,,24.78,50645216,N,,,,2461200.5,83.37,0.00654
"       (2013 QN10)",0.9617,0.5122,6.04,177.39,24.32,0.469,1.45,0.943,1564,1,75,,,22.20,50646671,N,,,,2461200.5,282.17,0.0528
"       (2013 RO5)",0.7573,0.3609,10.08,339.56,176.03,0.484,1.03,0.659,6,7,91,,,24.80,50647039,N,,,,2461200.5,318.10,0.0194
"       (2013 RD6)",0.9145,0.2053,17.17,338.61,176.89,0.727,1.10,0.875,25,6,42,,,24.80,50647046,N,,,,2461200.5,50.61,0.0921
"       (2013 RG74)",0.6931,0.7016,6.48,359.23,157.73,0.207,1.18,0.577,8,7,54,,,23.35,50648229,N,,,,2461200.5,263.60,9.09e-05
"       (2013 ST)",0.8725,0.2235,10.84,182.51,24.59,0.677,1.07,0.815,19,6,114,,,24.70,50648492,N,,,,2461200.5,349.78,0.0293
"       (2013 SM20)",0.8466,0.2708,3.97,341.24,182.95,0.617,1.08,0.779,2553,0,80,,,25.10,50648665,N,,,,2461200.5,322.26,0.0337
"       (2013 SN24)",0.8333,0.2585,10.09,189.43,353.67,0.618,1.05,0.761,7,7,45,,,25.00,50648734,N,,,,2461200.5,70.69,0.0444
"       (2013 TH4)",0.8888,0.4235,28.02,188.45,2.42,0.512,1.27,0.838,8,7,24,,,23.15,50648790,N,,,,2461200.5,223.96,0.256
"       (2013 TK4)",0.936,0.2478,7.02,204.01,23.74,0.704,1.17,0.906,3693,1,27,,,23.98,50648792,N,,,,2461200.5,131.44,0.0666
"       (2013 TR5)",0.9314,0.1274,46.70,344.88,277.76,0.813,1.05,0.899,4111,0,122,,,19.22,50648888,N,,,,2461200.5,126.40,0.0584
"       (2013 TB6)",0.7855,0.4834,14.35,22.56,201.91,0.406,1.17,0.696,2603,0,85,,,22.60,50648896,N,,,,2461200.5,187.46,0.048
"       (2013 TG6)",0.9408,0.1231,3.46,12.94,222.44,0.825,1.06,0.913,3666,0,121,,,26.58,50648901,N,,,,2461200.5,100.81,0.00874
"       (2013 TN127)",0.9349,0.0968,13.46,198.74,2.29,0.844,1.03,0.904,3,5,31,,,26.20,50650870,N,,,,2461200.5,176.91,0.0266
"       (2013 TG135)",0.7062,0.4972,9.53,193.10,351.88,0.355,1.06,0.593,2,8,29,,,25.20,50651184,N,,,,2456578.5,216.45,0.0304
"       (2013 UB)",0.8476,0.3148,3.22,209.36,314.55,0.581,1.11,0.78,5,3,79,2,2,26.60,50651228,N,,,,2461200.5,327.05,0.00332
"       (2013 UG1)",0.7976,0.4833,10.70,24.44,216.55,0.412,1.18,0.712,3666,0,279,0,1,22.59,50653008,N,,,,2461200.5,0.85,0.000763
"       (2013 US1)",0.8909,0.2389,2.12,207.09,17.61,0.678,1.10,0.841,10,7,30,,,25.60,50653070,N,,,,2461200.5,165.24,0.0179
"       (2013 UB3)",0.8836,0.1980,4.79,213.28,351.69,0.709,1.06,0.831,1848,1,39,,,25.80,50653089,N,,,,2461200.5,253.72,0.045
"       (2013 UR5)",0.8592,0.2551,15.25,29.87,207.27,0.640,1.08,0.796,4399,1,111,,,23.06,50653282,N,,,,2461200.5,79.92,0.0358
"       (2013 VV13)",0.7305,0.4244,2.20,287.22,299.67,0.420,1.04,0.624,1,9,19,,,24.10,50653723,N,,,,2456608.5,180.75,0.0231
"       (2013 XF4)",0.9116,0.4295,5.77,65.79,231.94,0.520,1.30,0.87,7,8,17,,,26.00,50654365,N,,,,2456632.5,90.16,0.005
"       (2013 XH28)",0.7925,0.3069,19.47,78.10,206.57,0.549,1.04,0.706,0,9,14,,,30.74,54511966,,,,,2460600.5,271.22,
"       (2013 YG)",0.9764,0.0782,7.13,272.46,50.44,0.900,1.05,0.965,12,5,46,,,25.40,50655388,N,,,,2461200.5,90.80,0.0324
"       (2013 YM2)",0.8801,0.1551,3.22,91.40,162.07,0.744,1.02,0.826,1841,1,59,,,25.70,50655418,N,,,,2461200.5,210.15,0.0145
"       (2013 YK70)",0.9473,0.6818,23.09,269.70,26.92,0.301,1.59,0.922,4392,0,109,,,21.24,50655588,N,,,,2461200.5,261.00,0.111
"       (2013 YW102)",0.8817,0.4058,12.34,93.80,217.07,0.524,1.24,0.828,4,7,21,,,23.60,50655761,N,,,,2461200.5,128.09,0.0478
"       (2014 AE29)",0.9074,0.1579,4.86,102.94,138.10,0.764,1.05,0.864,4,6,26,,,27.40,50655784,N,,,,2461200.5,12.67,0.0106
"       (2014 BA3)",0.9419,0.0733,2.28,297.95,335.21,0.873,1.01,0.914,8,5,70,,,28.32,50656815,N,,,,2461200.5,62.07,0.0125
"       (2014 BT8)",0.9848,0.0930,12.54,121.59,264.16,0.893,1.08,0.977,6,6,57,,,25.00,50656949,N,,,,2461200.5,322.53,0.00124
"       (2014 BG25)",0.8975,0.2458,9.91,124.54,218.56,0.677,1.12,0.85,11,6,27,,,25.30,50656952,N,,,,2461200.5,320.10,0.0378
"       (2014 BW32)",0.8203,0.2891,0.94,124.11,155.93,0.583,1.06,0.743,12,6,114,,,26.60,50659824,N,,,,2461200.5,99.55,0.003
"       (2014 BA33)",0.945,0.3436,39.41,122.48,154.11,0.620,1.27,0.919,4379,1,56,,,21.84,50659827,N,,,,2461200.5,36.05,0.204
"       (2014 BU43)",0.7416,0.4062,6.78,312.69,341.16,0.440,1.04,0.639,5,7,22,,,26.60,50660085,N,,,,2461200.5,337.61,0.00898
"       (2014 CA13)",0.9187,0.2512,21.95,138.25,129.78,0.688,1.15,0.881,2,7,34,,,25.50,50661481,N,,,,2461200.5,255.62,0.0329
"       (2014 CE13)",0.8513,0.5716,5.47,334.75,312.75,0.365,1.34,0.785,4027,1,76,,,24.09,50661517,N,,,,2461200.5,159.41,0.00741
"       (2014 DE)",0.9193,0.3350,19.11,146.47,197.61,0.611,1.23,0.881,1,8,15,,,23.50,50662190,N,,,,2456707.5,152.15,0.172
"       (2014 DH)",0.9864,0.3616,1.25,109.23,283.96,0.630,1.34,0.98,14,7,27,,,26.60,50662223,N,,,,2461200.5,275.16,0.00444
"       (2014 DF23)",0.9113,0.2052,7.36,334.81,314.67,0.724,1.10,0.87,18,6,48,,,24.69,50662657,N,,,,2461200.5,283.38,0.0169
"       (2014 DG23)",0.9144,0.2155,11.84,157.12,215.20,0.717,1.11,0.874,7,6,26,,,25.10,50662660,N,,,,2461200.5,144.37,0.0539
"       (2014 DJ80)",0.9771,0.0671,3.03,337.97,20.92,0.912,1.04,0.966,22,5,30,,,26.30,50662667,N,,,,2461200.5,53.84,0.0401
"       (2014 DV110)",0.8301,0.2956,1.98,139.29,222.34,0.585,1.08,0.756,10,7,52,,,24.90,50662902,N,,,,2461200.5,231.46,0.00249
"       (2014 EL)",0.9291,0.3886,10.32,164.18,235.50,0.568,1.29,0.896,3,6,47,,,27.00,50663281,N,,,,2461200.5,330.38,0.00806
"       (2014 FZ6)",0.9819,0.0903,14.38,183.54,170.20,0.893,1.07,0.973,8,7,41,,,24.70,50666454,N,,,,2461200.5,27.65,0.0715
"       (2014 FW32)",0.931,0.1600,1.31,138.55,260.35,0.782,1.08,0.898,6,7,22,,,26.98,50666565,N,,,,2461200.5,346.12,0.00841
"       (2014 FK38)",0.8837,0.2125,4.39,7.81,319.03,0.696,1.07,0.831,2,6,20,,,25.20,50666704,N,,,,2461200.5,122.83,0.00273
"       (2014 FN38)",0.823,0.3122,6.60,9.17,27.52,0.566,1.08,0.747,7,7,38,,,26.80,50666703,N,,,,2461200.5,248.53,0.014
"       (2014 FO38)",0.7389,0.4037,9.69,10.36,14.46,0.441,1.04,0.635,2573,0,85,1,1,26.35,50666708,N,,,,2461200.5,217.66,0.0118
"       (2014 GJ1)",0.942,0.2729,4.92,23.72,40.58,0.685,1.20,0.914,4022,1,52,,,24.21,50666948,N,,,,2461200.5,211.58,0.031
"       (2014 GS1)",0.9042,0.3687,11.93,193.47,232.59,0.571,1.24,0.86,1,6,38,,,26.70,50666997,N,,,,2461200.5,148.57,0.00355
"       (2014 GQ17)",0.8541,0.2472,0.09,81.00,329.01,0.643,1.07,0.789,25,6,93,,,27.10,50667071,N,,,,2461200.5,282.43,7.83e-05
"       (2014 GT34)",0.8518,0.3208,34.68,10.76,5.10,0.579,1.13,0.786,4019,0,149,,,21.65,50667116,N,,,,2461200.5,356.27,0.124
"       (2014 GF45)",0.9838,0.2350,15.96,198.87,170.45,0.753,1.22,0.976,773,2,52,,,23.30,50667159,N,,,,2461200.5,3.27,0.191
"       (2014 GJ45)",0.9377,0.3279,21.29,21.99,312.39,0.630,1.25,0.908,3660,0,64,,,23.63,50667162,N,,,,2461200.5,38.19,0.0524
"       (2014 GC49)",0.7348,0.6441,6.43,193.24,207.59,0.262,1.21,0.63,1,6,13,,,28.60,50667500,N,,,,2461200.5,216.65,0.000419
"       (2014 HN2)",0.9271,0.1179,1.24,198.76,207.54,0.818,1.04,0.893,42,6,66,,,26.34,50668991,N,,,,2461200.5,16.38,0.00659
"       (2014 HB124)",0.8432,0.5103,6.57,221.81,168.52,0.413,1.27,0.774,3640,0,65,,,23.02,50669272,N,,,,2461200.5,67.00,0.0565
"       (2014 HQ124)",0.8507,0.2593,26.37,257.53,144.57,0.630,1.07,0.785,4275,0,375,5,3,18.95,50669276,Y,0.325,0.291,0.07,2461200.5,340.71,0.00821
"       (2014 HJ184)",0.9353,0.3818,19.59,28.64,357.43,0.578,1.29,0.905,3288,0,74,,,21.65,50670313,N,,,,2461200.5,345.03,0.247
"       (2014 HM196)",0.8367,0.4744,16.93,210.73,195.08,0.440,1.23,0.765,2,9,14,,,25.90,50698501,N,,,,2456771.5,148.85,0.119
"       (2014 JN2)",0.8939,0.6916,6.32,219.84,148.81,0.276,1.51,0.845,4,8,30,,,24.27,50670173,N,,,,2456780.5,286.61,0.0149
"       (2014 JU15)",0.726,0.4665,9.10,38.57,20.27,0.387,1.06,0.619,35,7,50,,,24.80,50670653,N,,,,2461200.5,339.34,0.00152
"       (2014 KG39)",0.9029,0.3577,3.46,236.56,150.90,0.580,1.23,0.858,4405,0,45,,,24.94,50672482,N,,,,2461200.5,261.47,0.0227
"       (2014 KM39)",0.9069,0.3762,13.32,233.86,228.08,0.566,1.25,0.864,39,5,21,,,24.40,50672487,N,,,,2461200.5,83.10,0.0155
"       (2014 KS76)",0.9283,0.2705,1.10,62.25,51.34,0.677,1.18,0.894,473,2,45,,,26.62,50672932,N,,,,2461200.5,268.88,0.00168
"       (2014 KV76)",0.8483,0.3581,12.75,232.77,157.77,0.545,1.15,0.781,4110,0,202,,,21.06,50672930,N,,,,2461200.5,30.86,0.0604
"       (2014 LZ20)",0.7463,0.4326,6.13,79.59,355.22,0.423,1.07,0.645,3279,2,30,,,24.46,50673621,N,,,,2461200.5,44.40,0.0286
"       (2014 LK21)",0.9632,0.0992,5.80,251.48,139.56,0.868,1.06,0.945,18,4,45,0,1,25.90,50673659,N,,,,2461200.5,124.59,0.0136
"       (2014 LY21)",0.6458,0.6059,1.24,73.35,349.75,0.254,1.04,0.519,,9,11,,,29.10,50673703,N,,,,2456810.5,207.92,0.000143
"       (2014 MR5)",0.9539,0.1356,17.03,84.65,19.19,0.825,1.08,0.932,3,7,19,,,24.30,50673889,N,,,,2461200.5,100.51,0.0573
"       (2014 MZ17)",0.9551,0.2125,2.44,304.62,191.92,0.752,1.16,0.933,463,3,48,,,24.10,50673999,N,,,,2461200.5,50.65,0.0328
"       (2014 MA18)",0.8762,0.2984,6.16,86.80,44.71,0.615,1.14,0.82,9,6,16,,,25.50,50674000,N,,,,2461200.5,314.58,0.00121
"       (2014 MF18)",0.8886,0.1594,2.73,100.41,351.95,0.747,1.03,0.838,1837,0,78,,,26.11,50674005,N,0.069,0.015,0.02,2461200.5,290.53,0.009
"       (2014 MV18)",0.8011,0.2823,10.21,101.66,358.65,0.575,1.03,0.717,1834,1,107,,,23.83,50674033,N,,,,2461200.5,53.85,0.0103
"       (2014 MD42)",0.8584,0.2771,6.97,264.34,187.31,0.621,1.10,0.795,16,8,11,,,24.50,50674239,N,,,,2456839.5,188.75,0.0567
"       (2014 NQ64)",0.8469,0.3861,4.49,98.78,328.64,0.520,1.17,0.779,1,8,10,,,24.12,50675285,N,,,,2456840.5,235.85,0.0132
"       (2014 OL339)",0.9986,0.4608,10.18,252.06,289.73,0.538,1.46,0.998,3306,1,68,,,22.78,50678653,N,,,,2461200.5,41.65,0.0185
"       (2014 QZ265)",0.9617,0.2529,26.27,332.71,122.07,0.719,1.20,0.943,5,8,21,,,25.30,50682950,N,,,,2456893.5,263.83,0.0256
"       (2014 QZ295)",0.9541,0.3363,1.34,144.17,325.60,0.633,1.28,0.932,17,6,25,,,24.80,50683495,N,,,,2461200.5,133.62,0.0108
"       (2014 QD364)",0.9857,0.0415,4.01,156.55,26.75,0.945,1.03,0.979,17,4,30,,,27.20,50684661,N,,,,2461200.5,158.24,0.0105
"       (2014 QE365)",0.8646,0.5404,16.11,151.79,352.99,0.397,1.33,0.804,4393,0,76,,,21.19,50684753,N,,,,2461200.5,119.56,0.16
"       (2014 QA433)",0.967,0.2975,38.45,155.61,322.08,0.679,1.25,0.951,24,8,34,,,21.80,50685835,N,,,,2456903.5,245.94,0.131
"       (2014 RE11)",0.7264,0.7117,29.58,163.41,19.31,0.209,1.24,0.619,21,7,50,,,22.70,50685839,N,,,,2461200.5,105.19,0.0431
"       (2014 RX22)",0.8229,0.2826,20.02,350.01,188.14,0.590,1.06,0.746,5,6,28,,,26.00,50689041,N,,,,2461200.5,65.34,0.0434
"       (2014 SM1)",0.9178,0.2576,7.33,354.27,220.53,0.681,1.15,0.879,9,5,24,,,25.60,50689291,N,,,,2461200.5,234.88,0.0274
"       (2014 SH144)",0.9309,0.2026,21.95,0.90,144.00,0.742,1.12,0.898,7,7,23,,,25.21,50690084,N,,,,2461200.5,242.61,0.06
"       (2014 SS261)",0.9571,0.1204,10.89,3.18,128.52,0.842,1.07,0.936,21,3,51,,,26.30,50691178,N,,,,2461200.5,60.63,0.015
"       (2014 TC)",0.929,0.2443,15.95,187.99,306.18,0.702,1.16,0.895,1,6,30,,,26.20,50692310,N,,,,2461200.5,276.97,0.0148
"       (2014 TC36)",0.8028,0.2827,15.44,22.46,175.19,0.576,1.03,0.719,12,7,40,,,25.00,50693290,N,,,,2461200.5,256.29,0.0307
"       (2014 UR)",0.9906,0.0155,8.27,23.44,196.67,0.975,1.01,0.986,373,0,231,4,2,26.60,50693451,N,,,,2461200.5,73.51,0.00792
"       (2014 US7)",0.8589,0.2729,9.86,25.56,219.32,0.624,1.09,0.796,1461,1,111,,,26.60,50693744,N,,,,2461200.5,331.22,0.00632
"       (2014 UW33)",0.8357,0.4334,13.46,217.23,16.01,0.473,1.20,0.764,4750,1,82,,,22.81,50694073,N,,,,2461200.5,209.40,0.0934
"       (2014 UN114)",0.8971,0.1601,3.42,203.70,38.81,0.753,1.04,0.85,65,5,178,,,24.50,50694552,N,,,,2461200.5,23.11,0.000647
"       (2014 UV116)",0.917,0.7803,42.30,36.95,211.59,0.201,1.63,0.878,5,8,98,,,23.56,50695011,N,,,,2456959.5,55.60,0.0355
"       (2014 WC5)",0.9084,0.1807,6.71,59.45,150.71,0.744,1.07,0.866,25,6,46,,,24.70,50696328,N,,,,2461200.5,338.19,0.0383
"       (2014 WE6)",0.969,0.1362,0.34,52.71,251.47,0.837,1.10,0.954,4,4,25,,,30.40,50696424,N,,,,2461200.5,137.40,0.000111
"       (2014 WM7)",0.9876,0.2829,10.80,228.00,314.79,0.708,1.27,0.982,10,6,48,,,23.70,50696471,N,,,,2461200.5,177.34,0.078
"       (2014 WQ202)",0.9294,0.5877,1.61,140.90,133.88,0.383,1.48,0.896,27,6,19,,,23.82,50698865,N,,,,2461200.5,41.94,0.0015
"       (2014 WT202)",0.9656,0.0631,23.39,58.80,185.72,0.905,1.03,0.949,360,2,91,,,21.10,50698870,Y,,,,2461200.5,237.93,0.0378
"       (2014 WZ365)",0.789,0.4279,1.34,261.56,321.49,0.451,1.13,0.701,4,7,23,,,26.00,50699915,N,,,,2461200.5,34.43,0.00102
"       (2014 XU6)",0.7601,0.4343,30.73,259.27,352.02,0.430,1.09,0.663,2922,1,68,,,24.00,50701880,N,,,,2461200.5,316.31,0.0945
"       (2014 YF)",0.9138,0.1517,5.85,177.62,90.66,0.775,1.05,0.873,2647,0,69,,,22.39,50702344,N,,,,2461200.5,215.39,0.0531
"       (2014 YN)",0.892,0.1341,1.21,239.19,16.02,0.772,1.01,0.842,51,5,83,,,25.70,50702694,N,,,,2461200.5,55.03,0.0049
"       (2014 YS)",0.7428,0.3929,4.33,108.29,174.76,0.451,1.03,0.64,26,7,44,,,24.50,50702729,N,,,,2461200.5,124.79,0.0216
"       (2014 YW14)",0.7813,0.3408,6.89,275.35,332.53,0.515,1.05,0.691,1,6,38,,,27.60,50703036,N,,,,2461200.5,79.02,0.00281
"       (2014 YE15)",0.8443,0.2071,3.21,276.42,333.68,0.669,1.02,0.776,4,3,42,3,5,28.30,50703082,N,,,,2461200.5,126.56,0.00367
"       (2014 YR15)",0.7497,0.4092,5.71,320.39,309.12,0.443,1.06,0.649,4058,0,219,,,21.39,50703096,Y,,,,2461200.5,69.64,0.0382
"       (2014 YP44)",0.9287,0.1370,1.38,63.50,183.44,0.801,1.06,0.895,1,8,13,,,26.10,50704098,N,,,,2457022.5,221.26,0.0173
"       (2015 AH)",0.907,0.2405,14.07,255.27,70.63,0.689,1.13,0.864,2647,0,90,,,21.58,50703337,Y,,,,2461200.5,194.88,0.0401
"       (2015 AB44)",0.97,0.2900,15.08,123.18,122.99,0.689,1.25,0.955,405,1,70,,,22.60,50703562,N,,,,2461200.5,222.08,0.0453
"       (2015 AC44)",0.9846,0.1863,20.41,295.73,26.59,0.801,1.17,0.977,34,6,24,,,24.40,50703563,N,,,,2461200.5,20.19,0.148
"       (2015 BE92)",0.9733,0.1973,1.04,290.08,303.26,0.781,1.17,0.96,14,3,76,1,1,28.10,50704790,N,,,,2461200.5,215.87,0.00565
"       (2015 BM510)",0.9477,0.1212,1.59,267.65,357.77,0.833,1.06,0.923,8403,1,68,,,25.04,50708968,N,,,,2461200.5,351.61,0.0238
"       (2015 BW510)",0.8288,0.5701,12.92,168.14,98.34,0.356,1.30,0.755,3297,1,62,,,20.85,50709104,N,,,,2461200.5,276.05,0.137
"       (2015 BY512)",0.8782,0.6658,23.31,317.59,13.87,0.294,1.46,0.823,3304,1,49,,,21.49,50709273,N,,,,2461200.5,61.18,0.169
"       (2015 BE513)",0.9608,0.3861,6.74,347.61,358.74,0.590,1.33,0.942,1147,2,68,,,22.00,50709275,N,,,,2461200.5,120.19,0.102
"       (2015 CB)",0.9429,0.2055,15.76,319.12,47.70,0.749,1.14,0.916,4034,0,189,,,23.26,50709476,N,,,,2461200.5,243.88,0.0513
"       (2015 CL)",0.7325,0.5645,2.97,319.91,331.06,0.319,1.15,0.627,3657,1,74,,,25.52,50709738,N,,,,2461200.5,284.05,1.47e-05
"       (2015 CR)",0.9526,0.2802,2.65,305.80,343.68,0.686,1.22,0.93,24,7,30,,,23.30,50709947,N,,,,2461200.5,289.90,0.0346
"       (2015 CJ13)",0.9793,0.3796,19.01,324.80,295.89,0.608,1.35,0.969,10,7,89,,,24.05,50710240,N,,,,2461200.5,169.77,0.0106
"       (2015 DZ155)",0.9779,0.3409,14.12,325.92,301.66,0.644,1.31,0.967,9,7,30,,,24.40,50712054,N,,,,2461200.5,164.39,0.035
"       (2015 DB156)",0.9235,0.2899,25.44,149.41,220.71,0.656,1.19,0.887,7,8,26,,,24.87,50712056,N,,,,2457077.5,119.93,0.0823
"       (2015 DQ224)",0.7794,0.5267,11.03,149.05,215.01,0.369,1.19,0.688,,9,9,,,29.30,50717092,N,,,,2457072.5,96.00,0.000719
"       (2015 EG)",0.8634,0.3559,2.50,167.54,223.72,0.556,1.17,0.802,2899,0,151,3,2,25.61,50712927,N,,,,2461200.5,118.16,0.00302
"       (2015 EQ)",0.6695,0.5029,8.85,349.92,355.97,0.333,1.01,0.548,4,7,37,,,26.10,50712970,N,,,,2461200.5,23.41,0.00881
"       (2015 EB7)",0.9578,0.4800,26.71,15.77,356.31,0.498,1.42,0.937,754,3,60,,,21.50,50713291,N,,,,2461200.5,133.08,0.33
"       (2015 FD)",0.899,0.2661,5.59,355.96,44.72,0.660,1.14,0.852,9,6,45,,,26.60,50713310,N,,,,2461200.5,173.74,0.0137
"       (2015 FM33)",0.9851,0.1961,11.10,162.59,236.70,0.792,1.18,0.978,785,2,27,,,24.60,50713954,N,,,,2461200.5,288.21,0.0506
"       (2015 FW117)",0.8582,0.3821,32.20,10.92,315.92,0.530,1.19,0.795,8,7,169,,,22.83,50714481,N,,,,2461200.5,288.59,0.00915
"       (2015 FW284)",0.7773,0.5448,2.54,149.51,188.47,0.354,1.20,0.685,5,6,19,,,24.90,50715115,N,,,,2461200.5,20.09,0.0196
"       (2015 FA285)",0.7413,0.4633,9.23,10.56,335.56,0.398,1.08,0.638,4,7,38,,,26.40,50715120,N,,,,2461200.5,66.99,0.00339
"       (2015 HK)",0.8724,0.2462,12.49,33.57,330.36,0.658,1.09,0.815,9,7,45,,,25.50,50716017,N,,,,2461200.5,98.93,0.0284
"       (2015 HA1)",0.9642,0.1883,19.87,57.30,315.23,0.783,1.15,0.947,372,2,439,,,21.18,50716456,N,,,,2461200.5,123.52,0.0554
"       (2015 HW10)",0.9345,0.1057,16.10,32.55,330.52,0.836,1.03,0.903,4,5,96,,,25.70,50717077,N,,,,2461200.5,329.79,0.0122
"       (2015 HZ116)",0.9542,0.3002,13.97,43.68,316.20,0.668,1.24,0.932,22,6,40,,,24.40,50718344,N,,,,2461200.5,218.85,0.0615
"       (2015 HZ176)",0.9687,0.1824,10.97,35.90,323.11,0.792,1.15,0.953,12,5,23,,,23.70,50719098,N,,,,2461200.5,105.94,0.0681
"       (2015 JR1)",0.9399,0.1713,11.95,228.99,227.82,0.779,1.10,0.911,9,5,28,,,26.10,50719219,N,,,,2461200.5,178.67,0.018
"       (2015 KA)",0.9693,0.1228,9.50,237.08,233.85,0.850,1.09,0.954,24,4,87,,,26.20,50719250,N,,,,2461200.5,325.49,0.0155
"       (2015 KE)",0.9737,0.1244,0.62,243.49,223.58,0.853,1.09,0.961,465,3,110,,,26.20,50719266,N,,,,2461200.5,302.20,0.00442
"       (2015 KF)",0.9795,0.1454,7.47,58.32,39.92,0.837,1.12,0.969,390,2,56,,,25.10,50719268,N,,,,2461200.5,271.74,0.0514
"       (2015 KQ18)",0.8594,0.4370,5.71,53.86,326.41,0.484,1.24,0.797,7,5,37,,,25.38,50719399,N,,,,2461200.5,209.95,0.0182
"       (2015 KB57)",0.9446,0.6074,29.67,239.61,208.84,0.371,1.52,0.918,4010,0,37,,,22.37,50719753,N,,,,2461200.5,104.56,0.141
"       (2015 KP57)",0.9632,0.4742,1.80,55.25,315.55,0.506,1.42,0.945,3,8,18,,,24.90,50719887,N,,,,2457165.5,286.14,0.00656
"       (2015 KS120)",0.9831,0.1380,9.34,234.50,208.53,0.847,1.12,0.975,20,5,11,,,25.40,50720027,N,,,,2461200.5,271.22,0.0778
"       (2015 KT120)",0.9913,0.2133,14.84,72.35,27.48,0.780,1.20,0.987,377,2,20,,,25.10,50720023,N,,,,2461200.5,190.41,0.132
"       (2015 KJ122)",0.7852,0.7503,5.06,187.83,229.85,0.196,1.37,0.696,3996,0,293,,,22.01,50720463,N,,,,2461200.5,148.34,0.0318
"       (2015 LA2)",0.8828,0.2807,7.71,85.29,3.72,0.635,1.13,0.83,5536,0,122,,,23.01,50720947,N,,,,2461200.5,252.14,0.0848
"       (2015 ME131)",0.8164,0.2122,33.64,317.77,156.89,0.643,0.99,0.738,2978,1,62,,,19.69,50724244,Y,,,,2461200.5,151.35,0.0447
"       (2015 MT200)",0.8654,0.4619,2.25,95.47,340.35,0.466,1.27,0.805,4365,2,19,,,22.81,54298759,N,,,,2461200.5,96.80,0.0167
"       (2015 NG13)",0.8546,0.2250,5.35,272.03,202.93,0.662,1.05,0.79,16,7,25,,,24.90,50724079,N,,,,2461200.5,92.45,0.00455
"       (2015 NA14)",0.966,0.1838,6.35,281.78,152.89,0.788,1.14,0.949,750,1,460,2,1,22.00,50724134,N,0.091,0.338,0.02,2461200.5,46.98,0.0602
"       (2015 OQ21)",0.7891,0.3640,1.62,125.77,328.45,0.502,1.08,0.701,6,3,60,2,1,27.90,50724268,N,,,,2461200.5,54.57,0.00257
"       (2015 QM3)",0.706,0.5312,16.15,159.68,324.65,0.331,1.08,0.593,3316,0,171,1,0,20.38,50726534,N,0.267,0.189,0.07,2461200.5,292.50,0.0605
"       (2015 RT1)",0.9546,0.2552,1.79,166.23,47.66,0.711,1.20,0.933,847,4,76,,,25.41,50726735,N,,,,2461200.5,294.97,0.00808
"       (2015 RF36)",0.9492,0.1187,7.25,182.45,328.77,0.836,1.06,0.925,61,5,346,0,2,23.40,50727199,N,,,,2461200.5,64.67,0.0345
"       (2015 SA)",0.8409,0.2512,13.20,352.01,208.01,0.630,1.05,0.771,29,6,177,,,25.30,50727663,N,,,,2461200.5,114.81,0.0049
"       (2015 SD)",0.8615,0.2657,20.08,176.24,350.91,0.633,1.09,0.8,4397,0,102,,,24.30,50727689,N,,,,2461200.5,340.02,0.0794
"       (2015 SY)",0.9187,0.4870,3.17,182.56,43.59,0.471,1.37,0.881,3366,0,137,,,23.42,50728546,N,,,,2461200.5,141.35,0.00766
"       (2015 SO2)",0.9941,0.1088,9.17,182.70,291.88,0.886,1.10,0.991,1079,1,101,,,23.90,50728588,N,,,,2461200.5,180.60,0.0178
"       (2015 SJ7)",0.7338,0.4536,3.35,6.17,185.01,0.401,1.07,0.629,7,8,31,,,25.50,50728755,N,,,,2457289.5,156.10,0.0168
"       (2015 TG24)",0.7465,0.4434,3.99,21.87,151.40,0.416,1.08,0.645,5,7,44,,,26.68,50729256,N,,,,2461200.5,64.50,0.00335
"       (2015 TT238)",0.8853,0.2503,10.80,4.44,216.00,0.664,1.11,0.833,3643,1,48,,,24.62,50730825,N,,,,2461200.5,71.42,0.0248
"       (2015 UH52)",0.8529,0.3853,4.74,26.35,225.82,0.524,1.18,0.788,1502,3,87,,,26.02,50732692,N,,,,2461200.5,278.04,0.000786
"       (2015 VB1)",0.9852,0.1299,20.91,227.15,355.06,0.857,1.11,0.978,360,2,155,,,23.60,50733153,N,,,,2461200.5,120.55,0.122
"       (2015 VK1)",0.9773,0.4267,11.96,38.02,241.99,0.560,1.39,0.966,8,7,55,,,26.60,50733161,N,,,,2461200.5,58.73,0.00247
"       (2015 VZ2)",0.7082,0.4225,16.98,41.60,186.56,0.409,1.01,0.596,1106,1,199,,,22.60,50733323,N,,,,2461200.5,88.60,0.00969
"       (2015 VL64)",0.909,0.2885,0.71,52.46,224.29,0.647,1.17,0.867,6,5,29,,,28.30,50733872,N,,,,2461200.5,174.90,0.00246
"       (2015 VU64)",0.9346,0.1081,2.48,224.43,49.90,0.834,1.04,0.904,2,5,30,,,30.60,50733885,N,,,,2461200.5,16.02,0.00053
"       (2015 VH65)",0.8516,0.2283,13.38,227.08,330.25,0.657,1.05,0.786,4,6,62,,,27.70,50733956,N,,,,2461200.5,30.61,0.0137
"       (2015 VP66)",0.9588,0.2572,18.98,22.85,168.87,0.712,1.21,0.939,335,3,43,,,22.30,50734213,N,,,,2461200.5,311.27,0.193
"       (2015 WZ12)",0.7215,0.4126,3.64,250.91,346.51,0.424,1.02,0.613,6,6,71,0,1,26.30,50735621,N,,,,2461200.5,259.38,0.00456
"       (2015 XT1)",0.8301,0.3300,4.97,143.58,102.60,0.556,1.10,0.756,3255,1,64,,,23.38,50735701,N,,,,2461200.5,156.48,0.0485
"       (2015 XP54)",0.8757,0.3955,16.88,71.14,215.12,0.529,1.22,0.819,3,7,21,,,24.00,50735709,N,,,,2461200.5,45.06,0.0626
"       (2015 XK55)",0.8995,0.1955,9.15,243.00,352.51,0.724,1.08,0.853,27,7,40,,,24.50,50736019,N,,,,2461200.5,319.46,0.0821
"       (2015 XQ55)",0.8485,0.5699,9.57,53.97,193.81,0.365,1.33,0.782,3644,0,173,,,21.78,50736021,N,,,,2461200.5,16.87,0.0764
"       (2015 XB128)",0.8203,0.2367,15.59,245.01,15.84,0.626,1.01,0.743,7,7,25,,,25.40,50736027,N,,,,2461200.5,215.13,0.0145
"       (2015 XS168)",0.9564,0.3711,22.01,69.55,191.64,0.602,1.31,0.935,5,7,30,,,23.10,50736409,N,,,,2461200.5,245.11,0.249
"       (2015 XT168)",0.9386,0.2757,19.74,58.59,225.66,0.680,1.20,0.909,3653,1,86,,,21.09,50736410,N,,,,2461200.5,302.14,0.0663
"       (2015 XX168)",0.8406,0.4250,0.99,281.66,300.14,0.483,1.20,0.771,3665,1,116,,,25.45,50736413,N,,,,2461200.5,127.49,0.0044
"       (2015 XN169)",0.9095,0.3803,17.85,253.52,352.60,0.564,1.26,0.867,2593,0,122,,,22.28,50736429,N,,,,2461200.5,239.67,0.207
"       (2015 XF261)",0.9899,0.3191,0.79,209.80,100.88,0.674,1.31,0.985,2991,1,73,,,25.25,50736520,N,,,,2461200.5,326.41,0.00239
"       (2015 XG261)",0.9904,0.1952,65.77,77.16,187.33,0.797,1.18,0.986,15,8,25,,,23.05,50736524,N,,,,2457369.5,172.02,0.196
"       (2015 XN261)",0.974,0.1637,2.32,278.46,274.93,0.814,1.13,0.961,12,3,166,,,26.20,50736527,N,,,,2461200.5,233.48,0.00545
"       (2015 XQ378)",0.9279,0.3230,9.71,256.63,322.82,0.628,1.23,0.894,2890,2,55,,,24.08,50736826,N,,,,2461200.5,156.06,0.0621
"       (2015 XT378)",0.9371,0.2336,5.69,257.26,64.97,0.718,1.16,0.907,3,5,12,,,27.90,50736828,N,,,,2461200.5,293.40,0.000748
"       (2015 YA)",0.9952,0.2797,1.62,254.86,83.46,0.717,1.27,0.993,5,6,50,,,27.40,50736830,N,,,,2461200.5,270.11,0.00362
"       (2015 YG)",0.747,0.4875,14.62,267.91,355.31,0.383,1.11,0.646,3271,1,40,,,23.28,50738567,N,,,,2461200.5,252.05,0.0941
"       (2015 YT)",0.9478,0.2564,1.58,270.78,53.43,0.705,1.19,0.923,3,6,28,,,25.84,50738575,N,,,,2461200.5,218.87,0.00627
"       (2015 YE2)",0.9216,0.1947,12.17,268.02,46.70,0.742,1.10,0.885,18,6,30,,,25.22,50738994,N,,,,2461200.5,56.46,0.0299
"       (2016 AE2)",0.8049,0.2988,0.72,330.19,286.50,0.564,1.05,0.722,3,8,20,,,26.40,50739178,N,,,,2457389.5,220.05,0.00824
"       (2016 AF2)",0.8838,0.2152,0.56,44.92,276.72,0.694,1.07,0.831,12,6,22,,,27.90,50739177,N,,,,2461200.5,315.99,0.0061
"       (2016 AG9)",0.944,0.2506,15.48,281.99,37.23,0.707,1.18,0.917,60,5,47,,,23.41,50739280,N,,,,2461200.5,258.95,0.0926
"       (2016 AE65)",0.8446,0.2996,3.34,281.54,31.04,0.592,1.10,0.776,7,8,14,,,24.70,50739412,N,,,,2457396.5,130.93,0.0118
"       (2016 AU65)",0.8099,0.5619,3.75,295.60,338.18,0.355,1.27,0.729,4041,0,73,,,22.80,50739436,N,,,,2461200.5,333.98,0.0188
"       (2016 AJ165)",0.9187,0.3613,22.45,291.22,317.01,0.587,1.25,0.881,5,7,20,,,25.40,50740067,N,,,,2461200.5,191.86,0.0732
"       (2016 AF193)",0.8746,0.2914,6.45,253.82,44.19,0.620,1.13,0.818,3373,0,155,,,22.03,50740517,Y,,,,2461200.5,83.35,0.00984
"       (2016 AK193)",0.8701,0.2716,17.36,306.87,324.43,0.634,1.11,0.812,6205,0,228,,,22.08,50740522,N,,,,2461200.5,151.35,0.0397
"       (2016 AZ193)",0.9349,0.2285,0.38,129.21,200.69,0.721,1.15,0.904,,9,9,,,26.58,50740875,N,,,,2457390.5,108.34,0.00451
"       (2016 BU)",0.8148,0.2309,9.03,300.32,351.38,0.627,1.00,0.735,12,7,28,,,26.70,50740690,N,,,,2461200.5,235.39,0.0146
"       (2016 BC14)",0.8702,0.1823,8.37,3.97,337.17,0.712,1.03,0.812,2913,1,266,0,1,20.98,50740920,Y,0.196,0.201,0.06,2461200.5,62.32,0.0115
"       (2016 BW14)",0.8914,0.1928,7.58,127.56,156.58,0.720,1.06,0.842,13,6,52,,,25.80,50740952,N,,,,2461200.5,326.18,0.0416
"       (2016 BV39)",0.9656,0.3059,21.79,333.31,36.07,0.670,1.26,0.949,403,2,143,,,21.80,50741168,N,,,,2461200.5,59.18,0.138
"       (2016 CE)",0.8504,0.2855,5.77,315.65,316.50,0.608,1.09,0.784,2,6,57,,,28.50,50741174,N,,,,2461200.5,316.73,0.000282
"       (2016 CG18)",0.9828,0.0922,5.70,316.84,276.91,0.892,1.07,0.974,3,4,106,,,28.50,50741175,N,,,,2461200.5,133.14,0.000497
"       (2016 CH30)",0.9342,0.1787,0.49,345.82,270.32,0.767,1.10,0.903,3293,0,43,,,27.88,50742001,N,,,,2461200.5,69.11,0.00384
"       (2016 CC136)",0.9082,0.0916,12.06,319.73,356.26,0.825,0.99,0.865,3,5,83,,,28.80,50742361,N,,,,2461200.5,160.41,0.00466
"       (2016 CA138)",0.9979,0.0497,27.73,328.87,326.86,0.948,1.05,0.997,3647,0,272,,,23.31,50743146,N,,,,2461200.5,330.54,0.0503
"       (2016 CZ192)",0.8768,0.2630,16.74,144.41,206.10,0.646,1.11,0.821,17,6,50,,,24.60,50743150,N,,,,2461200.5,339.57,0.0702
"       (2016 CO246)",0.9946,0.1262,6.29,136.33,121.00,0.869,1.12,0.992,1464,0,46,,,25.80,50743920,N,,,,2461200.5,31.95,0.038
"       (2016 CU246)",0.8526,0.5427,2.06,330.97,35.80,0.390,1.32,0.787,3,6,42,,,26.50,50743926,N,,,,2461200.5,115.84,0.00502
"       (2016 CX247)",0.9571,0.4106,17.51,341.70,358.44,0.564,1.35,0.936,380,2,31,,,22.60,50744345,N,,,,2461200.5,153.61,0.248
"       (2016 CO248)",0.9342,0.1594,4.77,139.73,240.93,0.785,1.08,0.903,28,6,30,,,27.50,50744585,N,,,,2461200.5,269.69,0.00023
"       (2016 CJ323)",0.7508,0.3197,8.70,317.59,353.11,0.511,0.99,0.651,0,9,14,,,30.48,54512552,,,,,2460600.5,322.58,
"       (2016 CL323)",0.9552,0.2188,5.99,318.72,68.84,0.746,1.16,0.934,0,7,20,,,31.45,54512553,,,,,2460600.5,197.09,
"       (2016 DB)",0.8916,0.3246,2.89,145.96,233.26,0.602,1.18,0.842,1,5,35,,,28.50,50744583,N,,,,2461200.5,182.34,0.000367
"       (2016 DL)",0.7143,0.4712,23.85,290.11,33.18,0.378,1.05,0.604,5510,1,84,,,21.40,50744813,Y,0.228,0.103,0.07,2461200.5,209.17,0.0476
"       (2016 DP2)",0.8583,0.2892,5.78,159.82,211.28,0.610,1.11,0.795,10,7,41,,,25.90,50744876,N,,,,2461200.5,99.26,0.0224
"       (2016 EH1)",0.8815,0.2405,13.98,153.71,231.21,0.669,1.09,0.828,3708,1,111,,,22.67,50745055,N,,,,2461200.5,263.29,0.00861
"       (2016 EB27)",0.8832,0.5362,34.80,343.66,320.18,0.410,1.36,0.83,3642,1,86,,,22.84,50745128,N,,,,2461200.5,43.03,0.0527
"       (2016 EJ27)",0.7522,0.4022,3.50,337.20,353.74,0.450,1.05,0.652,12,7,98,,,25.30,50745134,N,,,,2461200.5,113.69,0.0186
"       (2016 EL27)",0.8782,0.2299,15.58,166.55,145.60,0.676,1.08,0.823,11,6,28,,,26.10,50745136,N,,,,2461200.5,39.51,0.0283
"       (2016 EO56)",0.9895,0.6480,43.24,163.10,222.67,0.348,1.63,0.984,8,9,25,,,23.00,50745924,N,,,,2457452.5,66.90,0.0644
"       (2016 EO84)",0.8326,0.5478,12.08,350.12,29.86,0.376,1.29,0.76,1128,1,137,,,22.34,50746018,N,,,,2461200.5,293.78,0.0391
"       (2016 EU84)",0.9204,0.0951,3.20,169.04,206.10,0.833,1.01,0.883,4,5,97,,,29.00,50746023,N,,,,2461200.5,6.17,0.0038
"       (2016 EV84)",0.8662,0.1779,13.58,351.30,16.16,0.712,1.02,0.806,6,6,103,,,26.70,50746024,N,,,,2461200.5,52.39,0.0179
"       (2016 EE85)",0.9556,0.2880,12.39,8.08,12.28,0.680,1.23,0.934,444,3,38,,,22.80,50746240,N,,,,2461200.5,133.31,0.161
"       (2016 ES85)",0.9691,0.0896,2.24,166.25,123.60,0.882,1.06,0.954,7,5,31,,,29.70,50746474,N,,,,2461200.5,155.85,0.00714
"       (2016 ED156)",0.8886,0.4419,7.21,327.20,59.88,0.496,1.28,0.838,2268,2,47,,,23.56,50746643,N,,,,2461200.5,185.70,0.0183
"       (2016 EF156)",0.9511,0.4504,22.08,354.81,305.10,0.523,1.38,0.928,9,7,90,,,24.70,50746646,N,,,,2461200.5,297.10,0.0169
"       (2016 EC157)",0.9214,0.3524,5.59,7.40,329.35,0.597,1.25,0.884,2933,0,54,,,23.60,50747330,N,,,,2461200.5,65.69,0.041
"       (2016 EM157)",0.8415,0.3002,10.30,171.10,218.31,0.589,1.09,0.772,3,6,41,,,26.90,50747338,N,,,,2461200.5,213.37,0.00507
"       (2016 EX202)",0.9904,0.2960,3.36,323.49,317.30,0.697,1.28,0.986,2,8,9,,,25.60,50750702,N,,,,2457452.5,275.69,0.0283
"       (2016 EU362)",0.8565,0.2235,16.75,323.29,33.89,0.665,1.05,0.793,11,8,6,,,23.85,54460731,N,,,,2457463.5,169.58,0.0105
"       (2016 FA)",0.9645,0.1103,9.09,2.58,48.73,0.858,1.07,0.947,41,2,154,,,25.30,50747519,N,,,,2461200.5,41.29,0.0278
"       (2016 FY2)",0.8719,0.1788,1.90,150.98,204.43,0.716,1.03,0.814,74,5,134,,,25.50,50748015,N,,,,2461200.5,41.96,0.0064
"       (2016 FR12)",0.9777,0.1606,12.46,11.40,5.23,0.821,1.13,0.967,18,5,31,,,24.60,50748492,N,,,,2461200.5,6.22,0.135
"       (2016 FP13)",0.9585,0.1428,1.48,357.59,344.47,0.822,1.10,0.938,22,7,15,,,26.20,50748502,N,,,,2461200.5,164.40,0.0186
"       (2016 FS13)",0.9711,0.1700,8.15,199.67,205.85,0.806,1.14,0.957,423,2,23,,,26.00,50748504,N,,,,2461200.5,4.35,0.0871
"       (2016 FY13)",0.8962,0.4472,1.20,330.70,77.74,0.495,1.30,0.848,21,7,14,,,24.18,50748519,N,,,,2461200.5,96.85,0.0093
"       (2016 FZ13)",0.9443,0.1501,4.18,183.85,238.62,0.803,1.09,0.918,13,5,20,,,28.30,50748514,N,,,,2461200.5,150.68,0.00228
"       (2016 FG14)",0.9546,0.3449,18.54,190.26,234.09,0.625,1.28,0.933,5,8,32,,,26.20,50748518,N,,,,2457479.5,90.43,0.0373
"       (2016 FT14)",0.8592,0.2590,4.32,196.68,183.82,0.637,1.08,0.796,2970,0,69,,,24.69,50748540,N,,,,2461200.5,85.99,0.0451
"       (2016 FL60)",0.9931,0.3831,24.87,191.48,176.39,0.613,1.37,0.99,11,7,14,,,23.92,54247854,N,,,,2461200.5,287.82,0.335
"       (2016 GN2)",0.9393,0.1461,10.38,18.43,334.47,0.802,1.08,0.91,3655,1,93,,,25.01,50749057,N,,,,2461200.5,273.53,0.0504
"       (2016 GY2)",0.9197,0.2943,9.35,190.47,127.30,0.649,1.19,0.882,3,5,34,,,26.10,50749094,N,,,,2461200.5,102.62,0.0109
"       (2016 GA3)",0.9751,0.1597,10.34,12.75,303.91,0.819,1.13,0.963,7,5,29,,,24.80,50749095,N,,,,2461200.5,97.84,0.0318
"       (2016 GH135)",0.985,0.1445,20.99,199.94,223.05,0.843,1.13,0.978,1217,0,142,,,22.10,50750697,N,,,,2461200.5,260.48,0.0738
"       (2016 GK135)",0.9852,0.0869,3.20,18.01,55.76,0.900,1.07,0.978,9,5,23,,,28.10,50750699,N,,,,2461200.5,254.40,0.0175
"       (2016 GS220)",0.8654,0.5140,6.81,64.04,292.93,0.421,1.31,0.805,2921,3,29,,,22.78,50751838,N,,,,2461200.5,98.21,0.0452
"       (2016 GW221)",0.8281,0.2668,3.76,33.05,8.86,0.607,1.05,0.754,3300,3,209,1,0,24.75,50752035,N,,,,2461200.5,332.07,0.0223
"       (2016 GA252)",0.7828,0.4625,10.95,201.54,158.38,0.421,1.14,0.693,1,9,8,,,24.46,54502954,,,,,2460600.5,328.07,
"       (2016 HK)",0.9199,0.1589,12.37,42.31,308.79,0.774,1.07,0.882,21,3,65,1,1,24.80,50752128,N,,,,2461200.5,48.64,0.00975
"       (2016 HF2)",0.9877,0.1954,5.13,33.68,70.50,0.795,1.18,0.982,9,5,77,,,26.10,50752432,N,,,,2461200.5,196.96,0.00469
"       (2016 HD3)",0.9193,0.2397,0.63,46.02,301.75,0.699,1.14,0.881,6,3,85,1,1,27.83,50752453,N,,,,2461200.5,62.90,0.000719
"       (2016 HE3)",0.7757,0.4010,10.66,216.39,173.24,0.465,1.09,0.683,13,7,87,,,24.30,50752455,N,,,,2461200.5,126.98,0.0558
"       (2016 HL3)",0.9684,0.1645,3.45,99.98,336.06,0.809,1.13,0.953,416,2,48,,,24.70,50752464,N,,,,2461200.5,346.04,0.0382
"       (2016 HF19)",0.9177,0.1457,0.78,204.81,206.30,0.784,1.05,0.879,35,6,89,,,26.50,50752592,N,,,,2461200.5,347.43,0.00485
"       (2016 HJ19)",0.9787,0.2941,36.30,38.46,10.18,0.691,1.27,0.968,1062,1,117,,,20.68,50752594,N,,,,2461200.5,299.46,0.249
"       (2016 JB)",0.9093,0.1427,9.59,222.53,152.59,0.780,1.04,0.867,7,5,114,,,27.10,50752597,N,,,,2461200.5,90.33,0.0106
"       (2016 JP5)",0.8603,0.3010,65.77,217.19,205.69,0.601,1.12,0.798,8,9,48,,,22.70,50752796,N,,,,2457510.5,138.81,0.0656
"       (2016 JV5)",0.8954,0.3208,8.45,70.21,338.63,0.608,1.18,0.847,34,5,43,,,23.30,50752800,N,,,,2461200.5,146.44,0.0645
"       (2016 JC6)",0.8066,0.2829,6.78,236.78,174.20,0.578,1.03,0.724,2970,0,496,2,2,21.37,50752807,Y,0.192,0.145,0.05,2461200.5,140.96,0.0185
"       (2016 JE6)",0.9219,0.4677,6.28,203.26,156.99,0.491,1.35,0.885,8,7,49,,,24.28,50752810,N,,,,2461200.5,57.80,0.0532
"       (2016 JH12)",0.9542,0.3345,18.03,218.88,193.42,0.635,1.27,0.932,795,3,60,,,22.30,50752926,N,,,,2461200.5,91.74,0.204
"       (2016 JP15)",0.8937,0.5071,24.07,61.27,333.98,0.440,1.35,0.845,2545,1,99,,,21.16,50752927,N,,,,2461200.5,183.21,0.126
"       (2016 JJ17)",0.9505,0.3191,5.60,125.27,320.92,0.647,1.25,0.927,424,3,59,,,22.90,50753047,N,,,,2461200.5,68.49,0.035
"       (2016 JH18)",0.8968,0.2594,4.34,224.79,147.85,0.664,1.13,0.849,6,7,52,,,26.10,50753102,N,,,,2461200.5,191.68,0.02
"       (2016 JX24)",0.89,0.2181,7.19,226.89,217.18,0.696,1.08,0.84,18,6,60,,,25.40,50753158,N,,,,2461200.5,134.98,0.0108
"       (2016 JU28)",0.8576,0.3194,6.30,53.59,34.18,0.584,1.13,0.794,3,7,17,,,27.70,50753310,N,,,,2461200.5,1.60,0.0143
"       (2016 JJ38)",0.9738,0.2135,3.71,221.40,219.48,0.766,1.18,0.961,2,9,9,,,27.20,50753603,N,,,,2457510.5,122.79,0.0327
"       (2016 KO)",0.8172,0.3113,6.50,246.22,207.88,0.563,1.07,0.739,8,7,73,,,26.50,50753618,N,,,,2461200.5,339.54,0.00259
"       (2016 KL1)",0.9015,0.2801,18.14,69.76,317.03,0.649,1.15,0.856,4445,0,97,,,21.09,50753644,Y,0.328,0.034,0.11,2461200.5,158.08,0.024
"       (2016 LL1)",0.9233,0.3848,23.32,83.29,358.36,0.568,1.28,0.887,5830,0,58,,,21.48,50753719,N,,,,2461200.5,238.15,0.257
"       (2016 LO1)",0.9874,0.0686,18.34,248.07,208.70,0.920,1.06,0.981,6,7,24,,,25.30,50753715,N,,,,2461200.5,225.25,0.0321
"       (2016 LB2)",0.848,0.5239,21.68,230.05,226.24,0.404,1.29,0.781,7,8,28,,,22.71,50753736,N,,,,2457542.5,105.13,0.0248
"       (2016 LC9)",0.9372,0.1220,5.97,73.81,35.36,0.823,1.05,0.907,4,6,31,,,27.00,50753820,N,,,,2461200.5,145.17,0.0088
"       (2016 LV10)",0.7434,0.5142,26.21,81.91,329.99,0.361,1.13,0.641,5,7,55,,,23.05,50753893,N,,,,2461200.5,93.77,0.0207
"       (2016 MH3)",0.8756,0.2379,2.82,102.03,14.12,0.667,1.08,0.819,,9,14,,,26.96,50759699,N,,,,2457555.5,132.16,0.0199
"       (2016 MW4)",0.7053,0.4495,12.15,96.98,354.68,0.388,1.02,0.592,0,9,24,,,30.46,54512560,,,,,2460600.5,196.81,
"       (2016 NR)",0.883,0.3356,6.52,249.47,247.17,0.587,1.18,0.83,3662,2,55,,,23.80,50754402,N,,,,2461200.5,107.11,0.0374
"       (2016 NB1)",0.7624,0.4351,6.68,112.75,0.76,0.431,1.09,0.666,6595,1,117,,,23.90,50754411,N,,,,2461200.5,123.86,0.0473
"       (2016 NC1)",0.9338,0.1303,7.22,106.46,332.85,0.812,1.06,0.902,3282,0,101,,,25.46,50754412,N,,,,2461200.5,214.30,0.0187
"       (2016 NV15)",0.9182,0.4435,20.42,256.68,148.21,0.511,1.33,0.88,2954,0,88,,,19.97,50754571,N,,,,2461200.5,12.45,0.102
"       (2016 NJ22)",0.9488,0.1859,8.88,285.57,237.97,0.772,1.13,0.924,2,5,33,,,28.40,50755210,N,,,,2461200.5,4.85,0.000378
"       (2016 NF23)",0.755,0.4466,4.42,150.19,343.33,0.418,1.09,0.656,2231,0,139,,,22.92,50755242,N,,,,2461200.5,174.04,0.0123
"       (2016 NY90)",0.8469,0.4415,0.95,288.82,223.89,0.473,1.22,0.779,0,8,25,,,31.79,54512563,,,,,2460600.5,314.42,
"       (2016 PC2)",0.801,0.4606,15.20,130.22,22.49,0.432,1.17,0.717,3653,0,126,,,23.00,50756957,N,,,,2461200.5,42.06,0.048
"       (2016 QA2)",0.9458,0.2419,14.75,334.81,119.60,0.717,1.17,0.92,2,4,107,,,25.10,50757751,N,,,,2461200.5,135.01,0.000495
"       (2016 RT)",0.9771,0.0946,37.94,342.71,161.47,0.885,1.07,0.966,3,8,39,,,24.40,50758861,N,,,,2457634.5,202.14,0.0554
"       (2016 RZ)",0.9003,0.1866,2.01,191.29,357.30,0.732,1.07,0.854,26,6,44,,,26.70,50758870,N,,,,2461200.5,298.17,0.0241
"       (2016 RB1)",0.8727,0.2805,1.79,344.88,136.30,0.628,1.12,0.815,2,4,155,0,1,28.30,50758946,N,,,,2461200.5,233.90,7.22e-05
"       (2016 RT1)",0.9603,0.1114,30.58,343.79,145.14,0.853,1.07,0.941,143,3,62,,,21.90,50758949,Y,,,,2461200.5,358.69,0.0351
"       (2016 RG17)",0.8115,0.5693,21.98,170.09,29.15,0.349,1.27,0.731,32,6,60,,,23.00,50759023,N,,,,2461200.5,219.54,0.0435
"       (2016 RL17)",0.8574,0.3322,3.19,166.34,318.39,0.573,1.14,0.794,10,6,31,,,26.58,50759031,N,,,,2461200.5,349.86,0.00133
"       (2016 RJ20)",0.9247,0.5224,5.15,153.25,55.64,0.442,1.41,0.889,2923,0,61,,,23.65,50759316,N,,,,2461200.5,69.99,0.00843
"       (2016 RT20)",0.8282,0.3687,34.16,172.27,326.86,0.523,1.13,0.754,1,7,24,,,24.40,50759341,N,,,,2461200.5,209.21,0.0258
"       (2016 RA34)",0.9417,0.3080,3.62,358.07,220.35,0.652,1.23,0.914,27,5,41,,,24.50,50759383,N,,,,2461200.5,335.91,0.0207
"       (2016 SX1)",0.879,0.1466,2.62,1.14,178.43,0.750,1.01,0.824,6,5,43,,,28.60,50759744,N,,,,2461200.5,101.41,0.00386
"       (2016 SU2)",0.897,0.4198,4.77,182.87,50.14,0.520,1.27,0.849,7,6,29,,,27.60,50759781,N,,,,2461200.5,235.09,0.00139
"       (2016 SL3)",0.9882,0.1904,9.73,194.83,42.03,0.800,1.18,0.982,385,3,41,,,25.00,50759798,N,,,,2461200.5,56.34,0.0717
"       (2016 TH10)",0.7659,0.5160,1.39,7.68,164.28,0.371,1.16,0.67,2915,1,100,,,24.82,50760460,N,,,,2461200.5,36.85,0.00693
"       (2016 TL10)",0.9128,0.1689,6.74,191.02,31.44,0.759,1.07,0.872,2,6,28,,,27.30,50760463,N,,,,2461200.5,170.95,0.0233
"       (2016 TU19)",0.8116,0.3545,6.28,177.17,25.67,0.524,1.10,0.731,29,7,34,,,24.40,50760702,N,,,,2461200.5,251.44,0.0142
"       (2016 TZ19)",0.9472,0.5815,5.27,226.34,297.85,0.396,1.50,0.922,23,6,73,,,23.15,50760703,N,0.050,0.491,0.01,2461200.5,90.94,0.0182
"       (2016 TQ54)",0.943,0.2894,1.37,7.71,243.61,0.670,1.22,0.916,4,6,11,,,27.20,50760705,N,,,,2461200.5,293.73,0.000833
"       (2016 TR54)",0.9739,0.4499,7.59,101.51,109.27,0.536,1.41,0.961,1903,1,100,,,22.07,50760707,N,,,,2461200.5,165.49,0.0188
"       (2016 TA57)",0.8996,0.5419,30.07,33.55,129.22,0.412,1.39,0.853,2174,1,55,,,20.79,50761057,Y,0.281,0.088,0.04,2461200.5,24.68,0.0175
"       (2016 TH94)",0.8269,0.3728,23.11,30.63,145.60,0.519,1.14,0.752,3301,0,130,2,1,24.58,50762485,N,,,,2461200.5,178.06,0.0262
"       (2016 UA)",0.754,0.5172,9.87,291.72,282.94,0.364,1.14,0.655,2195,1,146,,,20.83,50761148,N,,,,2461200.5,73.54,0.115
"       (2016 US4)",0.8046,0.3624,14.96,206.06,327.99,0.513,1.10,0.722,15,6,62,,,24.41,50761294,N,,,,2461200.5,6.46,0.00859
"       (2016 UO5)",0.8994,0.2010,6.65,208.38,1.85,0.719,1.08,0.853,16,7,32,,,25.80,50761376,N,,,,2461200.5,288.40,0.0694
"       (2016 UR5)",0.9409,0.4735,11.71,28.98,126.51,0.495,1.39,0.913,1,7,38,,,26.70,50761377,N,,,,2461200.5,125.36,0.00749
"       (2016 UA6)",0.9516,0.1840,12.16,206.92,311.76,0.777,1.13,0.928,8,6,43,,,25.80,50761417,N,,,,2461200.5,21.92,0.0417
"       (2016 UC31)",0.9549,0.1257,14.00,217.31,319.39,0.835,1.07,0.933,26,5,57,,,24.72,50761508,N,,,,2461200.5,334.72,0.0431
"       (2016 UY35)",0.9299,0.1793,17.49,215.13,25.86,0.763,1.10,0.897,14,6,64,,,24.70,50761670,N,,,,2461200.5,41.50,0.0735
"       (2016 UQ41)",0.9469,0.1562,16.88,214.69,44.11,0.799,1.09,0.921,11,6,44,,,25.30,50761774,N,,,,2461200.5,276.22,0.0416
"       (2016 UF57)",0.929,0.2970,43.86,34.47,222.43,0.653,1.20,0.895,8,8,32,,,23.90,50762188,N,,,,2457693.5,112.23,0.0843
"       (2016 UX80)",0.9416,0.2461,25.52,36.57,229.58,0.710,1.17,0.914,8,7,53,,,24.44,50762460,N,,,,2461200.5,293.20,0.051
"       (2016 UT149)",0.9805,0.2093,2.73,28.58,106.70,0.775,1.19,0.971,0,6,21,,,33.07,54512566,,,,,2460600.5,358.30,
"       (2016 VA)",0.9209,0.5350,29.69,219.69,309.24,0.428,1.41,0.884,1,7,45,,,27.60,50762458,N,,,,2461200.5,223.44,0.000427
"       (2016 VG)",0.9003,0.3443,9.47,223.45,306.74,0.590,1.21,0.854,5,4,56,,,26.70,50763121,N,,,,2461200.5,349.88,0.00324
"       (2016 VB1)",0.755,0.3189,1.22,41.08,176.13,0.514,1.00,0.656,3,6,46,,,28.57,50763297,N,,,,2461200.5,54.75,0.00134
"       (2016 VS1)",0.9331,0.2108,4.40,230.42,314.01,0.736,1.13,0.901,3298,1,61,,,25.87,50763309,N,,,,2461200.5,110.70,0.0205
"       (2016 VU2)",0.9867,0.5478,26.78,235.36,18.55,0.446,1.53,0.98,3329,1,64,,,22.01,50763452,N,,,,2461200.5,15.68,0.25
"       (2016 WR)",0.9076,0.2821,1.84,60.25,220.16,0.652,1.16,0.865,10,6,27,,,26.59,50763963,N,,,,2461200.5,127.53,0.00861
"       (2016 WY)",0.8489,0.1700,1.96,235.21,3.62,0.705,0.99,0.782,10,6,34,,,29.20,50763967,N,,,,2461200.5,268.35,0.00279
"       (2016 WF7)",0.8739,0.2385,0.65,78.81,205.95,0.665,1.08,0.817,7,7,29,,,28.80,50764750,N,,,,2461200.5,1.54,0.00375
"       (2016 WG7)",0.9532,0.2186,4.53,67.25,113.90,0.745,1.16,0.931,17,3,143,1,2,26.00,50764749,N,,,,2461200.5,352.41,0.00324
"       (2016 WN7)",0.8812,0.1826,8.28,239.75,35.66,0.720,1.04,0.827,7,7,19,,,27.90,50764821,N,,,,2461200.5,323.72,0.00869
"       (2016 WS7)",0.917,0.1218,11.16,241.20,355.77,0.805,1.03,0.878,11,6,27,,,24.80,50764825,N,,,,2461200.5,134.67,0.0404
"       (2016 WU7)",0.8375,0.4418,19.77,243.58,41.69,0.467,1.21,0.766,11,6,65,,,25.20,50764829,N,,,,2461200.5,251.58,0.011
"       (2016 WP8)",0.9555,0.1325,13.32,60.17,204.18,0.829,1.08,0.934,29,6,20,,,23.90,50764852,N,,,,2461200.5,222.96,0.0748
"       (2016 WP57)",0.9784,0.6865,0.70,231.32,320.56,0.307,1.65,0.968,0,9,20,,,28.96,54512578,,,,,2460600.5,9.36,
"       (2016 WX57)",0.8676,0.1527,12.31,240.60,340.65,0.735,1.00,0.808,0,7,37,,,31.03,54512583,,,,,2460600.5,125.41,
"       (2016 WA58)",0.9256,0.2342,12.94,62.26,240.05,0.709,1.14,0.891,0,8,15,,,30.03,54512574,,,,,2460600.5,45.94,
"       (2016 WD58)",0.9246,0.1088,49.40,62.75,137.98,0.824,1.03,0.889,0,9,23,,,28.67,54512575,,,,,2460600.5,187.40,
"       (2016 XD2)",0.8461,0.2571,8.28,77.93,161.50,0.629,1.06,0.778,2571,0,127,,,24.04,50765663,N,,,,2461200.5,285.88,0.0429
"       (2016 XE18)",0.9129,0.1558,13.09,252.46,344.12,0.771,1.06,0.872,14,6,46,,,25.29,50765725,N,,,,2461200.5,162.44,0.0604
"       (2016 YH)",0.6814,0.4742,2.23,265.97,0.34,0.358,1.00,0.562,3288,0,122,,,25.73,50766077,N,,,,2461200.5,120.82,0.00753
"       (2016 YA1)",0.9811,0.1582,16.61,271.03,292.87,0.826,1.14,0.972,367,1,100,,,23.75,50766100,N,,,,2461200.5,163.50,0.031
"       (2016 YK4)",0.8704,0.2404,10.14,264.59,43.82,0.661,1.08,0.812,8,7,20,,,26.10,50766151,N,,,,2461200.5,357.83,0.00504
"       (2017 AG13)",0.9632,0.4288,16.45,289.21,297.93,0.550,1.38,0.945,2,6,70,,,26.10,50766456,N,,,,2461200.5,276.05,9.37e-06
"       (2017 AZ13)",0.9284,0.2658,18.32,121.94,200.03,0.682,1.18,0.895,6583,0,116,,,21.97,50766485,N,,,,2461200.5,327.38,0.146
"       (2017 BM3)",0.9797,0.1775,13.73,318.43,286.28,0.806,1.15,0.97,369,2,146,,,23.00,50766657,N,,,,2461200.5,136.87,0.0096
"       (2017 BO6)",0.9359,0.2753,1.86,118.30,142.66,0.678,1.19,0.905,16,5,42,,,26.10,50767033,N,,,,2461200.5,16.52,0.0139
"       (2017 BR6)",0.8817,0.3346,6.69,127.88,226.98,0.587,1.18,0.828,1,5,20,,,27.90,50767031,N,,,,2461200.5,209.24,0.01
"       (2017 BB7)",0.94,0.2108,5.75,127.75,119.68,0.742,1.14,0.911,4,4,27,,,28.10,50767037,N,,,,2461200.5,2.17,0.00763
"       (2017 BD29)",0.9367,0.3058,7.52,80.67,267.57,0.650,1.22,0.907,3277,0,186,,,21.69,50767060,Y,,,,2461200.5,237.30,0.0488
"       (2017 BB30)",0.9814,0.1903,2.98,303.06,293.27,0.795,1.17,0.972,7,5,23,,,25.20,50767174,N,,,,2461200.5,135.21,0.00952
"       (2017 BO30)",0.9273,0.2313,25.07,124.07,155.52,0.713,1.14,0.893,4,7,21,,,23.90,50767187,N,,,,2461200.5,33.73,0.12
"       (2017 BS32)",0.9559,0.3375,8.82,313.50,294.98,0.633,1.28,0.935,6,5,77,,,27.58,50767287,N,,,,2461200.5,283.07,0.000866
"       (2017 BU93)",0.9812,0.4029,22.40,141.79,213.50,0.586,1.38,0.972,20,7,23,,,23.17,50767956,N,,,,2461200.5,324.17,0.166
"       (2017 BV93)",0.9648,0.1155,4.61,112.25,144.80,0.853,1.08,0.948,19,5,36,,,24.90,50767957,N,,,,2461200.5,198.81,0.0413
"       (2017 BN123)",0.8911,0.3578,25.21,330.65,351.94,0.572,1.21,0.841,7682,1,53,,,22.60,50768636,N,,,,2461200.5,202.74,0.203
"       (2017 BG136)",0.9948,0.0525,27.61,130.03,145.34,0.943,1.05,0.992,1,8,16,,,25.98,50769461,N,,,,2457785.5,220.91,0.0515
"       (2017 CP32)",0.8411,0.2516,17.00,323.32,37.48,0.630,1.05,0.771,15,6,47,,,24.01,50769423,N,,,,2461200.5,147.84,0.00229
"       (2017 CY35)",0.7438,0.3463,2.89,133.77,191.88,0.486,1.00,0.642,0,9,22,,,30.20,54512595,,,,,2460600.5,158.69,
"       (2017 CB36)",0.9827,0.0825,8.90,133.30,261.62,0.902,1.06,0.974,0,7,10,,,31.44,54512588,,,,,2460600.5,53.82,
"       (2017 CC36)",0.7964,0.3038,2.10,135.13,151.29,0.554,1.04,0.711,0,9,12,,,33.74,54512589,,,,,2460600.5,157.48,
"       (2017 DU34)",0.67,0.5298,6.11,150.93,175.87,0.315,1.03,0.548,5,7,24,,,26.80,50769840,N,,,,2461200.5,178.47,0.0173
"       (2017 DV35)",0.9296,0.1306,2.64,158.62,143.97,0.808,1.05,0.896,10,6,42,,,27.20,50769904,N,,,,2461200.5,351.75,0.0116
"       (2017 DW35)",0.8411,0.5555,31.92,338.14,341.11,0.374,1.31,0.771,19,7,59,,,22.21,50769906,N,,,,2461200.5,240.79,0.165
"       (2017 DC36)",0.9735,0.2743,5.71,330.00,70.95,0.706,1.24,0.961,1597,1,376,,,22.14,50769911,N,,,,2461200.5,322.70,0.00014
"       (2017 DS37)",0.9383,0.1370,7.14,332.83,313.84,0.810,1.07,0.909,6,5,45,,,27.30,50770165,N,,,,2461200.5,320.33,0.0196
"       (2017 DL123)",0.883,0.2031,19.80,332.46,44.15,0.704,1.06,0.83,0,7,20,,,29.88,54510139,,,,,2460600.5,196.51,
"       (2017 EL)",0.8526,0.2509,8.39,350.78,14.73,0.639,1.07,0.787,32,6,50,,,25.10,50770351,N,,,,2461200.5,60.96,0.0495
"       (2017 EH1)",0.8824,0.4340,4.33,134.59,254.96,0.499,1.27,0.829,1854,0,119,,,23.29,50771011,N,,,,2461200.5,153.87,0.0306
"       (2017 ED3)",0.9181,0.1693,6.12,26.30,332.68,0.763,1.07,0.88,2558,0,57,,,24.12,50771042,N,,,,2461200.5,355.27,0.0297
"       (2017 EE23)",0.8755,0.3809,16.12,149.14,244.17,0.542,1.21,0.819,6595,0,88,,,21.93,50771628,N,,,,2461200.5,210.74,0.0539
"       (2017 EN25)",0.9811,0.5252,29.81,344.77,56.31,0.466,1.50,0.972,0,9,23,,,29.48,54510141,,,,,2460600.5,4.28,
"       (2017 FZ)",0.8274,0.3012,36.73,171.87,180.27,0.578,1.08,0.753,2,8,22,,,23.33,50771631,N,,,,2457831.5,181.81,0.0829
"       (2017 FG1)",0.9334,0.2723,17.53,356.72,48.29,0.679,1.19,0.902,9,6,26,,,25.70,50771632,N,,,,2461200.5,191.14,0.0466
"       (2017 FM2)",0.9515,0.0632,6.02,163.39,205.10,0.891,1.01,0.928,41,5,39,,,25.60,50771645,N,,,,2461200.5,145.72,0.0137
"       (2017 FW2)",0.911,0.4095,16.27,178.39,231.43,0.538,1.28,0.87,4,6,58,,,25.60,50771651,N,,,,2461200.5,302.07,0.0127
"       (2017 FR63)",0.9601,0.1562,7.15,6.93,56.05,0.810,1.11,0.941,37,2,65,0,1,26.10,50771822,N,,,,2461200.5,27.65,0.0195
"       (2017 FU90)",0.7729,0.6493,2.34,359.71,34.85,0.271,1.27,0.68,8,6,103,,,25.27,50772779,N,,,,2461200.5,284.26,0.00214
"       (2017 FR91)",0.9075,0.3239,0.23,199.53,114.69,0.614,1.20,0.865,4,3,83,3,2,26.90,50772867,N,,,,2461200.5,139.36,0.000769
"       (2017 FS91)",0.9038,0.2816,2.52,16.83,40.97,0.649,1.16,0.859,8,5,96,,,26.30,50772869,N,,,,2461200.5,350.64,0.00978
"       (2017 FT101)",0.9714,0.2878,21.75,187.11,242.33,0.692,1.25,0.957,3,6,92,,,25.70,50773019,N,,,,2461200.5,302.45,0.0243
"       (2017 FX101)",0.9391,0.3482,3.50,30.37,284.62,0.612,1.27,0.91,14,6,72,,,25.38,50773018,N,,,,2461200.5,307.63,0.0161
"       (2017 FY101)",0.9864,0.3461,2.49,5.96,295.16,0.645,1.33,0.98,2,6,54,,,27.20,50773016,N,,,,2461200.5,67.20,0.00233
"       (2017 FM127)",0.9712,0.1584,11.71,180.92,226.40,0.817,1.13,0.957,2,6,14,,,25.60,50773616,N,,,,2461200.5,345.42,0.0569
"       (2017 FN127)",0.9373,0.2824,9.56,176.91,233.46,0.673,1.20,0.907,2,6,13,,,25.60,50773617,N,,,,2461200.5,158.14,0.022
"       (2017 FH128)",0.8741,0.3838,10.88,100.21,257.22,0.539,1.21,0.817,5184,0,94,,,21.68,50773673,N,,,,2461200.5,296.86,0.0748
"       (2017 FL128)",0.9111,0.3173,17.90,8.94,28.46,0.622,1.20,0.87,54,3,44,,,22.21,50773676,N,,,,2461200.5,344.85,0.107
"       (2017 GO4)",0.96,0.1828,6.86,196.27,128.56,0.785,1.14,0.941,27,3,85,,,25.00,50773778,N,,,,2461200.5,159.81,0.0248
"       (2017 GU4)",0.9586,0.1284,24.13,191.25,176.62,0.836,1.08,0.939,11,7,60,,,22.90,50773785,N,,,,2461200.5,106.70,0.0823
"       (2017 GO5)",0.7693,0.3656,4.13,47.96,321.27,0.488,1.05,0.675,12,8,30,,,25.60,50773862,N,,,,2457849.5,194.51,0.0189
"       (2017 GT5)",0.9619,0.2289,21.70,205.29,206.86,0.742,1.18,0.943,468,1,205,,,21.30,50773860,N,,,,2461200.5,30.30,0.133
"       (2017 GX6)",0.9529,0.0644,10.48,195.95,158.35,0.892,1.01,0.93,5,5,22,,,27.40,50773946,N,,,,2461200.5,155.41,0.00884
"       (2017 HX)",0.7824,0.4637,10.98,207.63,169.53,0.420,1.15,0.692,6581,2,55,,,24.25,50774029,N,,,,2461200.5,278.81,0.0665
"       (2017 HZ)",0.8918,0.2191,8.64,27.90,34.65,0.696,1.09,0.842,8,6,35,,,27.00,50774030,N,,,,2461200.5,78.68,0.0226
"       (2017 HF1)",0.9773,0.6407,13.22,37.62,309.24,0.351,1.60,0.966,23,7,78,,,22.69,50774041,N,,,,2461200.5,93.62,0.00991
"       (2017 HG1)",0.7973,0.2964,7.24,208.74,197.50,0.561,1.03,0.712,6,6,37,,,27.50,50774037,N,,,,2461200.5,89.32,0.00722
"       (2017 HK1)",0.909,0.1469,1.51,141.12,258.71,0.775,1.04,0.867,38,5,79,0,1,25.10,50774035,N,,,,2461200.5,3.42,0.0146
"       (2017 HU2)",0.8687,0.1639,6.23,32.95,5.40,0.726,1.01,0.81,15,5,122,,,25.93,50774089,N,,,,2461200.5,271.48,0.00499
"       (2017 HG4)",0.866,0.1840,3.00,209.98,205.66,0.707,1.03,0.806,1480,0,38,,,27.70,50774137,N,,,,2461200.5,277.33,0.000691
"       (2017 HW4)",0.9781,0.3624,18.59,218.31,116.80,0.624,1.33,0.967,3023,2,68,,,22.03,50774160,N,,,,2461200.5,70.66,0.00544
"       (2017 HZ4)",0.9103,0.2167,1.79,67.48,312.34,0.713,1.11,0.869,53,5,56,,,25.80,50774157,N,,,,2461200.5,29.04,0.000442
"       (2017 HA5)",0.8575,0.2140,1.72,204.36,179.57,0.674,1.04,0.794,6,7,21,,,27.50,50774156,N,,,,2461200.5,12.58,0.0135
"       (2017 HC49)",0.8472,0.4495,29.94,32.29,347.69,0.466,1.23,0.78,5146,0,77,,,22.41,50774385,N,,,,2461200.5,94.75,0.177
"       (2017 HU49)",0.9715,0.0551,2.62,45.67,345.73,0.918,1.03,0.958,28,4,148,,,26.50,50774407,N,,,,2461200.5,13.74,0.0119
"       (2017 JS1)",0.9589,0.2663,11.16,220.89,235.31,0.704,1.21,0.939,15,6,51,,,25.50,50774587,N,,,,2461200.5,349.15,0.0258
"       (2017 JJ2)",0.6915,0.6265,12.16,216.43,205.18,0.258,1.12,0.575,4,8,27,,,25.10,50774597,N,,,,2457878.5,123.04,0.0127
"       (2017 JF3)",0.9065,0.3492,5.82,243.19,130.36,0.590,1.22,0.863,4858,0,126,,,21.74,50774635,Y,,,,2461200.5,66.74,0.00427
"       (2017 KZ2)",0.8923,0.3104,31.68,231.15,225.69,0.615,1.17,0.843,7,8,29,,,25.00,50774714,N,,,,2457891.5,110.52,0.0173
"       (2017 KG3)",0.977,0.3629,19.07,233.88,240.60,0.622,1.33,0.966,13,7,68,,,24.70,50774712,N,,,,2461200.5,218.23,0.0142
"       (2017 KA5)",0.8821,0.2264,6.62,231.58,182.10,0.682,1.08,0.829,24,7,45,,,25.60,50774753,N,,,,2461200.5,163.91,0.066
"       (2017 KD5)",0.886,0.3672,50.06,208.88,251.47,0.561,1.21,0.834,1822,1,46,,,19.98,50774756,N,,,,2461200.5,66.71,0.124
"       (2017 KP27)",0.9674,0.1654,1.24,349.39,125.64,0.807,1.13,0.952,850,2,59,,,25.80,50775067,N,,,,2461200.5,281.67,0.00508
"       (2017 KR31)",0.8535,0.2784,12.60,239.61,169.70,0.616,1.09,0.788,10,7,72,,,24.10,50775116,N,,,,2461200.5,14.43,0.0649
"       (2017 KT31)",0.9466,0.1131,32.64,239.10,149.56,0.840,1.05,0.921,5,7,46,,,24.00,50775119,N,,,,2461200.5,156.16,0.0235
"       (2017 KJ32)",0.9062,0.1340,2.18,238.65,208.03,0.785,1.03,0.863,4,6,37,,,28.90,50775138,N,,,,2461200.5,321.92,0.00123
"       (2017 LE1)",0.8955,0.1883,11.38,85.70,346.59,0.727,1.06,0.847,7,6,45,,,25.70,50775231,N,,,,2461200.5,50.89,0.0393
"       (2017 MZ2)",0.8971,0.3083,11.66,260.84,234.36,0.621,1.17,0.85,12,5,28,,,25.62,50776034,N,,,,2461200.5,301.86,0.0146
"       (2017 MA5)",0.9659,0.2311,5.91,271.21,131.83,0.743,1.19,0.949,9,7,29,,,25.70,50776108,N,,,,2461200.5,53.15,0.0265
"       (2017 MM8)",0.8875,0.6674,23.35,98.64,336.38,0.295,1.48,0.836,1830,1,44,,,22.58,50776292,N,,,,2461200.5,160.61,0.102
"       (2017 MS8)",0.9065,0.2581,29.38,272.25,160.67,0.673,1.14,0.863,2,8,23,,,23.40,50776298,N,,,,2457935.5,217.21,0.0987
"       (2017 MU8)",0.9562,0.2546,18.61,276.16,228.21,0.713,1.20,0.935,486,2,78,,,21.47,50776301,Y,,,,2461200.5,323.67,0.0482
"       (2017 NK)",0.9666,0.1216,13.55,254.71,262.46,0.849,1.08,0.95,1242,1,138,,,21.20,50776323,Y,,,,2461200.5,249.23,0.0423
"       (2017 NS5)",0.9761,0.2571,43.93,294.80,119.29,0.725,1.23,0.964,1444,1,199,,,20.77,50776572,Y,,,,2461200.5,351.14,0.0245
"       (2017 OM1)",0.9827,0.4465,17.90,122.95,299.90,0.544,1.42,0.974,366,1,141,,,23.40,50778099,N,,,,2461200.5,330.63,0.00206
"       (2017 OO1)",0.8945,0.1376,20.03,298.28,186.14,0.771,1.02,0.846,9,4,101,,,24.50,50778107,N,,,,2461200.5,353.12,0.000339
"       (2017 OU18)",0.8257,0.3775,30.38,302.21,185.26,0.514,1.14,0.75,4379,1,33,,,23.98,50778647,N,,,,2461200.5,108.87,0.117
"       (2017 PK25)",0.8139,0.4371,25.87,140.78,324.34,0.458,1.17,0.734,2,6,14,,,25.30,50780656,N,,,,2461200.5,259.41,0.0056
"       (2017 PW26)",0.9665,0.3955,18.83,321.34,228.74,0.584,1.35,0.95,3,8,14,,,24.80,50780718,N,,,,2457981.5,89.18,0.0532
"       (2017 QQ)",0.8737,0.2232,8.38,321.93,192.00,0.679,1.07,0.817,2,7,15,,,26.10,50780726,N,,,,2461200.5,92.26,0.0412
"       (2017 QO1)",0.8975,0.1902,2.24,142.00,334.00,0.727,1.07,0.85,4,7,16,,,27.00,50780755,N,,,,2461200.5,350.12,0.00978
"       (2017 QQ1)",0.9666,0.3320,9.02,340.18,113.56,0.646,1.29,0.95,12,7,19,,,24.80,50780756,N,,,,2461200.5,1.59,0.0075
"       (2017 QW1)",0.9841,0.1264,4.15,326.56,234.29,0.860,1.11,0.976,12,4,36,,,26.20,50780763,N,,,,2461200.5,116.65,0.0162
"       (2017 QB2)",0.9729,0.1584,9.16,322.83,218.46,0.819,1.13,0.96,827,2,28,,,24.40,50780788,N,,,,2461200.5,199.09,0.0524
"       (2017 QC17)",0.8641,0.5261,5.34,115.52,30.52,0.410,1.32,0.803,2920,1,49,,,22.41,50781025,N,,,,2461200.5,173.24,0.02
"       (2017 QW17)",0.888,0.6452,12.34,337.05,208.73,0.315,1.46,0.837,2242,0,196,,,21.63,50781046,Y,,,,2461200.5,274.38,0.0442
"       (2017 QK18)",0.7697,0.3996,4.15,359.02,147.80,0.462,1.08,0.675,26,7,25,,,24.65,50781066,N,,,,2461200.5,203.64,0.00669
"       (2017 QG33)",0.98,0.3108,8.54,321.18,168.07,0.675,1.28,0.97,777,1,38,,,23.50,50781269,N,,,,2461200.5,238.42,0.121
"       (2017 QY34)",0.8133,0.4149,27.22,328.60,222.73,0.476,1.15,0.733,2990,1,117,,,20.92,50781324,Y,,,,2461200.5,92.59,0.0328
"       (2017 QB35)",0.9302,0.1390,4.81,159.26,315.62,0.801,1.06,0.897,2,4,33,,,29.30,50781327,N,,,,2461200.5,155.22,0.00216
"       (2017 QQ35)",0.8117,0.4551,22.37,347.41,173.50,0.442,1.18,0.731,2939,0,71,,,21.94,50781334,N,,,,2461200.5,176.44,0.153
"       (2017 QC36)",0.7992,0.2962,17.36,136.65,356.59,0.562,1.04,0.714,1897,0,87,,,20.70,50781382,Y,,,,2461200.5,324.95,0.0208
"       (2017 RX2)",0.7413,0.5444,1.69,174.08,334.33,0.338,1.14,0.638,19,7,43,,,26.55,50781437,N,,,,2461200.5,130.99,0.00112
"       (2017 RK15)",0.8634,0.4191,5.74,344.54,216.26,0.502,1.23,0.802,1449,3,30,,,25.68,50781474,N,,,,2461200.5,77.95,0.0152
"       (2017 RZ15)",0.9574,0.2565,2.04,162.00,62.46,0.712,1.20,0.937,3,6,9,,,27.10,50781484,N,,,,2461200.5,216.19,0.000768
"       (2017 RH16)",0.8747,0.4429,0.62,338.32,226.61,0.487,1.26,0.818,438,3,26,,,26.14,50781597,N,,,,2461200.5,347.12,4.7e-07
"       (2017 RO17)",0.8712,0.3788,0.96,187.29,19.82,0.541,1.20,0.813,8,6,12,,,26.10,50781731,N,,,,2461200.5,14.44,0.00765
"       (2017 RQ17)",0.6991,0.5186,5.03,159.86,344.01,0.337,1.06,0.585,1,8,16,,,27.73,50781848,N,,,,2457998.5,220.74,0.003
"       (2017 SS10)",0.8532,0.3262,18.65,181.65,323.57,0.575,1.13,0.788,6,6,39,,,25.20,50781674,N,,,,2461200.5,259.89,0.0234
"       (2017 SL16)",0.996,0.1520,8.80,182.11,68.46,0.845,1.15,0.994,1472,0,76,0,1,25.92,50781920,N,,,,2461200.5,357.75,0.0181
"       (2017 SM17)",0.9405,0.4835,6.32,326.98,177.28,0.486,1.40,0.912,6,8,22,,,23.60,50781932,N,,,,2458023.5,268.63,0.0866
"       (2017 SV17)",0.8903,0.2588,4.98,10.55,209.38,0.660,1.12,0.84,21,7,23,,,25.70,50781940,N,,,,2461200.5,253.63,0.0259
"       (2017 SB20)",0.9731,0.2172,5.44,11.84,116.32,0.762,1.18,0.96,20,6,43,,,25.00,50782004,N,,,,2461200.5,283.08,0.0107
"       (2017 SD20)",0.8518,0.4530,6.48,187.32,37.32,0.466,1.24,0.786,9,6,39,,,25.97,50782009,N,,,,2461200.5,116.41,0.013
"       (2017 SE20)",0.7545,0.3706,7.31,4.51,192.45,0.475,1.03,0.655,4,7,23,,,27.90,50782013,N,,,,2461200.5,251.63,0.0107
"       (2017 SP21)",0.9804,0.1388,11.21,188.13,69.32,0.844,1.12,0.971,2,5,31,,,27.80,50782083,N,,,,2461200.5,75.10,0.00732
"       (2017 SS32)",0.8372,0.5216,9.93,160.78,59.50,0.401,1.27,0.766,3680,1,25,,,22.80,50785728,N,,,,2461200.5,223.41,0.0523
"       (2017 TU1)",0.7941,0.4367,0.41,328.24,196.72,0.447,1.14,0.708,2505,0,58,,,26.20,50785704,N,,,,2461200.5,331.36,0.00204
"       (2017 TF2)",0.7157,0.3748,13.86,326.96,217.65,0.448,0.98,0.606,1100,1,68,,,20.30,50785712,N,,,,2461200.5,316.01,0.0913
"       (2017 TJ4)",0.7676,0.3550,4.39,200.12,16.26,0.495,1.04,0.672,30,7,115,,,25.20,50785792,N,,,,2461200.5,105.04,0.00729
"       (2017 TG5)",0.7598,0.4578,11.56,202.49,341.66,0.412,1.11,0.662,13,7,56,,,25.10,50785813,N,,,,2461200.5,240.58,0.0357
"       (2017 TZ5)",0.7972,0.3981,2.24,24.69,208.31,0.480,1.11,0.712,6,7,37,,,26.81,50785955,N,,,,2461200.5,173.64,0.0041
"       (2017 TK6)",0.8237,0.3902,16.43,24.61,150.81,0.502,1.15,0.748,1095,1,89,,,24.63,50786477,N,,,,2461200.5,78.24,0.0421
"       (2017 US)",0.8312,0.2286,0.91,199.51,357.86,0.641,1.02,0.758,1071,1,133,,,26.20,50787091,N,,,,2461200.5,342.71,0.00582
"       (2017 UN1)",0.8843,0.4669,3.98,39.05,201.72,0.471,1.30,0.832,13,7,27,,,24.75,50787116,N,,,,2461200.5,241.92,0.0312
"       (2017 UT2)",0.9832,0.1196,11.14,27.29,214.43,0.866,1.10,0.975,384,2,55,,,24.60,50787649,N,,,,2461200.5,86.89,0.0697
"       (2017 UG5)",0.9859,0.1942,13.22,30.61,239.71,0.794,1.18,0.979,7,7,29,,,26.30,50788049,N,,,,2461200.5,30.52,0.0415
"       (2017 UZ5)",0.9177,0.1748,6.03,26.50,134.65,0.757,1.08,0.879,2,7,23,,,26.60,50788061,N,,,,2461200.5,177.58,0.0111
"       (2017 UP6)",0.8225,0.4558,5.61,200.57,337.52,0.448,1.20,0.746,3,7,35,,,26.10,50788098,N,,,,2461200.5,93.56,0.0303
"       (2017 UQ6)",0.9439,0.1100,0.59,333.30,229.95,0.840,1.05,0.917,19,6,26,,,27.20,50788096,N,,,,2461200.5,335.05,0.000773
"       (2017 UL44)",0.8775,0.3032,27.95,39.65,138.05,0.611,1.14,0.822,4,7,94,,,23.80,50788188,N,,,,2461200.5,55.74,0.0316
"       (2017 UA45)",0.9226,0.1671,4.21,201.86,50.54,0.768,1.08,0.886,45,4,39,,,26.10,50788914,N,,,,2461200.5,31.43,0.00236
"       (2017 UL52)",0.863,0.1700,10.54,27.22,191.69,0.716,1.01,0.802,,9,5,,,28.29,50791329,N,,,,2458047.5,164.46,0.00928
"       (2017 VL1)",0.9505,0.3136,4.34,229.01,58.51,0.652,1.25,0.927,11,7,24,,,26.50,50789122,N,,,,2461200.5,171.29,0.00746
"       (2017 VD2)",0.8885,0.3036,24.31,228.52,332.08,0.619,1.16,0.837,1839,0,259,,,21.49,50789147,N,,,,2461200.5,317.80,0.0992
"       (2017 VN2)",0.8943,0.2055,1.39,251.29,296.48,0.711,1.08,0.846,7,6,66,,,27.40,50789165,N,,,,2461200.5,287.19,0.00584
"       (2017 VS12)",0.8935,0.3191,11.87,254.40,303.06,0.608,1.18,0.845,27,6,33,,,23.00,50789245,N,,,,2461200.5,280.90,0.00778
"       (2017 VB13)",0.8803,0.1991,21.38,231.40,325.48,0.705,1.06,0.826,4,5,45,,,25.50,50789402,N,,,,2461200.5,1.17,0.0202
"       (2017 VU13)",0.8472,0.4687,21.21,153.27,68.88,0.450,1.24,0.78,2526,1,45,,,20.89,50789413,N,,,,2461200.5,212.87,0.128
"       (2017 VE14)",0.9182,0.2765,11.09,232.38,54.34,0.664,1.17,0.88,1,6,22,,,27.90,50789424,N,,,,2461200.5,357.69,0.0119
"       (2017 VG15)",0.8469,0.2878,10.79,231.14,352.17,0.603,1.09,0.779,2553,2,44,,,24.79,50789454,N,,,,2461200.5,194.70,0.0853
"       (2017 WE)",0.9823,0.3033,26.76,54.70,115.35,0.684,1.28,0.974,3,7,37,,,26.70,50789455,N,,,,2461200.5,204.01,0.0295
"       (2017 WR)",0.8466,0.5277,5.77,62.13,138.40,0.400,1.29,0.779,2561,2,52,,,24.84,50789478,N,,,,2461200.5,259.86,0.0037
"       (2017 WQ1)",0.8145,0.3462,4.30,222.30,30.09,0.533,1.10,0.735,11,7,37,,,24.98,50789502,N,,,,2461200.5,20.17,0.00799
"       (2017 WJ2)",0.9343,0.1611,21.94,44.20,223.08,0.784,1.08,0.903,26,6,27,,,22.40,50789563,N,,,,2461200.5,318.88,0.0371
"       (2017 WZ12)",0.8653,0.1967,5.86,60.23,192.71,0.695,1.04,0.805,19,7,29,,,26.90,50789641,N,,,,2461200.5,25.41,0.0305
"       (2017 WG14)",0.6884,0.5412,8.20,42.88,200.04,0.316,1.06,0.571,2929,1,27,,,24.50,50789687,N,,,,2461200.5,148.73,0.000672
"       (2017 WZ14)",0.965,0.1620,4.68,277.73,279.94,0.809,1.12,0.948,31,4,27,,,25.10,50789696,N,,,,2461200.5,243.57,0.00773
"       (2017 WA15)",0.9085,0.5098,19.08,334.97,267.01,0.445,1.37,0.866,5113,0,234,,,18.85,50789699,N,,,,2461200.5,211.64,0.173
"       (2017 WJ16)",0.8223,0.2148,5.69,58.74,186.92,0.646,1.00,0.746,1105,0,151,2,0,24.45,50789743,N,,,,2461200.5,327.61,0.00763
"       (2017 WO16)",0.9362,0.1919,8.96,242.08,300.30,0.757,1.12,0.906,16,5,28,,,25.04,50789745,N,,,,2461200.5,55.18,0.00704
"       (2017 WD28)",0.9125,0.4222,11.46,64.13,127.45,0.527,1.30,0.872,2,6,92,,,25.70,50789770,N,,,,2461200.5,201.59,0.00878
"       (2017 WT28)",0.8997,0.1315,5.76,242.77,36.11,0.781,1.02,0.853,19,6,28,,,28.10,50790088,N,,,,2461200.5,134.25,0.00122
"       (2017 WF29)",0.9707,0.4083,4.62,245.35,53.84,0.574,1.37,0.956,1,9,24,,,26.18,50791339,N,,,,2458084.5,80.04,0.0133
"       (2017 XR)",0.9495,0.6979,1.40,219.66,355.98,0.287,1.61,0.925,7,9,36,,,23.80,50791037,N,,,,2458095.5,298.15,0.0153
"       (2017 XS)",0.793,0.3418,14.86,257.36,27.90,0.522,1.06,0.706,60,6,246,,,22.70,50791038,N,,,,2461200.5,140.43,0.0132
"       (2017 XS2)",0.942,0.1591,2.33,233.56,56.51,0.792,1.09,0.914,62,4,35,,,25.98,50791319,N,,,,2461200.5,239.91,0.00417
"       (2017 XQ60)",0.9971,0.2150,27.20,269.15,284.41,0.783,1.21,0.996,2190,0,103,,,24.50,50791365,N,,,,2461200.5,95.13,0.0186
"       (2017 YB1)",0.9648,0.2356,2.69,103.30,226.21,0.737,1.19,0.948,3,7,16,,,26.90,50794985,N,,,,2461200.5,69.23,0.0194
"       (2017 YK1)",0.9367,0.2011,27.51,93.80,219.21,0.748,1.13,0.907,8,8,30,,,24.90,50794991,N,,,,2458109.5,121.56,0.0765
"       (2017 YS1)",0.9897,0.0525,5.55,91.49,87.67,0.938,1.04,0.985,4,3,34,,,28.90,50795005,N,,,,2461200.5,126.99,0.000882
"       (2017 YD2)",0.8444,0.3165,1.90,277.28,314.09,0.577,1.11,0.776,1,6,26,,,28.70,50795010,N,,,,2461200.5,209.75,0.00112
"       (2017 YO3)",0.7525,0.3489,8.65,267.92,19.58,0.490,1.02,0.653,3,7,25,,,28.20,50795050,N,,,,2461200.5,133.18,0.000251
"       (2017 YU3)",0.965,0.4435,7.05,98.47,134.43,0.537,1.39,0.948,24,6,49,,,23.90,50795049,N,,,,2461200.5,240.48,0.0323
"       (2017 YQ5)",0.9972,0.1684,16.98,91.84,142.56,0.829,1.17,0.996,2,8,17,,,24.70,50795109,N,,,,2458113.5,236.10,0.122
"       (2017 YM6)",0.9548,0.1623,11.22,307.05,20.75,0.800,1.11,0.933,72,3,60,,,23.30,50795134,N,,,,2461200.5,137.81,0.101
"       (2017 YG7)",0.8556,0.2246,14.52,284.31,15.21,0.663,1.05,0.791,43,6,44,,,24.70,50795145,N,,,,2461200.5,29.09,0.0508
"       (2017 YJ7)",0.7833,0.2945,3.29,290.66,351.70,0.553,1.01,0.693,19,8,39,,,26.30,50795152,N,,,,2458121.5,180.91,0.0124
"       (2017 YK7)",0.7561,0.3996,8.11,282.50,336.31,0.454,1.06,0.657,5,8,20,,,24.56,50795146,N,,,,2458115.5,223.75,0.00865
"       (2017 YQ8)",0.9887,0.4060,17.08,94.21,124.32,0.587,1.39,0.983,11,8,25,,,24.60,50796313,N,,,,2458121.5,286.64,0.0471
"       (2017 YV8)",0.897,0.2562,3.11,268.37,52.05,0.667,1.13,0.85,25,5,19,,,27.30,50796327,N,,,,2461200.5,87.18,0.00235
"       (2018 AS2)",0.9717,0.2260,5.44,293.01,287.36,0.752,1.19,0.958,1,6,16,,,28.60,50797484,N,,,,2461200.5,197.56,0.00187
"       (2018 AD4)",0.9289,0.2187,13.57,112.15,199.19,0.726,1.13,0.895,2930,1,83,,,22.72,50797514,N,,,,2461200.5,293.38,0.115
"       (2018 AU11)",0.977,0.3653,10.36,114.01,114.78,0.620,1.33,0.966,6,7,32,,,25.30,50797699,N,,,,2461200.5,175.00,0.00658
"       (2018 AM12)",0.9172,0.1162,21.67,288.83,51.05,0.811,1.02,0.878,5136,0,128,,,21.16,50797721,Y,,,,2461200.5,322.20,0.00714
"       (2018 BX)",0.8226,0.2219,6.46,298.48,338.95,0.640,1.01,0.746,1,6,29,,,29.10,50797738,N,,,,2461200.5,292.36,0.00169
"       (2018 BP1)",0.7375,0.4019,6.39,126.12,180.56,0.441,1.03,0.633,24,7,48,,,24.60,50797773,N,,,,2461200.5,251.80,0.0373
"       (2018 BT1)",0.8652,0.3095,29.91,121.00,140.69,0.597,1.13,0.805,2915,0,139,0,1,23.06,50797774,N,,,,2461200.5,36.87,0.039
"       (2018 BH3)",0.8666,0.3385,1.99,298.86,50.31,0.573,1.16,0.807,15,3,99,0,1,25.40,50797881,N,,,,2461200.5,238.50,0.000515
"       (2018 BB5)",0.9563,0.5930,7.96,128.84,136.25,0.389,1.52,0.935,19,7,23,,,24.40,50797922,N,,,,2461200.5,264.79,0.0176
"       (2018 BF5)",0.9751,0.0848,18.94,119.89,243.34,0.892,1.06,0.963,6,6,99,,,24.20,50797925,N,,,,2461200.5,1.02,0.0217
"       (2018 BM5)",0.765,0.3922,3.15,304.01,333.98,0.465,1.07,0.669,732,0,67,1,1,27.42,50797928,N,,,,2461200.5,58.49,0.00285
"       (2018 CH)",0.8176,0.4011,1.56,109.92,241.41,0.490,1.15,0.739,9,7,36,,,26.40,50799021,N,,,,2461200.5,211.12,0.00941
"       (2018 CL)",0.8543,0.2412,11.85,136.26,141.70,0.648,1.06,0.79,2,6,64,,,25.50,50799024,N,,,,2461200.5,78.85,0.00477
"       (2018 CW)",0.938,0.1380,29.31,131.38,171.97,0.809,1.07,0.908,388,3,45,,,21.39,50799265,N,,,,2461200.5,246.13,0.0803
"       (2018 CX1)",0.8182,0.3955,33.97,0.88,295.91,0.495,1.14,0.74,2980,2,62,,,20.19,50799292,N,,,,2461200.5,317.45,0.131
"       (2018 CZ1)",0.983,0.1537,21.49,136.78,125.76,0.832,1.13,0.975,2,7,40,,,24.60,50799295,N,,,,2461200.5,90.12,0.0632
"       (2018 CB2)",0.8949,0.3611,22.84,140.86,129.45,0.572,1.22,0.847,4,7,48,,,25.00,50799296,N,,,,2461200.5,209.36,0.0167
"       (2018 CS2)",0.8102,0.2757,4.27,347.26,357.00,0.587,1.03,0.729,25,7,29,,,25.50,50799322,N,,,,2461200.5,296.79,0.0256
"       (2018 CV2)",0.8952,0.3137,30.16,137.78,226.23,0.614,1.18,0.847,6,8,22,,,25.56,50799323,N,,,,2458157.5,104.80,0.0386
"       (2018 CW2)",0.7598,0.4226,5.10,331.90,327.74,0.439,1.08,0.662,1471,0,161,2,1,25.66,50799335,N,,,,2461200.5,60.48,0.00434
"       (2018 CA14)",0.9466,0.1554,10.60,319.93,6.84,0.800,1.09,0.921,12,6,35,,,24.40,50799668,N,,,,2461200.5,190.32,0.105
"       (2018 DA)",0.9044,0.4432,4.10,333.85,310.93,0.504,1.31,0.86,2185,2,72,,,24.09,50799704,N,,,,2461200.5,147.75,0.00497
"       (2018 DU1)",0.8875,0.2336,1.16,344.10,309.20,0.680,1.09,0.836,2,7,31,,,27.70,50799767,N,,,,2461200.5,211.87,0.000625
"       (2018 DV1)",0.9855,0.1655,5.15,341.04,281.64,0.822,1.15,0.978,1,5,28,,,28.40,50799770,N,,,,2461200.5,80.46,0.000388
"       (2018 DX1)",0.9772,0.1284,7.08,345.31,9.45,0.852,1.10,0.966,401,3,74,,,24.20,50799774,N,,,,2461200.5,3.58,0.103
"       (2018 DZ1)",0.978,0.0957,11.37,150.59,189.36,0.884,1.07,0.967,422,2,53,,,24.80,50799773,N,,,,2461200.5,20.54,0.0816
"       (2018 DA2)",0.8825,0.4508,18.32,344.24,328.66,0.485,1.28,0.829,1833,1,56,,,23.28,50799771,N,,,,2461200.5,235.19,0.0837
"       (2018 DC4)",0.9192,0.1308,2.44,332.20,327.11,0.799,1.04,0.881,4,6,19,,,27.30,50799788,N,,,,2461200.5,16.40,0.0097
"       (2018 ES3)",0.9254,0.2440,14.17,351.79,337.90,0.700,1.15,0.89,35,4,29,,,24.64,50799899,N,,,,2461200.5,301.56,0.106
"       (2018 EO4)",0.8282,0.3121,22.84,167.75,178.09,0.570,1.09,0.754,1092,2,87,,,23.48,50801962,N,,,,2461200.5,164.38,0.0936
"       (2018 FD)",0.7963,0.3260,5.41,171.54,179.54,0.537,1.06,0.711,1838,1,101,,,24.27,50801968,N,,,,2461200.5,34.46,0.0402
"       (2018 FY)",0.9811,0.1306,11.00,164.45,244.82,0.853,1.11,0.972,811,2,85,,,23.30,50801988,N,,,,2461200.5,285.74,0.0252
"       (2018 FH1)",0.9381,0.1771,3.55,181.36,232.98,0.772,1.10,0.909,5,4,46,1,1,26.60,50802017,N,,,,2461200.5,123.27,0.00803
"       (2018 FM2)",0.9418,0.0947,1.16,143.06,191.87,0.853,1.03,0.914,37,5,18,,,26.60,50802043,N,,,,2461200.5,204.65,0.014
"       (2018 FE3)",0.884,0.2105,6.86,176.67,224.72,0.698,1.07,0.831,23,6,58,,,27.20,50802064,N,,,,2461200.5,76.97,0.000815
"       (2018 FT3)",0.902,0.1699,3.11,185.58,173.24,0.749,1.06,0.857,6,7,26,,,26.80,50802083,N,,,,2461200.5,34.07,0.0284
"       (2018 FB4)",0.9292,0.3872,17.25,181.21,233.85,0.569,1.29,0.896,1,7,31,,,27.50,50802090,N,,,,2461200.5,145.86,0.0165
"       (2018 GB)",0.9068,0.1879,14.36,183.18,152.73,0.736,1.08,0.863,1,7,22,,,24.96,50802411,N,,,,2461200.5,41.16,0.0473
"       (2018 GE)",0.9215,0.1069,1.24,163.66,243.57,0.823,1.02,0.885,18,5,44,,,27.50,50802413,N,,,,2461200.5,219.53,0.00993
"       (2018 GQ)",0.8974,0.2032,18.49,187.26,211.35,0.715,1.08,0.85,10,5,36,,,23.46,50802424,N,,,,2461200.5,3.25,0.0404
"       (2018 GY)",0.7667,0.4062,8.75,176.90,204.98,0.455,1.08,0.671,1471,1,34,,,24.83,50802432,N,,,,2461200.5,231.42,0.00903
"       (2018 GX1)",0.9584,0.1195,20.42,195.26,147.04,0.844,1.07,0.938,6,7,42,,,24.20,50802458,N,,,,2461200.5,117.41,0.0482
"       (2018 GU3)",0.9137,0.4467,33.23,26.92,315.11,0.506,1.32,0.873,2,9,11,,,23.80,50802593,N,,,,2458221.5,270.41,0.049
"       (2018 GR4)",0.936,0.1110,1.00,167.59,232.84,0.832,1.04,0.906,64,5,73,,,27.11,50802616,N,,,,2461200.5,160.04,0.000304
"       (2018 HB)",0.8102,0.5883,22.06,14.37,354.84,0.334,1.29,0.729,5841,1,60,,,22.22,50803918,N,,,,2461200.5,278.44,0.181
"       (2018 HP)",0.8059,0.4052,7.65,208.60,154.58,0.479,1.13,0.723,7,7,40,,,26.27,50803933,N,,,,2461200.5,323.29,0.0215
"       (2018 HU)",0.8146,0.3639,10.72,33.28,28.29,0.518,1.11,0.735,14,6,135,,,25.70,50805289,N,,,,2461200.5,142.36,0.0201
"       (2018 HM2)",0.8374,0.2334,10.88,40.69,6.72,0.642,1.03,0.766,18,6,115,,,23.70,50819689,N,,,,2461200.5,18.80,0.0232
"       (2018 JH1)",0.8155,0.5214,3.46,206.36,232.87,0.390,1.24,0.737,6,6,31,,,25.30,50824083,N,,,,2461200.5,91.00,0.0154
"       (2018 JL1)",0.9805,0.1775,5.15,54.68,287.43,0.806,1.15,0.971,8,5,39,,,26.70,50824082,N,,,,2461200.5,21.81,0.00326
"       (2018 JF2)",0.7862,0.3274,13.38,230.44,179.81,0.529,1.04,0.697,24,7,134,,,24.10,50824114,N,,,,2461200.5,30.69,0.0336
"       (2018 JM2)",0.8596,0.2240,16.71,226.64,203.81,0.667,1.05,0.797,10,6,46,,,25.55,50824115,N,,,,2461200.5,195.87,0.017
"       (2018 JT2)",0.7569,0.5148,25.77,51.41,348.47,0.367,1.15,0.659,733,3,20,,,24.40,50824118,N,,,,2461200.5,294.07,0.0936
"       (2018 JK3)",0.954,0.2782,43.23,64.58,305.10,0.689,1.22,0.932,16,7,128,,,21.69,50824138,Y,,,,2461200.5,126.87,0.0323
"       (2018 KR)",0.887,0.2096,1.18,127.73,271.04,0.701,1.07,0.835,3702,0,56,,,26.39,50825004,N,,,,2461200.5,93.15,0.0145
"       (2018 KK1)",0.6398,0.6088,13.92,225.18,192.49,0.250,1.03,0.512,19,7,143,,,23.55,50825030,N,,,,2461200.5,86.19,0.0101
"       (2018 KU1)",0.8312,0.5296,16.87,162.39,271.86,0.391,1.27,0.758,4748,1,78,,,20.95,50825031,N,,,,2461200.5,346.57,0.203
"       (2018 KX1)",0.8545,0.2870,37.53,233.30,181.02,0.609,1.10,0.79,17,7,42,,,22.98,50825034,N,,,,2461200.5,252.10,0.0892
"       (2018 KD2)",0.8653,0.4770,3.31,54.22,48.73,0.453,1.28,0.805,2,6,31,,,25.73,50825041,N,,,,2461200.5,86.25,0.00417
"       (2018 LB)",0.821,0.3220,0.94,78.96,319.89,0.557,1.09,0.744,1,7,33,,,26.00,50825082,N,,,,2461200.5,145.51,0.0024
"       (2018 LM)",0.8693,0.1971,7.09,72.18,20.80,0.698,1.04,0.81,28,6,103,,,25.28,50825111,N,,,,2461200.5,109.24,0.00835
"       (2018 LV2)",0.9919,0.2992,2.98,197.38,301.16,0.695,1.29,0.988,14,6,44,,,25.30,50825158,N,,,,2461200.5,119.94,0.0115
"       (2018 LS3)",0.8827,0.2194,11.17,83.08,347.36,0.689,1.08,0.829,12,7,27,,,25.51,50825182,N,,,,2461200.5,61.26,0.0492
"       (2018 LG4)",0.9215,0.3073,1.97,96.60,35.42,0.638,1.20,0.885,10,5,26,,,27.00,50825191,N,,,,2461200.5,110.28,0.0114
"       (2018 LH5)",0.8079,0.4659,22.78,273.66,168.89,0.431,1.18,0.726,2960,0,107,,,22.11,50825251,N,,,,2461200.5,191.52,0.124
"       (2018 LM15)",0.9629,0.4123,31.97,79.54,56.57,0.566,1.36,0.945,3,8,28,,,25.50,50825310,N,,,,2458278.5,74.76,0.0143
"       (2018 MA5)",0.9481,0.1787,4.30,97.33,26.90,0.779,1.12,0.923,19,5,22,,,26.30,50825451,N,,,,2461200.5,356.86,0.0366
"       (2018 MY6)",0.9051,0.1542,49.99,94.09,351.74,0.766,1.04,0.861,2220,0,106,,,21.38,50825504,Y,,,,2461200.5,268.00,0.0262
"       (2018 MD7)",0.947,0.1098,8.23,134.31,313.56,0.843,1.05,0.922,467,2,68,0,1,22.70,50825509,N,,,,2461200.5,61.21,0.0021
"       (2018 MG7)",0.9124,0.3273,25.11,270.54,132.30,0.614,1.21,0.871,2564,0,171,,,21.35,50825512,Y,,,,2461200.5,311.25,0.0227
"       (2018 MH7)",0.8905,0.1778,6.49,95.33,21.87,0.732,1.05,0.84,17,7,22,,,26.10,50825513,N,,,,2461200.5,304.54,0.0129
"       (2018 MN8)",0.8476,0.6875,12.38,104.96,21.86,0.265,1.43,0.78,2562,0,36,,,22.88,50825530,N,,,,2461200.5,150.56,0.05
"       (2018 MR8)",0.9723,0.1782,27.95,288.03,155.50,0.799,1.15,0.959,1018,1,239,,,20.40,50825537,N,,,,2461200.5,310.48,0.105
"       (2018 NE)",0.9708,0.1941,9.32,244.80,266.38,0.782,1.16,0.957,871,1,78,,,23.50,50825540,N,,,,2461200.5,215.72,0.0433
"       (2018 NV)",0.9257,0.1600,11.67,283.00,145.67,0.778,1.07,0.891,2920,0,237,0,1,22.83,50825585,N,,,,2461200.5,189.45,0.0198
"       (2018 NX)",0.8979,0.1464,4.06,284.14,202.82,0.766,1.03,0.851,11,6,29,,,27.70,50825589,N,,,,2461200.5,261.19,0.000797
"       (2018 NR1)",0.8772,0.2443,4.65,117.22,336.23,0.663,1.09,0.822,49,6,30,,,24.60,50825607,N,,,,2461200.5,69.02,0.0212
"       (2018 NJ4)",0.956,0.1819,22.93,133.24,331.77,0.782,1.13,0.935,419,2,69,,,21.95,50825669,N,,,,2461200.5,344.06,0.0832
"       (2018 OQ)",0.7454,0.3712,1.05,268.10,212.09,0.469,1.02,0.644,6,7,31,,,26.80,50825791,N,,,,2461200.5,264.50,0.00749
"       (2018 PR10)",0.7312,0.5234,12.58,319.88,170.43,0.348,1.11,0.625,3,8,15,,,24.30,50826708,N,,,,2458339.5,193.67,0.0518
"       (2018 PK20)",0.8917,0.2751,10.16,320.38,140.52,0.646,1.14,0.842,11,6,29,,,25.90,50826783,N,,,,2461200.5,348.09,0.0203
"       (2018 PK21)",0.9832,0.0809,1.22,302.61,227.40,0.904,1.06,0.975,833,2,132,,,25.88,50826798,N,,,,2461200.5,147.18,0.00492
"       (2018 PZ21)",0.856,0.2569,3.15,308.54,215.22,0.636,1.08,0.792,25,7,19,,,26.70,50826818,N,,,,2461200.5,94.17,0.000939
"       (2018 PD22)",0.7941,0.5433,4.02,122.85,359.49,0.363,1.23,0.708,4386,0,40,,,23.81,50826827,N,,,,2461200.5,250.80,0.0398
"       (2018 PN22)",0.9897,0.0418,4.43,313.38,210.61,0.948,1.03,0.985,31,3,22,,,27.50,50826830,N,,,,2461200.5,118.95,0.00942
"       (2018 PU23)",0.9635,0.0841,0.83,144.63,330.10,0.883,1.04,0.946,8,6,16,,,28.10,50826873,N,,,,2461200.5,306.83,0.00559
"       (2018 QS1)",0.9795,0.1417,25.62,150.93,291.55,0.841,1.12,0.969,1,7,9,,,27.60,50827164,N,,,,2461200.5,277.26,0.00103
"       (2018 QT1)",0.6587,0.5952,7.94,193.89,330.65,0.267,1.05,0.535,2583,1,173,,,22.10,50827166,N,,,,2461200.5,344.14,0.0333
"       (2018 RC)",0.8826,0.2196,1.72,344.74,140.46,0.689,1.08,0.829,8,2,232,3,2,24.93,50827175,N,,,,2461200.5,3.77,0.000619
"       (2018 RW)",0.8941,0.2417,0.70,167.13,311.03,0.678,1.11,0.845,1,6,48,,,30.60,50827191,N,,,,2461200.5,310.27,0.000449
"       (2018 RQ1)",0.8787,0.1713,0.84,38.34,116.31,0.728,1.03,0.824,28,5,116,,,24.20,50827328,N,,,,2461200.5,344.29,0.00825
"       (2018 RW1)",0.9159,0.2779,8.15,339.67,177.48,0.661,1.17,0.877,2579,1,82,,,23.41,50827333,N,,,,2461200.5,139.08,0.111
"       (2018 RY1)",0.8228,0.3388,1.17,199.56,325.06,0.544,1.10,0.746,2247,0,166,,,24.60,50827334,N,,,,2461200.5,315.72,0.00073
"       (2018 RD2)",0.8094,0.3087,10.83,343.61,202.60,0.560,1.06,0.728,6,7,32,,,27.08,50827344,N,,,,2461200.5,13.59,0.011
"       (2018 RN2)",0.8816,0.3495,15.97,340.65,141.01,0.573,1.19,0.828,4,5,25,,,24.51,50827356,N,,,,2461200.5,24.92,0.0354
"       (2018 RH3)",0.959,0.2733,0.43,302.43,283.98,0.697,1.22,0.939,8,5,81,,,26.10,50827378,N,,,,2461200.5,181.88,0.000938
"       (2018 RU3)",0.9557,0.2520,7.92,171.78,30.38,0.715,1.20,0.934,422,2,106,,,23.01,50827450,N,,,,2461200.5,232.39,0.0679
"       (2018 RL4)",0.8719,0.4006,5.78,241.71,276.97,0.523,1.22,0.814,1417,3,37,,,22.74,50827595,N,,,,2461200.5,15.10,0.0553
"       (2018 RO5)",0.9916,0.2317,2.68,347.70,251.97,0.762,1.22,0.987,24,6,102,,,25.61,50829447,N,,,,2461200.5,25.28,0.000597
"       (2018 RH6)",0.9865,0.2289,2.97,345.50,122.16,0.761,1.21,0.98,5,6,33,,,27.50,50829464,N,,,,2461200.5,227.92,0.0128
"       (2018 RH7)",0.9656,0.2761,30.63,349.51,148.91,0.699,1.23,0.949,4,8,32,,,24.30,50829485,N,,,,2458375.5,232.97,0.15
"       (2018 SD2)",0.9302,0.1113,3.68,1.77,138.19,0.827,1.03,0.897,17,6,18,,,28.60,50830905,N,,,,2461200.5,81.92,0.00121
"       (2018 SN2)",0.8377,0.2170,13.08,186.71,0.99,0.656,1.02,0.767,16,7,59,,,24.40,50830909,N,,,,2461200.5,187.46,0.0172
"       (2018 SO2)",0.8357,0.3214,5.42,5.08,145.00,0.567,1.10,0.764,2,6,51,,,25.90,50830910,N,,,,2461200.5,265.85,0.00531
"       (2018 SP2)",0.9246,0.2055,26.83,187.20,303.38,0.735,1.11,0.889,2,7,59,,,24.80,50830913,N,,,,2461200.5,131.02,0.00331
"       (2018 SY2)",0.7736,0.3839,26.77,277.48,246.10,0.477,1.07,0.68,681,3,35,,,20.80,50831099,N,,,,2461200.5,315.08,0.184
"       (2018 TA2)",0.9781,0.1729,5.29,6.35,120.34,0.809,1.15,0.967,10,5,29,,,27.10,50831236,N,,,,2461200.5,239.62,0.0191
"       (2018 TD2)",0.843,0.4155,10.54,193.11,323.75,0.493,1.19,0.774,5,7,16,,,26.50,50831241,N,,,,2461200.5,220.90,0.021
"       (2018 TB3)",0.8293,0.4312,7.43,11.09,216.68,0.472,1.19,0.755,6,6,26,,,26.70,50831498,N,,,,2461200.5,163.67,0.00896
"       (2018 TJ3)",0.9516,0.3488,10.28,11.68,138.48,0.620,1.28,0.928,12,7,27,,,24.80,50831635,N,,,,2461200.5,351.44,0.0588
"       (2018 TU4)",0.9705,0.2128,19.38,199.49,298.56,0.764,1.18,0.956,5,7,48,,,25.50,50831751,N,,,,2461200.5,265.67,0.0284
"       (2018 TF5)",0.9048,0.3680,7.60,196.44,47.58,0.572,1.24,0.861,10,5,31,,,25.40,50831758,N,,,,2461200.5,64.82,0.0132
"       (2018 TY5)",0.9296,0.5113,18.96,26.07,132.98,0.454,1.40,0.896,18,8,89,,,22.24,50831877,N,,,,2458407.5,283.80,0.0283
"       (2018 TS6)",0.898,0.2139,8.92,189.60,46.10,0.706,1.09,0.851,2,7,6,,,28.18,50835528,N,,,,2461200.5,121.72,0.00305
"       (2018 UC)",0.9919,0.3337,0.23,123.30,23.09,0.661,1.32,0.988,13,6,47,,,25.90,50831899,N,,,,2461200.5,179.53,0.00276
"       (2018 UV1)",0.9355,0.2470,22.82,209.32,8.50,0.704,1.17,0.905,14,7,31,,,24.40,50835524,N,,,,2461200.5,321.92,0.163
"       (2018 UY1)",0.8826,0.3029,7.21,219.07,313.40,0.615,1.15,0.829,20,6,153,,,24.15,50835525,N,,,,2461200.5,315.37,0.00802
"       (2018 VG)",0.766,0.3613,2.83,217.85,338.06,0.489,1.04,0.67,2,6,41,,,27.40,50835901,N,,,,2461200.5,345.95,0.00198
"       (2018 VB1)",0.7548,0.4145,6.79,48.33,185.19,0.442,1.07,0.656,761,1,149,,,23.69,50835985,N,,,,2461200.5,2.84,0.0394
"       (2018 VR3)",0.971,0.2302,8.97,46.52,108.31,0.747,1.19,0.957,3,5,20,,,26.90,50836111,N,,,,2461200.5,249.52,9.71e-05
"       (2018 VS3)",0.9114,0.4193,24.57,34.89,207.77,0.529,1.29,0.87,2578,0,80,,,22.38,50836121,N,,,,2461200.5,22.31,0.142
"       (2018 VU4)",0.7524,0.4599,22.77,46.54,161.31,0.406,1.10,0.653,4,7,35,,,23.90,50836131,N,,,,2461200.5,75.44,0.0486
"       (2018 VP5)",0.9124,0.4083,12.27,227.88,46.11,0.540,1.28,0.872,4,7,39,,,25.30,50836147,N,,,,2461200.5,338.85,0.0297
"       (2018 VZ5)",0.8052,0.4845,15.59,45.64,212.14,0.415,1.20,0.723,8,6,16,,,24.80,50836161,N,,,,2461200.5,280.11,0.0259
"       (2018 VV6)",0.9587,0.2810,14.12,226.38,58.62,0.689,1.23,0.939,3,7,18,,,26.80,50836203,N,,,,2461200.5,119.14,0.027
"       (2018 VB7)",0.8161,0.2821,8.50,221.20,26.87,0.586,1.05,0.737,32,7,43,,,25.10,50836202,N,,,,2461200.5,246.72,0.00695
"       (2018 VC7)",0.8729,0.1900,0.80,60.23,132.14,0.707,1.04,0.816,1,6,28,,,27.40,50836201,N,,,,2461200.5,335.81,0.00237
"       (2018 VT7)",0.9824,0.0882,2.54,53.85,113.13,0.896,1.07,0.974,24,5,23,,,27.90,50836218,N,,,,2461200.5,170.35,0.0103
"       (2018 VB10)",0.9908,0.1832,11.59,230.65,70.94,0.809,1.17,0.986,5,6,66,,,25.80,50836274,N,,,,2461200.5,331.38,0.02
"       (2018 WC)",0.7905,0.3064,40.84,237.48,9.71,0.548,1.03,0.703,33,7,120,,,23.10,50836284,N,,,,2461200.5,70.95,0.0373
"       (2018 WK)",0.8974,0.3271,4.22,53.32,228.44,0.604,1.19,0.85,2,6,22,,,27.10,50836298,N,,,,2461200.5,60.45,0.00713
"       (2018 WU)",0.6911,0.4590,14.81,237.46,0.48,0.374,1.01,0.575,10,7,103,,,24.70,50836309,N,,,,2461200.5,228.75,0.0196
"       (2018 WA1)",0.8724,0.1391,1.81,233.39,8.34,0.751,0.99,0.815,6,6,14,,,30.10,50836314,N,,,,2461200.5,269.80,0.00162
"       (2018 WH1)",0.8645,0.1570,4.75,64.31,198.05,0.729,1.00,0.804,16,5,70,,,28.60,50836319,N,,,,2461200.5,291.61,0.00289
"       (2018 WC2)",0.846,0.3356,7.22,250.10,317.93,0.562,1.13,0.778,2559,2,41,,,25.13,50836434,N,,,,2461200.5,129.37,0.00517
"       (2018 WE2)",0.8071,0.3414,23.08,247.20,335.34,0.532,1.08,0.725,6,7,22,,,25.85,50836436,N,,,,2461200.5,359.95,0.0412
"       (2018 WL2)",0.8837,0.6766,34.94,65.26,149.26,0.286,1.48,0.831,1869,1,62,,,21.86,50836683,N,,,,2461200.5,293.53,0.0833
"       (2018 XC)",0.7901,0.4035,21.33,69.80,212.26,0.471,1.11,0.702,7,6,48,,,25.70,50836732,N,,,,2461200.5,9.67,0.0128
"       (2018 XQ2)",0.8563,0.1780,0.08,113.33,146.53,0.704,1.01,0.792,28,6,44,,,28.20,50836880,N,,,,2461200.5,339.63,8.61e-05
"       (2018 XW2)",0.9968,0.3019,19.74,78.12,249.72,0.696,1.30,0.995,4,7,42,,,25.45,50836882,N,,,,2461200.5,265.15,0.0191
"       (2018 XD5)",0.8193,0.2936,4.52,271.71,356.47,0.579,1.06,0.742,26,7,45,,,24.70,50836936,N,,,,2461200.5,205.91,0.0393
"       (2018 XM5)",0.8358,0.3026,10.17,92.74,152.75,0.583,1.09,0.764,21,7,44,,,24.40,50836950,N,,,,2461200.5,133.93,0.0345
"       (2018 YG)",0.7704,0.4376,29.44,266.70,342.57,0.433,1.11,0.676,728,3,18,,,24.30,50836964,N,,,,2461200.5,243.47,0.0754
"       (2018 YA1)",0.7773,0.2775,1.80,71.03,204.79,0.562,0.99,0.685,31,7,53,,,23.48,50836995,N,,,,2461200.5,127.31,0.00644
"       (2018 YF2)",0.8756,0.3146,48.67,264.87,328.31,0.600,1.15,0.819,1822,0,98,,,20.85,50837538,N,,,,2461200.5,254.16,0.0885
"       (2019 AQ2)",0.9568,0.1685,1.67,97.81,247.54,0.796,1.12,0.936,469,3,81,,,25.60,50837616,N,,,,2461200.5,75.43,0.00163
"       (2019 AD3)",0.8412,0.2314,11.00,284.28,0.85,0.647,1.04,0.772,5,7,18,,,26.00,50837626,N,,,,2461200.5,45.76,0.0523
"       (2019 AE3)",0.9945,0.0996,14.82,101.66,268.26,0.895,1.09,0.992,2,6,23,,,27.40,50837628,N,,,,2461200.5,255.82,0.00378
"       (2019 AR3)",0.8669,0.5855,29.65,286.05,36.64,0.359,1.37,0.807,25,7,116,,,22.43,50837661,N,,,,2461200.5,151.45,0.0522
"       (2019 AY4)",0.978,0.3496,42.58,272.61,52.12,0.636,1.32,0.967,364,1,53,,,22.50,50837676,N,,,,2461200.5,340.80,0.0954
"       (2019 AX5)",0.9074,0.2148,17.18,286.73,309.31,0.712,1.10,0.864,7,3,46,1,2,26.00,50837709,N,,,,2461200.5,101.67,0.0153
"       (2019 AP6)",0.7397,0.4111,7.08,327.20,325.13,0.436,1.04,0.636,2597,0,194,,,20.98,50837742,Y,,,,2461200.5,32.59,0.0216
"       (2019 AU6)",0.9835,0.2819,0.35,301.84,278.27,0.706,1.26,0.975,10,6,37,,,26.61,50837741,N,,,,2461200.5,137.35,0.000879
"       (2019 AG7)",0.7453,0.3518,0.32,182.16,98.93,0.483,1.01,0.643,19,6,96,,,25.50,50837744,N,,,,2461200.5,24.57,0.00494
"       (2019 AR7)",0.9215,0.0971,6.69,287.20,35.69,0.832,1.01,0.885,9,6,51,,,26.70,50837768,N,,,,2461200.5,276.69,0.00657
"       (2019 AM8)",0.9679,0.3634,2.23,85.93,142.69,0.616,1.32,0.952,2,7,17,,,27.00,50837806,N,,,,2461200.5,205.44,0.0185
"       (2019 AR8)",0.8947,0.3007,2.69,84.30,157.18,0.626,1.16,0.846,7,5,32,,,25.61,50837807,N,,,,2461200.5,169.86,0.0244
"       (2019 AN11)",0.8785,0.2258,7.81,302.90,319.63,0.680,1.08,0.823,4,7,12,,,25.30,50837882,N,,,,2461200.5,226.20,0.0131
"       (2019 AP11)",0.8949,0.2145,11.06,306.20,313.70,0.703,1.09,0.847,21,2,49,2,2,25.18,50837881,N,,,,2461200.5,136.79,0.0124
"       (2019 AX11)",0.7678,0.4276,15.01,295.06,6.31,0.439,1.10,0.673,7,8,14,,,25.00,50837890,N,,,,2458496.5,164.70,0.0903
"       (2019 AO12)",0.7718,0.3489,4.54,103.82,202.11,0.502,1.04,0.678,16,7,22,,,25.60,50837906,N,,,,2461200.5,128.63,0.00626
"       (2019 AF13)",0.9449,0.3085,5.37,53.70,278.98,0.653,1.24,0.919,438,4,24,,,23.80,50837926,N,,,,2461200.5,140.41,0.031
"       (2019 AR13)",0.9777,0.1767,2.54,96.51,163.86,0.805,1.15,0.967,389,1,73,,,24.10,50837941,N,,,,2461200.5,105.97,0.0378
"       (2019 AY13)",0.9484,0.5126,4.77,263.48,82.59,0.462,1.43,0.924,1210,1,52,,,22.65,50837955,N,,,,2461200.5,93.54,0.0366
"       (2019 BS2)",0.7522,0.3396,16.45,306.57,348.75,0.497,1.01,0.652,1,7,26,,,27.30,50838017,N,,,,2461200.5,305.44,0.0122
"       (2019 BT3)",0.9277,0.2492,26.09,128.11,181.53,0.697,1.16,0.894,13,7,35,,,23.20,50838061,N,,,,2461200.5,261.89,0.174
"       (2019 BU3)",0.8591,0.1754,5.69,127.22,202.54,0.708,1.01,0.796,4,7,23,,,29.10,50838062,N,,,,2461200.5,235.24,0.00689
"       (2019 BV3)",0.8824,0.5684,20.88,306.61,42.38,0.381,1.38,0.829,2,8,15,,,25.10,50838064,N,,,,2458512.5,79.95,0.021
"       (2019 BW3)",0.9303,0.4416,17.97,312.89,34.38,0.519,1.34,0.897,4,8,24,,,23.50,50838065,N,,,,2458510.5,91.16,0.104
"       (2019 BB5)",0.8363,0.2756,1.54,334.67,308.79,0.606,1.07,0.765,8,7,62,,,26.70,50838097,N,,,,2461200.5,87.32,0.00598
"       (2019 BE5)",0.61,0.6592,1.43,308.93,9.86,0.208,1.01,0.476,363,2,82,,,25.10,50838101,N,,,,2461200.5,306.14,5.81e-05
"       (2019 CN2)",0.9134,0.2242,8.05,320.75,304.61,0.709,1.12,0.873,5,4,26,0,1,28.40,50838209,N,,,,2461200.5,36.72,0.00394
"       (2019 CR4)",0.7552,0.4014,5.78,320.14,352.96,0.452,1.06,0.656,7,9,17,,,26.40,50838277,N,,,,2458520.5,189.99,0.031
"       (2019 CQ5)",0.8802,0.3588,11.78,143.50,228.99,0.564,1.20,0.826,2,5,33,,,27.50,50838802,N,,,,2461200.5,43.94,0.00802
"       (2019 DA)",0.9288,0.2003,8.44,132.83,248.98,0.743,1.11,0.895,2881,1,146,,,23.17,50838810,N,,,,2461200.5,164.23,0.0153
"       (2019 DQ)",0.8228,0.3855,3.13,159.72,210.75,0.506,1.14,0.746,2,7,26,,,26.80,50838862,N,,,,2461200.5,25.17,0.00947
"       (2019 DV)",0.9588,0.1362,30.10,343.76,354.15,0.828,1.09,0.939,20,7,130,,,22.40,50838868,N,,,,2461200.5,90.24,0.0969
"       (2019 DW)",0.9369,0.1662,10.03,338.70,47.94,0.781,1.09,0.907,6,5,43,,,27.00,50838867,N,,,,2461200.5,124.81,0.0276
"       (2019 DB1)",0.9347,0.4065,40.91,157.30,234.71,0.555,1.31,0.904,8,8,57,,,24.90,50838874,N,,,,2458542.5,82.67,0.0247
"       (2019 DL1)",0.875,0.1629,6.51,347.09,3.47,0.733,1.02,0.819,10,6,49,,,26.60,50838881,N,,,,2461200.5,127.98,0.0248
"       (2019 DN1)",0.8642,0.3781,8.09,159.76,133.70,0.537,1.19,0.803,1,5,19,,,28.80,50838883,N,,,,2461200.5,285.87,0.00406
"       (2019 DY1)",0.9442,0.4394,11.02,337.74,46.72,0.529,1.36,0.917,4,8,24,,,25.46,50838893,N,,,,2458542.5,88.15,0.0366
"       (2019 ED)",0.8912,0.1241,1.15,136.10,215.72,0.781,1.00,0.841,33,6,74,,,26.90,50838902,N,,,,2461200.5,35.66,0.00309
"       (2019 EO)",0.9939,0.5325,9.35,130.25,255.54,0.465,1.52,0.991,1092,1,48,,,23.18,50838911,N,,,,2461200.5,193.54,0.0456
"       (2019 ER)",0.908,0.1871,10.90,158.08,226.25,0.738,1.08,0.865,1,7,14,,,27.10,50838915,N,,,,2461200.5,263.66,0.0129
"       (2019 ED1)",0.9001,0.3285,5.33,341.48,53.89,0.604,1.20,0.854,9,5,49,,,27.63,50838927,N,,,,2461200.5,270.26,0.00135
"       (2019 EE1)",0.9439,0.0920,17.48,350.18,351.76,0.857,1.03,0.917,7,6,31,,,26.10,50838926,N,,,,2461200.5,154.43,0.0363
"       (2019 EM1)",0.6709,0.5509,28.45,159.69,196.73,0.301,1.04,0.55,1837,1,135,,,22.29,50838936,N,,,,2461200.5,217.16,0.00117
"       (2019 EW1)",0.9611,0.3463,7.21,351.65,293.47,0.628,1.29,0.942,2,6,53,,,27.10,50838952,N,,,,2461200.5,172.44,0.00383
"       (2019 EA2)",0.8416,0.1982,6.53,0.32,341.90,0.675,1.01,0.772,12,5,168,0,1,25.80,50838953,N,,,,2461200.5,332.12,0.000252
"       (2019 FD)",0.9512,0.2444,8.53,167.81,254.07,0.719,1.18,0.928,471,2,259,,,23.30,50840146,N,,,,2461200.5,13.53,0.0182
"       (2019 FF)",0.8638,0.2646,9.09,0.92,318.98,0.635,1.09,0.803,2,7,23,,,26.30,50840147,N,,,,2461200.5,242.22,0.0043
"       (2019 FJ)",0.7623,0.6128,44.44,156.89,150.21,0.295,1.23,0.666,2184,1,106,,,19.10,50840159,Y,,,,2461200.5,176.41,0.0194
"       (2019 FO)",0.8501,0.2041,14.79,179.08,197.33,0.677,1.02,0.784,33,6,101,,,24.70,50840712,N,,,,2461200.5,232.17,0.0159
"       (2019 FR)",0.7794,0.3459,4.21,142.43,200.49,0.510,1.05,0.688,4,7,48,,,24.00,50840713,N,,,,2461200.5,32.49,0.00964
"       (2019 FZ)",0.8775,0.6287,27.66,192.43,139.95,0.326,1.43,0.822,1424,2,180,,,21.36,50840724,Y,,,,2461200.5,190.90,0.0117
"       (2019 FQ1)",0.7871,0.3556,10.93,188.17,157.42,0.507,1.07,0.698,2,7,73,,,27.20,50840750,N,,,,2461200.5,327.86,0.016
"       (2019 FB2)",0.9237,0.3615,11.29,188.30,237.51,0.590,1.26,0.888,7,6,74,,,26.50,50840752,N,,,,2461200.5,119.58,0.000726
"       (2019 FM2)",0.9739,0.2690,27.99,358.83,75.37,0.712,1.24,0.961,658,2,78,,,20.61,50840768,Y,,,,2461200.5,254.97,0.0229
"       (2019 FN2)",0.8321,0.2141,13.75,29.02,343.26,0.654,1.01,0.759,23,2,107,1,1,23.70,50840761,N,,,,2461200.5,350.84,0.00509
"       (2019 FS2)",0.9894,0.1818,3.36,189.97,112.44,0.810,1.17,0.984,7,5,49,,,27.30,50840762,N,,,,2461200.5,17.42,0.00814
"       (2019 FY2)",0.8994,0.1773,2.79,2.43,351.18,0.740,1.06,0.853,4,7,25,,,27.40,50840776,N,,,,2461200.5,351.02,0.0252
"       (2019 GA)",0.8727,0.5375,1.55,51.96,1.69,0.404,1.34,0.815,1870,1,159,,,23.59,50840781,N,,,,2461200.5,12.31,0.0186
"       (2019 GJ)",0.9804,0.1675,8.06,11.08,65.03,0.816,1.14,0.971,37,5,75,,,24.33,50840788,N,,,,2461200.5,238.31,0.0179
"       (2019 GF1)",0.9898,0.0485,1.24,4.14,326.23,0.942,1.04,0.985,1142,0,80,,,27.50,50840807,N,,,,2461200.5,328.73,0.0115
"       (2019 GK1)",0.8801,0.1921,8.74,16.30,357.07,0.711,1.05,0.826,11,7,26,,,26.40,50840812,N,,,,2461200.5,70.55,0.0468
"       (2019 GS1)",0.7972,0.4118,6.04,21.57,337.53,0.469,1.13,0.712,1841,2,59,,,24.46,50840823,N,,,,2461200.5,239.15,0.0204
"       (2019 GW1)",0.9344,0.1146,13.30,194.60,221.54,0.827,1.04,0.903,12,4,117,,,26.10,50840824,N,,,,2461200.5,109.59,0.00842
"       (2019 GS2)",0.9419,0.3321,6.26,193.41,233.52,0.629,1.25,0.914,4,6,9,,,27.40,50840833,N,,,,2461200.5,39.69,0.014
"       (2019 GX3)",0.9505,0.1377,6.36,11.62,53.91,0.820,1.08,0.927,7,6,22,,,27.66,50840878,N,,,,2461200.5,24.96,0.0112
"       (2019 GJ4)",0.9861,0.1678,6.98,196.09,252.55,0.821,1.15,0.979,32,2,57,1,1,26.02,50840889,N,,,,2461200.5,203.55,0.00548
"       (2019 GV5)",0.9212,0.1267,3.36,197.22,144.43,0.804,1.04,0.884,4,5,34,,,29.40,50840909,N,,,,2461200.5,266.11,0.00484
"       (2019 GP19)",0.9413,0.1490,4.63,25.08,48.82,0.801,1.08,0.913,25,5,45,,,26.60,50841201,N,,,,2461200.5,56.93,0.0101
"       (2019 GK20)",0.9616,0.1650,7.38,38.59,319.50,0.803,1.12,0.943,31,4,53,,,24.70,50841222,N,,,,2461200.5,65.25,0.0401
"       (2019 GK21)",0.8607,0.3406,5.92,19.46,46.61,0.568,1.15,0.799,1475,0,82,,,25.70,50841528,N,,,,2461200.5,90.25,0.00266
"       (2019 HM)",0.9856,0.0098,5.76,201.51,194.94,0.976,1.00,0.979,158,1,35,,,25.90,50841555,N,,,,2461200.5,270.06,0.00697
"       (2019 HQ)",0.7662,0.3475,10.99,35.44,14.61,0.500,1.03,0.671,8,6,96,,,26.25,50841557,N,,,,2461200.5,17.19,0.00761
"       (2019 HS)",0.8084,0.2867,9.75,37.24,19.00,0.577,1.04,0.727,6,7,47,,,27.20,50841558,N,,,,2461200.5,70.81,0.00933
"       (2019 HS2)",0.9949,0.2155,19.55,36.15,289.35,0.780,1.21,0.992,1,7,19,,,26.60,50841568,N,,,,2461200.5,335.42,0.0127
"       (2019 HF3)",0.961,0.3315,31.33,335.89,93.50,0.642,1.28,0.942,845,2,167,,,19.95,50841639,N,,,,2461200.5,357.61,0.118
"       (2019 HH3)",0.7215,0.5133,13.56,32.02,15.93,0.351,1.09,0.613,2,7,42,,,25.50,50841642,N,,,,2461200.5,4.93,0.0267
"       (2019 HP3)",0.9615,0.0843,10.96,217.12,175.98,0.880,1.04,0.943,13,4,73,,,25.68,50841645,N,,,,2461200.5,21.52,0.0357
"       (2019 HV3)",0.7903,0.4352,7.77,34.69,337.88,0.446,1.13,0.703,2571,1,78,,,24.10,50841653,N,,,,2461200.5,281.87,0.0246
"       (2019 HN4)",0.8573,0.2210,7.27,216.99,208.98,0.668,1.05,0.794,4,6,63,,,28.60,50841697,N,,,,2461200.5,121.88,0.00334
"       (2019 JV1)",0.8226,0.3781,32.90,42.43,32.56,0.512,1.13,0.746,3259,1,164,,,22.97,50841744,N,,,,2461200.5,301.09,0.0237
"       (2019 JH5)",0.9557,0.4580,20.27,223.82,234.76,0.518,1.39,0.934,6,8,12,,,25.51,50841857,N,,,,2458611.5,76.84,0.0103
"       (2019 JH7)",0.9885,0.2913,0.86,58.74,286.78,0.701,1.28,0.983,3,5,78,,,29.60,50841930,N,,,,2461200.5,345.58,0.00108
"       (2019 KD)",0.8735,0.2007,5.75,254.45,188.71,0.698,1.05,0.816,38,6,87,,,23.48,50841984,N,,,,2461200.5,13.95,0.0284
"       (2019 KW)",0.9362,0.2222,8.46,240.03,235.11,0.728,1.14,0.906,8,5,39,,,26.87,50842000,N,,,,2461200.5,24.64,0.00457
"       (2019 KN2)",0.8732,0.1851,2.73,231.81,213.07,0.712,1.03,0.816,6,6,51,,,27.10,50842620,N,,,,2461200.5,16.44,0.00525
"       (2019 KJ4)",0.8207,0.2644,0.18,357.14,58.50,0.604,1.04,0.744,8,7,29,,,27.40,50842680,N,,,,2461200.5,1.88,0.00185
"       (2019 KD7)",0.9452,0.4616,9.12,282.74,112.73,0.509,1.38,0.919,7,8,10,,,21.70,54050955,N,,,,2458632.5,217.19,0.0341
"       (2019 LB1)",0.9888,0.1177,5.46,73.97,64.00,0.872,1.11,0.983,5,5,61,,,27.00,50842775,N,,,,2461200.5,145.52,0.00914
"       (2019 LR1)",0.8817,0.2697,13.66,249.71,165.01,0.644,1.12,0.828,3,7,26,,,24.45,50842790,N,,,,2461200.5,13.98,0.0794
"       (2019 LD5)",0.898,0.3284,5.49,237.48,178.98,0.603,1.19,0.851,3989,0,56,,,23.39,50842902,N,,,,2461200.5,313.18,0.0721
"       (2019 LL5)",0.6646,0.5032,29.89,146.57,22.72,0.330,1.00,0.542,4771,1,61,,,18.56,50842910,N,,,,2461200.5,48.95,0.072
"       (2019 LK6)",0.9825,0.1924,25.39,257.26,242.81,0.793,1.17,0.974,15,7,60,,,24.03,50842921,N,,,,2461200.5,165.30,0.0206
"       (2019 MH1)",0.8271,0.5691,17.65,93.46,27.46,0.356,1.30,0.752,4,8,19,,,24.71,50842963,N,,,,2458659.5,98.09,0.0505
"       (2019 MG2)",0.9266,0.4554,12.14,96.12,348.18,0.505,1.35,0.892,5821,1,47,,,22.08,50843074,N,,,,2461200.5,146.18,0.135
"       (2019 NF1)",0.9462,0.1362,18.77,112.75,327.05,0.817,1.08,0.92,11,7,20,,,24.10,50843133,N,,,,2461200.5,44.23,0.0309
"       (2019 NG2)",0.7883,0.5654,8.78,105.81,339.72,0.343,1.23,0.7,2568,1,43,,,24.09,50843159,N,,,,2461200.5,201.34,0.0341
"       (2019 NW3)",0.9238,0.2675,22.21,127.25,335.04,0.677,1.17,0.888,20,6,16,,,23.10,50843200,N,,,,2461200.5,105.49,0.107
"       (2019 NY4)",0.9502,0.3083,38.79,283.00,231.57,0.657,1.24,0.926,2,8,30,,,22.40,50843234,N,,,,2458673.5,96.60,0.0421
"       (2019 NB5)",0.8937,0.4938,22.16,126.95,21.83,0.452,1.34,0.845,4092,0,162,,,20.48,50843231,N,,,,2461200.5,198.80,0.142
"       (2019 NP5)",0.7958,0.2935,2.71,279.88,188.80,0.562,1.03,0.71,8,7,22,,,27.60,50843247,N,,,,2461200.5,82.40,0.00402
"       (2019 NQ5)",0.9553,0.3229,3.16,135.99,274.26,0.647,1.26,0.934,2,6,18,,,25.10,50843248,N,,,,2461200.5,62.81,0.0234
"       (2019 NX5)",0.9175,0.1161,0.46,112.29,355.17,0.811,1.02,0.879,7,6,24,,,29.10,50843301,N,,,,2461200.5,133.64,0.00219
"       (2019 NL6)",0.886,0.3189,14.40,207.16,281.25,0.604,1.17,0.834,5514,1,80,,,22.18,50843318,N,,,,2461200.5,248.84,0.0948
"       (2019 NC7)",0.9585,0.4898,13.25,303.06,219.53,0.489,1.43,0.938,1176,2,77,,,22.12,50843341,N,,,,2461200.5,212.49,0.057
"       (2019 OM)",0.8741,0.3283,10.11,141.58,325.62,0.587,1.16,0.817,4699,0,99,,,22.56,50843363,N,,,,2461200.5,2.92,0.0305
"       (2019 ON)",0.9896,0.1267,5.71,121.89,299.35,0.864,1.11,0.984,1119,2,70,,,25.15,50843365,N,,,,2461200.5,246.76,0.0144
"       (2019 OR1)",0.9598,0.3801,18.28,236.83,297.66,0.595,1.32,0.94,1542,1,463,,,21.07,50843394,Y,,,,2461200.5,203.16,0.00511
"       (2019 OS1)",0.9469,0.3145,16.07,266.45,182.06,0.649,1.24,0.921,53,4,25,,,22.37,50843392,N,,,,2461200.5,32.63,0.214
"       (2019 OP3)",0.9672,0.1947,3.96,120.56,330.78,0.779,1.16,0.951,4,6,19,,,25.60,50843445,N,,,,2461200.5,305.99,0.0403
"       (2019 OV3)",0.9818,0.4080,0.70,263.42,278.71,0.581,1.38,0.973,2298,2,51,,,24.26,50843450,N,,,,2461200.5,101.25,0.00339
"       (2019 PM2)",0.9729,0.5175,17.99,167.27,358.50,0.469,1.48,0.96,2638,1,93,,,21.79,50843559,N,,,,2461200.5,155.58,0.25
"       (2019 PZ2)",0.9697,0.3940,46.28,146.21,52.46,0.588,1.35,0.955,2341,0,255,1,1,19.81,50843578,N,,,,2461200.5,130.92,0.0561
"       (2019 QG)",0.8218,0.2386,12.63,290.19,216.12,0.626,1.02,0.745,5442,0,79,,,21.38,50843595,Y,,,,2461200.5,227.60,0.0458
"       (2019 QU1)",0.8914,0.2808,23.09,335.89,151.89,0.641,1.14,0.842,26,6,47,,,23.79,50843634,N,,,,2461200.5,249.16,0.0735
"       (2019 QU2)",0.8238,0.7047,11.33,145.67,355.88,0.243,1.40,0.748,7688,0,66,,,22.21,50843645,N,,,,2461200.5,275.02,0.0961
"       (2019 QW2)",0.9658,0.1129,6.53,291.64,269.11,0.857,1.07,0.949,481,3,31,,,24.80,50843646,N,,,,2461200.5,173.95,0.0226
"       (2019 QC4)",0.791,0.3796,3.87,140.71,40.78,0.491,1.09,0.704,25,7,62,,,23.48,50843661,N,,,,2461200.5,1.59,0.0131
"       (2019 QQ6)",0.902,0.4202,26.70,333.07,228.15,0.523,1.28,0.857,2191,1,34,,,25.37,50843738,N,,,,2461200.5,58.48,0.0148
"       (2019 QK7)",0.918,0.2129,4.55,328.01,210.65,0.723,1.11,0.88,53,4,34,,,25.50,50843756,N,,,,2461200.5,44.31,0.025
"       (2019 RL)",0.9236,0.1383,25.20,159.36,5.79,0.796,1.05,0.888,2,8,9,,,25.00,50843791,N,,,,2458730.5,172.00,0.0413
"       (2019 RY)",0.9884,0.0739,7.08,342.43,165.04,0.915,1.06,0.983,383,2,184,,,24.80,50843800,N,,,,2461200.5,148.95,0.0496
"       (2019 RO1)",0.9813,0.3073,21.45,162.59,64.05,0.680,1.28,0.972,2,8,17,,,26.80,50843818,N,,,,2458732.5,82.11,0.0135
"       (2019 RD2)",0.9545,0.4679,17.65,166.87,16.26,0.508,1.40,0.933,3,8,15,,,23.60,50843842,N,,,,2458732.5,133.70,0.182
"       (2019 RF2)",0.8952,0.2129,2.06,321.33,233.44,0.705,1.09,0.847,1,8,12,,,26.60,50843841,N,,,,2458734.5,136.83,0.00622
"       (2019 SO1)",0.9769,0.2353,8.77,177.67,301.30,0.747,1.21,0.966,2,7,15,,,26.80,50843933,N,,,,2461200.5,248.21,0.0261
"       (2019 SM2)",0.9795,0.5503,15.08,174.65,51.02,0.440,1.52,0.969,5,8,13,,,26.10,50844025,N,,,,2458747.5,68.22,0.014
"       (2019 SG4)",0.8251,0.4887,15.27,3.31,147.25,0.422,1.23,0.75,2192,1,37,,,24.84,50856733,N,,,,2461200.5,230.65,0.0309
"       (2019 SF6)",0.7623,0.4165,2.19,200.83,3.38,0.445,1.08,0.666,3647,0,55,,,26.28,50869359,N,,,,2461200.5,157.59,0.015
"       (2019 SV6)",0.7912,0.5027,6.17,4.30,173.92,0.393,1.19,0.704,21,7,31,,,23.80,50869369,N,,,,2461200.5,26.83,0.0531
"       (2019 SY6)",0.798,0.5367,11.19,183.34,31.43,0.370,1.23,0.713,1833,2,28,,,25.07,50869372,N,,,,2461200.5,245.37,0.0147
"       (2019 SK7)",0.9644,0.2753,17.82,196.35,332.43,0.699,1.23,0.947,31,5,72,,,22.90,50872646,N,,,,2461200.5,234.20,0.148
"       (2019 TA2)",0.9438,0.2094,9.50,28.33,127.04,0.746,1.14,0.917,33,4,42,,,24.94,50878595,N,,,,2461200.5,334.69,0.0245
"       (2019 TE3)",0.8381,0.2348,23.12,11.87,169.36,0.641,1.03,0.767,6,6,48,,,25.50,50878611,N,,,,2461200.5,88.22,0.0286
"       (2019 TF3)",0.8135,0.2650,3.65,14.76,157.32,0.598,1.03,0.734,2,6,20,,,28.00,50878612,N,,,,2461200.5,247.18,0.000691
"       (2019 TL6)",0.8107,0.5083,25.32,203.63,344.58,0.399,1.22,0.73,4712,0,79,,,22.59,50879161,N,,,,2461200.5,254.46,0.137
"       (2019 TA7)",0.756,0.4538,4.03,13.17,159.31,0.413,1.10,0.657,4,7,21,,,26.30,50879190,N,,,,2461200.5,287.24,0.0095
"       (2019 TB7)",0.8942,0.1309,10.00,18.57,191.60,0.777,1.01,0.846,14,6,30,,,26.80,50879189,N,,,,2461200.5,120.06,0.00917
"       (2019 UD)",0.8825,0.1648,1.68,28.06,161.08,0.737,1.03,0.829,27,6,58,,,26.94,50879248,N,,,,2461200.5,200.32,0.00803
"       (2019 UK)",0.8829,0.3841,21.70,206.38,318.84,0.544,1.22,0.83,1838,1,65,,,21.64,50879250,Y,,,,2461200.5,237.26,0.0444
"       (2019 UL)",0.8329,0.2066,1.35,17.39,197.40,0.661,1.00,0.76,9,6,55,,,29.10,50879251,N,,,,2461200.5,69.63,0.00161
"       (2019 UV)",0.8996,0.1709,22.70,22.53,207.60,0.746,1.05,0.853,5,6,25,,,26.10,50879264,N,,,,2461200.5,66.06,0.0304
"       (2019 UZ)",0.8804,0.3469,7.52,207.88,312.15,0.575,1.19,0.826,3,6,17,,,27.80,50879261,N,,,,2461200.5,272.14,0.00496
"       (2019 UN1)",0.8512,0.4291,20.82,215.69,344.89,0.486,1.22,0.785,1480,3,23,,,23.24,50879297,N,,,,2461200.5,347.72,0.148
"       (2019 UR1)",0.9258,0.2544,11.23,208.91,41.92,0.690,1.16,0.891,11,6,19,,,25.80,50879296,N,,,,2461200.5,273.75,0.0445
"       (2019 UX1)",0.9692,0.2426,14.06,205.86,67.80,0.734,1.20,0.954,14,6,124,,,24.09,50879303,N,,,,2461200.5,67.92,0.00517
"       (2019 UY1)",0.8982,0.2642,6.05,47.51,199.01,0.661,1.14,0.851,2255,1,76,,,23.95,50879301,N,,,,2461200.5,43.73,0.0539
"       (2019 UG2)",0.9106,0.2031,23.72,21.50,208.35,0.726,1.10,0.869,14,7,32,,,24.30,50879308,N,,,,2461200.5,9.81,0.0616
"       (2019 UO2)",0.8533,0.2621,23.08,205.80,31.16,0.630,1.08,0.788,2,6,25,,,25.80,50879319,N,,,,2461200.5,279.71,0.0249
"       (2019 UN3)",0.9837,0.2032,32.18,24.49,119.55,0.784,1.18,0.976,5,8,40,,,24.39,50879337,N,,,,2458778.5,265.33,0.0488
"       (2019 UO5)",0.9164,0.1405,20.41,32.16,171.90,0.788,1.05,0.877,12,6,25,,,25.60,50879570,N,,,,2461200.5,26.99,0.0485
"       (2019 UU7)",0.8089,0.3174,0.88,149.69,82.04,0.552,1.07,0.728,15,7,34,,,26.03,50883119,N,,,,2461200.5,177.34,0.0118
"       (2019 UT8)",0.9184,0.5257,3.77,40.97,124.01,0.436,1.40,0.88,4,7,33,,,27.20,50884035,N,,,,2461200.5,115.40,0.00566
"       (2019 UY8)",0.869,0.4141,7.42,36.02,145.11,0.509,1.23,0.81,11,6,37,,,24.96,50884038,N,,,,2461200.5,308.99,0.0295
"       (2019 UM9)",0.9861,0.1550,12.36,33.16,104.77,0.833,1.14,0.979,2,5,81,,,27.30,50884046,N,,,,2461200.5,184.76,0.0062
"       (2019 UK12)",0.9218,0.1253,5.53,35.67,170.69,0.806,1.04,0.885,4,7,28,,,25.80,50888775,N,,,,2461200.5,358.41,0.041
"       (2019 UE13)",0.8043,0.3607,7.45,216.69,333.34,0.514,1.09,0.721,13,7,36,,,25.75,50892033,N,,,,2461200.5,290.13,0.0176
"       (2019 UP13)",0.9341,0.5119,15.81,220.24,49.61,0.456,1.41,0.903,36,6,66,,,23.45,50892189,N,,,,2461200.5,186.74,0.0158
"       (2019 UL130)",0.9804,0.3219,3.15,53.08,113.29,0.665,1.30,0.971,5,8,9,,,25.78,54286247,N,,,,2458788.5,269.39,0.00297
"       (2019 VT)",0.8763,0.6143,4.55,17.69,241.09,0.338,1.41,0.82,2,8,51,,,24.45,50892294,N,,,,2458789.5,72.46,0.0246
"       (2019 VV)",0.9383,0.2955,0.34,250.28,31.33,0.661,1.22,0.909,3640,0,106,,,25.33,50892303,N,,,,2461200.5,176.34,0.00312
"       (2019 VW)",0.8801,0.1482,5.22,219.41,14.69,0.750,1.01,0.826,17,6,57,,,26.75,50892300,N,,,,2461200.5,157.32,0.00977
"       (2019 VJ2)",0.865,0.3319,5.44,227.91,32.01,0.578,1.15,0.804,6,7,18,,,26.10,50892680,N,,,,2461200.5,186.11,0.0237
"       (2019 VU2)",0.9385,0.1688,9.33,32.27,150.76,0.780,1.10,0.909,14,6,25,,,25.80,50892702,N,,,,2461200.5,321.86,0.0627
"       (2019 VO3)",0.6778,0.5161,26.46,42.06,178.09,0.328,1.03,0.558,1,7,41,,,25.90,50892720,N,,,,2461200.5,120.06,0.0347
"       (2019 VA4)",0.822,0.2434,9.02,221.89,354.13,0.622,1.02,0.745,2,7,18,,,27.80,50892732,N,,,,2461200.5,132.46,0.0278
"       (2019 VM4)",0.9683,0.1068,26.82,222.54,319.80,0.865,1.07,0.953,3,8,18,,,26.70,50892769,N,,,,2458794.5,229.74,0.0502
"       (2019 VL5)",0.9969,0.2790,1.78,277.84,239.49,0.719,1.28,0.995,1827,0,39,,,25.86,50892836,N,,,,2461200.5,133.18,0.0058
"       (2019 VS5)",0.8434,0.4313,10.89,73.50,137.85,0.480,1.21,0.775,3649,0,40,,,23.21,50893236,N,,,,2461200.5,42.14,0.00948
"       (2019 WJ)",0.7114,0.5075,4.71,12.67,204.32,0.350,1.07,0.6,2203,0,60,,,22.49,50893297,N,,,,2461200.5,207.07,0.00376
"       (2019 WT1)",0.8466,0.2639,11.02,62.26,211.86,0.623,1.07,0.779,8,6,36,,,26.80,50893428,N,,,,2461200.5,270.43,0.0188
"       (2019 WU1)",0.9124,0.1161,17.47,61.46,200.94,0.807,1.02,0.872,10,3,58,,,26.40,50893470,N,,,,2461200.5,335.08,0.0214
"       (2019 WC4)",0.9303,0.4877,9.83,289.82,272.80,0.477,1.38,0.897,2470,2,42,,,22.40,50893661,N,,,,2461200.5,3.97,0.0858
"       (2019 WP4)",0.9796,0.3477,20.69,66.24,241.75,0.639,1.32,0.97,9,7,57,,,24.41,50893743,N,,,,2461200.5,341.95,0.0296
"       (2019 WB7)",0.8017,0.2936,1.62,260.52,340.11,0.566,1.04,0.718,1821,0,40,,,24.75,50939991,N,,,,2461200.5,230.34,0.00455
"       (2019 XB)",0.7279,0.4028,6.13,269.63,344.45,0.435,1.02,0.621,1851,0,153,,,23.53,50893793,N,,,,2461200.5,350.23,0.00605
"       (2019 XD)",0.9475,0.1630,20.40,67.82,238.36,0.793,1.10,0.922,5,7,13,,,27.40,50893795,N,,,,2461200.5,131.20,0.0197
"       (2019 XL)",0.7902,0.3084,7.74,252.89,10.10,0.547,1.03,0.702,1,7,26,,,26.60,50893879,N,,,,2461200.5,256.14,0.0301
"       (2019 XQ)",0.7179,0.4272,7.04,50.43,208.18,0.411,1.02,0.608,33,7,65,,,23.80,50893885,N,,,,2461200.5,62.66,0.019
"       (2019 XO1)",0.7077,0.4003,6.62,71.96,180.02,0.424,0.99,0.595,13,7,27,,,24.35,50906020,N,,,,2461200.5,161.48,0.0049
"       (2019 XQ1)",0.9954,0.2820,8.46,69.06,119.46,0.715,1.28,0.993,366,1,35,,,25.34,50906022,N,,,,2461200.5,109.04,0.0344
"       (2019 XW1)",0.9159,0.2029,5.60,49.77,241.40,0.730,1.10,0.877,4,9,12,,,25.70,50906652,N,,,,2458821.5,119.49,0.0074
"       (2019 XT2)",0.925,0.1599,13.47,255.56,56.19,0.777,1.07,0.89,6,4,42,,,26.40,50909786,N,,,,2461200.5,218.15,0.0033
"       (2019 XL3)",0.8714,0.1443,23.63,262.81,19.48,0.746,1.00,0.813,3,5,31,,,27.00,50933041,N,,,,2461200.5,143.07,0.00296
"       (2019 YC2)",0.9606,0.0623,9.99,88.15,238.00,0.901,1.02,0.941,3,5,29,,,26.80,50943388,N,,,,2461200.5,69.64,0.00508
"       (2019 YG2)",0.862,0.2140,16.07,93.16,174.74,0.677,1.05,0.8,1476,1,46,,,25.27,50943392,N,,,,2461200.5,209.82,0.0612
"       (2019 YA3)",0.9402,0.2683,1.54,257.17,62.73,0.688,1.19,0.912,17,5,18,,,26.42,50949032,N,,,,2461200.5,136.79,0.000957
"       (2019 YA4)",0.923,0.4704,2.82,119.70,206.64,0.489,1.36,0.887,3347,0,163,,,23.40,50959245,N,,,,2461200.5,174.18,0.0229
"       (2019 YB4)",0.9935,0.1924,0.54,324.36,236.84,0.802,1.18,0.99,4,6,37,,,26.80,50959246,N,,,,2461200.5,98.10,0.0026
"       (2019 YL4)",0.9714,0.1697,8.10,107.71,176.47,0.807,1.14,0.957,776,2,52,,,24.40,50959254,N,,,,2461200.5,77.68,0.125
"       (2019 YP5)",0.9766,0.3842,10.36,318.16,299.02,0.601,1.35,0.965,406,1,111,,,22.46,50968783,N,,,,2461200.5,115.87,0.0142
"       (2019 YL6)",0.9327,0.0957,7.64,268.19,347.30,0.843,1.02,0.901,20,6,16,,,25.30,50971160,N,,,,2461200.5,263.74,0.0347
"       (2020 AC)",0.954,0.1106,9.38,280.03,295.76,0.848,1.06,0.932,3,4,93,,,26.70,50968785,N,,,,2461200.5,222.09,0.0053
"       (2020 AE)",0.943,0.2359,2.18,67.04,159.57,0.721,1.17,0.916,12,5,62,,,25.70,50968788,N,,,,2461200.5,268.53,0.0268
"       (2020 AT)",0.9861,0.2459,14.66,102.76,244.60,0.744,1.23,0.979,12,7,86,,,25.20,50972442,N,,,,2461200.5,291.98,0.0365
"       (2020 AW)",0.8083,0.2340,0.36,321.11,315.83,0.619,1.00,0.727,3,7,24,,,28.73,50972445,N,,,,2461200.5,134.21,0.00278
"       (2020 AC1)",0.8602,0.2203,5.98,282.30,38.09,0.671,1.05,0.798,10,6,70,,,28.39,50973565,N,,,,2461200.5,144.84,0.00351
"       (2020 AY1)",0.8816,0.2222,1.02,31.62,294.85,0.686,1.08,0.828,1884,0,151,,,25.30,50976565,N,,,,2461200.5,34.32,0.00645
"       (2020 AZ1)",0.9161,0.0965,6.29,289.16,348.49,0.828,1.00,0.877,13,7,30,,,26.60,50976566,N,,,,2461200.5,307.50,0.0183
"       (2020 AB2)",0.8043,0.3264,2.62,102.20,156.15,0.542,1.07,0.721,7,7,27,,,27.00,50976568,N,,,,2461200.5,195.41,0.00813
"       (2020 AO2)",0.9169,0.4602,18.09,301.41,300.02,0.495,1.34,0.878,3,9,28,,,23.20,50978249,N,,,,2458853.5,278.22,0.0236
"       (2020 AE3)",0.82,0.2893,28.10,108.51,214.07,0.583,1.06,0.743,1110,1,45,,,23.25,50986660,N,,,,2461200.5,1.24,0.00419
"       (2020 AH3)",0.9473,0.0686,27.67,109.99,208.19,0.882,1.01,0.922,3,7,44,,,24.30,50986700,N,,,,2461200.5,130.15,0.0198
"       (2020 AK3)",0.9884,0.1401,10.93,301.92,283.25,0.850,1.13,0.983,14,6,51,,,26.13,50986702,N,,,,2461200.5,87.00,0.0133
"       (2020 AL3)",0.9811,0.3940,8.48,114.11,115.51,0.595,1.37,0.972,4,7,52,,,26.20,50986703,N,,,,2461200.5,140.67,0.00464
"       (2020 AP3)",0.903,0.1892,2.34,77.42,255.34,0.732,1.07,0.858,11,7,19,,,26.60,50986708,N,,,,2461200.5,296.22,0.0152
"       (2020 AQ24)",0.9933,0.0397,31.93,293.73,288.06,0.954,1.03,0.99,5,8,35,,,24.98,54293876,N,,,,2458861.5,254.47,0.0205
"       (2020 BE)",0.9372,0.1155,47.66,119.15,176.15,0.829,1.05,0.907,15,8,170,,,21.95,50986724,N,,,,2458868.5,181.86,0.0612
"       (2020 BW)",0.9311,0.3278,3.38,10.21,249.29,0.626,1.24,0.899,19,4,42,,,24.30,50986762,N,,,,2461200.5,288.15,0.0101
"       (2020 BZ)",0.9478,0.2723,14.90,300.56,58.34,0.690,1.21,0.923,5,6,23,,,27.10,50986765,N,,,,2461200.5,61.44,0.0271
"       (2020 BF1)",0.9621,0.1326,1.37,342.23,247.58,0.835,1.09,0.944,5,5,21,,,26.20,50986768,N,,,,2461200.5,180.64,0.00224
"       (2020 BK1)",0.7811,0.5680,21.08,116.08,178.08,0.337,1.22,0.69,739,2,42,,,22.90,50986785,N,,,,2461200.5,283.90,0.179
"       (2020 BM1)",0.8679,0.3288,15.43,304.54,27.89,0.583,1.15,0.809,2,6,20,,,25.60,50986787,N,,,,2461200.5,81.56,0.076
"       (2020 BT2)",0.7236,0.4202,4.09,168.47,133.24,0.420,1.03,0.615,16,8,34,,,23.67,50986855,N,,,,2458872.5,170.41,0.0312
"       (2020 BT3)",0.8309,0.2868,13.98,298.89,8.21,0.593,1.07,0.757,5,8,28,,,25.56,50986871,N,,,,2458869.5,168.29,0.077
"       (2020 BZ4)",0.9454,0.2809,6.07,124.88,121.28,0.680,1.21,0.919,7,5,24,,,27.60,50989106,N,,,,2461200.5,243.66,0.0118
"       (2020 BF5)",0.9798,0.2599,7.27,130.39,130.77,0.725,1.23,0.97,23,5,45,,,25.00,50989111,N,,,,2461200.5,92.96,0.0468
"       (2020 BN7)",0.9527,0.1244,8.24,97.82,198.10,0.834,1.07,0.93,42,4,29,,,23.80,50989192,N,,,,2461200.5,146.52,0.0729
"       (2020 BF8)",0.9617,0.0995,7.56,124.96,230.81,0.866,1.06,0.943,3,5,19,,,28.30,50989208,N,,,,2461200.5,30.42,0.0268
"       (2020 BJ8)",0.8691,0.2040,29.31,124.42,194.10,0.692,1.05,0.81,6,7,34,,,24.14,50989211,N,,,,2461200.5,113.98,0.0535
"       (2020 BO8)",0.9542,0.2687,30.16,311.40,322.45,0.698,1.21,0.932,30,6,42,,,23.70,50989216,N,,,,2461200.5,176.35,0.126
"       (2020 BP8)",0.8549,0.5771,10.42,120.72,224.34,0.362,1.35,0.79,2,8,28,,,25.50,50989217,N,,,,2458873.5,79.73,0.00343
"       (2020 BV9)",0.9909,0.2530,3.33,300.42,318.07,0.740,1.24,0.986,766,2,42,,,26.10,50989243,N,,,,2461200.5,52.80,0.0316
"       (2020 BN10)",0.9278,0.3443,20.52,185.74,69.02,0.608,1.25,0.894,3750,2,57,,,20.99,50989265,Y,,,,2461200.5,298.29,0.0479
"       (2020 BL11)",0.9889,0.0089,5.91,307.98,290.57,0.980,1.00,0.983,7,3,25,,,27.80,50989282,N,,,,2461200.5,54.17,0.00694
"       (2020 BP11)",0.7369,0.3760,7.35,304.37,3.80,0.460,1.01,0.633,6,8,18,,,26.80,50989286,N,,,,2458874.5,176.80,0.0248
"       (2020 BQ12)",0.9085,0.2100,8.76,313.34,307.56,0.718,1.10,0.866,16,6,39,,,24.50,50989303,N,,,,2461200.5,5.75,0.00627
"       (2020 BW12)",0.9903,0.0420,18.76,124.18,251.02,0.949,1.03,0.985,4,6,35,,,26.10,50989307,N,,,,2461200.5,268.74,0.0177
"       (2020 BW13)",0.946,0.0944,0.48,297.98,349.32,0.857,1.04,0.92,28,6,42,,,27.40,50989331,N,,,,2461200.5,174.55,0.0058
"       (2020 BX15)",0.7656,0.4502,24.00,334.93,339.12,0.421,1.11,0.67,2220,1,81,,,21.21,50989700,N,,,,2461200.5,32.05,0.0503
"       (2020 CA)",0.8817,0.4394,1.22,136.46,125.74,0.494,1.27,0.828,,6,13,,,29.60,50989372,N,,,,2461200.5,158.56,0.00128
"       (2020 CB)",0.9925,0.2851,3.70,134.17,248.08,0.710,1.28,0.989,2,6,25,,,27.70,50989378,N,,,,2461200.5,226.56,0.00741
"       (2020 CG)",0.9384,0.2593,4.33,128.22,240.80,0.695,1.18,0.909,20,6,35,,,25.16,50989423,N,,,,2461200.5,93.73,0.00482
"       (2020 CD1)",0.9322,0.2511,29.04,132.17,238.39,0.698,1.17,0.9,1,8,16,,,26.10,50989671,N,,,,2458883.5,96.33,0.0183
"       (2020 CH1)",0.9061,0.2254,11.43,319.92,43.37,0.702,1.11,0.862,22,6,41,,,25.50,50989675,N,,,,2461200.5,239.10,0.0304
"       (2020 CL1)",0.7245,0.3920,45.48,325.89,9.72,0.441,1.01,0.617,6946,0,141,,,19.96,50989694,Y,,,,2461200.5,266.33,0.0115
"       (2020 CB2)",0.8556,0.2807,27.14,1.01,50.17,0.615,1.10,0.791,3,9,13,,,20.20,50991577,Y,,,,2458885.5,95.40,0.0308
"       (2020 CQ2)",0.9527,0.2531,5.03,144.52,247.48,0.712,1.19,0.93,3,4,88,,,28.60,50991611,N,,,,2461200.5,8.98,1e-05
"       (2020 CE3)",0.98,0.5131,16.42,122.29,250.55,0.477,1.48,0.97,1,9,10,,,24.50,54006018,N,,,,2458885.5,66.16,0.0516
"       (2020 DF)",0.7608,0.3351,13.09,322.53,18.51,0.506,1.02,0.664,3,8,22,,,26.18,50991633,N,,,,2458896.5,151.79,0.00254
"       (2020 DK)",0.6893,0.4995,2.81,323.03,13.37,0.345,1.03,0.572,17,7,53,,,26.06,50991636,N,,,,2461200.5,167.94,0.00372
"       (2020 DO)",0.9471,0.0706,8.29,148.50,177.01,0.880,1.01,0.922,9,6,37,,,27.00,50991642,N,,,,2461200.5,126.01,0.0256
"       (2020 DW)",0.858,0.1689,0.06,92.56,213.73,0.713,1.00,0.795,3,5,51,,,30.40,50991673,N,,,,2461200.5,179.86,0.000204
"       (2020 DX1)",0.9934,0.1402,11.29,153.55,242.02,0.854,1.13,0.99,12,7,33,,,26.50,50991722,N,,,,2461200.5,229.28,0.0446
"       (2020 DB3)",0.7449,0.3895,11.28,43.03,264.23,0.455,1.04,0.643,5198,1,88,,,20.52,54000955,N,,,,2461200.5,160.88,0.152
"       (2020 DO3)",0.8091,0.5619,6.81,155.95,216.67,0.354,1.26,0.728,1,6,21,,,27.50,54005659,N,,,,2461200.5,315.30,0.0035
"       (2020 DO4)",0.9114,0.2079,1.17,170.64,213.87,0.722,1.10,0.87,6,6,33,,,27.50,54006020,N,,,,2461200.5,190.66,0.00741
"       (2020 DR4)",0.8153,0.2924,4.36,336.44,32.30,0.577,1.05,0.736,3,6,24,,,29.75,54006023,N,,,,2461200.5,317.34,0.000239
"       (2020 DP16)",0.9189,0.0976,27.01,146.05,174.68,0.829,1.01,0.881,6,7,29,,,25.58,54293316,N,,,,2461200.5,245.66,0.0205
"       (2020 EF)",0.9595,0.1150,6.85,352.53,319.39,0.849,1.07,0.94,18,6,30,,,26.20,54013540,N,,,,2461200.5,99.08,0.0325
"       (2020 FL)",0.8712,0.3968,5.90,358.02,309.84,0.526,1.22,0.813,1423,3,82,,,24.81,54016203,N,,,,2461200.5,147.07,0.00257
"       (2020 FM)",0.9922,0.3125,21.61,173.03,246.29,0.682,1.30,0.988,369,2,72,,,24.10,54016204,N,,,,2461200.5,187.68,0.0228
"       (2020 FK1)",0.9514,0.0896,8.97,174.97,234.87,0.866,1.04,0.928,1,6,58,,,27.40,54016226,N,,,,2461200.5,14.06,0.000656
"       (2020 FJ3)",0.83,0.2842,13.30,3.29,19.50,0.594,1.07,0.756,1099,1,31,,,23.93,54016321,N,,,,2461200.5,228.41,0.0394
"       (2020 FV4)",0.7136,0.4417,3.65,18.84,335.64,0.398,1.03,0.603,7,7,64,,,25.39,54016361,N,,,,2461200.5,309.85,0.00899
"       (2020 FM5)",0.9125,0.1893,3.49,178.70,138.77,0.740,1.09,0.872,2,6,25,,,28.60,54016375,N,,,,2461200.5,288.48,0.00997
"       (2020 GB)",0.9409,0.3333,6.31,192.67,122.22,0.627,1.25,0.913,12,6,90,,,25.70,54016430,N,,,,2461200.5,193.08,0.00505
"       (2020 GE)",0.9873,0.0495,1.67,171.73,68.14,0.938,1.04,0.981,1699,1,58,3,4,28.17,54016433,N,,,,2461200.5,23.92,0.00125
"       (2020 GF)",0.8373,0.2360,3.95,5.26,348.66,0.640,1.03,0.766,13,7,16,,,26.00,54016434,N,,,,2461200.5,234.29,0.0168
"       (2020 GQ)",0.8985,0.1707,6.14,187.69,206.73,0.745,1.05,0.852,12,7,30,,,26.40,54016448,N,,,,2461200.5,244.36,0.0241
"       (2020 GE1)",0.9936,0.0844,7.77,17.04,71.13,0.910,1.08,0.99,12,4,90,,,27.10,54016464,N,,,,2461200.5,178.91,0.0122
"       (2020 GX2)",0.9105,0.1969,17.14,204.95,218.99,0.731,1.09,0.869,7,5,48,,,26.50,54016520,N,,,,2461200.5,152.71,0.0276
"       (2020 GZ2)",0.8068,0.3758,2.55,30.65,324.71,0.504,1.11,0.725,4,6,41,,,27.90,54016528,N,,,,2461200.5,53.49,0.000636
"       (2020 GE3)",0.9024,0.2345,1.46,171.99,189.16,0.691,1.11,0.857,4431,0,50,,,26.11,54016533,N,,,,2461200.5,283.44,0.0179
"       (2020 HF)",0.8818,0.2782,0.31,267.67,74.10,0.637,1.13,0.828,2,6,24,,,25.20,54016545,N,,,,2461200.5,42.36,0.00203
"       (2020 HT)",0.9358,0.1702,9.54,209.06,214.26,0.777,1.10,0.905,10,7,27,,,26.70,54016563,N,,,,2461200.5,54.57,0.0444
"       (2020 HY)",0.8988,0.5525,18.27,207.13,224.51,0.402,1.40,0.852,2225,0,120,,,22.91,54016576,N,,,,2461200.5,156.29,0.0119
"       (2020 HP1)",0.9832,0.1329,4.50,203.53,255.74,0.852,1.11,0.975,8,4,29,,,28.60,54016590,N,,,,2461200.5,199.04,0.00223
"       (2020 HU1)",0.8011,0.3490,43.44,207.74,189.58,0.522,1.08,0.717,12,8,78,,,23.50,54016608,N,,,,2458960.5,162.15,0.0682
"       (2020 HY1)",0.8786,0.3304,2.52,186.70,223.84,0.588,1.17,0.824,1898,2,58,,,24.31,54016613,N,,,,2461200.5,307.89,0.00438
"       (2020 HW2)",0.8138,0.3746,3.28,91.49,271.32,0.509,1.12,0.734,7,8,30,,,24.89,54016641,N,,,,2458958.5,235.21,0.0444
"       (2020 HX2)",0.8693,0.3130,9.26,98.42,266.29,0.597,1.14,0.81,1461,1,54,,,22.11,54016642,N,,,,2461200.5,79.97,0.0857
"       (2020 HQ3)",0.9874,0.3232,3.64,212.57,123.57,0.668,1.31,0.981,18,6,78,,,25.36,54016671,N,,,,2461200.5,359.16,0.0122
"       (2020 HL4)",0.7958,0.3927,6.39,46.73,2.10,0.483,1.11,0.71,23,7,42,,,24.60,54016687,N,,,,2461200.5,18.75,0.0558
"       (2020 HM5)",0.8702,0.6223,11.58,41.03,27.94,0.329,1.41,0.812,7,8,65,,,23.60,54016732,N,,,,2458964.5,77.09,0.0446
"       (2020 HO5)",0.9891,0.0240,4.71,211.81,131.42,0.965,1.01,0.984,3,4,47,,,28.50,54016734,N,,,,2461200.5,308.84,0.000407
"       (2020 HY6)",0.738,0.4312,9.37,36.43,16.40,0.420,1.06,0.634,4,7,58,,,26.90,54016771,N,,,,2461200.5,17.15,0.0112
"       (2020 HE7)",0.8726,0.1710,3.68,214.60,184.41,0.723,1.02,0.815,3,7,24,,,28.80,54016778,N,,,,2461200.5,359.11,0.0156
"       (2020 HK7)",0.9142,0.6293,13.77,207.62,206.11,0.339,1.49,0.874,4761,0,73,,,21.86,54016780,N,,,,2461200.5,125.17,0.0738
"       (2020 HR8)",0.8902,0.3497,4.65,39.62,316.03,0.579,1.20,0.84,6,6,35,,,26.90,54016817,N,,,,2461200.5,355.68,0.0083
"       (2020 HG9)",0.864,0.4184,1.74,64.44,308.86,0.502,1.23,0.803,1470,1,199,,,23.38,54016914,N,,,,2461200.5,97.89,0.00316
"       (2020 JG)",0.8651,0.4670,6.10,220.17,225.78,0.461,1.27,0.805,9,6,45,,,25.80,54016955,N,,,,2461200.5,297.15,0.000808
"       (2020 JU)",0.9389,0.0862,10.70,259.03,167.10,0.858,1.02,0.91,184,3,303,,,20.83,54016975,Y,,,,2461200.5,53.90,0.00219
"       (2020 JG1)",0.9725,0.1033,9.96,229.55,156.43,0.872,1.07,0.959,14,4,43,,,25.95,54016993,N,,,,2461200.5,331.01,0.0498
"       (2020 JQ1)",0.7724,0.5396,7.32,230.68,212.42,0.356,1.19,0.679,8,7,41,,,26.10,54017003,N,,,,2461200.5,83.99,0.000981
"       (2020 JK2)",0.9389,0.2475,6.09,235.57,227.69,0.707,1.17,0.91,2,6,14,,,27.31,54017041,N,,,,2461200.5,347.43,0.02
"       (2020 JZ2)",0.9456,0.1990,9.32,69.25,21.03,0.757,1.13,0.92,15,6,32,,,25.70,54017076,N,,,,2461200.5,343.95,0.0823
"       (2020 KK)",0.8892,0.6909,20.79,56.51,31.93,0.275,1.50,0.838,5,9,19,,,24.65,54017063,N,,,,2458985.5,71.92,0.0392
"       (2020 KT)",0.8023,0.3938,5.78,171.64,230.58,0.486,1.12,0.719,1824,1,54,,,24.05,54017086,N,,,,2461200.5,8.09,0.0249
"       (2020 KV)",0.9654,0.1701,23.73,66.15,300.47,0.801,1.13,0.949,15,6,68,,,25.00,54017088,N,,,,2461200.5,26.59,0.0118
"       (2020 KA1)",0.8914,0.1678,14.67,233.03,199.93,0.742,1.04,0.842,5,6,24,,,26.70,54017094,N,,,,2461200.5,231.60,0.0177
"       (2020 KR2)",0.957,0.1643,3.03,199.17,262.87,0.800,1.11,0.936,5,6,17,,,26.60,54017162,N,,,,2461200.5,288.43,0.0172
"       (2020 KS2)",0.8772,0.2050,29.84,233.57,173.63,0.697,1.06,0.822,4,8,34,,,24.40,54017163,N,,,,2458990.5,194.60,0.0444
"       (2020 KS3)",0.9684,0.2798,11.25,61.82,313.09,0.697,1.24,0.953,6,8,19,,,23.50,54017198,N,,,,2458991.5,259.38,0.0507
"       (2020 KF4)",0.8625,0.3587,13.82,61.13,13.26,0.553,1.17,0.801,10,8,15,,,24.40,54017216,N,,,,2458991.5,153.05,0.107
"       (2020 KJ4)",0.9748,0.1335,2.86,67.58,293.90,0.845,1.10,0.962,7,5,44,,,29.90,54017225,N,,,,2461200.5,355.56,0.000351
"       (2020 KK5)",0.9321,0.6337,15.15,83.24,325.08,0.341,1.52,0.9,2512,1,50,,,21.84,54017258,Y,,,,2461200.5,131.07,0.0429
"       (2020 KS5)",0.8447,0.4303,13.41,63.15,326.95,0.481,1.21,0.776,2,7,19,,,25.40,54017264,N,,,,2461200.5,167.87,0.0314
"       (2020 KF6)",0.9242,0.1714,21.83,248.87,131.21,0.766,1.08,0.889,2,7,27,,,23.80,54017282,N,,,,2461200.5,169.08,0.00219
"       (2020 KR6)",0.9821,0.4824,24.03,33.95,77.33,0.508,1.46,0.973,2167,1,60,,,20.06,54017292,N,,,,2461200.5,131.30,0.105
"       (2020 KP7)",0.9067,0.3532,22.68,259.69,192.50,0.586,1.23,0.863,4712,0,58,,,21.81,54017323,N,,,,2461200.5,159.65,0.179
"       (2020 KQ7)",0.9711,0.1122,2.15,112.01,284.09,0.862,1.08,0.957,29,4,29,0,1,26.50,54017324,N,,,,2461200.5,327.28,0.0101
"       (2020 LE)",0.7916,0.3961,21.50,255.47,196.02,0.478,1.11,0.704,1846,1,164,,,22.19,54017369,N,,,,2461200.5,334.53,0.0556
"       (2020 LO)",0.9605,0.1660,9.95,253.46,241.62,0.801,1.12,0.941,15,5,51,,,26.80,54017403,N,,,,2461200.5,240.44,0.00021
"       (2020 LV)",0.9146,0.1528,5.51,91.85,319.26,0.775,1.05,0.875,9,4,40,2,1,25.30,54017418,N,,,,2461200.5,166.62,0.00398
"       (2020 ME)",0.8428,0.2697,16.66,99.91,351.80,0.615,1.07,0.774,31,6,46,,,23.60,54017455,N,,,,2461200.5,71.21,0.0481
"       (2020 MX)",0.8329,0.2776,4.45,282.49,177.03,0.602,1.06,0.76,1093,1,170,,,23.95,54017559,N,,,,2461200.5,118.14,0.0317
"       (2020 MA1)",0.8883,0.2044,4.90,101.66,9.92,0.707,1.07,0.837,15,7,29,,,25.40,54017563,N,,,,2461200.5,210.37,0.0354
"       (2020 MS1)",0.9629,0.1176,24.96,271.20,151.03,0.850,1.08,0.945,23,7,118,,,23.30,54017580,N,,,,2461200.5,329.40,0.0416
"       (2020 MP2)",0.9806,0.2932,13.84,127.87,303.12,0.693,1.27,0.971,1512,1,92,,,22.23,54017615,N,,,,2461200.5,243.18,0.0325
"       (2020 MK3)",0.8087,0.3602,2.36,94.54,334.30,0.517,1.10,0.727,13,7,42,,,25.80,54017652,N,,,,2461200.5,298.89,0.00407
"       (2020 MO3)",0.9479,0.2094,1.57,53.85,77.97,0.749,1.15,0.923,448,4,28,,,24.60,54017662,N,,,,2461200.5,293.14,0.00881
"       (2020 MR3)",0.8184,0.6060,8.30,276.81,175.16,0.322,1.31,0.74,3346,1,44,,,22.70,54017665,N,,,,2461200.5,225.53,0.0752
"       (2020 MA4)",0.8609,0.4914,15.33,287.50,171.29,0.438,1.28,0.799,2937,0,72,,,22.06,54017687,N,,,,2461200.5,4.62,0.144
"       (2020 NC)",0.8262,0.2913,6.13,101.65,29.64,0.585,1.07,0.751,2184,1,89,,,22.16,54017783,N,,,,2461200.5,92.69,0.00222
"       (2020 NJ1)",0.9349,0.2751,7.72,295.48,197.64,0.678,1.19,0.904,35,5,54,,,22.70,54048814,N,,,,2461200.5,346.98,0.0817
"       (2020 OM)",0.7112,0.4612,11.90,117.17,3.85,0.383,1.04,0.6,1,7,23,,,26.93,54048865,N,,,,2461200.5,104.39,0.0195
"       (2020 OP)",0.8275,0.4102,29.11,299.13,191.70,0.488,1.17,0.753,1095,2,47,,,23.38,54048867,N,,,,2461200.5,89.80,0.126
"       (2020 OC1)",0.9312,0.1213,6.59,301.80,163.62,0.818,1.04,0.899,27,5,49,,,26.40,54048881,N,,,,2461200.5,35.93,0.0211
"       (2020 OQ3)",0.7948,0.5056,12.53,107.14,39.50,0.393,1.20,0.709,21,6,17,,,22.72,54049357,N,,,,2461200.5,229.02,0.0186
"       (2020 OA5)",0.9006,0.1854,20.03,303.49,165.02,0.734,1.07,0.855,1,5,36,,,26.90,54049796,N,,,,2461200.5,153.73,0.0429
"       (2020 OJ5)",0.9679,0.1949,22.24,313.54,147.74,0.779,1.16,0.952,33,6,25,,,22.60,54049807,N,,,,2461200.5,283.20,0.0948
"       (2020 OA6)",0.9237,0.3774,1.54,164.73,273.16,0.575,1.27,0.888,11,6,43,,,26.10,54049856,N,,,,2461200.5,124.88,0.0146
"       (2020 OT6)",0.9425,0.3781,22.27,121.93,60.81,0.586,1.30,0.915,4508,0,66,,,20.10,54049873,Y,,,,2461200.5,238.95,0.0176
"       (2020 PC)",0.9333,0.0958,0.32,227.90,241.56,0.844,1.02,0.902,7,6,20,,,28.00,54049890,N,,,,2461200.5,21.68,0.0037
"       (2020 PK)",0.9487,0.6455,33.22,150.92,17.03,0.336,1.56,0.924,1905,1,61,,,21.58,54049904,N,,,,2461200.5,182.72,0.238
"       (2020 PO)",0.9564,0.2121,26.76,139.60,300.64,0.754,1.16,0.935,3,7,63,,,26.10,54049905,N,,,,2461200.5,343.57,0.00951
"       (2020 PL2)",0.9933,0.4378,34.61,320.40,239.61,0.558,1.43,0.99,366,2,112,,,23.06,54051038,N,,,,2461200.5,27.01,0.0133
"       (2020 PU2)",0.8676,0.2373,25.58,320.48,166.63,0.662,1.07,0.808,2,7,25,,,25.50,54051046,N,,,,2461200.5,276.64,0.0504
"       (2020 PK3)",0.9527,0.1690,6.09,161.78,348.89,0.792,1.11,0.93,32,5,33,,,24.70,54051068,N,,,,2461200.5,261.95,0.0788
"       (2020 PH5)",0.9882,0.3269,19.64,162.23,347.01,0.665,1.31,0.982,1875,1,61,,,22.37,54051126,N,,,,2461200.5,150.88,0.241
"       (2020 PJ6)",0.9615,0.0990,0.81,141.37,314.27,0.866,1.06,0.943,8,6,23,,,25.60,54051166,N,,,,2461200.5,298.32,0.00185
"       (2020 PK6)",0.882,0.4928,12.09,124.25,0.12,0.447,1.32,0.828,3,6,10,,,23.56,54051167,N,,,,2461200.5,238.30,0.15
"       (2020 QU)",0.9695,0.4172,16.62,142.22,330.70,0.565,1.37,0.955,4,7,23,,,23.40,54051168,N,,,,2461200.5,278.29,0.134
"       (2020 QY)",0.8557,0.3886,26.41,325.70,137.27,0.523,1.19,0.792,2,7,48,,,25.10,54051175,N,,,,2461200.5,21.46,0.00324
"       (2020 QL1)",0.8055,0.4251,29.98,148.55,350.16,0.463,1.15,0.723,7,6,38,,,24.10,54051183,N,,,,2461200.5,207.89,0.118
"       (2020 QN1)",0.9302,0.2409,7.20,287.35,233.67,0.706,1.15,0.897,3416,0,68,,,23.20,54051185,N,,,,2461200.5,333.58,0.00258
"       (2020 QQ2)",0.814,0.2957,6.80,334.76,158.33,0.573,1.05,0.734,2,8,10,,,26.70,54051286,N,,,,2459080.5,204.04,0.00878
"       (2020 QW2)",0.7876,0.4172,19.74,211.96,307.23,0.459,1.12,0.699,742,1,100,,,20.60,54051291,N,,,,2461200.5,260.85,0.0823
"       (2020 QD3)",0.8534,0.3289,5.34,150.75,332.43,0.573,1.13,0.788,13,7,26,,,26.20,54051298,N,,,,2461200.5,353.40,0.022
"       (2020 QR4)",0.8458,0.3181,17.98,328.32,160.74,0.577,1.11,0.778,12,7,19,,,24.40,54051346,N,,,,2461200.5,16.70,0.0656
"       (2020 QU5)",0.7229,0.5801,0.77,68.82,100.93,0.304,1.14,0.615,1871,2,23,,,25.65,54051399,N,,,,2461200.5,279.22,0.0107
"       (2020 QV6)",0.9317,0.6588,11.23,162.22,36.54,0.318,1.55,0.899,3257,1,181,,,22.38,54053707,N,,,,2461200.5,213.49,0.0233
"       (2020 QX6)",0.8231,0.3502,11.23,157.61,324.70,0.535,1.11,0.747,1,9,9,,,28.80,54053711,N,,,,2459090.5,242.40,0.00103
"       (2020 RL)",0.864,0.2048,14.24,337.06,195.46,0.687,1.04,0.803,1,7,28,,,25.10,54053733,N,,,,2461200.5,229.71,0.0201
"       (2020 RS)",0.8812,0.1865,9.74,162.94,18.46,0.717,1.05,0.827,15,6,22,,,25.40,54053743,N,,,,2461200.5,136.86,0.0217
"       (2020 RY2)",0.9301,0.3752,3.08,165.62,53.98,0.581,1.28,0.897,2,7,18,,,26.60,54053855,N,,,,2461200.5,232.70,0.0023
"       (2020 RF3)",0.9618,0.5552,7.53,351.84,127.36,0.428,1.50,0.943,2,6,42,,,28.50,54053916,N,,,,2461200.5,324.69,0.000549
"       (2020 RS3)",0.8652,0.6048,9.31,355.27,158.78,0.342,1.39,0.805,4378,0,65,,,22.81,54053928,N,,,,2461200.5,284.62,0.0559
"       (2020 RG6)",0.9808,0.5747,1.12,310.74,266.86,0.417,1.54,0.971,748,2,80,,,23.75,54054314,N,,,,2461200.5,29.71,0.0111
"       (2020 RV6)",0.8702,0.3623,2.08,182.42,321.92,0.555,1.19,0.812,9,8,16,,,24.80,54054327,N,,,,2459107.5,228.03,0.00597
"       (2020 RA7)",0.9687,0.1968,2.12,181.44,54.90,0.778,1.16,0.953,11,4,84,,,27.00,54054332,N,,,,2461200.5,98.43,0.00803
"       (2020 RT8)",0.9459,0.3259,3.23,23.28,176.69,0.638,1.25,0.92,12,6,17,,,24.40,54054404,N,,,,2461200.5,215.81,0.0485
"       (2020 RS9)",0.9732,0.3378,20.55,162.38,42.95,0.644,1.30,0.96,8,7,16,,,23.90,54054459,N,,,,2461200.5,110.53,0.0953
"       (2020 SB)",0.7255,0.3617,5.75,292.58,249.86,0.463,0.99,0.618,1130,1,213,,,20.31,54054405,N,,,,2461200.5,258.41,0.0895
"       (2020 SW)",0.9414,0.2112,2.32,1.80,118.96,0.743,1.14,0.913,6,4,227,,,29.06,54054455,N,,,,2461200.5,352.09,0.000326
"       (2020 SK2)",0.9349,0.3410,22.15,179.28,312.81,0.616,1.25,0.904,9,7,46,,,24.70,54054528,N,,,,2461200.5,16.88,0.0534
"       (2020 SA3)",0.9495,0.1745,8.20,183.13,49.70,0.784,1.12,0.925,26,4,150,,,25.40,54054562,N,,,,2461200.5,171.48,0.0219
"       (2020 SS3)",0.9128,0.3779,14.52,176.06,306.15,0.568,1.26,0.872,1,7,16,,,28.47,54054595,N,,,,2461200.5,116.22,0.000948
"       (2020 SW3)",0.7774,0.3478,4.68,356.60,180.65,0.507,1.05,0.685,4,8,15,,,26.90,54054597,N,,,,2459115.5,184.89,0.0274
"       (2020 SN4)",0.9431,0.2279,7.33,0.80,234.19,0.728,1.16,0.916,3,5,30,,,26.60,54054624,N,,,,2461200.5,185.11,0.0132
"       (2020 SV5)",0.7218,0.5317,14.45,5.70,156.78,0.338,1.11,0.613,1,7,16,,,26.20,54054687,N,,,,2461200.5,343.85,0.00532
"       (2020 SC6)",0.9241,0.1641,11.28,359.47,169.52,0.773,1.08,0.888,9,7,18,,,26.10,54054692,N,,,,2461200.5,349.81,0.0674
"       (2020 SR6)",0.8761,0.2370,1.20,233.60,279.06,0.668,1.08,0.82,24,6,71,,,25.70,54054711,N,,,,2461200.5,209.60,0.0128
"       (2020 TK)",0.9321,0.1520,29.51,11.15,219.58,0.790,1.07,0.9,5,7,30,,,24.80,54054774,N,,,,2461200.5,238.24,0.0296
"       (2020 TJ1)",0.9074,0.2144,29.91,195.64,337.67,0.713,1.10,0.864,8,8,35,,,24.40,54055040,N,,,,2459131.5,208.92,0.0794
"       (2020 TS1)",0.8878,0.1706,3.05,17.23,145.25,0.736,1.04,0.837,5,5,37,,,29.20,54055062,N,,,,2461200.5,144.86,0.00168
"       (2020 TE2)",0.9863,0.2144,1.58,349.08,139.62,0.775,1.20,0.98,13,5,54,,,26.25,54055076,N,,,,2461200.5,192.60,0.0155
"       (2020 TL2)",0.8661,0.2153,19.65,14.51,193.04,0.680,1.05,0.806,9,6,27,,,24.50,54055085,N,,,,2461200.5,167.41,0.044
"       (2020 TV2)",0.9286,0.2651,22.16,197.90,54.85,0.682,1.17,0.895,4,7,36,,,26.05,54055102,N,,,,2461200.5,213.82,0.0162
"       (2020 TA3)",0.8923,0.1588,11.59,20.72,167.81,0.751,1.03,0.843,9,7,27,,,26.40,54055107,N,,,,2461200.5,89.70,0.0313
"       (2020 TQ3)",0.8727,0.2449,1.51,347.85,172.48,0.659,1.09,0.815,7,7,41,,,26.50,54055119,N,,,,2461200.5,199.07,0.0154
"       (2020 TK4)",0.8571,0.3381,7.57,205.70,320.22,0.567,1.15,0.794,11,6,58,,,26.30,54057206,N,,,,2461200.5,287.22,0.0119
"       (2020 TK5)",0.7555,0.5375,3.45,197.71,30.23,0.349,1.16,0.657,1511,1,130,,,23.68,54065896,N,,,,2461200.5,335.20,0.000519
"       (2020 UA)",0.8584,0.2726,1.92,27.49,137.79,0.624,1.09,0.795,4,4,68,,,28.44,54073339,N,,,,2461200.5,274.07,1.33e-05
"       (2020 UN1)",0.8719,0.3148,11.16,33.72,133.72,0.597,1.15,0.814,18,5,48,,,25.40,54075312,N,,,,2461200.5,220.72,0.0055
"       (2020 UE2)",0.8776,0.2105,2.48,27.51,207.17,0.693,1.06,0.822,4,7,16,,,26.60,54075551,N,,,,2461200.5,82.34,0.00932
"       (2020 UM2)",0.9595,0.1233,2.62,198.45,328.35,0.841,1.08,0.94,17,6,27,,,27.10,54075581,N,,,,2461200.5,228.59,0.0258
"       (2020 UA3)",0.9078,0.2391,0.65,0.87,165.55,0.691,1.12,0.865,20,5,41,,,26.70,54075596,N,,,,2461200.5,67.29,0.00735
"       (2020 UF3)",0.967,0.5742,27.49,29.64,127.45,0.412,1.52,0.951,2,7,36,,,28.38,54075978,N,,,,2461200.5,269.98,0.000277
"       (2020 UT3)",0.9294,0.3186,28.52,205.96,307.98,0.633,1.23,0.896,2,8,21,,,25.40,54075991,N,,,,2459143.5,267.49,0.0358
"       (2020 UC4)",0.9593,0.2981,0.61,291.18,217.16,0.673,1.25,0.94,6,6,30,,,26.09,54076013,N,,,,2461200.5,271.19,0.00457
"       (2020 UE4)",0.9281,0.3702,3.81,56.44,132.02,0.585,1.27,0.894,45,3,67,,,23.53,54076015,N,,,,2461200.5,337.90,0.0129
"       (2020 UO4)",0.9736,0.0915,1.46,210.43,64.11,0.884,1.06,0.961,494,2,82,,,28.64,54076022,N,,,,2461200.5,54.01,0.00252
"       (2020 UM5)",0.6834,0.5595,9.22,33.32,170.19,0.301,1.07,0.565,7,8,22,,,26.00,54076927,N,,,,2459145.5,201.43,0.0255
"       (2020 UK6)",0.9708,0.3541,24.70,28.95,133.50,0.627,1.31,0.956,10,8,13,,,24.18,54079787,N,,,,2459145.5,260.84,0.0963
"       (2020 VB)",0.932,0.1735,27.99,224.11,330.95,0.770,1.09,0.9,32,6,134,,,23.10,54087376,N,,,,2461200.5,291.77,0.0724
"       (2020 VF)",0.8459,0.3066,16.80,231.29,341.65,0.587,1.11,0.778,17,6,83,,,24.10,54087416,N,,,,2461200.5,262.75,0.0797
"       (2020 VH)",0.8661,0.1871,2.30,40.35,154.20,0.704,1.03,0.806,4,6,60,,,28.50,54087418,N,,,,2461200.5,196.92,0.0049
"       (2020 VL)",0.9881,0.0799,5.59,229.29,29.30,0.909,1.07,0.982,793,2,81,,,25.12,54087420,N,,,,2461200.5,21.56,0.0525
"       (2020 VW)",0.8418,0.3467,3.05,221.49,41.56,0.550,1.13,0.772,15,6,23,,,28.36,54087438,N,,,,2461200.5,193.32,0.00128
"       (2020 VN1)",0.9802,0.0633,3.51,43.92,255.06,0.918,1.04,0.97,500,2,146,,,27.93,54087576,N,,,,2461200.5,9.54,0.000372
"       (2020 VY2)",0.7962,0.4725,24.42,231.12,342.91,0.420,1.17,0.71,14,6,64,,,23.85,54087741,N,,,,2461200.5,162.31,0.108
"       (2020 VA4)",0.9823,0.1432,0.37,350.48,304.72,0.842,1.12,0.974,1188,2,69,,,27.43,54087767,N,,,,2461200.5,353.26,0.00224
"       (2020 VP4)",0.9342,0.1277,3.50,233.68,309.07,0.815,1.05,0.903,9,5,106,,,27.60,54087806,N,,,,2461200.5,299.88,0.00519
"       (2020 VT4)",0.908,0.2030,10.17,231.38,53.71,0.724,1.09,0.865,5,5,34,,,28.61,54087809,N,,,,2461200.5,262.21,0.000269
"       (2020 VY4)",0.782,0.4224,6.08,243.30,4.10,0.452,1.11,0.692,10,8,36,,,25.00,54087812,N,,,,2459168.5,149.74,0.0499
"       (2020 VU5)",0.8319,0.2217,4.96,55.05,163.90,0.647,1.02,0.759,8,6,83,,,27.40,54087855,N,,,,2461200.5,322.45,0.0118
"       (2020 VZ5)",0.8889,0.2932,22.63,246.14,44.66,0.628,1.15,0.838,3676,0,183,,,21.02,54087860,Y,,,,2461200.5,341.30,0.0321
"       (2020 VD6)",0.8462,0.5673,18.21,231.03,334.04,0.366,1.33,0.778,10,8,33,,,23.97,54087863,N,,,,2459170.5,265.57,0.0808
"       (2020 WM)",0.7968,0.4100,3.43,71.51,133.31,0.470,1.12,0.711,10,6,117,,,25.00,54088813,N,,,,2461200.5,170.50,0.0101
"       (2020 WR)",0.9234,0.1584,3.90,52.46,224.05,0.777,1.07,0.887,9,6,30,,,27.50,54088817,N,,,,2461200.5,219.83,0.0109
"       (2020 WR1)",0.8425,0.3196,10.79,46.20,207.77,0.573,1.11,0.773,18,7,48,,,24.45,54091635,N,,,,2461200.5,215.00,0.0374
"       (2020 WJ3)",0.9159,0.3234,48.79,239.31,317.66,0.620,1.21,0.877,12,8,112,,,23.16,54092917,N,,,,2459176.5,255.47,0.0837
"       (2020 WO3)",0.7504,0.4775,27.62,244.96,348.69,0.392,1.11,0.65,44,5,115,,,23.01,54093080,N,,,,2461200.5,29.36,0.0926
"       (2020 WU3)",0.8768,0.3506,35.18,61.15,211.15,0.569,1.18,0.821,2,8,32,,,23.30,54093091,N,,,,2459176.5,127.05,0.0989
"       (2020 WW3)",0.9477,0.0865,17.25,61.98,216.18,0.866,1.03,0.923,9,6,52,,,25.60,54093093,N,,,,2461200.5,138.54,0.0229
"       (2020 WT4)",0.8685,0.1723,0.80,77.36,169.67,0.719,1.02,0.809,16,7,33,,,27.79,54095170,N,,,,2461200.5,117.05,0.00549
"       (2020 XC)",0.9364,0.1093,2.53,68.78,234.15,0.834,1.04,0.906,11,5,53,,,29.04,54097863,N,,,,2461200.5,148.77,0.000713
"       (2020 XF)",0.9149,0.0958,4.38,71.21,211.82,0.827,1.00,0.875,31,5,113,,,26.84,54097866,N,,,,2461200.5,250.08,0.000464
"       (2020 XG)",0.9202,0.3636,1.27,254.96,53.23,0.586,1.25,0.883,7,6,33,,,28.14,54097868,N,,,,2461200.5,170.44,0.00203
"       (2020 XM1)",0.8235,0.3306,34.40,56.30,202.17,0.551,1.10,0.747,1104,1,59,,,21.52,54098020,N,,,,2461200.5,280.02,0.0641
"       (2020 XR1)",0.8112,0.4658,35.30,74.63,150.95,0.433,1.19,0.731,13,8,27,,,23.80,54098026,N,,,,2459192.5,244.37,0.0702
"       (2020 XH2)",0.9522,0.1921,1.04,218.23,101.31,0.769,1.14,0.929,9,5,32,,,27.10,54098712,N,,,,2461200.5,66.99,0.00476
"       (2020 XJ3)",0.8071,0.2652,5.56,277.90,326.21,0.593,1.02,0.725,12,7,62,,,25.70,54099613,N,,,,2461200.5,54.35,0.0104
"       (2020 XK3)",0.9244,0.2701,57.29,254.02,349.55,0.675,1.17,0.889,34,7,75,,,21.73,54099614,N,,,,2461200.5,261.41,0.181
"       (2020 XV3)",0.9909,0.1970,31.33,82.19,196.79,0.796,1.19,0.986,1456,1,65,,,22.87,54099636,N,,,,2461200.5,348.77,0.186
"       (2020 XY4)",0.8631,0.3495,1.12,261.34,319.07,0.561,1.16,0.802,1468,1,83,,,26.93,54099950,N,,,,2461200.5,199.86,0.00258
"       (2020 XA5)",0.8208,0.3837,4.40,146.73,118.64,0.506,1.14,0.744,2245,1,53,,,24.29,54100190,N,,,,2461200.5,307.52,0.0256
"       (2020 XQ6)",0.9634,0.6623,5.31,312.77,278.29,0.325,1.60,0.946,21,7,72,,,22.79,54100579,N,,,,2461200.5,212.06,0.0514
"       (2020 XX6)",0.8392,0.6894,12.54,88.04,205.21,0.261,1.42,0.769,4,8,20,,,24.00,54100584,N,,,,2459199.5,89.60,0.0416
"       (2020 YB)",0.9343,0.1668,0.98,80.53,126.76,0.779,1.09,0.903,5,5,55,,,28.90,54100616,N,,,,2461200.5,277.79,0.00277
"       (2020 YC)",0.9366,0.2422,3.99,263.61,308.50,0.710,1.16,0.906,6,6,47,,,25.87,54100615,N,,,,2461200.5,271.83,0.015
"       (2020 YF)",0.8711,0.1376,2.54,266.05,346.94,0.751,0.99,0.813,6,5,74,,,28.82,54100620,N,,,,2461200.5,100.84,0.00201
"       (2020 YH)",0.742,0.4201,7.17,28.28,248.78,0.430,1.05,0.639,754,2,47,,,21.98,54100624,N,,,,2461200.5,337.95,0.0807
"       (2020 YP)",0.8836,0.1412,19.34,270.38,330.20,0.759,1.01,0.831,6,5,28,,,24.60,54100692,N,,,,2461200.5,67.83,0.00288
"       (2020 YT)",0.8013,0.3701,5.58,271.47,2.74,0.505,1.10,0.717,12,8,25,,,25.51,54100694,N,,,,2459200.5,159.28,0.0511
"       (2020 YU)",0.7701,0.4045,31.57,268.12,330.25,0.459,1.08,0.676,3,6,44,,,25.50,54100696,N,,,,2461200.5,274.40,0.00732
"       (2020 YA1)",0.9329,0.1110,2.38,281.96,303.98,0.829,1.04,0.901,16,6,65,,,26.75,54100904,N,,,,2461200.5,257.54,0.000529
"       (2020 YH1)",0.9393,0.1231,11.29,271.89,314.46,0.824,1.05,0.91,3,6,24,,,27.20,54101344,N,,,,2461200.5,234.43,0.0255
"       (2020 YM1)",0.9047,0.1152,2.60,276.96,317.25,0.800,1.01,0.861,2,7,15,,,29.70,54101656,N,,,,2461200.5,349.78,0.00423
"       (2020 YR1)",0.7311,0.4214,8.32,54.80,235.94,0.423,1.04,0.625,1856,1,52,,,22.76,54101661,N,,,,2461200.5,49.72,0.0712
"       (2020 YA2)",0.8087,0.2398,2.56,263.01,13.46,0.615,1.00,0.727,6,7,16,,,28.20,54101667,N,,,,2461200.5,353.17,0.00412
"       (2020 YK3)",0.8204,0.2203,2.59,102.96,169.38,0.640,1.00,0.743,16,7,25,,,27.17,54101721,N,,,,2461200.5,300.12,0.00689
"       (2020 YM3)",0.9673,0.1159,4.92,98.90,102.28,0.855,1.08,0.951,13,5,23,,,26.10,54102018,N,,,,2461200.5,170.14,0.00304
"       (2020 YN3)",0.9795,0.3176,3.69,287.37,47.66,0.668,1.29,0.969,2276,1,119,,,23.38,54102019,N,,,,2461200.5,312.57,0.0245
"       (2020 YW3)",0.9624,0.4056,5.56,251.06,75.23,0.572,1.35,0.944,12,7,21,,,25.73,54102026,N,,,,2461200.5,0.06,0.0195
"       (2020 YP4)",0.9563,0.2122,1.11,81.37,131.49,0.753,1.16,0.935,20,6,25,,,26.05,54102521,N,,,,2461200.5,204.55,0.00711
"       (2021 AN)",0.8042,0.3628,30.14,282.92,329.49,0.512,1.10,0.721,12,6,49,,,24.59,54104254,N,,,,2461200.5,64.61,0.0283
"       (2021 AR)",0.9539,0.4387,20.11,103.38,225.72,0.535,1.37,0.932,8,8,29,,,23.95,54104267,N,,,,2459218.5,84.03,0.0718
"       (2021 AA1)",0.9805,0.1527,17.26,285.99,303.58,0.831,1.13,0.971,8,7,32,,,26.10,54104276,N,,,,2461200.5,101.33,0.0559
"       (2021 AB1)",0.7317,0.4630,9.06,101.38,201.68,0.393,1.07,0.626,2,8,21,,,26.70,54104278,N,,,,2459219.5,134.08,0.0111
"       (2021 AG1)",0.9393,0.1886,26.54,104.71,162.50,0.762,1.12,0.91,8,7,34,,,24.25,54104542,N,,,,2461200.5,192.84,0.119
"       (2021 AC2)",0.8712,0.2435,0.85,100.09,231.30,0.659,1.08,0.813,3,6,35,,,27.89,54104721,N,,,,2461200.5,351.90,0.00118
"       (2021 AM2)",0.9752,0.0141,8.40,107.54,138.52,0.961,0.99,0.963,5,3,95,,,27.18,54104844,N,,,,2461200.5,86.48,0.00187
"       (2021 AP3)",0.957,0.1128,8.45,304.57,8.41,0.849,1.06,0.936,32,4,60,,,24.90,54104905,N,,,,2461200.5,70.76,0.0783
"       (2021 AD4)",0.9072,0.0881,9.46,106.55,194.25,0.827,0.99,0.864,9,6,42,,,25.66,54105103,N,,,,2461200.5,262.05,0.000736
"       (2021 AV4)",0.9103,0.2031,13.30,105.90,81.78,0.725,1.10,0.868,2544,1,29,,,20.94,54105261,N,,,,2461200.5,351.16,0.0893
"       (2021 AZ4)",0.9634,0.5082,44.52,115.89,201.28,0.474,1.45,0.946,1094,1,76,,,21.45,54105263,N,,,,2461200.5,24.43,0.302
"       (2021 AF5)",0.936,0.0714,4.25,112.29,208.52,0.869,1.00,0.906,26,6,81,,,24.82,54105488,N,,,,2461200.5,133.18,0.00883
"       (2021 AU5)",0.92,0.1650,15.66,118.13,125.25,0.768,1.07,0.882,6,6,32,,,24.03,54105516,N,,,,2461200.5,283.38,0.00453
"       (2021 AA6)",0.8994,0.3922,14.38,295.77,307.04,0.547,1.25,0.853,5,7,39,,,26.89,54105522,N,,,,2461200.5,31.20,0.00643
"       (2021 AG6)",0.7558,0.3288,7.00,117.00,186.33,0.507,1.00,0.657,4,7,34,,,26.88,54105558,N,,,,2461200.5,240.61,0.0152
"       (2021 AM6)",0.8289,0.2277,3.03,106.65,206.17,0.640,1.02,0.755,36,7,52,,,26.62,54105561,N,,,,2461200.5,209.24,0.00154
"       (2021 AQ6)",0.8901,0.2381,23.49,289.59,33.27,0.678,1.10,0.84,2,7,20,,,24.80,54105990,N,,,,2461200.5,293.17,0.0594
"       (2021 AX6)",0.7829,0.3171,3.26,99.41,204.61,0.535,1.03,0.693,34,7,25,,,26.89,54105994,N,,,,2461200.5,88.38,0.00162
"       (2021 BB)",0.9324,0.1192,8.05,296.49,50.54,0.821,1.04,0.9,,6,27,,,28.02,54106084,N,,,,2461200.5,114.54,0.0087
"       (2021 BC)",0.7061,0.4347,21.25,300.48,346.00,0.399,1.01,0.593,16,7,59,,,24.30,54106085,N,,,,2461200.5,235.94,0.00552
"       (2021 BD)",0.8633,0.7850,2.49,113.22,151.29,0.186,1.54,0.802,3,8,33,,,26.89,54106087,N,,,,2459230.5,302.26,0.00274
"       (2021 BO)",0.9468,0.1432,5.30,118.08,113.45,0.811,1.08,0.921,1,4,40,,,32.95,54106298,N,,,,2461200.5,206.82,0.000288
"       (2021 BZ)",0.9945,0.3044,19.29,126.53,109.56,0.692,1.30,0.992,728,1,62,0,1,24.76,54106310,N,,,,2461200.5,71.73,0.0142
"       (2021 BJ1)",0.8371,0.4446,11.48,120.45,145.04,0.465,1.21,0.766,20,6,57,,,24.40,54106343,N,,,,2461200.5,262.43,0.0294
"       (2021 BP1)",0.9685,0.1734,5.76,113.64,253.69,0.801,1.14,0.953,4,5,12,,,29.60,54106530,N,,,,2461200.5,325.17,0.00184
"       (2021 BW1)",0.8843,0.1872,0.91,98.71,219.03,0.719,1.05,0.832,1883,0,46,,,26.50,54106538,N,,,,2461200.5,330.04,0.00154
"       (2021 BF2)",0.927,0.2558,8.82,283.82,66.68,0.690,1.16,0.893,3,6,13,,,26.19,54106569,N,,,,2461200.5,113.26,0.00998
"       (2021 BT2)",0.9217,0.5098,23.38,306.91,39.24,0.452,1.39,0.885,18,8,21,,,24.05,54106586,N,,,,2459234.5,81.26,0.0791
"       (2021 BJ3)",0.6672,0.5207,9.69,312.64,352.89,0.320,1.01,0.545,23,7,111,,,25.10,54107791,N,,,,2461200.5,129.96,0.0143
"       (2021 BS3)",0.7821,0.3768,13.48,142.99,160.23,0.487,1.08,0.692,4010,0,143,,,23.71,54110047,N,,,,2461200.5,109.24,0.0365
"       (2021 CC)",0.9141,0.2094,8.57,312.27,48.45,0.723,1.11,0.874,20,5,119,,,25.43,54109175,N,,,,2461200.5,155.84,0.0186
"       (2021 CD)",0.74,0.4215,4.71,129.20,202.74,0.428,1.05,0.637,18,7,32,,,27.23,54109177,N,,,,2461200.5,282.46,0.00303
"       (2021 CF)",0.7781,0.3524,9.22,129.26,192.71,0.504,1.05,0.686,8,8,31,,,25.80,54109178,N,,,,2459248.5,162.99,0.0377
"       (2021 CX)",0.9873,0.2723,5.38,134.26,113.60,0.718,1.26,0.981,5,7,20,,,28.00,54110059,N,,,,2461200.5,78.15,0.0121
"       (2021 CD1)",0.8961,0.3580,25.25,320.66,319.07,0.575,1.22,0.848,14,7,45,,,24.13,54110065,N,,,,2461200.5,357.03,0.0646
"       (2021 CE1)",0.9813,0.2083,6.69,129.32,244.52,0.777,1.19,0.972,2,7,15,,,26.00,54110066,N,,,,2461200.5,278.35,0.0223
"       (2021 CH1)",0.7506,0.5333,30.22,134.79,202.64,0.350,1.15,0.65,3,7,19,,,24.58,54110070,N,,,,2461200.5,196.62,0.0542
"       (2021 CR1)",0.872,0.4440,12.63,137.06,144.78,0.485,1.26,0.814,10,7,40,,,25.10,54110077,N,,,,2461200.5,96.75,0.0472
"       (2021 CT1)",0.9851,0.1530,8.84,130.99,235.52,0.834,1.14,0.978,1559,2,35,,,25.33,54110078,N,,,,2461200.5,282.50,0.0493
"       (2021 CU1)",0.9498,0.2599,2.35,321.90,293.16,0.703,1.20,0.926,5,5,32,,,28.60,54110079,N,,,,2461200.5,183.27,6.25e-05
"       (2021 CC2)",0.9298,0.0918,7.29,142.36,185.10,0.844,1.02,0.897,3339,0,285,,,22.95,54110087,N,,,,2461200.5,153.39,0.0279
"       (2021 CP2)",0.9708,0.2797,8.40,336.12,339.67,0.699,1.24,0.956,417,2,78,,,23.00,54110691,N,,,,2461200.5,41.57,0.103
"       (2021 CZ2)",0.8207,0.4132,20.26,295.82,42.10,0.482,1.16,0.743,1102,2,88,,,22.45,54110699,N,,,,2461200.5,178.19,0.00152
"       (2021 CY5)",0.8546,0.2922,4.79,152.38,208.28,0.605,1.10,0.79,1507,1,57,,,25.65,54115835,N,,,,2461200.5,22.00,0.0224
"       (2021 CL7)",0.8887,0.1823,7.32,327.34,25.73,0.727,1.05,0.838,22,6,55,,,25.67,54117579,N,,,,2461200.5,267.87,0.0313
"       (2021 CF8)",0.9596,0.4018,2.05,353.31,288.74,0.574,1.35,0.94,23,6,135,,,24.05,54117604,N,,,,2461200.5,142.22,0.00564
"       (2021 CP9)",0.7761,0.3097,14.85,332.06,5.73,0.536,1.02,0.684,6,8,28,,,26.97,54122196,N,,,,2459262.5,163.50,0.025
"       (2021 CR9)",0.9156,0.2366,10.70,332.17,14.36,0.699,1.13,0.876,28,6,39,,,24.90,54122198,N,,,,2461200.5,174.25,0.108
"       (2021 CS9)",0.9825,0.1801,14.98,139.25,258.91,0.806,1.16,0.974,28,6,41,,,24.29,54122200,N,,,,2461200.5,252.75,0.00141
"       (2021 CT10)",0.9193,0.3333,12.81,350.66,315.36,0.613,1.23,0.881,2,9,11,,,24.39,54125413,N,,,,2459259.5,217.80,0.0415
"       (2021 DR)",0.8948,0.1484,1.48,143.02,217.84,0.762,1.03,0.846,17,6,66,,,27.78,54123261,N,,,,2461200.5,234.39,0.00109
"       (2021 DK1)",0.8496,0.3751,26.73,149.72,141.89,0.531,1.17,0.783,6,7,66,,,23.63,54123428,N,,,,2461200.5,171.88,0.0372
"       (2021 DO1)",0.8509,0.2399,10.95,337.14,0.82,0.647,1.06,0.785,16,7,35,,,25.31,54123429,N,,,,2461200.5,78.97,0.065
"       (2021 DU1)",0.994,0.2803,25.48,328.84,303.39,0.715,1.27,0.991,14,8,72,,,23.89,54123627,N,,,,2459266.5,268.10,0.0772
"       (2021 DA2)",0.8983,0.2100,8.58,152.84,230.92,0.710,1.09,0.851,8,5,74,,,29.17,54124622,N,,,,2461200.5,186.54,0.000491
"       (2021 ER)",0.8825,0.1572,5.45,161.64,213.31,0.744,1.02,0.829,1828,0,84,,,27.01,54130036,N,,,,2461200.5,254.13,3.59e-05
"       (2021 EX)",0.9598,0.1527,2.45,165.82,122.80,0.813,1.11,0.94,27,6,69,,,26.02,54130072,N,,,,2461200.5,105.22,0.00757
"       (2021 EC1)",0.9253,0.1736,8.16,350.61,42.40,0.765,1.09,0.89,12,6,59,,,26.45,54130076,N,,,,2461200.5,85.16,0.0266
"       (2021 EM1)",0.9051,0.1631,17.36,164.71,171.60,0.757,1.05,0.861,5,6,92,,,24.89,54130485,N,,,,2461200.5,229.87,0.0582
"       (2021 EO1)",0.7676,0.3133,14.64,165.72,175.49,0.527,1.01,0.672,4,6,111,,,26.21,54130488,N,,,,2461200.5,124.88,0.0143
"       (2021 EY1)",0.9954,0.4553,6.02,165.96,121.50,0.542,1.45,0.993,1,7,29,,,26.68,54130498,N,,,,2461200.5,35.02,0.0083
"       (2021 EH2)",0.865,0.2675,3.37,348.04,30.42,0.634,1.10,0.804,12,7,34,,,26.16,54130507,N,,,,2461200.5,321.29,0.0145
"       (2021 EP2)",0.9623,0.2118,0.69,261.57,104.66,0.759,1.17,0.944,476,2,112,,,24.06,54130762,N,,,,2461200.5,354.36,0.00251
"       (2021 EZ2)",0.93,0.2799,4.44,146.44,234.29,0.670,1.19,0.897,17,6,30,,,24.61,54131214,N,,,,2461200.5,78.29,0.01
"       (2021 EB3)",0.7852,0.4518,2.77,4.07,315.30,0.430,1.14,0.696,7,7,29,,,25.18,54131319,N,,,,2461200.5,79.31,0.00823
"       (2021 EJ3)",0.9239,0.0852,1.59,4.22,326.99,0.845,1.00,0.888,10,4,77,,,27.72,54131326,N,,,,2461200.5,169.14,0.00378
"       (2021 EL3)",0.8155,0.2571,3.80,167.79,203.31,0.606,1.03,0.737,4,7,18,,,28.81,54131345,N,,,,2461200.5,189.86,0.00217
"       (2021 EU3)",0.8599,0.1970,5.13,166.07,203.41,0.690,1.03,0.797,7,7,17,,,27.20,54131354,N,,,,2461200.5,355.63,0.0118
"       (2021 EC4)",0.9503,0.5031,7.34,1.61,304.00,0.472,1.43,0.926,37,6,46,,,24.15,54131391,N,,,,2461200.5,153.19,0.00179
"       (2021 EL4)",0.9174,0.2987,1.66,180.17,230.21,0.643,1.19,0.879,469,3,156,,,25.78,54131528,N,,,,2461200.5,76.63,0.00381
"       (2021 ER4)",0.8636,0.4596,1.96,353.95,43.49,0.467,1.26,0.803,3,6,19,,,27.12,54131587,N,,,,2461200.5,277.14,0.00197
"       (2021 FA)",0.9259,0.1123,22.71,175.39,223.23,0.822,1.03,0.891,15,6,55,,,25.29,54131737,N,,,,2461200.5,81.63,0.00112
"       (2021 FB)",0.8428,0.2545,9.75,358.43,28.71,0.628,1.06,0.774,6,6,151,,,26.02,54131738,N,,,,2461200.5,44.07,0.0145
"       (2021 FC)",0.9563,0.1952,3.37,355.66,67.35,0.770,1.14,0.935,5,4,79,,,28.25,54131739,N,,,,2461200.5,305.44,1.19e-06
"       (2021 FP)",0.7591,0.5493,40.28,176.32,171.19,0.342,1.18,0.661,2933,1,69,,,22.84,54132072,N,,,,2461200.5,177.31,0.152
"       (2021 FW2)",0.9163,0.2512,2.56,10.51,304.04,0.686,1.15,0.877,10,6,14,,,25.31,54132514,N,,,,2461200.5,233.04,7.07e-05
"       (2021 FY2)",0.8687,0.1748,10.24,181.86,183.40,0.717,1.02,0.81,12,7,32,,,25.78,54132968,N,,,,2461200.5,335.50,0.0239
"       (2021 FD50)",0.9639,0.2407,9.01,357.55,59.07,0.732,1.20,0.946,2,7,10,,,26.89,54231706,N,,,,2461200.5,281.48,0.0231
"       (2021 GB)",0.9822,0.0361,7.51,16.95,8.29,0.947,1.02,0.973,13,3,49,,,27.01,54134094,N,,,,2461200.5,282.11,0.0166
"       (2021 GM1)",0.978,0.0255,1.18,176.22,226.15,0.953,1.00,0.967,344,1,113,,,30.40,54134666,N,,,,2461200.5,276.79,0.000231
"       (2021 GN1)",0.9988,0.1893,26.90,14.12,68.64,0.810,1.19,0.998,3,8,31,,,26.42,54134665,N,,,,2459308.5,90.32,0.0318
"       (2021 GK2)",0.7489,0.6096,10.55,28.43,10.61,0.292,1.21,0.648,4754,0,110,,,23.30,54134948,N,,,,2461200.5,105.89,0.0584
"       (2021 GT2)",0.9549,0.2328,3.07,239.75,134.47,0.733,1.18,0.933,428,3,94,,,24.27,54135136,N,,,,2461200.5,13.69,0.0148
"       (2021 GP3)",0.8475,0.2823,6.94,33.18,344.02,0.608,1.09,0.78,58,5,77,,,24.11,54135427,N,,,,2461200.5,47.65,0.0375
"       (2021 GU3)",0.7482,0.3753,7.71,15.34,15.24,0.467,1.03,0.647,1,8,21,,,26.90,54135432,N,,,,2459312.5,152.11,0.00492
"       (2021 GK4)",0.9404,0.3031,47.95,19.97,344.05,0.655,1.23,0.912,11,8,36,,,23.11,54135546,N,,,,2459313.5,201.86,0.199
"       (2021 GD5)",0.9904,0.2210,36.73,18.90,71.74,0.771,1.21,0.986,2,7,62,,,27.20,54135787,N,,,,2461200.5,169.74,0.0102
"       (2021 GQ5)",0.8231,0.2801,4.06,20.93,330.88,0.593,1.05,0.747,1,6,45,,,28.51,54136185,N,,,,2461200.5,192.14,0.000866
"       (2021 GK6)",0.948,0.2262,29.08,193.59,153.12,0.734,1.16,0.923,7,8,19,,,23.90,54136198,N,,,,2459314.5,228.20,0.121
"       (2021 GU6)",0.7199,0.4759,15.44,19.94,346.79,0.377,1.06,0.611,3,7,31,,,26.42,54136473,N,,,,2461200.5,16.46,0.0263
"       (2021 GL7)",0.9612,0.5538,4.43,341.00,350.23,0.429,1.49,0.942,4,8,39,,,24.00,54136479,N,,,,2459315.5,288.00,0.0527
"       (2021 GG8)",0.9302,0.5767,23.30,23.20,42.41,0.394,1.47,0.897,2,9,21,,,25.67,54136770,N,,,,2459316.5,71.48,0.0385
"       (2021 GN9)",0.9418,0.4043,9.63,31.25,342.33,0.561,1.32,0.914,24,6,17,,,23.26,54137141,N,,,,2461200.5,69.99,0.103
"       (2021 GQ10)",0.9798,0.0590,11.90,204.03,242.75,0.922,1.04,0.97,6,4,105,,,26.60,54137454,N,,,,2461200.5,222.70,0.000806
"       (2021 GS12)",0.9418,0.2351,2.48,227.63,204.96,0.720,1.16,0.914,25,4,20,,,25.60,54137509,N,,,,2461200.5,334.88,0.026
"       (2021 GL16)",0.99,0.1889,4.72,18.65,75.56,0.803,1.18,0.985,19,6,17,,,26.28,54137806,N,,,,2461200.5,171.16,0.000249
"       (2021 GY23)",0.9336,0.4244,13.71,30.54,327.39,0.537,1.33,0.902,24,6,23,,,24.32,54138696,N,,,,2461200.5,134.22,0.0845
"       (2021 HD)",0.9137,0.3275,14.08,208.36,127.65,0.615,1.21,0.873,4,6,22,,,26.27,54138304,N,,,,2461200.5,223.92,0.00906
"       (2021 HZ)",0.8576,0.3150,5.46,42.90,322.46,0.587,1.13,0.794,4,7,21,,,25.37,54138707,N,,,,2461200.5,27.61,0.00704
"       (2021 HG1)",0.9295,0.2995,10.52,209.67,128.27,0.651,1.21,0.896,7,6,56,,,27.05,54138714,N,,,,2461200.5,167.11,0.0173
"       (2021 HB2)",0.9413,0.1276,10.38,207.10,227.67,0.821,1.06,0.913,1,5,27,,,28.34,54139093,N,,,,2461200.5,348.57,0.00849
"       (2021 HO2)",0.9522,0.1045,11.65,207.89,137.28,0.853,1.05,0.929,2,5,23,,,27.90,54139318,N,,,,2461200.5,63.34,0.0148
"       (2021 HP2)",0.9085,0.2681,13.52,30.80,311.94,0.665,1.15,0.866,1,6,14,,,27.43,54139319,N,,,,2461200.5,229.01,0.015
"       (2021 JB)",0.931,0.2874,6.68,42.73,51.97,0.663,1.20,0.898,7,4,41,,,26.69,54142828,N,,,,2461200.5,342.20,0.0118
"       (2021 JF)",0.9579,0.1344,10.43,219.18,227.56,0.829,1.09,0.938,10,5,36,,,26.29,54142832,N,,,,2461200.5,282.92,0.0242
"       (2021 JX)",0.7681,0.3690,1.62,63.74,358.93,0.485,1.05,0.673,7,7,39,,,27.35,54143413,N,,,,2461200.5,348.76,0.00933
"       (2021 JR1)",0.8925,0.2718,15.55,60.54,348.18,0.650,1.14,0.843,37,5,52,,,23.36,54143556,N,,,,2461200.5,181.97,0.104
"       (2021 JK2)",0.8848,0.2971,3.69,145.39,281.30,0.622,1.15,0.832,5495,0,40,,,24.76,54144105,N,,,,2461200.5,181.86,0.0346
"       (2021 JO2)",0.9621,0.1096,14.15,53.11,318.26,0.857,1.07,0.944,7,6,30,,,26.44,54144230,N,,,,2461200.5,4.41,0.0232
"       (2021 JQ2)",0.9652,0.2030,9.76,47.80,294.04,0.769,1.16,0.948,1,4,36,,,30.01,54144233,N,,,,2461200.5,39.03,0.000121
"       (2021 JW2)",0.8343,0.2505,0.39,53.48,4.34,0.625,1.04,0.762,31,7,41,,,27.63,54144237,N,,,,2461200.5,64.97,0.0027
"       (2021 JX3)",0.8222,0.4727,14.43,224.05,150.36,0.434,1.21,0.746,1,6,29,,,25.34,54144372,N,,,,2461200.5,189.02,0.036
"       (2021 JY3)",0.8586,0.1954,2.37,58.14,336.49,0.691,1.03,0.796,12,5,68,,,28.45,54144373,N,,,,2461200.5,337.72,0.00196
"       (2021 JJ4)",0.8538,0.3477,4.49,228.87,206.91,0.557,1.15,0.789,3,8,9,,,26.13,54144921,N,,,,2459343.5,124.61,0.0215
"       (2021 JT4)",0.9449,0.2118,37.52,227.17,236.92,0.745,1.15,0.919,3,7,19,,,25.71,54144927,N,,,,2461200.5,294.17,0.011
"       (2021 JZ5)",0.8706,0.5140,15.99,230.47,224.36,0.423,1.32,0.812,8,6,27,,,28.35,54145088,N,,,,2461200.5,171.02,0.00141
"       (2021 JL7)",0.9285,0.4511,29.00,230.18,136.54,0.510,1.35,0.895,13,8,57,,,22.52,54145577,N,,,,2459347.5,264.27,0.0621
"       (2021 JM7)",0.9558,0.1854,36.42,228.48,160.57,0.779,1.13,0.935,4,8,20,,,23.91,54145576,N,,,,2459349.5,214.50,0.108
"       (2021 JN10)",0.7126,0.5734,10.84,57.87,334.68,0.304,1.12,0.602,1099,1,50,,,25.14,54146233,N,,,,2461200.5,35.31,0.00642
"       (2021 KC)",0.9664,0.0790,15.19,61.30,35.72,0.890,1.04,0.95,25,5,123,,,23.46,54145785,N,,,,2461200.5,250.23,0.0138
"       (2021 KM)",0.8893,0.3373,6.82,210.84,244.68,0.589,1.19,0.839,2,7,23,,,25.58,54146671,N,,,,2461200.5,122.56,0.0291
"       (2021 KA1)",0.9656,0.3181,2.55,211.32,152.33,0.658,1.27,0.949,13,6,23,,,26.08,54146683,N,,,,2461200.5,26.68,0.026
"       (2021 KJ1)",0.7374,0.5251,6.75,115.96,303.70,0.350,1.12,0.633,18,7,32,,,24.00,54147133,N,,,,2461200.5,173.70,0.0593
"       (2021 KS1)",0.8898,0.1562,5.82,234.60,184.40,0.751,1.03,0.839,2,7,18,,,28.28,54147140,N,,,,2461200.5,188.51,0.0175
"       (2021 KF2)",0.8814,0.3359,11.96,262.19,122.35,0.585,1.18,0.828,4,6,18,,,22.93,54147685,N,,,,2461200.5,284.23,0.0328
"       (2021 KO2)",0.9953,0.4246,16.86,68.99,62.11,0.573,1.42,0.993,2,7,20,,,28.02,54149827,N,,,,2461200.5,87.58,0.0023
"       (2021 KQ2)",0.9129,0.1128,3.28,248.07,173.78,0.810,1.02,0.872,2,5,62,,,29.96,54150701,N,,,,2461200.5,103.05,0.00142
"       (2021 KD16)",0.732,0.4957,3.66,125.20,286.46,0.369,1.09,0.626,1833,1,31,,,24.76,54231708,N,,,,2461200.5,233.70,0.0494
"       (2021 KA17)",0.9611,0.3662,6.11,45.19,81.18,0.609,1.31,0.942,1212,2,108,,,21.91,54297314,Y,,,,2461200.5,202.43,0.0362
"       (2021 LK)",0.945,0.2141,7.20,76.67,300.22,0.743,1.15,0.919,18,4,25,,,26.75,54153124,N,,,,2461200.5,62.91,0.00209
"       (2021 LC1)",0.9529,0.4581,14.76,75.24,303.52,0.516,1.39,0.93,1,6,45,,,26.53,54154695,N,,,,2461200.5,66.69,0.00292
"       (2021 LD2)",0.8247,0.6382,12.84,84.08,345.05,0.298,1.35,0.749,2900,0,45,,,22.00,54156746,N,,,,2461200.5,120.23,0.0775
"       (2021 LA3)",0.9043,0.2274,23.79,84.57,350.06,0.699,1.11,0.86,27,6,33,,,23.65,54157358,N,,,,2461200.5,124.48,0.0882
"       (2021 LO3)",0.7887,0.4884,3.96,181.17,254.63,0.404,1.17,0.701,11,7,25,,,23.91,54157826,N,,,,2461200.5,235.25,0.0446
"       (2021 LW3)",0.8237,0.3030,16.40,254.45,213.80,0.574,1.07,0.748,1128,0,134,,,23.07,54158069,N,,,,2461200.5,12.65,0.0118
"       (2021 LA6)",0.9916,0.2046,11.61,257.31,129.13,0.789,1.19,0.987,17,6,19,,,25.73,54159398,N,,,,2461200.5,271.71,0.0531
"       (2021 LD6)",0.9882,0.1000,0.77,100.65,288.77,0.889,1.09,0.982,37,3,41,,,27.20,54159401,N,,,,2461200.5,267.07,0.000763
"       (2021 LE6)",0.9635,0.4669,26.83,249.86,169.52,0.514,1.41,0.946,8,8,23,,,22.31,54159402,N,,,,2459377.5,222.84,0.29
"       (2021 LF6)",0.9809,0.0380,2.70,257.95,176.87,0.944,1.02,0.972,16,4,28,,,28.54,54159403,N,,,,2461200.5,235.42,0.00299
"       (2021 LJ6)",0.9612,0.5135,16.56,80.29,52.05,0.468,1.45,0.942,4,8,22,,,25.95,54159406,N,,,,2459377.5,69.69,0.00818
"       (2021 LK6)",0.933,0.3754,13.86,258.96,235.67,0.583,1.28,0.901,5,7,13,,,28.39,54159407,N,,,,2461200.5,279.77,0.000879
"       (2021 LQ6)",0.9051,0.6266,7.01,341.54,104.05,0.338,1.47,0.861,4313,1,30,,,21.23,54160166,N,,,,2461200.5,124.29,0.0666
"       (2021 LK9)",0.9698,0.3303,11.16,271.16,115.58,0.649,1.29,0.955,3,8,13,,,25.47,54161066,N,,,,2459380.5,274.79,0.00423
"       (2021 LL15)",0.9726,0.3443,3.98,245.05,244.19,0.638,1.31,0.959,5,7,13,,,26.47,54161317,N,,,,2461200.5,166.64,0.000803
"       (2021 MJ)",0.8924,0.1956,40.11,122.83,20.79,0.718,1.07,0.843,5881,0,88,,,20.45,54161318,Y,,,,2461200.5,85.13,0.034
"       (2021 MK1)",0.8077,0.2880,19.24,273.98,199.00,0.575,1.04,0.726,1896,2,316,,,21.32,54161861,Y,,,,2461200.5,88.89,0.00119
"       (2021 MU2)",0.631,0.6213,8.56,80.61,358.10,0.239,1.02,0.501,3643,2,32,,,19.73,54166590,Y,,,,2461200.5,65.75,0.00601
"       (2021 NM)",0.9462,0.5102,2.14,273.55,236.19,0.463,1.43,0.92,2,7,17,,,26.23,54165800,N,,,,2461200.5,202.67,0.00248
"       (2021 NO1)",0.9557,0.0997,18.79,276.93,212.62,0.860,1.05,0.934,2,8,17,,,25.08,54166592,N,,,,2459403.5,149.36,0.0161
"       (2021 NR1)",0.917,0.2309,10.42,272.70,221.36,0.705,1.13,0.878,6,6,12,,,25.75,54166595,N,,,,2461200.5,349.03,0.0231
"       (2021 NR3)",0.7743,0.3417,9.93,103.76,17.46,0.510,1.04,0.681,7,7,16,,,24.97,54167176,N,,,,2461200.5,229.28,0.00173
"       (2021 NF90)",0.8161,0.4401,17.84,293.30,216.56,0.457,1.18,0.737,,8,6,,,30.50,54499717,N,,,,2459410.5,102.32,0.000886
"       (2021 OJ)",0.8646,0.3983,42.81,303.89,167.03,0.520,1.21,0.804,2895,1,31,,,22.54,54171755,N,,,,2461200.5,232.32,0.168
"       (2021 OS)",0.8107,0.4326,15.45,294.31,218.10,0.460,1.16,0.73,4093,0,197,,,22.04,54172000,N,,,,2461200.5,1.03,0.00971
"       (2021 OT)",0.9947,0.3003,16.49,117.14,66.29,0.696,1.29,0.992,1,6,53,,,26.24,54171999,N,,,,2461200.5,52.15,0.00849
"       (2021 OZ)",0.9753,0.0788,17.86,310.55,206.10,0.898,1.05,0.963,39,6,154,,,23.39,54174525,N,,,,2461200.5,162.79,0.0277
"       (2021 OC1)",0.7505,0.4482,9.84,304.27,204.30,0.414,1.09,0.65,2,7,22,,,26.91,54175298,N,,,,2461200.5,299.68,0.000884
"       (2021 OD1)",0.8347,0.2700,11.36,127.80,332.41,0.609,1.06,0.763,1,5,29,,,28.27,54175300,N,,,,2461200.5,357.87,0.00146
"       (2021 PH2)",0.8726,0.6006,10.07,315.28,214.69,0.348,1.40,0.815,1925,1,124,,,21.56,54178640,Y,,,,2461200.5,55.95,0.0202
"       (2021 PK2)",0.9798,0.2148,6.59,294.77,134.07,0.769,1.19,0.97,3,7,22,,,23.84,54178643,N,,,,2461200.5,260.30,0.0401
"       (2021 PW2)",0.8555,0.2721,5.52,126.85,350.90,0.623,1.09,0.791,8,7,18,,,25.68,54178995,N,,,,2461200.5,252.38,0.0422
"       (2021 PC7)",0.83,0.3133,35.37,352.96,145.39,0.570,1.09,0.756,3307,1,55,,,19.39,54184281,Y,,,,2461200.5,16.26,0.00243
"       (2021 PF7)",0.9827,0.2148,1.93,119.15,78.69,0.772,1.19,0.974,4,6,10,,,27.81,54184284,N,,,,2461200.5,80.55,0.00568
"       (2021 PE9)",0.9514,0.3980,22.28,281.63,244.21,0.573,1.33,0.928,23,8,16,,,22.06,54184710,N,,,,2459441.5,106.69,0.0324
"       (2021 PZ9)",0.99,0.1942,5.30,137.58,57.97,0.798,1.18,0.985,3,6,11,,,26.94,54185132,N,,,,2461200.5,65.72,0.0198
"       (2021 PB17)",0.9395,0.1699,9.60,148.93,318.00,0.780,1.10,0.911,2,7,17,,,25.39,54185791,N,,,,2461200.5,334.14,0.0258
"       (2021 PN26)",0.7292,0.5775,20.34,133.69,37.69,0.308,1.15,0.623,1843,1,66,,,20.35,54186663,N,,,,2461200.5,22.41,0.061
"       (2021 QC)",0.9217,0.3414,23.97,147.23,316.47,0.607,1.24,0.885,13,8,37,,,22.85,54186658,N,,,,2459444.5,256.87,0.0552
"       (2021 QF)",0.8055,0.3989,8.64,328.72,167.55,0.484,1.13,0.723,23,6,41,,,24.12,54186666,N,,,,2461200.5,77.93,0.0533
"       (2021 QF1)",0.874,0.3207,30.47,287.45,262.07,0.594,1.15,0.817,1814,2,47,,,20.85,54189959,N,,,,2461200.5,58.26,0.168
"       (2021 QL1)",0.9908,0.0958,19.78,336.93,162.29,0.896,1.09,0.986,374,2,50,,,24.04,54190077,N,,,,2461200.5,141.15,0.07
"       (2021 QV1)",0.8653,0.4075,5.97,331.50,227.94,0.513,1.22,0.805,10,5,27,,,26.61,54190303,N,,,,2461200.5,72.84,0.00454
"       (2021 QE2)",0.7551,0.4879,3.83,324.72,214.03,0.387,1.12,0.656,749,2,105,,,24.49,54190785,N,,,,2461200.5,222.71,0.00712
"       (2021 QK2)",0.8736,0.3318,3.30,270.50,227.94,0.584,1.16,0.817,16,7,26,,,24.39,54190790,N,,,,2461200.5,159.23,0.00304
"       (2021 QD3)",0.8662,0.3087,5.68,166.27,342.41,0.599,1.13,0.806,24,6,38,,,24.59,54191245,N,,,,2461200.5,168.39,0.0441
"       (2021 QR3)",0.9358,0.4403,9.44,356.51,119.66,0.524,1.35,0.905,13,7,36,,,23.92,54191334,N,,,,2461200.5,9.80,0.0135
"       (2021 RH)",0.9554,0.0876,15.49,162.11,28.13,0.872,1.04,0.934,5,5,136,,,25.78,54191845,N,,,,2461200.5,181.06,0.0181
"       (2021 RS)",0.9044,0.1711,2.16,347.04,173.45,0.750,1.06,0.86,43,6,148,,,24.94,54192165,N,,,,2461200.5,16.16,0.0233
"       (2021 RF2)",0.8837,0.2315,4.19,5.08,139.98,0.679,1.09,0.831,29,6,46,,,25.75,54192215,N,,,,2461200.5,112.70,0.00549
"       (2021 RG2)",0.8826,0.2136,14.78,165.87,30.73,0.694,1.07,0.829,4,5,193,,,25.38,54192216,N,,,,2461200.5,36.54,0.0205
"       (2021 RQ2)",0.9681,0.1271,1.27,349.47,111.65,0.845,1.09,0.953,3,3,19,,,29.54,54192746,N,,,,2461200.5,253.15,0.00152
"       (2021 RU2)",0.9148,0.3655,6.71,258.67,262.99,0.580,1.25,0.875,1,8,18,,,23.28,54192752,N,,,,2459464.5,186.69,0.0571
"       (2021 RF3)",0.8996,0.2481,19.92,166.54,321.04,0.676,1.12,0.853,2,6,31,,,26.26,54192756,N,,,,2461200.5,83.38,0.0335
"       (2021 RY3)",0.7696,0.4204,13.52,344.32,160.28,0.446,1.09,0.675,5,7,26,,,25.66,54193344,N,,,,2461200.5,242.12,0.0275
"       (2021 RA4)",0.8966,0.2618,17.66,165.01,33.65,0.662,1.13,0.849,16,5,41,,,24.32,54193347,N,,,,2461200.5,338.90,0.0487
"       (2021 RW6)",0.9641,0.2742,19.81,336.44,197.59,0.700,1.23,0.947,11,7,24,,,23.75,54194965,N,,,,2461200.5,170.03,0.174
"       (2021 RK7)",0.8827,0.5511,6.52,311.16,243.46,0.396,1.37,0.829,5,8,15,,,24.25,54194972,N,,,,2459467.5,97.13,0.0365
"       (2021 RL7)",0.967,0.1675,0.52,273.91,305.04,0.805,1.13,0.951,1,7,15,,,28.27,54194973,N,,,,2461200.5,106.92,0.00295
"       (2021 RU7)",0.9919,0.1120,21.93,347.34,240.37,0.881,1.10,0.988,360,2,107,,,23.47,54194978,N,,,,2461200.5,39.36,0.0279
"       (2021 RE12)",0.9958,0.3672,21.91,167.03,358.64,0.630,1.36,0.994,2200,2,27,,,23.24,54195880,N,,,,2461200.5,96.90,0.326
"       (2021 RK12)",0.9179,0.3078,8.82,341.50,228.55,0.635,1.20,0.879,4,6,17,,,26.09,54195885,N,,,,2461200.5,252.12,0.0151
"       (2021 RS100)",0.9153,0.6359,7.17,344.69,223.62,0.333,1.50,0.876,1,8,9,,,28.76,54209479,N,,,,2459465.5,63.97,0.000386
"       (2021 SO)",0.7913,0.3103,4.13,194.65,343.57,0.546,1.04,0.704,22,7,50,,,25.35,54198830,N,,,,2461200.5,70.79,0.00871
"       (2021 SG1)",0.9641,0.1990,9.60,180.15,65.43,0.772,1.16,0.947,5,7,20,,,25.56,54200007,N,,,,2461200.5,81.72,0.00336
"       (2021 SU1)",0.8507,0.2494,1.11,349.88,223.63,0.638,1.06,0.785,64,5,62,,,26.57,54200305,N,,,,2461200.5,127.64,0.00312
"       (2021 SA2)",0.937,0.3627,17.66,1.95,234.63,0.597,1.28,0.907,1,8,15,,,26.21,54200435,N,,,,2459486.5,91.08,0.0164
"       (2021 SC2)",0.971,0.2673,21.71,189.53,309.57,0.711,1.23,0.957,15,7,25,,,24.73,54200438,N,,,,2461200.5,219.04,0.0705
"       (2021 SD3)",0.9769,0.1658,6.29,185.83,37.67,0.815,1.14,0.966,9,5,23,,,25.12,54200470,N,,,,2461200.5,76.60,0.0505
"       (2021 SY3)",0.8603,0.2585,5.00,3.92,219.61,0.638,1.08,0.798,11,7,25,,,27.00,54201807,N,,,,2461200.5,77.66,0.000222
"       (2021 SP5)",0.8376,0.2404,6.42,16.88,167.43,0.636,1.04,0.767,10,7,19,,,26.51,54203037,N,,,,2461200.5,225.54,0.0266
"       (2021 SJ88)",0.6449,0.5606,8.79,186.35,356.78,0.283,1.01,0.518,,8,5,,,30.92,54419700,N,,,,2459486.5,188.63,0.00259
"       (2021 TL)",0.9247,0.2672,3.22,251.49,336.14,0.678,1.17,0.889,456,3,106,,,23.52,54201812,N,,,,2461200.5,212.68,0.0334
"       (2021 TE1)",0.9885,0.4413,2.26,21.91,124.92,0.552,1.42,0.983,21,7,75,,,24.44,54202333,N,,,,2461200.5,187.02,0.00546
"       (2021 TQ1)",0.9727,0.1989,1.14,176.17,310.30,0.779,1.17,0.959,4,4,15,,,28.09,54202343,N,,,,2461200.5,222.23,0.0071
"       (2021 TU1)",0.8989,0.4585,6.75,151.20,74.03,0.487,1.31,0.852,446,2,45,,,22.54,54202993,N,,,,2461200.5,296.47,0.0466
"       (2021 TM2)",0.8797,0.3136,11.38,8.06,205.12,0.604,1.16,0.825,9,7,22,,,24.30,54203005,N,,,,2461200.5,21.39,0.0643
"       (2021 TE3)",0.9449,0.1910,5.83,5.96,238.22,0.764,1.13,0.918,5,5,14,,,28.03,54203026,N,,,,2461200.5,140.79,0.00444
"       (2021 TN3)",0.9885,0.1959,4.18,20.45,137.26,0.795,1.18,0.983,768,2,35,,,25.26,54203035,N,,,,2461200.5,137.08,0.0405
"       (2021 TQ3)",0.7865,0.2849,12.45,12.69,189.73,0.562,1.01,0.698,3,6,72,,,27.10,54203701,N,,,,2461200.5,55.46,0.0041
"       (2021 TR3)",0.8489,0.1902,19.71,12.07,191.57,0.687,1.01,0.782,1,6,72,,,25.43,54203700,N,,,,2461200.5,155.88,0.00484
"       (2021 TV3)",0.7384,0.4246,21.14,25.59,167.18,0.425,1.05,0.634,20,7,61,,,24.33,54203705,N,,,,2461200.5,321.67,0.0331
"       (2021 TC4)",0.9847,0.0575,9.93,195.53,22.34,0.928,1.04,0.977,13,5,34,,,26.54,54203710,N,,,,2461200.5,71.16,0.036
"       (2021 TD5)",0.9612,0.3705,16.48,7.59,201.48,0.605,1.32,0.942,8,6,14,,,23.72,54204657,N,,,,2461200.5,132.51,0.163
"       (2021 TT6)",0.9212,0.3906,25.76,14.11,227.40,0.561,1.28,0.884,1,8,19,,,25.60,54205441,N,,,,2459495.5,94.16,0.0442
"       (2021 TO8)",0.891,0.1512,19.48,195.71,13.40,0.756,1.03,0.841,,5,14,,,27.89,54206544,N,,,,2461200.5,358.68,0.021
"       (2021 TQ9)",0.9279,0.3734,19.40,201.62,331.65,0.581,1.27,0.894,45,4,123,,,22.08,54207048,N,,,,2461200.5,302.20,0.135
"       (2021 TH13)",0.9653,0.2947,4.72,23.84,113.43,0.681,1.25,0.948,8,5,18,,,28.14,54209221,N,,,,2461200.5,241.68,0.00041
"       (2021 TK13)",0.9845,0.1582,5.17,217.51,26.65,0.829,1.14,0.977,1564,1,49,,,25.41,54209222,N,,,,2461200.5,35.11,0.0618
"       (2021 TN14)",0.9476,0.2709,13.19,200.18,63.21,0.691,1.20,0.922,2,6,23,,,28.51,54209307,N,,,,2461200.5,102.45,0.00125
"       (2021 TB15)",0.9848,0.2377,29.51,26.54,149.49,0.751,1.22,0.977,1087,1,56,,,23.32,54209314,N,,,,2461200.5,132.71,0.163
"       (2021 TS15)",0.8663,0.1920,1.26,56.16,161.59,0.700,1.03,0.806,14,7,20,,,26.83,54209492,N,,,,2461200.5,66.19,0.00685
"       (2021 TR21)",0.853,0.2038,2.08,230.95,349.62,0.679,1.03,0.788,17,7,29,,,26.36,54210295,N,,,,2461200.5,114.40,0.0133
"       (2021 UG1)",0.8665,0.2095,12.31,36.55,154.62,0.685,1.05,0.807,12,6,126,,,25.16,54212589,N,,,,2461200.5,113.61,0.0255
"       (2021 UO1)",0.9246,0.5800,7.06,31.76,228.50,0.388,1.46,0.889,3,7,33,,,28.03,54212682,N,,,,2461200.5,135.88,0.000213
"       (2021 UX1)",0.8748,0.1679,1.58,215.17,330.09,0.728,1.02,0.818,3,6,56,,,29.27,54212691,N,,,,2461200.5,88.24,0.00025
"       (2021 UH2)",0.9812,0.1723,0.28,313.11,321.69,0.812,1.15,0.972,1582,1,146,,,25.08,54212701,N,,,,2461200.5,9.55,0.00302
"       (2021 UL2)",0.907,0.7103,9.06,33.54,144.94,0.263,1.55,0.864,5,8,36,,,26.52,54212926,N,,,,2459516.5,298.45,0.0123
"       (2021 US2)",0.9742,0.0683,38.37,35.62,153.76,0.908,1.04,0.962,13,7,138,,,23.70,54212934,N,,,,2461200.5,134.77,0.039
"       (2021 UY3)",0.9745,0.1497,9.31,38.35,213.69,0.829,1.12,0.962,37,3,64,,,24.07,54213610,N,,,,2461200.5,60.82,0.073
"       (2021 UL4)",0.9566,0.2794,9.81,227.58,11.59,0.689,1.22,0.936,13,5,26,,,24.19,54213623,N,,,,2461200.5,114.52,0.129
"       (2021 UQ4)",0.9796,0.3209,14.22,212.66,31.95,0.665,1.29,0.97,2,8,13,,,24.30,54213628,N,,,,2459516.5,126.49,0.125
"       (2021 UK6)",0.8774,0.2652,8.66,24.89,194.85,0.645,1.11,0.822,11,7,17,,,25.04,54214066,N,,,,2461200.5,37.80,0.0658
"       (2021 UZ9)",0.8409,0.6314,11.65,66.90,122.67,0.310,1.37,0.771,3651,2,41,,,22.77,54215640,N,,,,2461200.5,251.76,0.06
"       (2021 VC)",0.7901,0.3518,5.51,40.85,157.59,0.512,1.07,0.702,10,7,32,,,26.54,54215199,N,,,,2461200.5,58.72,0.0136
"       (2021 VH)",0.9937,0.1733,0.61,217.32,81.32,0.821,1.17,0.991,6,4,66,,,29.64,54215205,N,,,,2461200.5,309.06,0.000145
"       (2021 VH1)",0.7151,0.4010,20.63,222.49,352.19,0.428,1.00,0.605,2,7,37,,,26.42,54216180,N,,,,2461200.5,50.95,0.00344
"       (2021 VR1)",0.9727,0.1225,2.11,231.46,279.50,0.854,1.09,0.959,6,4,23,,,29.67,54216189,N,,,,2461200.5,188.01,0.00394
"       (2021 VA2)",0.9699,0.0479,25.76,223.79,8.37,0.923,1.02,0.955,10,7,49,,,25.08,54216276,N,,,,2461200.5,98.46,0.024
"       (2021 VU2)",0.9,0.1235,3.93,224.63,355.32,0.789,1.01,0.854,7,6,37,,,27.75,54216326,N,,,,2461200.5,319.61,0.0191
"       (2021 VN3)",0.8191,0.3634,0.58,221.44,325.34,0.521,1.12,0.741,2,6,26,,,30.59,54216339,N,,,,2461200.5,315.82,0.000679
"       (2021 VQ3)",0.7468,0.4607,4.33,46.18,167.23,0.403,1.09,0.645,7,8,21,,,26.17,54216343,N,,,,2459526.5,209.85,0.0201
"       (2021 VC4)",0.8855,0.3675,2.36,240.18,32.21,0.560,1.21,0.833,1,6,14,,,26.88,54216376,N,,,,2461200.5,274.22,0.0136
"       (2021 VY4)",0.887,0.4037,16.58,50.36,127.85,0.529,1.25,0.835,3,6,25,,,26.43,54217199,N,,,,2461200.5,85.03,0.00184
"       (2021 VS5)",0.9206,0.2521,9.84,52.52,124.20,0.688,1.15,0.883,8,4,67,,,26.37,54217959,N,,,,2461200.5,322.69,0.00871
"       (2021 VW5)",0.9267,0.1428,3.42,53.46,145.11,0.794,1.06,0.892,22,6,46,,,26.62,54217962,N,,,,2461200.5,264.82,0.0197
"       (2021 VZ6)",0.7618,0.3688,10.74,55.13,179.66,0.481,1.04,0.665,1482,0,57,,,25.15,54217973,N,,,,2461200.5,126.09,0.0531
"       (2021 VP8)",0.8578,0.2529,2.20,64.42,131.49,0.641,1.07,0.795,15,6,40,,,26.29,54218583,N,,,,2461200.5,142.22,0.00411
"       (2021 VT8)",0.929,0.2078,26.59,225.75,314.98,0.736,1.12,0.895,12,7,29,,,25.46,54218584,N,,,,2461200.5,284.43,0.0474
"       (2021 VX11)",0.9367,0.1643,2.50,36.02,249.44,0.783,1.09,0.907,18,5,53,,,26.20,54219790,N,,,,2461200.5,122.88,0.00655
"       (2021 VL12)",0.7779,0.2986,4.25,291.53,315.29,0.546,1.01,0.686,4733,1,83,,,22.62,54219793,N,,,,2461200.5,28.70,0.0274
"       (2021 VP12)",0.7744,0.3541,11.67,60.46,164.62,0.500,1.05,0.681,21,7,45,,,24.61,54219796,N,,,,2461200.5,83.97,0.0316
"       (2021 VF19)",0.8121,0.4062,14.05,247.31,327.03,0.482,1.14,0.732,23,7,31,,,24.02,54220006,N,,,,2461200.5,300.39,0.0238
"       (2021 VN22)",0.8863,0.3258,4.49,303.53,236.36,0.598,1.18,0.834,22,9,17,,,21.50,54220857,Y,,,,2459527.5,274.73,0.0118
"       (2021 VR22)",0.9317,0.4312,19.87,51.75,229.62,0.530,1.33,0.899,11,7,32,,,24.27,54220861,N,,,,2461200.5,110.02,0.0356
"       (2021 WG)",0.7533,0.3270,3.31,241.31,351.00,0.507,1.00,0.654,1,6,57,,,28.77,54222541,N,,,,2461200.5,176.40,0.00342
"       (2021 WO)",0.8376,0.2789,12.48,208.13,59.82,0.604,1.07,0.767,1211,2,83,,,20.92,54223982,N,,,,2461200.5,98.87,0.0606
"       (2021 WA1)",0.9929,0.4360,3.26,65.21,243.90,0.560,1.43,0.989,7,6,74,,,27.70,54224159,N,,,,2461200.5,272.73,0.00083
"       (2021 WF1)",0.6802,0.6019,39.01,250.64,346.70,0.271,1.09,0.561,3294,1,101,,,21.86,54224161,N,,,,2461200.5,225.88,0.0526
"       (2021 WO1)",0.9685,0.2639,21.09,66.49,131.59,0.713,1.22,0.953,371,2,62,,,22.44,54224167,N,,,,2461200.5,151.45,0.0862
"       (2021 WY1)",0.8993,0.3939,21.54,64.53,227.47,0.545,1.25,0.853,9,7,26,,,24.49,54224421,N,,,,2461200.5,205.72,0.0316
"       (2021 WF2)",0.9487,0.3230,18.26,68.46,117.38,0.642,1.26,0.924,4,7,48,,,25.04,54224426,N,,,,2461200.5,238.22,0.00787
"       (2021 WH2)",0.9467,0.1724,10.86,65.46,121.18,0.783,1.11,0.921,1,5,24,,,28.00,54224428,N,,,,2461200.5,227.92,0.0166
"       (2021 WO2)",0.9593,0.5423,16.93,66.98,227.53,0.439,1.48,0.94,10,8,44,,,24.67,54224990,N,,,,2459549.5,71.22,0.0324
"       (2021 WD3)",0.9895,0.1067,8.89,242.80,55.12,0.884,1.10,0.984,8,6,28,,,25.55,54225004,N,,,,2461200.5,332.45,0.0439
"       (2021 WE3)",0.889,0.2518,21.42,62.16,231.00,0.665,1.11,0.838,11,7,19,,,25.18,54225006,N,,,,2461200.5,253.52,0.00141
"       (2021 WH3)",0.8789,0.3014,4.68,237.77,55.61,0.614,1.14,0.824,13,6,41,,,25.90,54225009,N,,,,2461200.5,280.19,0.00658
"       (2021 WV3)",0.9241,0.3010,8.03,55.59,164.04,0.646,1.20,0.888,15,6,21,,,25.20,54225487,N,,,,2461200.5,266.24,0.0936
"       (2021 XF)",0.8154,0.3215,4.37,249.48,327.24,0.553,1.08,0.736,2,7,21,,,28.35,54225726,N,,,,2461200.5,287.11,0.00467
"       (2021 XG)",0.9543,0.1742,3.73,258.46,292.16,0.788,1.12,0.932,5,6,21,,,27.93,54225732,N,,,,2461200.5,201.74,0.00185
"       (2021 XM)",0.7474,0.3632,8.58,66.19,199.86,0.476,1.02,0.646,4,8,25,,,27.20,54226110,N,,,,2459550.5,146.23,0.000692
"       (2021 XZ)",0.8237,0.2993,6.42,248.52,34.82,0.577,1.07,0.748,2,7,14,,,28.21,54226123,N,,,,2461200.5,136.37,0.00328
"       (2021 XA1)",0.7228,0.4097,6.31,65.28,191.90,0.427,1.02,0.615,6,8,30,,,26.98,54226400,N,,,,2459550.5,166.47,0.00908
"       (2021 XB2)",0.8961,0.5376,10.85,317.16,281.59,0.414,1.38,0.848,25,5,26,,,22.02,54226792,N,,,,2461200.5,333.68,0.0868
"       (2021 XH3)",0.9297,0.1392,4.25,268.78,32.37,0.800,1.06,0.896,32,5,113,,,25.06,54228591,N,,,,2461200.5,130.09,0.0269
"       (2021 XO3)",0.7247,0.4836,4.94,110.13,149.30,0.374,1.08,0.617,4,8,24,,,24.85,54228654,N,,,,2459555.5,166.15,0.00702
"       (2021 XP3)",0.7952,0.3912,3.01,232.07,51.10,0.484,1.11,0.709,1,8,19,,,25.71,54228655,N,,,,2459554.5,117.91,0.0134
"       (2021 XS4)",0.9956,0.1895,14.63,257.80,289.34,0.807,1.18,0.993,4,7,24,,,25.98,54229474,N,,,,2461200.5,99.07,0.0311
"       (2021 XF5)",0.748,0.3515,3.38,260.11,344.46,0.485,1.01,0.647,5,7,38,,,27.70,54229751,N,,,,2461200.5,187.58,0.00235
"       (2021 XZ5)",0.9336,0.1601,11.62,77.80,241.05,0.784,1.08,0.902,1,6,18,,,28.29,54230028,N,,,,2461200.5,95.87,0.000647
"       (2021 XA6)",0.8903,0.1604,6.74,79.35,223.08,0.747,1.03,0.84,21,5,146,,,24.83,54230029,N,,,,2461200.5,247.34,0.00176
"       (2021 XC6)",0.8883,0.3169,9.94,263.87,306.92,0.607,1.17,0.837,3,5,39,,,28.30,54230077,N,,,,2461200.5,32.96,0.00114
"       (2021 XF6)",0.8736,0.2564,9.78,281.39,1.82,0.650,1.10,0.817,27,6,40,,,24.34,54230081,N,,,,2461200.5,325.39,0.103
"       (2021 YL)",0.9437,0.1103,14.71,275.23,317.40,0.840,1.05,0.917,11,5,56,,,25.45,54231689,N,,,,2461200.5,178.04,0.0294
"       (2022 AB)",0.9726,0.1459,7.11,292.47,296.60,0.831,1.11,0.959,22,4,480,,,23.60,54232321,N,,,,2461200.5,111.29,0.0222
"       (2022 AC)",0.7166,0.4367,4.00,281.49,14.49,0.404,1.03,0.607,6,7,71,,,25.32,54232322,N,,,,2461200.5,255.67,0.00637
"       (2022 AD)",0.9855,0.0588,12.85,109.82,177.48,0.928,1.04,0.978,750,1,101,,,24.33,54234943,N,,,,2461200.5,3.76,0.0598
"       (2022 AG)",0.8592,0.1727,3.91,302.48,334.07,0.711,1.01,0.796,1476,0,193,,,25.14,54235406,N,,,,2461200.5,28.52,0.00142
"       (2022 AX)",0.9134,0.2828,1.99,289.25,47.44,0.655,1.17,0.873,5,7,22,,,26.77,54235466,N,,,,2461200.5,125.17,0.00683
"       (2022 AD1)",0.8334,0.3366,5.16,107.58,208.51,0.553,1.11,0.761,5,7,50,,,25.70,54235472,N,,,,2461200.5,57.07,0.0203
"       (2022 AG1)",0.9547,0.1518,23.33,106.04,151.02,0.810,1.10,0.933,5,7,29,,,25.14,54235475,N,,,,2461200.5,125.43,0.0895
"       (2022 AP1)",0.7331,0.4483,2.90,102.98,204.47,0.404,1.06,0.628,5,7,19,,,28.39,54235525,N,,,,2461200.5,145.08,0.000908
"       (2022 AK2)",0.7919,0.4508,8.25,101.88,212.67,0.435,1.15,0.705,3,7,19,,,26.20,54235541,N,,,,2461200.5,210.81,0.0108
"       (2022 AO2)",0.983,0.0389,32.50,107.54,227.02,0.945,1.02,0.975,2,8,28,,,24.19,54235663,N,,,,2459586.5,132.07,0.0248
"       (2022 AD4)",0.8837,0.1438,9.09,109.58,152.40,0.757,1.01,0.831,4,6,49,,,27.56,54236432,N,,,,2461200.5,327.44,0.00738
"       (2022 AM5)",0.8163,0.4669,12.41,118.65,188.83,0.435,1.20,0.738,5113,0,53,,,23.36,54236574,N,,,,2461200.5,119.76,0.107
"       (2022 AT5)",0.8323,0.2624,15.22,290.78,328.28,0.614,1.05,0.759,1,7,30,,,27.70,54236581,N,,,,2461200.5,159.69,0.0115
"       (2022 BA)",0.8079,0.4022,28.45,111.19,223.41,0.483,1.13,0.726,4085,0,160,,,21.37,54239541,Y,,,,2461200.5,117.52,0.0211
"       (2022 BQ)",0.9413,0.2150,13.03,303.92,57.44,0.739,1.14,0.913,4,6,52,,,25.93,54239779,N,,,,2461200.5,23.44,0.0228
"       (2022 BE1)",0.9301,0.1141,4.44,302.79,44.27,0.824,1.04,0.897,3,6,18,,,28.36,54239838,N,,,,2461200.5,82.20,0.0102
"       (2022 BB2)",0.7324,0.5668,8.01,127.85,204.54,0.317,1.15,0.627,4,7,30,,,26.54,54239894,N,,,,2461200.5,96.60,0.0107
"       (2022 BL2)",0.9256,0.0889,8.04,307.94,339.38,0.843,1.01,0.891,3,6,36,,,28.11,54240284,N,,,,2461200.5,167.49,0.0161
"       (2022 BV3)",0.8974,0.2872,14.01,305.87,320.05,0.640,1.16,0.85,16,6,45,,,22.96,54240412,N,,,,2461200.5,285.48,0.0477
"       (2022 BP4)",0.9146,0.1666,13.78,310.39,308.44,0.762,1.07,0.875,2,5,66,,,27.75,54240511,N,,,,2461200.5,239.23,0.00571
"       (2022 BU4)",0.7737,0.3605,1.43,132.57,204.98,0.495,1.05,0.681,3,6,82,,,27.20,54240514,N,,,,2461200.5,272.05,0.00151
"       (2022 BL5)",0.7236,0.5304,12.22,127.15,165.61,0.340,1.11,0.616,9,7,31,,,25.35,54243524,N,,,,2461200.5,259.05,0.0416
"       (2022 BM5)",0.8213,0.2148,14.70,312.74,353.52,0.645,1.00,0.744,1,7,21,,,25.63,54243523,N,,,,2461200.5,133.11,0.0104
"       (2022 BN5)",0.91,0.1601,8.42,131.43,166.96,0.764,1.06,0.868,16,6,34,,,26.33,54243522,N,,,,2461200.5,202.49,0.0587
"       (2022 BA6)",0.9024,0.1221,1.65,133.03,183.07,0.792,1.01,0.857,30,5,103,,,26.42,54243726,N,,,,2461200.5,204.26,0.0155
"       (2022 BU6)",0.9468,0.3376,3.77,324.63,294.02,0.627,1.27,0.921,10,7,23,,,25.95,54244180,N,,,,2461200.5,168.63,0.00263
"       (2022 BV6)",0.7095,0.5208,8.37,124.40,206.18,0.340,1.08,0.598,1104,2,40,,,25.51,54244181,N,,,,2461200.5,231.20,0.00457
"       (2022 BX6)",0.8248,0.3142,26.44,310.52,26.18,0.566,1.08,0.749,1095,2,32,,,25.86,54244183,N,,,,2461200.5,65.19,0.0458
"       (2022 BY39)",0.9848,0.0659,3.37,124.68,265.27,0.920,1.05,0.977,5,4,9,,,29.93,54266166,N,,,,2461200.5,251.22,0.000974
"       (2022 CD)",0.7244,0.6827,6.67,136.28,154.42,0.230,1.22,0.617,9,5,52,,,26.11,54244187,N,,,,2461200.5,279.65,0.003
"       (2022 CA1)",0.9093,0.1514,0.49,39.77,318.79,0.772,1.05,0.867,32,5,90,,,27.31,54244778,N,,,,2461200.5,126.21,0.000243
"       (2022 CB1)",0.7451,0.3555,16.86,318.39,355.66,0.480,1.01,0.643,9,7,33,,,26.26,54244779,N,,,,2461200.5,94.35,0.0218
"       (2022 CC1)",0.7877,0.2782,2.62,142.11,179.99,0.569,1.01,0.699,9,7,40,,,27.12,54244780,N,,,,2461200.5,245.21,0.0123
"       (2022 CG1)",0.8768,0.1980,6.17,311.48,37.56,0.703,1.05,0.821,8,6,27,,,27.60,54244784,N,,,,2461200.5,234.96,0.0084
"       (2022 CQ1)",0.8962,0.6041,24.18,340.22,307.51,0.355,1.44,0.848,4060,0,176,,,20.70,54245557,Y,,,,2461200.5,303.57,0.044
"       (2022 CU1)",0.9033,0.2718,2.66,127.55,242.30,0.658,1.15,0.859,4,6,32,,,27.38,54245560,N,,,,2461200.5,118.13,0.00478
"       (2022 CX1)",0.9933,0.3097,14.16,318.76,290.37,0.686,1.30,0.99,12,7,46,,,27.05,54245563,N,,,,2461200.5,59.02,0.0118
"       (2022 CB2)",0.9111,0.2684,21.17,125.83,157.84,0.667,1.16,0.87,6,7,15,,,25.06,54245568,N,,,,2461200.5,229.61,0.126
"       (2022 CQ2)",0.688,0.5399,5.51,346.30,339.49,0.317,1.06,0.571,1472,1,47,,,24.87,54245582,N,,,,2461200.5,5.75,0.0014
"       (2022 CF3)",0.8731,0.1508,5.38,327.41,5.11,0.741,1.00,0.816,21,5,268,,,25.43,54245809,N,,,,2461200.5,273.79,0.0162
"       (2022 CW4)",0.9811,0.3313,19.20,135.16,160.48,0.656,1.31,0.972,740,2,34,,,23.36,54246382,N,,,,2461200.5,29.03,0.211
"       (2022 CH5)",0.9286,0.3076,20.19,139.65,131.60,0.643,1.21,0.895,5,7,30,,,24.39,54246391,N,,,,2461200.5,205.35,0.0515
"       (2022 CO6)",0.8131,0.3012,11.20,146.13,146.99,0.568,1.06,0.733,5,6,128,,,26.05,54246946,N,,,,2461200.5,192.91,0.000977
"       (2022 CP7)",0.8107,0.3625,13.98,118.60,240.00,0.517,1.10,0.73,4026,0,140,,,20.50,54247992,N,,,,2461200.5,66.80,0.0716
"       (2022 DJ1)",0.8724,0.1803,2.81,332.41,38.47,0.715,1.03,0.815,4,5,51,,,27.57,54248340,N,,,,2461200.5,224.15,0.00243
"       (2022 DK1)",0.9647,0.0529,12.21,342.18,5.46,0.914,1.02,0.948,13,4,111,,,26.05,54248341,N,,,,2461200.5,355.30,0.0244
"       (2022 DV1)",0.7485,0.4045,2.99,12.78,337.11,0.446,1.05,0.648,27,7,96,,,24.94,54248451,N,,,,2461200.5,17.49,0.000254
"       (2022 DW1)",0.8226,0.3213,21.04,154.82,148.10,0.558,1.09,0.746,6,6,34,,,25.26,54248454,N,,,,2461200.5,145.09,0.0205
"       (2022 DD3)",0.8713,0.1512,5.83,156.33,176.99,0.740,1.00,0.813,7,6,69,,,28.02,54248562,N,,,,2461200.5,280.56,0.0127
"       (2022 DH3)",0.9358,0.0973,24.03,158.34,155.72,0.845,1.03,0.905,5,6,130,,,25.10,54248565,N,,,,2461200.5,110.86,0.0267
"       (2022 DQ3)",0.9488,0.1177,3.28,342.33,339.41,0.837,1.06,0.924,11,7,28,,,26.84,54248571,N,,,,2461200.5,66.69,0.0312
"       (2022 DJ4)",0.8523,0.3298,13.83,139.96,186.71,0.571,1.13,0.787,8,8,24,,,24.04,54248642,N,,,,2459639.5,205.92,0.125
"       (2022 DM4)",0.9878,0.2688,4.71,161.84,105.55,0.722,1.25,0.982,1,6,12,,,29.21,54248645,N,,,,2461200.5,50.20,0.000938
"       (2022 DT4)",0.8286,0.3072,0.55,7.23,9.36,0.574,1.08,0.754,34,5,144,,,26.19,54248796,N,,,,2461200.5,359.40,0.00455
"       (2022 DO8)",0.8812,0.4997,23.15,17.41,348.57,0.441,1.32,0.827,3,9,14,,,22.95,54262976,N,,,,2459637.5,107.16,0.201
"       (2022 DF26)",0.8219,0.2216,9.91,158.64,184.61,0.640,1.00,0.745,4,7,14,,,27.20,54362907,N,,,,2461200.5,79.19,0.0128
"       (2022 EV1)",0.9454,0.1833,12.62,346.59,306.54,0.772,1.12,0.919,8,5,96,,,26.06,54248976,N,,,,2461200.5,118.53,0.0254
"       (2022 ET2)",0.9603,0.2122,5.73,188.82,136.23,0.757,1.16,0.941,32,5,39,,,25.07,54249335,N,,,,2461200.5,42.94,0.0348
"       (2022 ED3)",0.8976,0.1633,3.45,179.68,194.73,0.751,1.04,0.85,33,6,141,,,25.64,54251535,N,,,,2461200.5,143.78,0.027
"       (2022 EW3)",0.8839,0.4494,10.77,346.50,45.93,0.487,1.28,0.831,2,7,41,,,25.62,54252593,N,,,,2461200.5,132.13,0.0125
"       (2022 EH4)",0.8475,0.2884,1.89,250.08,82.97,0.603,1.09,0.78,11,7,42,,,24.93,54253543,N,,,,2461200.5,6.20,0.0205
"       (2022 EV4)",0.7819,0.3174,9.01,348.44,4.25,0.534,1.03,0.691,11,7,31,,,26.74,54254426,N,,,,2461200.5,226.47,0.0352
"       (2022 EW4)",0.9257,0.2901,6.58,165.74,239.27,0.657,1.19,0.891,3,5,44,,,26.39,54254427,N,,,,2461200.5,10.32,0.00131
"       (2022 EL5)",0.9444,0.1093,1.55,10.71,308.28,0.841,1.05,0.918,33,5,99,,,27.11,54254975,N,,,,2461200.5,84.21,0.000545
"       (2022 EK6)",0.8341,0.4222,5.46,155.17,232.96,0.482,1.19,0.762,6,7,16,,,26.05,54256784,N,,,,2461200.5,309.03,0.0159
"       (2022 EQ6)",0.8568,0.3266,1.41,50.13,264.47,0.577,1.14,0.793,5,7,25,,,26.21,54256791,N,,,,2461200.5,11.52,0.0147
"       (2022 EZ6)",0.8653,0.2756,6.35,157.43,220.70,0.627,1.10,0.805,2946,0,228,,,23.52,54257607,N,,,,2461200.5,242.22,0.00917
"       (2022 FN)",0.7704,0.4862,8.28,3.92,27.19,0.396,1.14,0.676,5,7,49,,,26.78,54262978,N,,,,2461200.5,196.11,0.0131
"       (2022 FP)",0.8568,0.3051,28.21,181.54,212.87,0.595,1.12,0.793,4,7,89,,,24.44,54262980,N,,,,2461200.5,234.21,0.0441
"       (2022 FT)",0.912,0.3428,10.08,2.22,48.75,0.599,1.22,0.871,18,5,48,,,25.19,54264228,N,,,,2461200.5,38.65,0.0202
"       (2022 FY)",0.8635,0.2348,7.44,183.60,143.38,0.661,1.07,0.802,1458,1,71,,,27.80,54264233,N,,,,2461200.5,327.18,0.00475
"       (2022 FQ1)",0.8425,0.3061,8.25,2.96,0.30,0.585,1.10,0.773,15,7,40,,,25.35,54265631,N,,,,2461200.5,340.94,0.0813
"       (2022 FX1)",0.9915,0.0583,18.52,10.34,44.58,0.934,1.05,0.987,13,6,69,,,25.78,54265773,N,,,,2461200.5,215.84,0.0321
"       (2022 FZ1)",0.9003,0.2545,8.04,190.28,207.72,0.671,1.13,0.854,16,6,46,,,25.57,54265775,N,,,,2461200.5,100.17,0.0529
"       (2022 FE2)",0.9238,0.3557,6.52,14.57,300.48,0.595,1.25,0.888,8,6,115,,,25.31,54265780,N,,,,2461200.5,171.34,0.00429
"       (2022 FF2)",0.9826,0.4296,2.81,241.89,178.05,0.561,1.40,0.974,1482,1,83,,,23.29,54265872,N,,,,2461200.5,192.02,0.0425
"       (2022 FM2)",0.9701,0.0562,11.84,9.95,349.04,0.916,1.02,0.956,11,5,57,,,26.32,54265877,N,,,,2461200.5,330.24,0.0247
"       (2022 FP2)",0.8931,0.1951,1.03,170.65,223.71,0.719,1.07,0.844,9,7,22,,,28.38,54265880,N,,,,2461200.5,130.60,0.000869
"       (2022 FF3)",0.8549,0.2090,4.42,15.12,325.88,0.676,1.03,0.79,4,6,40,,,27.77,54265894,N,,,,2461200.5,331.32,0.00518
"       (2022 FA4)",0.981,0.1683,8.67,18.76,40.73,0.816,1.15,0.972,14,5,52,,,25.71,54266165,N,,,,2461200.5,225.31,0.0678
"       (2022 GK)",0.896,0.4208,10.96,191.55,230.78,0.519,1.27,0.848,3,6,49,,,27.41,54268442,N,,,,2461200.5,61.11,0.00231
"       (2022 GO)",0.695,0.5010,3.37,38.24,328.58,0.347,1.04,0.579,9,8,49,,,25.74,54268446,N,,,,2459672.5,197.20,0.015
"       (2022 GM1)",0.9706,0.1602,2.84,18.65,46.33,0.815,1.13,0.956,39,5,60,,,25.66,54269054,N,,,,2461200.5,249.15,0.0207
"       (2022 GU1)",0.982,0.1426,33.30,193.15,124.25,0.842,1.12,0.973,4,8,49,,,24.22,54269063,N,,,,2459674.5,248.36,0.0447
"       (2022 GQ2)",0.7736,0.3250,9.98,10.20,0.67,0.522,1.02,0.68,5,7,42,,,25.82,54269585,N,,,,2461200.5,237.56,0.0262
"       (2022 GX2)",0.9099,0.3458,1.83,186.60,237.87,0.595,1.22,0.868,1,7,13,,,29.34,54269647,N,,,,2461200.5,26.66,0.00146
"       (2022 HA)",0.7914,0.3654,17.12,206.15,155.24,0.502,1.08,0.704,3,6,105,,,24.39,54275937,N,,,,2461200.5,188.74,0.0173
"       (2022 HE)",0.7545,0.6010,26.29,42.15,321.33,0.301,1.21,0.655,734,1,74,,,22.24,54276132,N,,,,2461200.5,357.54,0.0552
"       (2022 HK)",0.8765,0.6654,6.35,37.60,24.38,0.293,1.46,0.821,19,7,50,,,23.15,54276148,N,,,,2461200.5,89.78,0.0288
"       (2022 HA1)",0.8751,0.3096,9.66,37.91,309.89,0.604,1.15,0.819,17,7,46,,,24.70,54276249,N,,,,2461200.5,267.29,0.0093
"       (2022 HG1)",0.9064,0.3157,9.61,211.61,228.60,0.620,1.19,0.863,9,5,45,,,26.59,54276253,N,,,,2461200.5,23.19,0.0132
"       (2022 HH1)",0.7934,0.2943,1.05,211.14,174.78,0.560,1.03,0.707,6,7,52,,,27.61,54276255,N,,,,2461200.5,134.55,0.00377
"       (2022 HU1)",0.8967,0.3260,26.43,36.89,353.65,0.604,1.19,0.849,33,5,55,,,22.65,54276390,N,,,,2461200.5,141.62,0.176
"       (2022 HC2)",0.927,0.1528,8.62,50.24,350.51,0.785,1.07,0.892,23,6,84,,,25.06,54276471,N,,,,2461200.5,37.48,0.0529
"       (2022 HL2)",0.9842,0.1230,11.01,41.25,297.83,0.863,1.11,0.976,10,5,45,,,26.07,54276655,N,,,,2461200.5,328.69,0.0172
"       (2022 HR3)",0.7684,0.3997,4.94,213.87,208.15,0.461,1.08,0.674,6,7,49,,,27.34,54276985,N,,,,2461200.5,170.29,0.00255
"       (2022 JP)",0.8387,0.2609,17.13,42.73,26.24,0.620,1.06,0.768,20,7,33,,,23.43,54278174,N,,,,2461200.5,263.63,0.0113
"       (2022 JT)",0.9192,0.1879,3.20,233.83,207.32,0.747,1.09,0.881,29,6,35,,,25.70,54278223,N,,,,2461200.5,359.89,0.0218
"       (2022 JA1)",0.8315,0.2810,3.42,198.15,234.25,0.598,1.07,0.758,12,7,57,,,25.37,54278307,N,,,,2461200.5,277.55,0.0221
"       (2022 JL1)",0.9649,0.3670,15.35,222.30,244.70,0.611,1.32,0.948,1,7,24,,,26.53,54278317,N,,,,2461200.5,191.37,0.0101
"       (2022 JU1)",0.9723,0.2028,6.77,66.58,292.60,0.775,1.17,0.959,28,4,67,,,24.98,54278445,N,,,,2461200.5,341.37,0.000944
"       (2022 JV1)",0.8287,0.2794,3.43,54.96,326.67,0.597,1.06,0.754,2,6,43,,,27.52,54278443,N,,,,2461200.5,13.55,0.00394
"       (2022 JG2)",0.756,0.6597,7.14,144.29,285.97,0.257,1.25,0.657,1501,1,98,,,22.21,54278663,N,,,,2461200.5,188.93,0.0892
"       (2022 JJ2)",0.9717,0.2569,30.21,55.74,311.12,0.722,1.22,0.958,16,7,49,,,23.65,54278698,N,,,,2461200.5,334.79,0.0722
"       (2022 JP2)",0.9011,0.4021,13.49,253.94,150.16,0.539,1.26,0.855,378,3,51,,,21.56,54279034,N,,,,2461200.5,96.04,0.0741
"       (2022 JW2)",0.9445,0.1894,8.25,224.52,234.47,0.766,1.12,0.918,20,5,35,,,25.20,54279459,N,,,,2461200.5,274.86,0.00991
"       (2022 KO)",0.9284,0.2027,14.35,59.13,347.86,0.740,1.12,0.895,16,6,27,,,24.89,54279840,N,,,,2461200.5,28.48,0.0936
"       (2022 KW)",0.928,0.3230,4.78,230.59,201.66,0.628,1.23,0.894,3338,0,99,,,23.09,54279924,N,,,,2461200.5,345.63,0.0492
"       (2022 KG1)",0.9121,0.2397,11.72,241.00,230.86,0.693,1.13,0.871,7,5,27,,,28.87,54279934,N,,,,2461200.5,338.51,0.000601
"       (2022 KX4)",0.8212,0.4402,19.82,238.30,209.46,0.460,1.18,0.744,1091,2,44,,,23.82,54280679,N,,,,2461200.5,270.73,0.0417
"       (2022 LW)",0.9353,0.1794,2.67,196.96,242.90,0.767,1.10,0.905,51,5,26,,,25.59,54281974,N,,,,2461200.5,328.25,0.00427
"       (2022 LK1)",0.9478,0.4156,3.64,176.50,304.53,0.554,1.34,0.923,1181,2,58,,,23.16,54282205,N,,,,2461200.5,206.56,0.00292
"       (2022 LA3)",0.8357,0.2664,9.54,261.91,160.02,0.613,1.06,0.764,18,6,21,,,26.00,54282890,N,,,,2461200.5,294.91,0.0154
"       (2022 MA)",0.9159,0.1306,7.63,84.68,24.25,0.796,1.04,0.877,3,6,42,,,26.33,54285149,N,,,,2461200.5,342.80,0.00566
"       (2022 MC)",0.8075,0.3799,26.42,86.68,31.73,0.501,1.11,0.726,3,5,30,,,23.77,54285294,N,,,,2461200.5,291.36,0.00394
"       (2022 MP)",0.8591,0.2024,14.54,95.45,349.21,0.685,1.03,0.796,2927,0,206,,,24.01,54288264,N,,,,2461200.5,179.92,0.0115
"       (2022 MQ)",0.9458,0.1299,23.58,94.54,321.97,0.823,1.07,0.92,9,7,113,,,22.84,54288265,N,,,,2461200.5,335.05,0.0187
"       (2022 MM1)",0.9935,0.3371,5.60,91.77,298.95,0.659,1.33,0.99,1861,1,39,,,24.81,54288619,N,,,,2461200.5,272.91,0.0093
"       (2022 MO1)",0.9457,0.3486,4.04,256.66,136.49,0.616,1.28,0.92,1,7,19,,,25.32,54288621,N,,,,2461200.5,26.52,0.0181
"       (2022 MU1)",0.8878,0.2337,16.62,267.66,213.07,0.680,1.10,0.837,11,6,40,,,24.63,54288746,N,,,,2461200.5,40.47,0.0241
"       (2022 MF2)",0.9013,0.2614,9.74,271.41,218.52,0.666,1.14,0.856,2,6,15,,,26.13,54289135,N,,,,2461200.5,345.05,0.0242
"       (2022 MP2)",0.9848,0.1850,1.07,162.92,351.05,0.803,1.17,0.977,1191,3,56,,,25.95,54289177,N,,,,2461200.5,116.35,0.0172
"       (2022 MS2)",0.9234,0.2360,26.51,102.27,352.47,0.706,1.14,0.887,2935,1,27,,,23.21,54289174,N,,,,2461200.5,354.94,0.121
"       (2022 ML3)",0.9725,0.0782,1.15,307.55,133.66,0.896,1.05,0.959,36,4,36,,,27.32,54289574,N,,,,2461200.5,239.58,0.00212
"       (2022 NA)",0.902,0.4089,5.99,287.08,218.49,0.533,1.27,0.857,3,6,30,,,24.95,54289645,N,,,,2461200.5,308.85,0.0212
"       (2022 NV)",0.9073,0.1919,31.37,283.78,219.61,0.733,1.08,0.864,2,9,18,,,24.73,54289752,N,,,,2459767.5,129.17,0.00843
"       (2022 NX)",0.8445,0.2288,6.04,118.34,338.22,0.651,1.04,0.776,23,6,32,,,26.66,54289751,N,,,,2461200.5,211.63,0.000142
"       (2022 NZ)",0.9053,0.1613,8.57,281.48,214.49,0.759,1.05,0.861,15,6,44,,,26.32,54289923,N,,,,2461200.5,338.65,0.000137
"       (2022 NU1)",0.8353,0.3142,9.63,116.92,338.30,0.573,1.10,0.763,20,6,29,,,24.44,54290058,N,,,,2461200.5,255.98,0.0309
"       (2022 OF)",0.978,0.0461,24.76,294.08,165.88,0.933,1.02,0.967,2,8,13,,,26.31,54290521,N,,,,2459779.5,197.20,0.0052
"       (2022 OK)",0.911,0.1826,4.42,119.00,41.01,0.745,1.08,0.87,10,5,89,,,28.31,54290698,N,,,,2461200.5,291.02,0.00236
"       (2022 OQ)",0.9749,0.2738,6.19,104.66,74.33,0.708,1.24,0.963,3,7,14,,,24.92,54290859,N,,,,2461200.5,99.44,0.0155
"       (2022 OS)",0.8567,0.4195,27.02,297.30,206.89,0.497,1.22,0.793,4347,1,100,,,21.77,54290862,N,,,,2461200.5,99.61,0.0882
"       (2022 OX)",0.755,0.4575,13.92,110.20,27.02,0.410,1.10,0.656,12,7,28,,,22.58,54291044,N,,,,2461200.5,111.16,0.00523
"       (2022 OZ1)",0.8563,0.4085,10.06,292.09,225.45,0.506,1.21,0.792,1479,2,56,,,23.57,54291608,N,,,,2461200.5,63.87,0.00662
"       (2022 OD2)",0.9611,0.4145,9.38,137.73,292.81,0.563,1.36,0.942,9,7,19,,,22.94,54291612,N,,,,2461200.5,309.64,0.0231
"       (2022 OK3)",0.8943,0.2918,12.44,288.59,230.12,0.633,1.16,0.846,22,7,21,,,23.10,54292223,N,,,,2461200.5,321.30,0.0064
"       (2022 OW3)",0.9905,0.2191,10.18,127.23,292.02,0.773,1.21,0.986,3,6,24,,,26.44,54292324,N,,,,2461200.5,241.72,0.00754
"       (2022 OQ5)",0.9753,0.7662,9.60,72.88,55.66,0.228,1.72,0.963,2217,2,42,,,20.81,54292841,N,,,,2461200.5,165.38,0.0509
"       (2022 OB10)",0.969,0.3301,7.87,8.65,94.66,0.649,1.29,0.954,11,5,12,,,22.98,54293323,N,,,,2461200.5,244.51,0.0457
"       (2022 OY78)",0.9542,0.1853,13.24,296.81,240.38,0.777,1.13,0.932,9,6,12,,,26.38,54418796,N,,,,2461200.5,161.96,0.00163
"       (2022 PC)",0.8675,0.2214,1.29,318.48,201.38,0.675,1.06,0.808,78,5,307,,,23.74,54292858,N,,,,2461200.5,55.10,0.00424
"       (2022 PE)",0.9084,0.1497,5.05,310.72,151.93,0.772,1.04,0.866,6,5,81,,,28.29,54292860,N,,,,2461200.5,17.42,0.00613
"       (2022 PX)",0.8063,0.3431,15.22,134.00,26.66,0.530,1.08,0.724,10,6,85,,,24.29,54293660,N,,,,2461200.5,240.10,0.0085
"       (2022 PE1)",0.9198,0.2653,10.57,317.18,198.42,0.676,1.16,0.882,8,6,19,,,24.67,54293877,N,,,,2461200.5,268.89,0.0904
"       (2022 QQ)",0.7857,0.4103,5.75,146.64,344.66,0.463,1.11,0.697,4,7,21,,,25.72,54296368,N,,,,2461200.5,18.29,0.0258
"       (2022 QE1)",0.8167,0.2611,7.33,327.45,197.90,0.603,1.03,0.738,4,6,62,,,28.33,54296533,N,,,,2461200.5,203.98,0.000233
"       (2022 QN1)",0.9531,0.4309,15.24,325.16,147.39,0.542,1.36,0.931,28,6,37,,,23.43,54296536,N,,,,2461200.5,286.58,0.102
"       (2022 QQ3)",0.8511,0.5894,10.04,278.22,248.73,0.349,1.35,0.785,1482,2,38,,,22.31,54297317,N,,,,2461200.5,69.96,0.083
"       (2022 QU3)",0.7273,0.4390,5.18,152.65,9.95,0.408,1.05,0.62,2,7,39,,,26.84,54297321,N,,,,2461200.5,192.23,0.0102
"       (2022 QK4)",0.9635,0.4928,2.16,149.54,43.46,0.489,1.44,0.946,10,8,27,,,23.79,54297618,N,,,,2459820.5,95.42,0.00782
"       (2022 QX4)",0.6808,0.5046,0.13,337.74,173.84,0.337,1.02,0.562,3321,2,200,,,24.70,54297628,N,,,,2461200.5,90.58,0.000167
"       (2022 QW5)",0.9359,0.1819,26.39,151.57,333.44,0.766,1.11,0.905,2,7,29,,,23.81,54297805,N,,,,2461200.5,286.19,0.068
"       (2022 QM6)",0.8832,0.1742,6.27,38.11,122.21,0.729,1.04,0.83,38,7,23,,,23.74,54298612,N,,,,2461200.5,14.90,0.0311
"       (2022 QO6)",0.8791,0.1830,0.90,53.82,109.29,0.718,1.04,0.824,5,7,29,,,25.24,54298614,N,,,,2461200.5,16.78,0.00897
"       (2022 QT6)",0.9183,0.1385,2.76,165.92,350.61,0.791,1.05,0.88,15,6,40,,,26.61,54298618,N,,,,2461200.5,283.42,0.0257
"       (2022 QT7)",0.8944,0.2637,7.67,337.55,133.05,0.659,1.13,0.846,3,5,40,,,28.59,54298775,N,,,,2461200.5,57.38,0.00255
"       (2022 QU7)",0.8057,0.3210,11.79,333.17,186.70,0.547,1.06,0.723,14,7,81,,,24.88,54298776,N,,,,2461200.5,254.78,0.0456
"       (2022 QP31)",0.9688,0.1683,4.78,338.70,240.70,0.806,1.13,0.954,23,4,82,,,26.53,54299573,N,,,,2461200.5,83.30,0.00686
"       (2022 QJ50)",0.9422,0.3512,7.55,6.08,109.07,0.611,1.27,0.915,3,7,8,,,25.11,54301299,N,,,,2461200.5,303.47,0.0246
"       (2022 RA)",0.9936,0.3471,7.58,338.99,243.91,0.649,1.34,0.99,1,7,22,,,27.89,54300305,N,,,,2461200.5,5.27,0.007
"       (2022 RK)",0.8608,0.2738,10.94,157.79,328.83,0.625,1.10,0.799,1,6,23,,,25.89,54300597,N,,,,2461200.5,131.09,0.0214
"       (2022 RW)",0.8488,0.1915,21.97,163.13,7.54,0.686,1.01,0.782,15,4,106,,,23.42,54300839,N,,,,2461200.5,97.63,0.000684
"       (2022 RC2)",0.9733,0.1279,5.22,140.58,335.83,0.849,1.10,0.96,4,6,10,,,25.50,54301304,N,,,,2461200.5,207.88,0.0538
"       (2022 RC7)",0.8591,0.2956,1.93,102.60,106.17,0.605,1.11,0.796,37,5,29,,,23.36,54305227,N,,,,2461200.5,4.44,0.0152
"       (2022 RE9)",0.8962,0.1686,9.03,166.65,352.66,0.745,1.05,0.848,4,8,12,,,25.22,54305654,N,,,,2459838.5,196.65,0.0382
"       (2022 SE)",0.8834,0.2026,16.96,173.64,25.42,0.704,1.06,0.83,1,7,17,,,26.96,54304125,N,,,,2461200.5,318.84,0.0285
"       (2022 SW)",0.9517,0.4579,20.58,352.76,236.83,0.516,1.39,0.929,12,7,125,,,25.14,54304629,N,,,,2461200.5,76.89,0.00138
"       (2022 SW3)",0.7659,0.3440,12.92,359.01,193.59,0.502,1.03,0.67,734,1,120,,,24.89,54305247,N,,,,2461200.5,351.14,0.00853
"       (2022 SF4)",0.7813,0.4292,13.91,355.34,208.88,0.446,1.12,0.691,2,6,21,,,26.96,54305648,N,,,,2461200.5,258.07,0.00874
"       (2022 SK4)",0.8385,0.3087,15.18,176.57,37.59,0.580,1.10,0.768,1,5,18,,,30.35,54305651,N,,,,2461200.5,59.52,0.000495
"       (2022 SD5)",0.8808,0.1679,2.26,177.28,10.95,0.733,1.03,0.827,1,7,19,,,28.58,54305669,N,,,,2461200.5,342.88,0.00935
"       (2022 SK5)",0.9203,0.2794,17.37,192.79,351.57,0.663,1.18,0.883,8,6,14,,,23.69,54305672,N,,,,2461200.5,242.40,0.166
"       (2022 SE6)",0.8767,0.1575,6.22,359.61,163.58,0.739,1.01,0.821,27,5,88,,,25.81,54306604,N,,,,2461200.5,30.05,0.00277
"       (2022 SS6)",0.9724,0.2400,21.45,23.69,155.35,0.739,1.21,0.959,422,1,117,,,22.35,54306612,N,,,,2461200.5,134.10,0.162
"       (2022 SA8)",0.9394,0.3243,8.81,354.71,241.04,0.635,1.24,0.91,1,7,14,,,28.01,54307204,N,,,,2461200.5,115.20,0.00341
"       (2022 SY10)",0.9445,0.1291,3.05,190.23,318.43,0.823,1.07,0.918,28,5,53,,,26.87,54308040,N,,,,2461200.5,236.00,0.0136
"       (2022 SM11)",0.8634,0.2349,18.40,183.97,356.83,0.661,1.07,0.802,6,7,19,,,26.18,54308052,N,,,,2461200.5,43.11,0.0628
"       (2022 SW20)",0.6917,0.5679,15.19,0.26,199.51,0.299,1.08,0.575,3,7,14,,,26.48,54309248,N,,,,2461200.5,284.75,0.00224
"       (2022 SF25)",0.9838,0.3975,5.39,5.99,236.84,0.593,1.37,0.976,3,7,22,,,26.30,54310126,N,,,,2461200.5,359.21,0.0112
"       (2022 SL48)",0.8463,0.3314,2.31,359.17,222.89,0.566,1.13,0.779,4,6,18,,,26.82,54311855,N,,,,2461200.5,21.76,0.00124
"       (2022 SX55)",0.8363,0.3983,10.91,354.39,221.03,0.503,1.17,0.765,1,7,7,,,30.19,54312938,N,,,,2461200.5,54.26,6.08e-05
"       (2022 TU)",0.9591,0.1906,11.26,218.04,331.11,0.776,1.14,0.939,413,3,48,,,23.71,54312933,N,,,,2461200.5,145.77,0.0961
"       (2022 TW)",0.9672,0.1188,18.74,190.07,11.52,0.852,1.08,0.951,2,7,16,,,25.56,54312935,N,,,,2461200.5,120.03,0.0772
"       (2022 TF1)",0.901,0.1760,3.29,149.98,74.05,0.742,1.06,0.855,47,5,35,,,24.70,54313610,N,,,,2461200.5,245.02,0.0287
"       (2022 TX1)",0.9269,0.2708,11.08,171.74,59.12,0.676,1.18,0.892,18,5,26,,,23.66,54314207,N,,,,2461200.5,164.03,0.00491
"       (2022 TS2)",0.9481,0.4875,0.97,90.64,59.84,0.486,1.41,0.923,17,7,60,,,24.56,54316566,N,,,,2461200.5,269.88,0.00191
"       (2022 TT2)",0.9408,0.3597,14.40,26.52,120.80,0.602,1.28,0.913,5,6,39,,,25.03,54316567,N,,,,2461200.5,272.43,0.00431
"       (2022 TW2)",0.9153,0.1364,2.61,21.41,220.01,0.790,1.04,0.876,11,5,59,,,28.56,54316645,N,,,,2461200.5,189.46,0.00183
"       (2022 UQ)",0.8015,0.3503,15.44,204.71,23.11,0.521,1.08,0.718,6,7,24,,,26.54,54316692,N,,,,2461200.5,161.89,0.0301
"       (2022 UY)",0.9968,0.1143,15.60,18.08,141.76,0.883,1.11,0.995,2570,1,39,,,25.49,54316897,N,,,,2461200.5,108.47,0.0794
"       (2022 UA1)",0.9672,0.0984,3.08,204.74,351.40,0.872,1.06,0.951,53,4,51,,,25.61,54316895,N,,,,2461200.5,128.84,0.0466
"       (2022 UJ1)",0.9517,0.0663,8.28,24.69,196.89,0.889,1.01,0.929,8,6,16,,,27.91,54316904,N,,,,2461200.5,132.56,0.0143
"       (2022 UM1)",0.8381,0.2919,6.78,22.57,214.55,0.593,1.08,0.767,11,6,42,,,27.21,54316911,N,,,,2461200.5,33.07,0.00515
"       (2022 UR1)",0.9591,0.2821,25.21,16.71,223.87,0.689,1.23,0.939,4,8,24,,,24.04,54316913,N,,,,2459870.5,116.83,0.0911
"       (2022 UE3)",0.974,0.3166,6.33,20.95,246.89,0.666,1.28,0.961,373,2,124,,,24.61,54317205,N,,,,2461200.5,5.90,0.000745
"       (2022 UY3)",0.824,0.3165,2.40,194.21,41.47,0.563,1.08,0.748,1101,2,34,,,26.86,54317870,N,,,,2461200.5,75.09,0.00416
"       (2022 UO4)",0.9439,0.2573,3.15,349.45,255.75,0.701,1.19,0.917,3,5,19,,,25.23,54317887,N,,,,2461200.5,104.60,0.013
"       (2022 US5)",0.8666,0.1871,15.77,26.09,162.46,0.705,1.03,0.807,4,7,19,,,26.64,54318596,N,,,,2461200.5,27.84,0.0209
"       (2022 UD6)",0.8463,0.2729,8.73,208.43,24.43,0.615,1.08,0.779,10,7,25,,,26.19,54319153,N,,,,2461200.5,19.32,0.0287
"       (2022 UF6)",0.7608,0.4467,10.67,171.67,40.98,0.421,1.10,0.664,9,8,14,,,23.18,54319154,N,,,,2459869.5,149.26,0.0358
"       (2022 UD8)",0.9381,0.1723,10.82,194.30,5.67,0.777,1.10,0.909,61,4,21,,,24.32,54319881,N,,,,2461200.5,191.89,0.0948
"       (2022 UT8)",0.8485,0.1882,1.64,8.54,212.81,0.689,1.01,0.782,37,6,68,,,23.58,54320181,N,,,,2461200.5,41.20,0.00714
"       (2022 UT10)",0.8927,0.1559,6.42,215.37,328.92,0.754,1.03,0.843,4,6,101,,,26.75,54320713,N,,,,2461200.5,322.15,0.00906
"       (2022 UB11)",0.9428,0.1781,12.71,35.81,144.35,0.775,1.11,0.915,25,4,34,,,25.27,54320718,N,,,,2461200.5,210.51,0.0642
"       (2022 UD11)",0.9338,0.1283,31.22,36.71,139.40,0.814,1.05,0.902,8,7,74,,,24.87,54320720,N,,,,2461200.5,229.30,0.0237
"       (2022 UL11)",0.6693,0.4901,3.62,212.19,0.76,0.341,1.00,0.548,3,7,46,,,29.15,54320727,N,,,,2461200.5,37.96,0.00208
"       (2022 UM11)",0.9487,0.3352,5.17,209.37,63.51,0.631,1.27,0.924,824,2,113,,,24.67,54320728,N,,,,2461200.5,53.11,0.00125
"       (2022 UO11)",0.897,0.3418,2.67,22.00,142.56,0.590,1.20,0.85,12,6,34,,,26.51,54320730,N,,,,2461200.5,355.21,0.0129
"       (2022 UU11)",0.9132,0.2501,14.23,345.33,224.17,0.685,1.14,0.873,682,2,29,,,21.05,54321077,Y,,,,2461200.5,256.29,0.0253
"       (2022 UL12)",0.8677,0.2177,14.74,212.13,7.76,0.679,1.06,0.808,19,6,75,,,23.05,54321081,N,,,,2461200.5,345.43,0.0574
"       (2022 UP12)",0.7383,0.3971,12.73,32.33,197.09,0.445,1.03,0.634,3,7,50,,,26.40,54321085,N,,,,2461200.5,37.78,0.0054
"       (2022 UA13)",0.7237,0.5854,8.25,213.12,26.98,0.300,1.15,0.616,5,6,139,,,26.37,54321095,N,,,,2461200.5,59.17,5.78e-05
"       (2022 UC14)",0.9886,0.1870,3.20,212.57,77.31,0.804,1.17,0.983,1,5,36,,,29.67,54321461,N,,,,2461200.5,326.43,9.74e-05
"       (2022 UU15)",0.7139,0.5796,10.03,16.41,215.85,0.300,1.13,0.603,1,8,16,,,25.07,54321819,N,,,,2459880.5,126.95,0.0301
"       (2022 UV15)",0.6908,0.5172,0.17,251.50,341.89,0.333,1.05,0.574,16,6,167,,,26.00,54321820,N,,,,2461200.5,237.48,2.58e-05
"       (2022 UB16)",0.9106,0.6264,11.61,217.30,320.45,0.340,1.48,0.869,3,8,28,,,24.56,54322224,N,,,,2459880.5,287.88,0.0188
"       (2022 UN20)",0.9447,0.1781,12.16,212.81,51.83,0.776,1.11,0.918,5,6,18,,,27.51,54322243,N,,,,2461200.5,88.92,0.0253
"       (2022 UQ20)",0.7952,0.3617,3.21,46.42,143.05,0.508,1.08,0.709,2,7,23,,,27.34,54322246,N,,,,2461200.5,266.56,0.00369
"       (2022 UM21)",0.9683,0.4568,11.40,36.34,127.46,0.526,1.41,0.953,6,8,17,,,26.55,54322719,N,,,,2459883.5,285.57,0.0245
"       (2022 US21)",0.9326,0.3893,22.87,26.33,230.95,0.570,1.30,0.901,385,2,69,,,21.86,54322868,Y,,,,2461200.5,92.35,0.0347
"       (2022 UK24)",0.8031,0.5020,16.39,218.27,37.64,0.400,1.21,0.72,2,5,110,,,28.14,54322883,N,,,,2461200.5,95.75,0.00185
"       (2022 UN24)",0.8483,0.4611,20.36,53.88,186.08,0.457,1.24,0.781,39,4,41,,,22.22,54322884,N,,,,2461200.5,346.59,0.189
"       (2022 UG28)",0.948,0.3099,6.47,41.77,227.98,0.654,1.24,0.923,3,7,15,,,26.30,54322907,N,,,,2461200.5,60.32,0.028
"       (2022 UM28)",0.72,0.5075,12.42,52.61,180.28,0.355,1.09,0.611,27,7,42,,,24.28,54323520,N,,,,2461200.5,111.36,0.0771
"       (2022 VG)",0.9812,0.2961,0.31,347.77,300.64,0.691,1.27,0.972,1,6,36,,,27.72,54323527,N,,,,2461200.5,330.46,0.00106
"       (2022 VU)",0.9682,0.1173,15.68,226.62,15.81,0.855,1.08,0.953,20,6,26,,,24.96,54324412,N,,,,2461200.5,73.46,0.0836
"       (2022 VR1)",0.9938,0.1677,5.83,242.55,270.61,0.827,1.16,0.991,377,0,98,2,1,24.79,54326659,N,,,,2461200.5,130.36,0.011
"       (2022 VP2)",0.89,0.2058,23.06,232.57,43.16,0.707,1.07,0.84,6,6,40,,,26.52,54326960,N,,,,2461200.5,205.67,0.012
"       (2022 VA3)",0.9774,0.3195,13.13,241.75,12.97,0.665,1.29,0.966,1128,2,61,,,22.65,54327486,N,,,,2461200.5,11.81,0.175
"       (2022 WQ)",0.9114,0.1536,22.57,233.56,320.58,0.771,1.05,0.87,2,7,16,,,27.03,54327477,N,,,,2461200.5,265.44,0.0195
"       (2022 WE1)",0.9544,0.0900,7.31,237.62,42.19,0.869,1.04,0.932,12,5,50,,,27.20,54327494,N,,,,2461200.5,60.80,0.0217
"       (2022 WF2)",0.9728,0.3749,1.67,250.85,49.80,0.608,1.34,0.96,6,7,53,,,26.33,54327895,N,,,,2461200.5,325.64,0.0079
"       (2022 WL2)",0.8398,0.2619,11.37,59.62,147.54,0.620,1.06,0.77,5,7,36,,,27.44,54327900,N,,,,2461200.5,89.67,0.0119
"       (2022 WO2)",0.7148,0.4871,1.93,103.11,122.44,0.367,1.06,0.604,8,8,27,,,25.90,54327903,N,,,,2459902.5,211.09,0.0185
"       (2022 WR2)",0.9801,0.0894,14.27,59.57,114.63,0.893,1.07,0.97,6,6,43,,,26.63,54327904,N,,,,2461200.5,129.19,0.0208
"       (2022 WW2)",0.963,0.3648,1.00,222.40,56.61,0.612,1.31,0.945,10,7,19,,,25.57,54327909,N,,,,2461200.5,15.37,0.00228
"       (2022 WE3)",0.9045,0.1643,7.17,56.47,175.08,0.756,1.05,0.86,11,7,20,,,26.70,54328005,N,,,,2461200.5,232.82,0.0631
"       (2022 WM3)",0.8563,0.2225,4.14,57.92,217.00,0.666,1.05,0.792,4,6,53,,,28.43,54328012,N,,,,2461200.5,297.72,0.000438
"       (2022 WP3)",0.9462,0.2625,20.16,238.21,306.93,0.698,1.19,0.92,6,7,61,,,23.99,54328016,N,,,,2461200.5,205.56,0.0464
"       (2022 WX3)",0.923,0.2260,7.31,226.22,324.60,0.714,1.13,0.887,18,7,21,,,25.80,54328064,N,,,,2461200.5,247.02,0.0464
"       (2022 WH4)",0.9671,0.1699,14.22,65.63,132.67,0.803,1.13,0.951,10,6,28,,,23.89,54328073,N,,,,2461200.5,131.40,0.0641
"       (2022 WU4)",0.8771,0.3239,25.23,241.42,314.14,0.593,1.16,0.821,5,6,64,,,25.18,54328943,N,,,,2461200.5,7.79,0.0212
"       (2022 WJ5)",0.9531,0.2253,12.06,247.28,304.43,0.738,1.17,0.931,19,5,47,,,24.41,54329161,N,,,,2461200.5,179.26,0.0348
"       (2022 WO6)",0.8311,0.2657,6.32,61.04,213.68,0.610,1.05,0.758,1,6,20,,,29.02,54329635,N,,,,2461200.5,8.82,0.00177
"       (2022 WP9)",0.8999,0.2094,7.00,65.10,222.94,0.711,1.09,0.854,3,7,15,,,28.40,54330580,N,,,,2461200.5,167.58,0.0156
"       (2022 WR9)",0.9721,0.4082,9.86,246.06,302.01,0.575,1.37,0.959,3,7,18,,,27.20,54330583,N,,,,2461200.5,169.55,0.0167
"       (2022 WA10)",0.8658,0.4112,1.40,73.89,213.44,0.510,1.22,0.806,7,5,20,,,26.45,54330724,N,,,,2461200.5,234.13,0.00621
"       (2022 WJ10)",0.9298,0.2566,9.80,61.22,235.72,0.691,1.17,0.897,4,6,17,,,27.57,54330726,N,,,,2461200.5,78.43,0.0147
"       (2022 WQ10)",0.9387,0.3969,16.98,68.91,121.45,0.566,1.31,0.909,2,7,37,,,27.36,54330736,N,,,,2461200.5,236.28,0.00624
"       (2022 XK)",0.9108,0.3688,6.08,246.51,58.88,0.575,1.25,0.869,4,7,18,,,26.19,54331629,N,,,,2461200.5,101.71,0.00375
"       (2022 XT)",0.692,0.5567,10.34,254.72,22.48,0.307,1.08,0.576,6,7,52,,,25.82,54332005,N,,,,2461200.5,150.90,0.000784
"       (2022 XO2)",0.6972,0.7417,23.07,248.46,347.61,0.180,1.21,0.582,1,9,9,,,23.84,54336807,N,,,,2459914.5,253.46,0.0676
"       (2022 YE)",0.8019,0.5858,9.45,266.97,322.15,0.332,1.27,0.718,687,4,42,,,24.80,54334589,N,,,,2461200.5,212.87,0.00106
"       (2022 YH)",0.7851,0.3507,8.63,263.72,352.34,0.510,1.06,0.696,5,8,28,,,24.80,54335008,N,,,,2459930.5,191.48,0.0515
"       (2022 YM1)",0.8697,0.1373,1.13,267.25,352.43,0.750,0.99,0.811,6,5,25,,,29.20,54335459,N,,,,2461200.5,289.82,0.00217
"       (2022 YD2)",0.9176,0.2166,28.58,92.33,169.10,0.719,1.12,0.879,7,8,27,,,24.42,54336059,N,,,,2459935.5,187.81,0.126
"       (2022 YF2)",0.9718,0.2541,19.88,103.58,145.23,0.725,1.22,0.958,386,2,44,,,23.03,54336061,N,,,,2461200.5,70.17,0.138
"       (2022 YM2)",0.7399,0.3801,10.09,261.94,356.54,0.459,1.02,0.636,4,8,19,,,26.28,54336234,N,,,,2459934.5,198.36,0.034
"       (2022 YW2)",0.8831,0.2725,2.44,31.96,269.91,0.642,1.12,0.83,2,8,14,,,26.20,54336526,N,,,,2459935.5,128.63,0.0261
"       (2022 YD3)",0.9381,0.2389,18.37,84.90,123.78,0.714,1.16,0.909,3,8,23,,,22.66,54336614,N,,,,2459935.5,269.71,0.029
"       (2022 YJ3)",0.9199,0.1489,10.80,86.85,143.06,0.783,1.06,0.882,2,6,16,,,27.40,54336619,N,,,,2461200.5,205.60,0.0322
"       (2022 YL4)",0.9369,0.0724,1.60,271.18,342.76,0.869,1.00,0.907,20,5,50,,,27.64,54336644,N,,,,2461200.5,133.75,0.0108
"       (2022 YO4)",0.9322,0.2950,20.19,76.82,204.98,0.657,1.21,0.9,4,7,12,,,24.12,54336802,N,,,,2461200.5,107.06,0.146
"       (2022 YK5)",0.9211,0.1541,9.33,104.04,156.23,0.779,1.06,0.884,27,6,78,,,23.83,54336907,N,,,,2461200.5,162.35,0.0554
"       (2022 YL5)",0.9745,0.1768,11.52,282.53,66.45,0.802,1.15,0.962,39,5,47,,,24.19,54336908,N,,,,2461200.5,299.92,0.024
"       (2022 YD6)",0.9708,0.2818,13.13,270.69,318.14,0.697,1.24,0.957,18,7,37,,,24.18,54336963,N,,,,2461200.5,112.42,0.0912
"       (2022 YP6)",0.9007,0.2978,30.51,97.33,227.54,0.632,1.17,0.855,6,8,48,,,23.95,54337033,N,,,,2459942.5,105.55,0.0382
"       (2022 YS6)",0.6838,0.4874,2.64,283.91,342.97,0.351,1.02,0.565,9,7,61,,,26.86,54337425,N,,,,2461200.5,239.53,0.00131
"       (2022 YN7)",0.6886,0.6152,27.08,92.66,223.38,0.265,1.11,0.571,1536,3,47,,,20.53,54338282,N,,,,2461200.5,105.23,0.121
"       (2023 AK)",0.804,0.4166,5.41,111.07,144.96,0.469,1.14,0.721,3,6,41,,,27.75,54338671,N,,,,2461200.5,152.40,0.00597
"       (2023 AW)",0.9879,0.2652,3.12,268.62,86.47,0.726,1.25,0.982,369,2,30,,,25.68,54338714,N,,,,2461200.5,253.59,0.00991
"       (2023 AE1)",0.9312,0.1727,4.88,118.81,122.18,0.770,1.09,0.899,7,5,61,,,27.15,54338828,N,,,,2461200.5,171.63,0.00498
"       (2023 BG)",0.9812,0.3041,11.08,141.59,100.21,0.683,1.28,0.972,2633,1,71,,,23.29,54339214,N,,,,2461200.5,78.38,0.0234
"       (2023 BW)",0.9509,0.1435,5.51,141.36,209.14,0.814,1.09,0.927,37,5,42,,,24.47,54339760,N,,,,2461200.5,351.41,0.052
"       (2023 BY)",0.8317,0.4295,0.90,59.47,202.37,0.474,1.19,0.758,3,7,24,,,26.45,54339762,N,,,,2461200.5,63.87,0.00529
"       (2023 BB1)",0.7226,0.5899,10.80,302.72,20.99,0.296,1.15,0.614,5,7,37,,,23.34,54339765,N,,,,2461200.5,288.95,0.0213
"       (2023 BC2)",0.7429,0.3952,2.64,123.62,183.38,0.449,1.04,0.64,7,8,45,,,25.43,54339966,N,,,,2459968.5,174.20,0.0153
"       (2023 BL2)",0.9681,0.2745,11.67,125.36,109.78,0.702,1.23,0.953,1,6,15,,,29.12,54339976,N,,,,2461200.5,114.45,0.00131
"       (2023 BA4)",0.7496,0.3776,7.29,131.71,184.79,0.466,1.03,0.649,7,7,68,,,24.78,54340101,N,,,,2461200.5,228.70,0.0344
"       (2023 BM4)",0.9784,0.2062,1.52,186.55,174.25,0.777,1.18,0.968,1224,1,397,,,23.65,54340154,N,,,,2461200.5,279.49,0.0238
"       (2023 BR5)",0.8961,0.2209,10.69,308.92,318.09,0.698,1.09,0.848,2,7,25,,,27.50,54340268,N,,,,2461200.5,226.17,0.0242
"       (2023 BS5)",0.8864,0.1446,11.73,307.30,19.52,0.758,1.01,0.835,29,7,50,,,24.12,54340269,N,,,,2461200.5,169.66,0.0194
"       (2023 BP6)",0.9777,0.1491,16.77,131.68,98.48,0.832,1.12,0.967,5,6,50,,,23.85,54340314,N,,,,2461200.5,85.17,0.0069
"       (2023 BJ7)",0.781,0.3313,5.00,310.01,333.01,0.522,1.04,0.69,2,6,80,,,28.76,54340322,N,,,,2461200.5,178.93,0.000523
"       (2023 BT7)",0.9507,0.3212,18.52,293.64,67.21,0.645,1.26,0.927,21,7,35,,,23.58,54340429,N,,,,2461200.5,315.05,0.00681
"       (2023 BW9)",0.6621,0.5858,30.13,114.45,216.06,0.274,1.05,0.539,382,3,36,,,21.68,54340712,N,,,,2461200.5,221.38,0.106
"       (2023 BK17)",0.6214,0.7119,4.57,91.64,220.85,0.179,1.06,0.49,1,9,10,,,24.98,54417773,N,,,,2459973.5,156.80,0.0342
"       (2023 CC)",0.8662,0.3138,3.62,325.50,302.83,0.594,1.14,0.806,4,6,45,,,25.99,54340474,N,,,,2461200.5,309.82,0.00923
"       (2023 CD)",0.9815,0.1190,9.91,328.51,22.33,0.865,1.10,0.972,379,2,79,,,24.07,54340710,N,,,,2461200.5,293.55,0.0945
"       (2023 CN1)",0.7893,0.3483,8.45,136.98,212.80,0.514,1.06,0.701,11,7,74,,,26.22,54341484,N,,,,2461200.5,34.24,0.0027
"       (2023 CL2)",0.9793,0.1513,1.19,158.21,230.49,0.831,1.13,0.969,854,2,101,,,25.00,54341549,N,,,,2461200.5,249.22,0.00969
"       (2023 CC3)",0.7817,0.3229,1.03,132.94,203.65,0.529,1.03,0.691,5,8,38,,,26.94,54341593,N,,,,2459992.5,162.07,0.000816
"       (2023 CE3)",0.9955,0.2408,28.49,139.49,239.54,0.756,1.24,0.993,1,9,17,,,25.20,54341595,N,,,,2459988.5,97.78,0.073
"       (2023 CR3)",0.7965,0.2937,7.17,319.17,17.59,0.563,1.03,0.711,11,7,82,,,25.79,54341643,N,,,,2461200.5,38.98,0.0166
"       (2023 DH)",0.8531,0.1852,7.14,331.48,11.48,0.695,1.01,0.788,7,6,49,,,27.47,54342171,N,,,,2461200.5,229.60,0.017
"       (2023 DO)",0.7737,0.3289,2.86,4.59,338.10,0.519,1.03,0.681,41,7,52,,,25.60,54342224,N,,,,2461200.5,103.85,0.000971
"       (2023 DW)",0.82,0.3962,5.80,326.07,40.46,0.495,1.14,0.743,1118,1,133,,,24.32,54342500,N,,,,2461200.5,272.87,0.000543
"       (2023 DH1)",0.9311,0.2478,3.55,150.13,248.46,0.700,1.16,0.899,14,5,74,,,26.72,54342517,N,,,,2461200.5,326.51,0.00686
"       (2023 DJ1)",0.8965,0.1746,7.87,338.59,318.74,0.740,1.05,0.849,1,6,56,,,28.16,54342518,N,,,,2461200.5,186.01,0.00694
"       (2023 DK1)",0.8311,0.2923,12.36,337.97,330.71,0.588,1.07,0.758,3,7,36,,,26.86,54342519,N,,,,2461200.5,348.06,0.021
"       (2023 EC)",0.7567,0.3629,8.61,346.26,344.35,0.482,1.03,0.658,5,7,53,,,25.53,54342584,N,,,,2461200.5,188.81,0.0114
"       (2023 EF)",0.9925,0.1808,4.67,345.95,58.13,0.813,1.17,0.989,381,2,37,,,26.18,54342587,N,,,,2461200.5,207.35,0.0292
"       (2023 EM)",0.935,0.1077,14.19,166.60,215.15,0.834,1.04,0.904,7,4,81,,,25.47,54346962,N,,,,2461200.5,353.21,0.0207
"       (2023 EN)",0.9385,0.3811,12.47,168.28,239.75,0.581,1.30,0.909,11,6,37,,,28.09,54346963,N,,,,2461200.5,284.35,0.000149
"       (2023 EJ1)",0.9516,0.1804,9.33,352.28,60.26,0.780,1.12,0.928,2,4,19,,,28.77,54347924,N,,,,2461200.5,276.79,0.0124
"       (2023 FA)",0.8725,0.2820,7.84,359.93,317.22,0.626,1.12,0.815,6,6,43,,,26.50,54349047,N,,,,2461200.5,231.07,0.0078
"       (2023 FE)",0.9507,0.0930,17.39,172.83,164.61,0.862,1.04,0.927,13,6,68,,,24.68,54349051,N,,,,2461200.5,17.42,0.0411
"       (2023 FK)",0.972,0.1551,1.58,88.60,248.47,0.821,1.12,0.958,464,3,62,,,25.08,54349263,N,,,,2461200.5,339.74,0.0036
"       (2023 FN)",0.7796,0.4854,16.46,175.27,206.58,0.401,1.16,0.688,6,7,32,,,24.46,54349267,N,,,,2461200.5,11.73,0.0333
"       (2023 FZ2)",0.9087,0.2951,17.60,5.31,307.11,0.641,1.18,0.866,8,6,40,,,26.66,54351263,N,,,,2461200.5,155.14,0.00851
"       (2023 FO4)",0.9175,0.1932,3.76,179.19,213.36,0.740,1.09,0.879,3,7,30,,,26.26,54352302,N,,,,2461200.5,13.11,0.0237
"       (2023 FR5)",0.8773,0.3478,27.37,9.27,13.79,0.572,1.18,0.822,27,6,35,,,23.12,54352567,N,,,,2461200.5,112.24,0.158
"       (2023 FT10)",0.9458,0.2203,10.08,2.79,58.88,0.737,1.15,0.92,2,7,13,,,25.98,54353141,N,,,,2461200.5,272.54,0.0124
"       (2023 FW10)",0.875,0.2607,8.55,181.36,226.76,0.647,1.10,0.818,14,7,39,,,25.23,54353143,N,,,,2461200.5,85.27,0.00189
"       (2023 FZ10)",0.9402,0.0672,4.69,12.38,5.99,0.877,1.00,0.912,5,6,40,,,28.57,54353146,N,,,,2461200.5,350.37,0.00366
"       (2023 FN13)",0.9884,0.1355,2.12,201.50,107.30,0.854,1.12,0.983,376,1,76,,,27.21,54353611,N,,,,2461200.5,339.14,0.00207
"       (2023 FQ13)",0.7587,0.5649,29.73,19.23,352.77,0.330,1.19,0.661,2943,1,44,,,22.83,54353613,N,,,,2461200.5,104.93,0.149
"       (2023 FW13)",0.999,0.1774,2.75,68.83,355.28,0.822,1.18,0.998,4687,0,50,,,26.03,54353620,N,,,,2461200.5,177.36,0.0458
"       (2023 GF)",0.7865,0.3864,4.30,193.60,206.76,0.483,1.09,0.697,14,7,96,,,24.62,54353707,N,,,,2461200.5,329.36,0.00589
"       (2023 GX)",0.7898,0.3317,1.17,17.49,23.34,0.528,1.05,0.702,18,7,63,,,26.71,54354276,N,,,,2461200.5,323.82,0.00105
"       (2023 GQ1)",0.9829,0.0436,2.73,24.80,304.24,0.940,1.03,0.974,2,4,28,,,30.27,54354355,N,,,,2461200.5,323.23,0.0019
"       (2023 GR1)",0.7185,0.4275,3.10,202.09,189.03,0.411,1.03,0.609,12,7,117,,,25.35,54354356,N,,,,2461200.5,227.57,0.00534
"       (2023 GA2)",0.814,0.6179,19.82,30.03,30.58,0.311,1.32,0.734,11,7,140,,,23.39,54354395,N,,,,2461200.5,185.06,0.0306
"       (2023 GJ2)",0.7428,0.3774,9.06,198.89,179.23,0.462,1.02,0.64,2,8,15,,,25.62,54354403,N,,,,2460049.5,187.76,0.0212
"       (2023 HM)",0.8342,0.6698,2.22,30.62,28.58,0.275,1.39,0.762,2,7,18,,,27.82,54354505,N,,,,2461200.5,121.98,0.00503
"       (2023 HL1)",0.8473,0.2158,4.99,53.68,333.00,0.664,1.03,0.78,37,6,45,,,25.25,54354665,N,,,,2461200.5,189.68,0.00579
"       (2023 HR1)",0.9761,0.3997,20.47,207.28,120.71,0.586,1.37,0.964,2,7,39,,,26.22,54354673,N,,,,2461200.5,18.64,0.0164
"       (2023 HO2)",0.8793,0.4822,24.55,205.58,198.34,0.455,1.30,0.825,24,5,38,,,22.74,54354865,N,,,,2461200.5,81.44,0.171
"       (2023 HU2)",0.8922,0.5538,17.80,205.34,229.24,0.398,1.39,0.843,7,7,43,,,24.78,54354971,N,,,,2461200.5,333.90,0.0149
"       (2023 HC3)",0.9508,0.2507,3.84,245.19,195.00,0.712,1.19,0.927,409,3,69,,,23.94,54355033,N,,,,2461200.5,240.57,0.0501
"       (2023 HG3)",0.8812,0.3987,1.81,13.56,60.46,0.530,1.23,0.827,6,5,30,,,26.63,54355037,N,,,,2461200.5,19.93,0.00626
"       (2023 HT3)",0.8143,0.3301,25.73,33.58,20.56,0.546,1.08,0.735,18,5,78,,,24.05,54356031,N,,,,2461200.5,230.35,0.0418
"       (2023 HU3)",0.995,0.4293,31.91,210.81,241.09,0.568,1.42,0.992,734,1,63,,,25.01,54356032,N,,,,2461200.5,124.99,0.0147
"       (2023 HB4)",0.7138,0.4614,5.33,211.42,165.97,0.384,1.04,0.603,1,6,71,,,26.84,54356038,N,,,,2461200.5,284.02,0.00443
"       (2023 HD4)",0.9447,0.4713,9.53,212.17,233.69,0.499,1.39,0.918,6,7,64,,,26.04,54356041,N,,,,2461200.5,220.59,0.00442
"       (2023 HU5)",0.9788,0.2252,7.15,207.94,252.73,0.758,1.20,0.968,3,6,19,,,27.58,54356994,N,,,,2461200.5,169.12,0.00403
"       (2023 HX6)",0.952,0.3545,19.89,216.95,241.25,0.615,1.29,0.929,10,6,56,,,26.02,54357208,N,,,,2461200.5,206.51,0.00189
"       (2023 HB7)",0.9521,0.1860,1.54,130.54,302.57,0.775,1.13,0.929,463,3,48,,,25.29,54357253,N,,,,2461200.5,255.69,0.00101
"       (2023 HQ7)",0.8576,0.2717,12.58,217.40,208.13,0.625,1.09,0.794,18,6,60,,,24.73,54357277,N,,,,2461200.5,106.34,0.0302
"       (2023 JD)",0.9364,0.1673,16.83,49.20,304.00,0.780,1.09,0.906,2,6,31,,,26.72,54357397,N,,,,2461200.5,36.66,0.00459
"       (2023 JJ)",0.882,0.1716,6.57,228.25,198.57,0.731,1.03,0.828,13,6,47,,,26.84,54357454,N,,,,2461200.5,54.16,0.0118
"       (2023 JT)",0.9265,0.1700,14.84,228.51,221.05,0.769,1.08,0.892,12,4,52,,,25.71,54357465,N,,,,2461200.5,289.05,0.0206
"       (2023 JA1)",0.8987,0.2329,1.45,210.61,236.93,0.689,1.11,0.852,16,6,30,,,26.57,54357787,N,,,,2461200.5,345.14,0.00388
"       (2023 JX1)",0.9529,0.3806,10.04,70.67,32.28,0.590,1.32,0.93,13,7,32,,,24.71,54358249,N,,,,2461200.5,197.45,0.0763
"       (2023 JB3)",0.9405,0.2517,5.47,88.75,289.61,0.704,1.18,0.912,30,4,77,,,24.20,54358574,N,,,,2461200.5,8.64,0.0188
"       (2023 JK3)",0.8055,0.2711,1.67,55.16,353.03,0.587,1.02,0.723,12,5,45,,,25.35,54358582,N,,,,2461200.5,279.19,0.00361
"       (2023 JA4)",0.9289,0.3333,29.65,227.44,202.08,0.619,1.24,0.895,12,7,28,,,23.20,54358767,N,,,,2461200.5,301.92,0.17
"       (2023 JC4)",0.8709,0.2141,2.38,190.26,211.16,0.684,1.06,0.813,19,6,56,,,25.42,54358769,N,,,,2461200.5,118.39,0.00559
"       (2023 KO)",0.7393,0.4144,14.13,236.09,194.87,0.433,1.05,0.636,6,7,20,,,27.04,54359249,N,,,,2461200.5,82.73,0.0085
"       (2023 KQ)",0.8573,0.2255,10.42,240.25,166.63,0.664,1.05,0.794,13,6,77,,,24.90,54359251,N,,,,2461200.5,142.52,0.0273
"       (2023 KC1)",0.9336,0.2856,19.80,59.99,303.84,0.667,1.20,0.902,7,6,16,,,26.62,54359392,N,,,,2461200.5,44.38,0.00581
"       (2023 KL2)",0.9223,0.2465,12.05,232.34,221.87,0.695,1.15,0.886,4,6,21,,,25.76,54359836,N,,,,2461200.5,284.88,0.0363
"       (2023 KT2)",0.9104,0.1451,3.51,236.30,215.01,0.778,1.04,0.869,22,5,64,,,28.14,54359844,N,,,,2461200.5,323.55,0.000243
"       (2023 KX3)",0.9762,0.1090,3.14,67.17,60.53,0.870,1.08,0.965,21,3,80,,,25.77,54360089,N,,,,2461200.5,159.23,0.00302
"       (2023 KH4)",0.8235,0.3252,8.23,240.46,215.28,0.556,1.09,0.747,1100,2,33,,,26.93,54360099,N,,,,2461200.5,143.80,0.00483
"       (2023 KJ4)",0.9516,0.2335,14.52,239.62,240.19,0.729,1.17,0.928,17,7,19,,,27.01,54360101,N,,,,2461200.5,198.90,0.00457
"       (2023 KL4)",0.9074,0.1400,28.13,243.83,161.89,0.780,1.03,0.864,20,6,26,,,22.91,54360192,N,,,,2461200.5,36.13,0.0133
"       (2023 KF5)",0.9567,0.1965,24.91,243.49,240.24,0.769,1.14,0.936,5,7,15,,,26.45,54360724,N,,,,2461200.5,188.82,0.00606
"       (2023 LA1)",0.8903,0.1812,2.83,259.57,207.66,0.729,1.05,0.84,9,5,51,,,28.87,54372962,N,,,,2461200.5,344.50,0.00467
"       (2023 LN1)",0.821,0.2954,5.64,274.53,182.61,0.578,1.06,0.744,2211,0,172,,,23.84,54373190,N,,,,2461200.5,168.46,0.0376
"       (2023 LV1)",0.8075,0.6000,12.25,273.74,205.87,0.323,1.29,0.726,8803,0,100,,,21.37,54373236,Y,,,,2461200.5,125.27,0.033
"       (2023 LG2)",0.9693,0.0777,3.81,90.00,328.46,0.894,1.04,0.954,16,5,70,,,25.74,54373337,N,,,,2461200.5,255.69,0.0123
"       (2023 MC)",0.8938,0.3932,1.68,246.48,244.18,0.542,1.25,0.845,11,5,62,,,25.65,54373437,N,,,,2461200.5,283.85,0.00751
"       (2023 MD)",0.8514,0.2190,4.16,268.42,174.69,0.665,1.04,0.786,20,6,171,,,25.53,54373438,N,,,,2461200.5,109.69,0.0168
"       (2023 MH)",0.93,0.3452,18.13,256.96,203.50,0.609,1.25,0.897,13,7,20,,,23.45,54373541,N,,,,2461200.5,261.94,0.138
"       (2023 ML)",0.7791,0.4054,7.69,132.81,306.40,0.463,1.09,0.688,38,6,36,,,23.00,54373546,N,,,,2461200.5,305.62,0.0551
"       (2023 MP)",0.8085,0.4741,9.26,261.57,219.63,0.425,1.19,0.727,11,6,124,,,25.09,54373550,N,,,,2461200.5,135.71,0.00936
"       (2023 MF1)",0.871,0.5644,14.46,92.26,319.38,0.379,1.36,0.813,6,7,39,,,24.90,54373709,N,,,,2461200.5,152.26,0.00784
"       (2023 MA2)",0.9388,0.1355,18.48,264.29,219.40,0.812,1.07,0.91,5,7,14,,,26.58,54373913,N,,,,2461200.5,229.58,0.013
"       (2023 MB3)",0.8794,0.3181,5.92,268.73,225.14,0.600,1.16,0.825,2,5,13,,,30.00,54373932,N,,,,2461200.5,320.01,0.00101
"       (2023 MU3)",0.8685,0.5490,12.15,265.50,213.57,0.392,1.35,0.809,23,5,35,,,22.38,54374055,N,,,,2461200.5,2.46,0.033
"       (2023 MH4)",0.8088,0.4276,15.30,273.63,146.72,0.463,1.15,0.727,4,6,38,,,26.83,54374207,N,,,,2461200.5,272.28,0.00693
"       (2023 NK)",0.9399,0.1192,4.03,106.23,34.35,0.828,1.05,0.911,5,5,52,,,27.16,54374719,N,,,,2461200.5,210.51,0.00717
"       (2023 NP)",0.898,0.2152,13.92,107.30,331.20,0.705,1.09,0.851,2,6,35,,,26.16,54374775,N,,,,2461200.5,17.09,0.0336
"       (2023 NT)",0.9412,0.2845,21.07,283.04,134.09,0.673,1.21,0.913,5,7,38,,,23.96,54374822,N,,,,2461200.5,325.29,0.0494
"       (2023 NY)",0.9683,0.0830,3.03,113.28,18.01,0.888,1.05,0.953,9,6,39,,,27.15,54374881,N,,,,2461200.5,174.09,0.0218
"       (2023 NM1)",0.718,0.4565,9.68,123.14,354.13,0.390,1.05,0.608,10,7,61,,,25.02,54375123,N,,,,2461200.5,88.18,0.021
"       (2023 OU)",0.9732,0.2021,4.08,116.23,297.50,0.777,1.17,0.96,12,5,21,,,26.09,54375649,N,,,,2461200.5,268.12,0.00445
"       (2023 OR1)",0.9106,0.3840,7.01,124.73,306.95,0.561,1.26,0.869,4,6,48,,,26.45,54375769,N,,,,2461200.5,22.41,0.00192
"       (2023 OH2)",0.9523,0.4575,20.28,131.89,41.15,0.517,1.39,0.929,15,8,50,,,23.36,54375851,N,,,,2460151.5,82.50,0.0742
"       (2023 OQ2)",0.8471,0.2157,3.21,306.62,170.01,0.664,1.03,0.78,13,6,30,,,27.23,54375898,N,,,,2461200.5,75.43,0.00723
"       (2023 OX4)",0.9764,0.2912,13.09,308.36,132.56,0.692,1.26,0.965,22,6,40,,,23.93,54376436,N,,,,2461200.5,245.38,0.06
"       (2023 OD5)",0.8213,0.4547,31.49,307.04,147.67,0.448,1.19,0.744,4,7,39,,,24.20,54376458,N,,,,2461200.5,195.96,0.0336
"       (2023 OR5)",0.7979,0.3274,9.01,307.50,164.46,0.537,1.06,0.713,19,6,84,,,25.20,54376464,N,,,,2461200.5,213.43,0.0187
"       (2023 PC)",0.9799,0.1825,5.55,125.91,311.60,0.801,1.16,0.97,41,4,57,,,24.55,54376648,N,,,,2461200.5,228.63,0.0311
"       (2023 PX)",0.7608,0.3993,4.95,325.47,161.40,0.457,1.06,0.664,6,7,47,,,25.91,54376893,N,,,,2461200.5,297.79,0.00611
"       (2023 PZ)",0.9673,0.0597,1.10,319.29,148.76,0.910,1.03,0.951,11,3,51,,,29.12,54376898,N,,,,2461200.5,203.00,0.00119
"       (2023 PH1)",0.9046,0.1812,9.52,141.99,324.32,0.741,1.07,0.86,5,6,51,,,27.68,54376903,N,,,,2461200.5,327.22,0.0103
"       (2023 QE)",0.9601,0.0859,12.67,146.93,335.67,0.878,1.04,0.941,2,5,36,,,27.38,54376987,N,,,,2461200.5,200.71,0.0214
"       (2023 QU)",0.9406,0.3172,9.37,328.26,134.21,0.642,1.24,0.912,10,6,21,,,25.11,54377380,N,,,,2461200.5,283.54,0.0346
"       (2023 QH1)",0.9791,0.1977,8.12,331.20,125.01,0.786,1.17,0.969,7,6,22,,,25.93,54377393,N,,,,2461200.5,212.02,0.0305
"       (2023 QR1)",0.9928,0.1543,4.63,329.11,110.64,0.840,1.15,0.989,5,6,21,,,27.26,54377563,N,,,,2461200.5,203.45,0.00643
"       (2023 QD2)",0.9838,0.2676,1.29,348.88,98.14,0.721,1.25,0.976,4,6,19,,,26.88,54377576,N,,,,2461200.5,223.89,0.00504
"       (2023 QL7)",0.972,0.2172,25.09,334.90,233.78,0.761,1.18,0.958,891,2,191,,,20.71,54378880,Y,,,,2461200.5,77.02,0.046
"       (2023 QM7)",0.9219,0.3449,8.88,315.21,248.94,0.604,1.24,0.885,469,2,88,,,22.80,54378882,N,,,,2461200.5,148.01,0.0344
"       (2023 QN7)",0.9482,0.5673,37.17,151.69,48.74,0.410,1.49,0.923,2,8,19,,,23.44,54378881,N,,,,2460183.5,67.47,0.0108
"       (2023 QS7)",0.7259,0.7005,30.55,327.70,212.65,0.217,1.23,0.618,758,4,78,,,21.19,54378891,N,,,,2461200.5,269.98,0.057
"       (2023 RA)",0.8915,0.3493,0.55,222.35,332.61,0.580,1.20,0.842,5,6,22,,,25.14,54379679,N,,,,2461200.5,213.89,0.00411
"       (2023 RC)",0.9838,0.2351,12.64,168.15,34.61,0.752,1.22,0.976,742,1,99,,,23.42,54379768,N,,,,2461200.5,53.86,0.101
"       (2023 RL)",0.8271,0.2603,4.35,343.46,158.27,0.612,1.04,0.752,3,6,44,,,28.45,54379930,N,,,,2461200.5,94.14,0.00453
"       (2023 RC1)",0.9074,0.1974,4.49,344.55,138.37,0.728,1.09,0.864,5,6,23,,,28.77,54380206,N,,,,2461200.5,304.84,0.00696
"       (2023 RH1)",0.8174,0.2809,10.84,342.46,196.94,0.588,1.05,0.739,1,7,31,,,26.61,54380211,N,,,,2461200.5,54.96,0.0168
"       (2023 RX1)",0.9933,0.0366,1.69,155.36,19.40,0.957,1.03,0.99,3,4,31,,,30.25,54380881,N,,,,2461200.5,86.73,0.012
"       (2023 RS2)",0.9785,0.1060,4.00,201.67,330.59,0.875,1.08,0.968,432,2,115,,,24.03,54380898,N,,,,2461200.5,116.91,0.0473
"       (2023 RG3)",0.8175,0.3774,7.25,354.07,201.09,0.509,1.13,0.739,12,7,39,,,24.88,54381323,N,,,,2461200.5,25.62,0.0307
"       (2023 RF4)",0.9359,0.3490,7.78,169.22,54.45,0.609,1.26,0.905,10,5,202,,,25.26,54381665,N,,,,2460200.5,88.33,0.00826
"       (2023 RR5)",0.8662,0.4886,5.39,169.61,315.43,0.443,1.29,0.806,2,5,36,,,28.76,54382075,N,,,,2461200.5,58.97,0.000804
"       (2023 RR7)",0.9409,0.1333,14.33,359.00,191.47,0.816,1.07,0.913,26,4,42,,,24.89,54382564,N,,,,2461200.5,154.83,0.0575
"       (2023 RC8)",0.7036,0.7324,26.95,161.35,19.50,0.188,1.22,0.59,5847,1,27,,,21.88,54382892,Y,,,,2461200.5,5.69,0.0209
"       (2023 RN9)",0.8555,0.2348,1.00,331.39,225.87,0.655,1.06,0.791,3,6,18,,,28.17,54382905,N,,,,2460200.5,136.73,0.00404
"       (2023 RA10)",0.9904,0.0438,8.03,170.00,302.15,0.947,1.03,0.986,5,4,20,,,28.80,54383282,N,,,,2461200.5,159.39,0.00514
"       (2023 RV12)",0.7518,0.3781,0.69,307.88,217.61,0.468,1.04,0.652,10,7,91,,,26.20,54383301,N,,,,2461200.5,263.12,0.00443
"       (2023 RA13)",0.9601,0.1216,2.13,255.01,279.11,0.843,1.08,0.941,51,4,58,,,25.26,54383306,N,,,,2461200.5,144.10,0.00676
"       (2023 RG13)",0.7824,0.3264,8.39,350.07,193.03,0.527,1.04,0.692,10,7,169,,,24.46,54383796,N,,,,2461200.5,142.27,0.0132
"       (2023 RD15)",0.9742,0.1849,2.12,156.62,314.36,0.794,1.15,0.962,3,4,23,,,26.89,54383801,N,,,,2461200.5,203.67,0.0151
"       (2023 RE15)",0.9044,0.1606,2.15,147.01,12.65,0.759,1.05,0.86,3,7,25,,,25.88,54383802,N,,,,2461200.5,260.82,0.0134
"       (2023 RX36)",0.9129,0.2669,2.95,240.20,333.78,0.669,1.16,0.872,37,5,38,,,24.39,54386833,N,,,,2461200.5,164.83,0.0269
"       (2023 SG)",0.9094,0.1906,13.62,173.88,36.43,0.736,1.08,0.867,2,6,26,,,26.60,54384215,N,,,,2461200.5,179.69,0.0245
"       (2023 SQ)",0.8151,0.2636,5.73,177.44,17.38,0.600,1.03,0.736,19,5,216,,,25.03,54384228,N,,,,2461200.5,39.36,0.00535
"       (2023 SW)",0.9292,0.3650,14.46,177.22,303.74,0.590,1.27,0.896,8,5,53,,,26.97,54384756,N,,,,2461200.5,288.26,0.00296
"       (2023 SZ)",0.9902,0.0524,8.04,181.92,275.67,0.938,1.04,0.985,3,6,25,,,25.87,54384760,N,,,,2461200.5,175.32,0.0106
"       (2023 SC1)",0.9717,0.2474,12.00,187.94,11.36,0.731,1.21,0.958,1188,2,41,,,23.79,54384767,N,,,,2461200.5,87.80,0.154
"       (2023 SP2)",0.9954,0.1497,3.58,353.41,249.29,0.846,1.14,0.993,1,7,13,,,28.23,54385785,N,,,,2461200.5,1.86,0.00756
"       (2023 SD3)",0.877,0.1900,0.75,167.15,10.53,0.710,1.04,0.821,26,6,66,,,26.78,54385798,N,,,,2461200.5,290.84,0.00435
"       (2023 SK3)",0.9807,0.1928,15.40,359.31,230.49,0.792,1.17,0.971,2,7,23,,,25.87,54385807,N,,,,2461200.5,37.34,0.0578
"       (2023 SE4)",0.9507,0.1532,5.96,182.99,303.35,0.805,1.10,0.927,4,5,21,,,26.98,54386827,N,,,,2461200.5,220.36,0.0067
"       (2023 SL5)",0.9818,0.4222,3.32,356.39,242.63,0.567,1.40,0.973,3,7,14,,,28.79,54387140,N,,,,2461200.5,354.47,0.000501
"       (2023 SM5)",0.9509,0.3603,10.70,0.33,118.56,0.608,1.29,0.927,4,6,15,,,26.36,54387141,N,,,,2461200.5,253.61,0.00194
"       (2023 SU5)",0.8465,0.2467,12.24,177.98,30.34,0.638,1.06,0.779,8,6,29,,,23.61,54387148,N,,,,2461200.5,309.10,0.00424
"       (2023 SU7)",0.8727,0.2787,9.84,10.50,216.07,0.629,1.12,0.815,61,4,60,,,22.85,54389206,N,,,,2461200.5,233.38,0.0216
"       (2023 SO11)",0.9823,0.0877,2.82,29.92,105.07,0.896,1.07,0.974,44,2,111,,,26.73,54392060,N,,,,2461200.5,154.62,0.00122
"       (2023 SL43)",0.8499,0.6292,28.22,354.08,144.62,0.315,1.38,0.784,1,8,9,,,25.70,54397155,N,,,,2460203.5,281.26,0.0259
"       (2023 TA)",0.8985,0.1188,4.44,5.81,186.10,0.792,1.01,0.852,5,6,142,,,27.92,54390614,N,,,,2461200.5,230.61,0.00196
"       (2023 TD)",0.9669,0.2871,2.38,9.78,114.73,0.689,1.24,0.951,1,5,62,,,27.10,54390630,N,,,,2461200.5,212.66,0.00108
"       (2023 TW)",0.8493,0.2871,7.64,197.29,318.03,0.605,1.09,0.783,5,6,34,,,27.28,54390825,N,,,,2461200.5,30.83,0.00427
"       (2023 TB1)",0.8889,0.3393,3.26,12.13,130.51,0.587,1.19,0.838,1,5,25,,,29.30,54391006,N,,,,2461200.5,333.70,0.00153
"       (2023 TF1)",0.9928,0.2225,19.48,10.83,247.67,0.772,1.21,0.989,362,1,72,,,25.13,54391010,N,,,,2461200.5,341.05,0.024
"       (2023 TM1)",0.9089,0.1879,12.19,12.93,162.47,0.738,1.08,0.867,7,7,26,,,25.87,54391016,N,,,,2461200.5,236.57,0.0648
"       (2023 TB2)",0.7891,0.2987,8.64,338.99,194.49,0.553,1.02,0.701,57,5,73,,,23.85,54391031,N,,,,2461200.5,143.41,0.00115
"       (2023 TM3)",0.7488,0.4856,1.61,198.78,329.37,0.385,1.11,0.648,2,5,82,,,26.94,54392067,N,,,,2461200.5,285.92,0.00116
"       (2023 TX6)",0.9435,0.2701,1.04,21.48,236.30,0.689,1.20,0.916,2,5,22,,,29.16,54392653,N,,,,2461200.5,55.34,0.00187
"       (2023 TC7)",0.9641,0.1609,10.28,20.28,113.39,0.809,1.12,0.947,4,4,115,,,26.89,54392658,N,,,,2461200.5,192.99,0.00392
"       (2023 TD7)",0.929,0.3515,1.71,198.33,303.69,0.603,1.26,0.895,3,5,39,,,29.21,54392659,N,,,,2461200.5,263.58,0.00101
"       (2023 TG8)",0.8971,0.4087,6.73,18.80,230.08,0.530,1.26,0.85,3,6,43,,,28.10,54392942,N,,,,2461200.5,131.60,0.00357
"       (2023 TX8)",0.8736,0.2091,6.67,29.32,142.49,0.691,1.06,0.817,12,6,89,,,26.55,54393142,N,,,,2461200.5,312.17,0.00381
"       (2023 TX9)",0.746,0.4494,2.47,166.96,39.55,0.411,1.08,0.644,744,1,129,,,22.82,54393151,N,,,,2461200.5,215.14,0.0106
"       (2023 TG14)",0.9949,0.2140,4.52,35.72,98.12,0.782,1.21,0.992,365,0,62,,,25.83,54393696,N,,,,2461200.5,150.89,0.00539
"       (2023 TT19)",0.9683,0.4653,16.57,25.59,211.14,0.518,1.42,0.953,5,8,15,,,23.18,54394001,N,,,,2460232.5,106.51,0.121
"       (2023 TM22)",0.9624,0.4071,24.38,27.76,120.31,0.571,1.35,0.944,5,7,22,,,24.05,54395020,N,,,,2461200.5,205.72,0.01
"       (2023 TD167)",0.8459,0.1870,1.36,196.32,2.45,0.688,1.00,0.778,4,7,15,,,29.37,54417775,N,,,,2461200.5,329.93,0.00249
"       (2023 UG)",0.97,0.1485,2.83,354.93,249.39,0.826,1.11,0.955,24,5,17,,,26.57,54395028,N,,,,2461200.5,41.28,0.00136
"       (2023 UJ)",0.9128,0.2189,1.99,337.36,265.45,0.713,1.11,0.872,2,7,16,,,26.31,54395027,N,,,,2461200.5,131.78,0.0186
"       (2023 UW)",0.9046,0.1796,8.39,24.18,138.87,0.742,1.07,0.86,1,6,27,,,27.97,54395896,N,,,,2461200.5,262.87,0.0116
"       (2023 UY)",0.9389,0.2515,0.45,18.98,243.40,0.703,1.18,0.91,5,4,25,,,29.96,54395898,N,,,,2461200.5,61.34,0.000272
"       (2023 UH1)",0.8512,0.1990,7.35,26.55,179.16,0.682,1.02,0.785,15,6,31,,,27.08,54395901,N,,,,2461200.5,309.82,0.0239
"       (2023 UV1)",0.9659,0.2729,11.15,206.25,293.34,0.702,1.23,0.949,2,6,31,,,26.61,54396398,N,,,,2461200.5,197.53,0.0034
"       (2023 UZ1)",0.9633,0.8134,18.77,205.21,31.50,0.180,1.75,0.945,11,8,48,,,22.81,54396402,N,,,,2460235.5,56.80,0.0146
"       (2023 UJ2)",0.8739,0.1599,4.01,231.26,312.54,0.734,1.01,0.817,7,7,31,,,24.36,54397126,N,,,,2461200.5,290.89,0.0199
"       (2023 US2)",0.8431,0.2807,20.11,22.94,210.73,0.606,1.08,0.774,1,7,21,,,27.02,54397135,N,,,,2461200.5,279.10,0.0223
"       (2023 UO3)",0.8855,0.2797,8.78,211.75,307.89,0.638,1.13,0.833,2,6,43,,,25.78,54397157,N,,,,2461200.5,314.06,0.00498
"       (2023 UR3)",0.9651,0.1780,12.67,25.45,245.75,0.793,1.14,0.948,2,6,20,,,26.27,54397455,N,,,,2461200.5,16.90,0.00863
"       (2023 UG4)",0.9408,0.1516,0.53,89.11,74.11,0.798,1.08,0.912,20,5,43,,,26.45,54397467,N,,,,2461200.5,196.49,0.00375
"       (2023 UN9)",0.9773,0.1730,18.28,64.43,191.35,0.808,1.15,0.966,1816,1,394,,,20.68,54399995,N,,,,2461200.5,9.50,0.151
"       (2023 UO9)",0.8496,0.2101,4.30,348.77,260.87,0.671,1.03,0.783,81,5,41,,,22.31,54399994,N,,,,2461200.5,263.80,0.0546
"       (2023 VS)",0.9925,0.1188,0.11,108.88,30.48,0.875,1.11,0.989,3,5,22,,,29.84,54402369,N,,,,2461200.5,137.92,0.0013
"       (2023 VC1)",0.9083,0.1354,5.51,217.10,23.46,0.785,1.03,0.866,6,6,27,,,26.36,54402456,N,,,,2461200.5,152.65,0.0183
"       (2023 VH1)",0.8653,0.2377,30.88,37.21,212.63,0.660,1.07,0.805,18,7,54,,,23.22,54402461,N,,,,2461200.5,211.47,0.0258
"       (2023 VW1)",0.706,0.4131,26.01,40.70,178.60,0.414,1.00,0.593,3,7,84,,,24.68,54402638,N,,,,2461200.5,318.27,0.0048
"       (2023 VC2)",0.7819,0.2841,0.54,310.35,273.87,0.560,1.00,0.691,7,7,32,,,26.97,54402642,N,,,,2461200.5,85.57,0.00875
"       (2023 VJ2)",0.8014,0.3333,12.31,40.12,166.71,0.534,1.07,0.717,6,8,21,,,25.63,54402649,N,,,,2460254.5,207.33,0.0523
"       (2023 VZ2)",0.9424,0.1819,19.89,224.85,301.42,0.771,1.11,0.915,2,6,101,,,26.89,54402980,N,,,,2461200.5,194.82,0.0137
"       (2023 VF3)",0.8257,0.3442,5.58,216.33,333.97,0.541,1.11,0.75,2,7,19,,,26.38,54402986,N,,,,2461200.5,44.62,0.0215
"       (2023 VK3)",0.8551,0.1865,2.81,217.58,355.75,0.696,1.01,0.791,8,7,27,,,28.20,54402991,N,,,,2461200.5,293.80,0.0172
"       (2023 VL3)",0.8819,0.2088,15.31,0.73,264.78,0.698,1.07,0.828,32,5,18,,,21.73,54402990,N,,,,2461200.5,161.26,0.111
"       (2023 VP3)",0.8088,0.2675,3.66,44.99,204.38,0.592,1.03,0.727,3,5,41,,,29.49,54403397,N,,,,2461200.5,339.10,0.000442
"       (2023 VT3)",0.7532,0.3567,8.19,44.94,175.73,0.485,1.02,0.654,15,7,46,,,26.31,54403791,N,,,,2461200.5,172.54,0.0272
"       (2023 VR4)",0.8678,0.2119,18.94,54.25,199.00,0.684,1.05,0.808,34,5,220,,,22.97,54403808,N,,,,2461200.5,210.17,0.0449
"       (2023 VS4)",0.9055,0.3470,4.52,226.41,52.45,0.591,1.22,0.862,1,6,29,,,28.58,54403809,N,,,,2461200.5,88.82,0.004
"       (2023 VF5)",0.7991,0.4031,2.12,122.01,87.20,0.477,1.12,0.714,14,7,41,,,24.34,54403822,N,,,,2461200.5,76.98,0.0297
"       (2023 VP5)",0.8993,0.1303,1.09,187.30,53.74,0.782,1.02,0.853,4,7,25,,,28.20,54404087,N,,,,2461200.5,170.52,0.0072
"       (2023 VQ5)",0.7378,0.3542,5.64,228.39,2.41,0.476,1.00,0.634,5,7,48,,,27.72,54404086,N,,,,2461200.5,198.15,0.00732
"       (2023 VW5)",0.8574,0.4161,1.56,237.19,313.81,0.501,1.21,0.794,12,5,114,,,25.45,54404091,N,,,,2461200.5,345.47,0.000405
"       (2023 VF6)",0.9211,0.1170,8.97,227.99,32.66,0.813,1.03,0.884,4,6,25,,,27.16,54404095,N,,,,2461200.5,108.05,0.0149
"       (2023 VO6)",0.9618,0.0879,8.82,227.66,53.66,0.877,1.05,0.943,3,4,27,,,28.11,54404103,N,,,,2461200.5,21.46,0.0138
"       (2023 VA7)",0.7983,0.2973,3.71,42.23,208.94,0.561,1.04,0.713,29,6,45,,,27.17,54404387,N,,,,2461200.5,0.20,0.00267
"       (2023 VH7)",0.9601,0.0820,13.72,229.19,348.99,0.881,1.04,0.941,8,6,36,,,25.73,54404393,N,,,,2461200.5,99.19,0.0467
"       (2023 VN7)",0.8555,0.1931,4.84,57.58,196.79,0.690,1.02,0.791,23,6,99,,,25.51,54404633,N,,,,2461200.5,234.64,0.0143
"       (2023 VW7)",0.8688,0.3415,8.88,48.78,138.68,0.572,1.17,0.81,8,6,31,,,26.41,54404637,N,,,,2461200.5,318.92,0.0186
"       (2023 VY7)",0.9328,0.3444,16.44,233.08,306.14,0.612,1.25,0.901,6,7,73,,,23.29,54404640,N,,,,2461200.5,218.76,0.0265
"       (2023 VT10)",0.9029,0.6936,39.27,232.52,326.71,0.277,1.53,0.858,7,8,93,,,22.21,54406287,N,,,,2460264.5,293.32,0.0683
"       (2023 WB1)",0.8561,0.4503,33.15,228.57,39.38,0.471,1.24,0.792,16,7,43,,,22.52,54406861,N,,,,2461200.5,192.99,0.0427
"       (2023 WG1)",0.9236,0.2492,5.34,222.20,65.18,0.693,1.15,0.888,4,6,17,,,26.70,54407111,N,,,,2461200.5,59.84,0.00824
"       (2023 WJ1)",0.8844,0.1560,7.24,65.41,190.20,0.746,1.02,0.832,16,6,30,,,26.29,54407112,N,,,,2461200.5,180.11,0.0297
"       (2023 WP2)",0.9094,0.3748,27.88,57.79,227.97,0.569,1.25,0.867,1,9,18,,,25.36,54408085,N,,,,2460270.5,96.12,0.0421
"       (2023 WF3)",0.797,0.4157,14.92,62.00,207.51,0.466,1.13,0.712,18,7,18,,,24.78,54408328,N,,,,2461200.5,332.75,0.0335
"       (2023 WV23)",0.8367,0.2674,1.65,110.59,113.39,0.613,1.06,0.765,27,7,17,,,23.68,54416848,N,,,,2461200.5,329.82,0.0135
"       (2023 XK)",0.7921,0.3066,14.15,252.82,349.35,0.549,1.04,0.705,13,7,61,,,25.19,54412462,N,,,,2461200.5,39.48,0.0389
"       (2023 XL)",0.7933,0.3521,6.50,67.14,159.98,0.514,1.07,0.707,10,7,30,,,25.61,54412463,N,,,,2461200.5,65.21,0.0237
"       (2023 XN)",0.7931,0.4721,8.21,68.10,199.83,0.419,1.17,0.706,4398,0,40,,,23.57,54412465,N,,,,2461200.5,326.00,0.04
"       (2023 XP)",0.9034,0.2047,13.03,67.41,141.07,0.719,1.09,0.859,2,6,18,,,26.10,54412467,N,,,,2461200.5,213.82,0.0353
"       (2023 XQ)",0.8508,0.3378,9.82,69.79,219.48,0.563,1.14,0.785,10,6,24,,,25.29,54412468,N,,,,2461200.5,182.93,0.0157
"       (2023 XW1)",0.943,0.1449,5.02,251.74,55.82,0.806,1.08,0.916,3,6,22,,,27.51,54413294,N,,,,2461200.5,15.98,0.00983
"       (2023 XH2)",0.984,0.3426,2.65,71.95,116.97,0.647,1.32,0.976,5,6,47,,,26.33,54414131,N,,,,2461200.5,128.04,0.00538
"       (2023 XJ2)",0.803,0.2689,4.15,72.09,203.67,0.587,1.02,0.72,65,1,375,3,3,24.30,54414132,N,,,,2461200.5,317.78,0.000955
"       (2023 XL2)",0.8755,0.2524,4.14,71.72,227.53,0.655,1.10,0.819,2,6,27,,,30.17,54414134,N,,,,2461200.5,132.04,0.000543
"       (2023 XK4)",0.8898,0.1632,1.49,98.18,121.14,0.745,1.04,0.839,6,6,45,,,26.96,54414592,N,,,,2461200.5,223.23,0.00703
"       (2023 XW5)",0.936,0.1379,5.12,256.02,60.68,0.807,1.07,0.906,5,5,33,,,28.69,54415298,N,,,,2461200.5,18.93,0.000377
"       (2023 XU7)",0.9486,0.1295,5.72,281.60,305.76,0.826,1.07,0.924,33,6,30,,,24.91,54415867,N,,,,2461200.5,106.12,0.0163
"       (2023 XM10)",0.8982,0.1913,11.33,89.79,197.12,0.726,1.07,0.851,21,6,17,,,23.63,54415889,N,,,,2461200.5,107.63,0.0674
"       (2023 XP10)",0.7582,0.4380,30.58,263.33,345.42,0.426,1.09,0.66,738,2,32,,,24.57,54415891,N,,,,2461200.5,121.91,0.0728
"       (2023 XD13)",0.7378,0.4183,8.78,253.72,1.61,0.429,1.05,0.634,1,8,12,,,25.08,54416843,N,,,,2460291.5,188.70,0.0485
"       (2023 XJ13)",0.7034,0.4352,9.86,79.12,178.41,0.397,1.01,0.59,1,8,12,,,27.01,54416844,N,,,,2460291.5,188.90,0.0242
"       (2023 XS13)",0.8781,0.3009,1.37,196.69,75.96,0.614,1.14,0.823,34,6,31,,,24.27,54416853,N,,,,2461200.5,179.11,0.0104
"       (2023 XR14)",0.8855,0.3467,3.24,262.09,51.34,0.578,1.19,0.833,6,4,50,,,28.34,54416960,N,,,,2461200.5,84.83,0.00158
"       (2023 XM15)",0.7566,0.3054,5.78,273.28,357.12,0.525,0.99,0.658,16,8,21,,,24.21,54417170,N,,,,2460295.5,165.34,0.00354
"       (2023 YF)",0.8678,0.2082,12.85,268.13,2.38,0.687,1.05,0.808,15,7,20,,,25.69,54417546,N,,,,2461200.5,196.81,0.0638
"       (2023 YR)",0.9221,0.4051,5.72,97.46,125.78,0.549,1.30,0.885,15,6,76,,,24.90,54417653,N,,,,2461200.5,192.48,0.00588
"       (2023 YT)",0.9487,0.0547,8.00,270.54,335.88,0.897,1.00,0.924,8,5,44,,,26.22,54417655,N,,,,2461200.5,86.25,0.0115
"       (2023 YX)",0.9005,0.2802,5.33,64.04,236.09,0.648,1.15,0.855,52,5,43,,,23.34,54417658,N,,,,2461200.5,98.48,0.00123
"       (2023 YU1)",0.8797,0.6278,20.42,320.15,291.79,0.327,1.43,0.825,1813,2,23,,,21.33,54418440,N,,,,2461200.5,257.94,0.132
"       (2023 YA2)",0.9349,0.1222,13.03,94.91,182.23,0.821,1.05,0.904,16,5,22,,,25.21,54418653,N,,,,2461200.5,74.27,0.0652
"       (2023 YH2)",0.8973,0.2827,9.41,283.26,49.66,0.644,1.15,0.85,48,5,31,,,22.45,54419181,N,,,,2461200.5,61.15,0.0138
"       (2024 AV)",0.9535,0.1120,1.25,168.77,162.17,0.847,1.06,0.931,13,5,28,,,26.53,54419019,N,,,,2461200.5,339.44,0.0135
"       (2024 AW)",0.8501,0.2739,9.68,98.43,149.25,0.617,1.08,0.784,7,6,32,,,25.53,54419021,N,,,,2461200.5,273.28,0.0284
"       (2024 AP2)",0.9663,0.1367,8.29,118.94,103.34,0.834,1.10,0.95,10,3,64,,,24.63,54419694,N,,,,2461200.5,95.32,0.00345
"       (2024 AV2)",0.9962,0.2532,5.77,101.81,256.03,0.744,1.25,0.994,1069,0,47,,,26.64,54419698,N,,,,2461200.5,233.37,0.00334
"       (2024 AB4)",0.9317,0.0941,3.83,305.69,357.02,0.844,1.02,0.899,34,6,54,,,26.05,54420281,N,,,,2461200.5,48.71,0.0326
"       (2024 AD4)",0.8555,0.2179,25.32,293.59,8.71,0.669,1.04,0.791,4,6,69,,,24.81,54420441,N,,,,2461200.5,177.21,0.0546
"       (2024 AM4)",0.9129,0.0873,0.10,333.95,340.60,0.833,0.99,0.872,16,5,55,,,28.71,54420624,N,,,,2461200.5,65.03,7.11e-05
"       (2024 AF6)",0.7255,0.4073,15.06,183.09,119.88,0.430,1.02,0.618,51,6,43,,,20.67,54421648,N,,,,2461200.5,122.81,0.133
"       (2024 BF)",0.9687,0.1139,2.74,222.06,115.60,0.858,1.08,0.953,470,2,82,,,24.51,54421069,N,,,,2461200.5,314.05,0.000823
"       (2024 BH)",0.9635,0.1599,12.75,133.80,128.74,0.809,1.12,0.946,29,5,127,,,23.22,54421074,N,,,,2461200.5,60.19,0.047
"       (2024 BR2)",0.8566,0.1760,1.43,116.82,211.35,0.706,1.01,0.793,5,5,89,,,27.08,54422161,N,,,,2461200.5,143.25,0.00175
"       (2024 BU2)",0.7761,0.3630,6.84,89.81,229.45,0.494,1.06,0.684,22,7,44,,,23.18,54422164,N,,,,2461200.5,321.54,0.0361
"       (2024 BA3)",0.97,0.1112,8.55,309.02,285.89,0.862,1.08,0.955,3,4,45,,,28.86,54422948,N,,,,2461200.5,74.82,0.00243
"       (2024 BC3)",0.9256,0.3078,32.56,307.71,51.00,0.641,1.21,0.89,19,7,211,,,22.21,54422950,N,,,,2461200.5,332.08,0.0474
"       (2024 BH3)",0.8302,0.2509,11.23,305.40,12.76,0.622,1.04,0.756,3,8,11,,,24.86,54423041,N,,,,2460331.5,158.73,0.0417
"       (2024 BN3)",0.8515,0.2476,8.31,310.09,326.91,0.641,1.06,0.786,2,7,32,,,27.47,54423046,N,,,,2461200.5,230.11,0.0142
"       (2024 BO3)",0.7807,0.4305,13.80,308.93,332.16,0.445,1.12,0.69,,7,23,,,26.73,54423050,N,,,,2461200.5,30.13,0.0232
"       (2024 BD4)",0.9567,0.0502,1.35,296.75,58.39,0.909,1.00,0.936,21,5,71,,,26.52,54423141,N,,,,2461200.5,315.87,0.00195
"       (2024 BU4)",0.9346,0.2579,14.81,324.37,46.92,0.694,1.18,0.904,29,5,101,,,23.56,54423315,N,,,,2461200.5,309.53,0.0523
"       (2024 BA5)",0.9547,0.3086,1.56,276.70,95.72,0.660,1.25,0.933,15,6,12,,,26.02,54423318,N,,,,2461200.5,272.52,0.0108
"       (2024 BX5)",0.926,0.1287,0.32,302.32,30.06,0.807,1.05,0.891,13,6,17,,,27.51,54423505,N,,,,2461200.5,23.13,0.00234
"       (2024 CC)",0.9332,0.2266,1.91,287.02,81.05,0.722,1.14,0.902,14,6,42,,,25.18,54423509,N,,,,2461200.5,318.91,0.00968
"       (2024 CH)",0.7686,0.4522,37.76,315.70,328.18,0.421,1.12,0.674,1,7,31,,,25.94,54423784,N,,,,2461200.5,59.93,0.00598
"       (2024 CU1)",0.7297,0.4407,8.73,326.22,335.30,0.408,1.05,0.623,6,7,20,,,26.72,54425755,N,,,,2461200.5,128.51,0.00305
"       (2024 CA2)",0.9867,0.2749,13.48,331.36,278.36,0.715,1.26,0.98,3,8,16,,,24.35,54425950,N,,,,2460347.5,278.29,0.0242
"       (2024 CL3)",0.9315,0.1247,5.20,148.17,140.44,0.815,1.05,0.899,11,6,50,,,26.34,54426461,N,,,,2461200.5,72.29,0.017
"       (2024 CN3)",0.7169,0.4464,7.03,321.65,354.12,0.397,1.04,0.607,1,8,16,,,26.21,54426465,N,,,,2460353.5,198.21,0.0267
"       (2024 CG4)",0.9946,0.0571,36.70,322.94,325.90,0.938,1.05,0.992,740,1,92,,,23.67,54426474,N,,,,2461200.5,338.68,0.0534
"       (2024 CW6)",0.9426,0.0995,1.07,162.87,137.08,0.849,1.04,0.915,18,6,26,,,27.59,54426893,N,,,,2461200.5,41.16,0.00296
"       (2024 CC7)",0.9897,0.1864,6.53,151.61,111.14,0.805,1.17,0.985,9,6,17,,,26.36,54427163,N,,,,2461200.5,27.20,0.0172
"       (2024 CS7)",0.9058,0.1529,24.39,147.70,143.86,0.767,1.04,0.862,5,6,141,,,25.11,54427167,N,,,,2461200.5,110.86,0.0205
"       (2024 CK8)",0.9145,0.1491,3.39,149.11,147.70,0.778,1.05,0.875,23,5,77,,,25.29,54427183,N,,,,2461200.5,92.84,0.0153
"       (2024 DM)",0.9328,0.4647,7.66,130.13,243.19,0.499,1.37,0.901,14,7,26,,,24.96,54427465,N,,,,2461200.5,286.75,0.0154
"       (2024 DQ)",0.9783,0.0306,4.58,16.60,277.73,0.948,1.01,0.968,35,5,71,,,24.87,54427469,N,,,,2461200.5,354.29,0.0165
"       (2024 DV)",0.857,0.2371,3.35,323.65,42.83,0.654,1.06,0.793,12,6,51,,,26.25,54427941,N,,,,2461200.5,89.20,0.00253
"       (2024 DV1)",0.8676,0.3831,22.99,172.12,123.58,0.535,1.20,0.808,1780,1,27,,,20.27,54429268,Y,,,,2461200.5,200.83,0.0377
"       (2024 DW1)",0.9798,0.6360,3.62,342.70,314.79,0.357,1.60,0.97,27,6,121,,,23.87,54429269,N,,,,2461200.5,60.29,0.00484
"       (2024 ES)",0.9138,0.1934,9.08,347.07,9.02,0.737,1.09,0.874,36,5,38,,,25.05,54429483,N,,,,2461200.5,15.66,0.0897
"       (2024 EX)",0.8108,0.3293,5.88,159.03,211.57,0.544,1.08,0.73,2,7,11,,,27.67,54429639,N,,,,2461200.5,165.75,0.00573
"       (2024 EK1)",0.894,0.3039,18.77,25.16,312.06,0.622,1.17,0.845,49,3,129,,,21.93,54429759,Y,,,,2461200.5,84.80,0.0115
"       (2024 EW1)",0.9416,0.1160,6.34,345.99,13.25,0.832,1.05,0.914,5,6,32,,,26.77,54429992,N,,,,2461200.5,332.36,0.0537
"       (2024 EY1)",0.8116,0.3108,5.38,345.74,331.80,0.559,1.06,0.731,3,7,28,,,28.32,54429994,N,,,,2461200.5,260.77,0.00675
"       (2024 ES2)",0.7571,0.4309,11.22,165.43,203.84,0.431,1.08,0.659,2,7,40,,,26.40,54430150,N,,,,2461200.5,282.87,0.0142
"       (2024 EB3)",0.8062,0.3922,33.04,170.35,210.97,0.490,1.12,0.724,4,7,107,,,24.54,54430476,N,,,,2461200.5,155.28,0.0303
"       (2024 ET3)",0.9629,0.2353,8.59,168.23,247.67,0.736,1.19,0.945,4,6,13,,,28.39,54430725,N,,,,2461200.5,223.20,0.0035
"       (2024 EW3)",0.9248,0.1407,1.42,156.91,239.66,0.795,1.05,0.889,5,6,39,,,28.41,54430726,N,,,,2461200.5,310.29,0.00301
"       (2024 EY3)",0.9307,0.3655,5.47,18.59,282.01,0.590,1.27,0.898,7,7,53,,,24.56,54430729,N,,,,2461200.5,90.15,0.0305
"       (2024 EZ3)",0.9468,0.1627,7.77,356.57,305.41,0.793,1.10,0.921,16,5,80,,,25.80,54430730,N,,,,2461200.5,40.32,0.0144
"       (2024 EH4)",0.9598,0.6588,3.79,46.31,348.68,0.328,1.59,0.94,4,8,52,,,23.81,54430777,N,,,,2460383.5,64.87,0.0373
"       (2024 ER4)",0.8299,0.3054,2.75,177.30,142.49,0.576,1.08,0.756,2,5,47,,,27.35,54430947,N,,,,2461200.5,223.53,0.000389
"       (2024 FR)",0.9256,0.4926,27.24,183.18,145.41,0.470,1.38,0.89,19,8,23,,,22.26,54431486,N,,,,2460388.5,268.76,0.114
"       (2024 FC1)",0.8954,0.1912,6.14,350.97,45.19,0.724,1.07,0.847,8,6,18,,,27.66,54431496,N,,,,2461200.5,351.10,0.00221
"       (2024 FE1)",0.9867,0.2205,5.51,175.46,237.99,0.769,1.20,0.98,2,7,10,,,26.13,54431498,N,,,,2461200.5,198.05,0.0278
"       (2024 FH1)",0.9543,0.1774,4.86,162.04,243.94,0.785,1.12,0.932,25,5,26,,,25.72,54431500,N,,,,2461200.5,254.57,0.00526
"       (2024 FK1)",0.9333,0.1620,10.99,180.93,126.09,0.782,1.08,0.902,5,4,67,,,26.14,54431502,N,,,,2461200.5,55.26,0.00652
"       (2024 FN1)",0.974,0.1453,9.55,178.34,129.66,0.832,1.12,0.961,4,6,22,,,26.10,54431582,N,,,,2461200.5,357.92,0.0412
"       (2024 FC2)",0.9171,0.2296,26.65,176.54,192.87,0.707,1.13,0.878,27,6,81,,,22.33,54431622,N,,,,2461200.5,358.80,0.123
"       (2024 FH2)",0.9174,0.5530,16.01,23.74,305.39,0.410,1.42,0.879,17,8,44,,,22.33,54431627,N,,,,2460402.5,287.67,0.0255
"       (2024 FP2)",0.9701,0.2526,31.10,28.69,313.52,0.725,1.22,0.955,759,1,129,,,21.29,54431700,N,,,,2461200.5,321.24,0.0858
"       (2024 FZ2)",0.9367,0.3334,8.95,158.05,254.71,0.624,1.25,0.907,451,3,83,,,22.41,54431807,N,,,,2461200.5,249.45,0.0332
"       (2024 FA3)",0.8848,0.2375,6.60,16.24,33.35,0.675,1.09,0.832,15,6,46,,,26.16,54431806,N,,,,2461200.5,347.59,0.0231
"       (2024 FR4)",0.9537,0.3441,10.94,186.90,231.25,0.626,1.28,0.931,5,7,15,,,25.86,54432336,N,,,,2461200.5,221.06,0.0352
"       (2024 GE2)",0.9722,0.1537,4.53,24.71,60.80,0.823,1.12,0.959,4,4,35,,,27.97,54433331,N,,,,2461200.5,190.04,0.0117
"       (2024 GG2)",0.8927,0.3551,25.79,31.90,26.35,0.576,1.21,0.843,11,7,32,,,24.23,54433333,N,,,,2461200.5,313.73,0.119
"       (2024 GU3)",0.946,0.0881,14.70,201.08,166.85,0.863,1.03,0.92,6,4,144,,,25.79,54433733,N,,,,2461200.5,321.25,0.0246
"       (2024 GD5)",0.9053,0.1980,1.07,190.02,158.13,0.726,1.08,0.861,16,7,36,,,26.93,54434074,N,,,,2461200.5,49.22,0.00788
"       (2024 GJ5)",0.908,0.2126,13.65,202.13,225.70,0.715,1.10,0.865,6,6,35,,,26.73,54434078,N,,,,2461200.5,293.23,0.0131
"       (2024 GK5)",0.9047,0.2009,3.98,199.41,158.80,0.723,1.09,0.861,23,6,88,,,24.84,54434079,N,,,,2461200.5,39.51,0.028
"       (2024 GM5)",0.927,0.1962,3.65,197.25,233.51,0.745,1.11,0.892,22,6,44,,,27.81,54434081,N,,,,2461200.5,263.20,0.00303
"       (2024 HC)",0.9416,0.0904,0.86,141.51,263.10,0.857,1.03,0.914,57,5,83,,,27.44,54434768,N,,,,2461200.5,283.29,0.00855
"       (2024 HM)",0.9602,0.1855,13.71,27.94,28.35,0.782,1.14,0.941,25,4,46,,,24.10,54435203,N,,,,2461200.5,241.54,0.0942
"       (2024 HT)",0.8024,0.3746,9.38,205.63,163.83,0.502,1.10,0.719,8,7,30,,,25.43,54435538,N,,,,2461200.5,212.63,0.0414
"       (2024 HY)",0.7927,0.3202,14.04,212.59,159.02,0.539,1.05,0.706,6,6,92,,,23.67,54435948,N,,,,2461200.5,222.58,0.00768
"       (2024 HF1)",0.9363,0.3291,7.29,41.24,297.76,0.628,1.24,0.906,6,7,22,,,25.78,54436402,N,,,,2461200.5,35.74,0.00718
"       (2024 HJ1)",0.8235,0.3750,9.66,86.13,298.72,0.515,1.13,0.747,25,6,31,,,20.59,54437048,N,,,,2461200.5,94.54,0.0637
"       (2024 HO2)",0.7359,0.4088,5.63,39.31,16.90,0.435,1.04,0.631,3,7,26,,,29.47,54438673,N,,,,2461200.5,267.04,0.00022
"       (2024 JH)",0.9724,0.1094,11.71,40.38,48.87,0.866,1.08,0.959,12,6,35,,,25.63,54439324,N,,,,2461200.5,190.42,0.0262
"       (2024 JP)",0.8839,0.1981,3.20,49.43,21.87,0.709,1.06,0.831,15,6,65,,,27.16,54439419,N,,,,2461200.5,328.68,0.0147
"       (2024 JQ)",0.9183,0.1541,9.68,50.23,355.67,0.777,1.06,0.88,29,6,44,,,25.19,54439420,N,,,,2461200.5,313.94,0.0486
"       (2024 JF1)",0.9491,0.1588,1.94,61.94,34.41,0.798,1.10,0.925,10,6,25,,,27.89,54439435,N,,,,2461200.5,208.51,0.014
"       (2024 JQ1)",0.9854,0.0800,3.25,45.80,311.58,0.907,1.06,0.978,14,4,32,,,27.09,54439716,N,,,,2461200.5,285.11,0.0144
"       (2024 JD2)",0.9667,0.1035,21.14,220.26,164.76,0.867,1.07,0.951,3,8,21,,,24.63,54439891,N,,,,2460434.5,199.69,0.0546
"       (2024 JM2)",0.9942,0.1999,19.98,223.47,253.79,0.795,1.19,0.991,736,1,161,,,23.80,54439998,N,,,,2461200.5,123.04,0.00247
"       (2024 JO10)",0.93,0.4354,4.56,62.59,39.20,0.525,1.33,0.897,7,6,157,,,25.08,54441265,N,,,,2461200.5,194.75,0.0208
"       (2024 JB15)",0.9564,0.2399,12.75,234.27,174.93,0.727,1.19,0.935,5495,1,131,,,22.51,54441865,N,,,,2461200.5,265.54,0.158
"       (2024 JE15)",0.8282,0.3325,0.80,188.61,255.88,0.553,1.10,0.754,6,6,67,,,26.78,54441869,N,,,,2461200.5,31.82,0.00906
"       (2024 JN16)",0.9317,0.2402,3.88,53.38,303.07,0.708,1.16,0.899,6,5,49,,,29.59,54441874,N,,,,2461200.5,9.51,4.66e-05
"       (2024 JB17)",0.9421,0.1251,17.46,60.02,343.52,0.824,1.06,0.914,26,6,74,,,22.26,54442112,N,,,,2461200.5,279.27,0.0412
"       (2024 JF17)",0.9288,0.1306,32.48,230.80,207.02,0.807,1.05,0.895,6,7,72,,,24.25,54442144,N,,,,2461200.5,262.53,0.0232
"       (2024 JP17)",0.6793,0.5187,9.98,56.96,349.40,0.327,1.03,0.56,3,7,37,,,26.77,54442250,N,,,,2461200.5,89.98,0.00112
"       (2024 JQ17)",0.9939,0.2480,10.85,230.29,117.94,0.747,1.24,0.991,5,7,63,,,25.57,54442252,N,,,,2461200.5,304.47,0.026
"       (2024 JX17)",0.76,0.5141,28.86,205.96,214.45,0.369,1.15,0.663,1468,1,122,,,20.37,54442322,Y,,,,2461200.5,169.03,0.0233
"       (2024 JZ64)",0.7095,0.5340,1.16,97.87,329.18,0.331,1.09,0.598,4,8,26,,,25.77,54552669,N,,,,2460440.5,133.67,0.00372
"       (2024 KL)",0.8929,0.3185,9.60,94.45,293.70,0.609,1.18,0.844,14,6,41,,,23.82,54444916,N,,,,2461200.5,31.30,0.0447
"       (2024 KX)",0.9187,0.2289,10.22,69.43,308.62,0.708,1.13,0.881,2,5,23,,,27.67,54444996,N,,,,2461200.5,1.26,0.0013
"       (2024 KJ1)",0.9605,0.0983,7.54,77.76,338.52,0.866,1.05,0.941,12,5,52,,,26.21,54445206,N,,,,2461200.5,247.87,0.0298
"       (2024 KT1)",0.9841,0.2455,1.29,85.26,278.58,0.742,1.23,0.976,2,6,40,,,26.99,54445312,N,,,,2461200.5,298.70,0.00486
"       (2024 KB2)",0.9799,0.5243,16.29,233.03,238.00,0.466,1.49,0.97,15,7,31,,,23.53,54445454,N,,,,2461200.5,112.55,0.0113
"       (2024 LW)",0.9845,0.4117,23.29,117.29,266.31,0.579,1.39,0.977,4109,2,43,,,22.24,54445623,N,,,,2461200.5,291.46,0.101
"       (2024 LB1)",0.9646,0.5013,25.53,80.74,38.21,0.481,1.45,0.947,14,7,28,,,23.59,54445843,N,,,,2461200.5,125.21,0.105
"       (2024 LJ1)",0.9561,0.2652,12.45,253.01,240.07,0.703,1.21,0.935,5,6,126,,,25.70,54445920,N,,,,2461200.5,146.01,0.00648
"       (2024 LK1)",0.8742,0.2509,27.64,252.94,171.46,0.655,1.09,0.817,10,6,49,,,24.05,54445919,N,,,,2461200.5,1.55,0.0745
"       (2024 LQ1)",0.9558,0.1418,8.70,258.04,225.75,0.820,1.09,0.934,19,4,48,,,25.51,54445922,N,,,,2461200.5,170.24,0.0197
"       (2024 LU4)",0.9119,0.2422,24.21,258.62,222.34,0.691,1.13,0.871,15,7,14,,,25.40,54447405,N,,,,2461200.5,222.20,0.0275
"       (2024 LQ5)",0.7527,0.5159,11.14,262.78,206.93,0.364,1.14,0.653,761,1,74,,,24.89,54447958,N,,,,2461200.5,127.07,0.003
"       (2024 LS5)",0.7042,0.4678,33.32,262.79,186.50,0.375,1.03,0.591,3,7,35,,,26.03,54447960,N,,,,2461200.5,295.38,0.0119
"       (2024 MC)",0.811,0.2979,28.05,268.17,161.43,0.569,1.05,0.73,7,4,61,,,24.01,54448114,N,,,,2461200.5,104.64,0.0132
"       (2024 MD)",0.8968,0.2008,5.65,86.99,317.60,0.717,1.08,0.849,4,6,15,,,28.00,54448115,N,,,,2461200.5,355.41,0.00285
"       (2024 MB1)",0.8691,0.2275,1.21,92.86,20.04,0.671,1.07,0.81,6,7,16,,,27.23,54454238,N,,,,2461200.5,298.01,0.00514
"       (2024 MS2)",0.9335,0.2832,14.41,271.89,237.38,0.669,1.20,0.902,6,7,12,,,25.93,54458197,N,,,,2461200.5,153.17,0.00205
"       (2024 NC)",0.8364,0.2694,6.13,97.45,21.47,0.611,1.06,0.765,12,7,44,,,24.94,54456243,N,,,,2461200.5,342.22,0.011
"       (2024 NB1)",0.8406,0.2217,18.99,106.29,4.69,0.654,1.03,0.771,10,7,48,,,23.79,54458186,N,,,,2461200.5,352.07,0.00908
"       (2024 NJ3)",0.9405,0.1832,9.08,114.53,306.35,0.768,1.11,0.912,4,5,46,,,26.90,54460877,N,,,,2461200.5,279.31,0.00217
"       (2024 NM3)",0.7946,0.2845,12.25,294.39,173.55,0.568,1.02,0.708,10,5,124,,,25.06,54462805,N,,,,2461200.5,74.89,0.00145
"       (2024 NP3)",0.7464,0.6078,3.18,12.33,120.33,0.293,1.20,0.645,760,2,43,,,22.56,54462807,N,,,,2461200.5,99.86,0.0288
"       (2024 OD)",0.9273,0.3186,30.09,132.53,327.86,0.632,1.22,0.893,43,6,82,,,22.26,54465178,N,,,,2461200.5,255.93,0.112
"       (2024 OO)",0.9234,0.3930,1.56,151.24,284.16,0.561,1.29,0.887,2,6,68,,,25.52,54465210,N,,,,2461200.5,309.07,0.0102
"       (2024 OS1)",0.8995,0.1706,28.36,306.89,162.41,0.746,1.05,0.853,5,7,63,,,24.44,54465243,N,,,,2461200.5,270.13,0.0272
"       (2024 ON2)",0.9833,0.4502,14.28,132.81,308.27,0.541,1.43,0.975,9,8,27,,,24.62,54465291,N,,,,2460523.5,277.19,0.0318
"       (2024 OY2)",0.8655,0.2467,2.06,311.06,156.08,0.652,1.08,0.805,18,6,109,,,25.14,54465303,N,,,,2461200.5,326.71,0.00795
"       (2024 PE)",0.8215,0.4036,27.17,133.62,323.79,0.490,1.15,0.745,4,7,29,,,25.66,54465301,N,,,,2461200.5,62.68,0.00403
"       (2024 PJ1)",0.9433,0.2282,5.71,155.10,313.68,0.728,1.16,0.916,30,5,45,,,24.56,54465521,N,,,,2461200.5,224.17,0.0225
"       (2024 PT1)",0.8939,0.2965,5.63,183.06,300.67,0.629,1.16,0.845,4,7,19,,,24.62,54465531,N,,,,2461200.5,264.70,0.0145
"       (2024 PK3)",0.9097,0.2045,5.49,321.82,214.22,0.724,1.10,0.868,5,6,24,,,26.73,54465827,N,,,,2461200.5,163.61,0.018
"       (2024 PV3)",0.7279,0.5384,14.04,140.60,347.45,0.336,1.12,0.621,4,8,21,,,24.52,54465952,N,,,,2460535.5,212.31,0.0458
"       (2024 PR4)",0.9723,0.1517,8.25,315.76,141.70,0.825,1.12,0.959,32,4,37,,,24.51,54466132,N,,,,2461200.5,201.57,0.0501
"       (2024 PS5)",0.9562,0.2447,14.88,324.67,223.66,0.722,1.19,0.935,438,2,183,,,22.35,54466136,N,,,,2461200.5,95.21,0.0586
"       (2024 QH)",0.8373,0.3420,10.25,152.96,27.31,0.551,1.12,0.766,10,7,55,,,24.95,54467103,N,,,,2461200.5,246.69,0.0282
"       (2024 QQ)",0.7954,0.2913,0.31,190.72,311.47,0.564,1.03,0.709,3,7,97,,,27.58,54467126,N,,,,2461200.5,24.88,0.00289
"       (2024 QU)",0.8112,0.3012,6.66,330.99,171.04,0.567,1.06,0.731,24,6,115,,,24.87,54467167,N,,,,2461200.5,1.71,0.0301
"       (2024 QL1)",0.885,0.1710,4.19,332.72,205.61,0.734,1.04,0.833,13,6,141,,,27.57,54467193,N,,,,2461200.5,197.30,0.00268
"       (2024 QR1)",0.9878,0.1222,30.62,332.77,185.93,0.867,1.11,0.982,366,1,73,,,23.59,54467481,N,,,,2461200.5,107.71,0.0965
"       (2024 QH2)",0.8654,0.2794,35.33,336.72,221.69,0.624,1.11,0.805,2,7,20,,,26.87,54467564,N,,,,2461200.5,186.76,0.00181
"       (2024 RE)",0.9358,0.1847,6.03,319.93,251.70,0.763,1.11,0.905,8,5,70,,,23.38,54467604,N,,,,2461200.5,90.58,0.0262
"       (2024 RM)",0.9618,0.1829,13.08,173.10,335.16,0.786,1.14,0.943,31,4,28,,,24.23,54467611,N,,,,2461200.5,149.78,0.0993
"       (2024 RQ)",0.9359,0.2300,5.71,352.53,122.37,0.721,1.15,0.905,16,2,160,4,2,25.20,54467615,N,,,,2461200.5,229.59,0.00209
"       (2024 RB1)",0.9003,0.2227,6.28,172.95,358.40,0.700,1.10,0.854,11,7,23,,,25.49,54467964,N,,,,2461200.5,185.98,0.0746
"       (2024 RH2)",0.8184,0.2515,2.08,325.06,195.93,0.613,1.02,0.74,32,5,104,,,25.00,54468276,N,,,,2461200.5,319.27,0.000502
"       (2024 RR3)",0.8393,0.4389,25.86,164.69,318.67,0.471,1.21,0.769,5,6,40,,,26.96,54468763,N,,,,2461200.5,4.85,0.00178
"       (2024 RA5)",0.8655,0.1849,0.33,254.46,272.88,0.705,1.03,0.805,8,6,41,,,28.91,54468796,N,,,,2461200.5,239.32,0.00501
"       (2024 RT5)",0.8325,0.5086,14.84,327.82,205.72,0.409,1.26,0.76,2,7,13,,,23.92,54469019,N,,,,2461200.5,267.08,0.0572
"       (2024 RD7)",0.9603,0.3069,40.90,172.49,15.45,0.666,1.26,0.941,27,7,35,,,22.81,54469029,N,,,,2461200.5,96.48,0.223
"       (2024 RP7)",0.9192,0.2412,3.20,159.72,306.94,0.697,1.14,0.881,1,6,23,,,30.30,54469036,N,,,,2461200.5,258.96,0.000736
"       (2024 RU9)",0.9709,0.3197,9.32,178.08,307.37,0.661,1.28,0.957,13,7,24,,,25.26,54469548,N,,,,2461200.5,190.01,0.0343
"       (2024 RM10)",0.7713,0.3538,2.48,352.35,161.72,0.498,1.04,0.677,6,7,73,,,25.84,54470175,N,,,,2461200.5,53.77,0.00255
"       (2024 RY10)",0.8349,0.2562,0.55,279.63,224.93,0.621,1.05,0.763,5,7,27,,,26.75,54470415,N,,,,2461200.5,322.24,0.00329
"       (2024 RZ10)",0.9199,0.3388,9.92,343.54,134.11,0.608,1.23,0.882,2,7,31,,,25.14,54470416,N,,,,2461200.5,258.84,0.0267
"       (2024 RP15)",0.8695,0.4056,5.09,190.21,306.95,0.517,1.22,0.811,19,6,18,,,25.42,54471059,N,,,,2461200.5,299.25,0.00889
"       (2024 RT15)",0.9368,0.2625,13.40,352.44,178.50,0.691,1.18,0.907,46,3,55,,,22.64,54471061,N,,,,2461200.5,153.77,0.173
"       (2024 RL16)",0.8362,0.2582,4.62,154.98,10.48,0.620,1.05,0.765,7,7,14,,,26.01,54471078,N,,,,2461200.5,285.44,0.0207
"       (2024 RC42)",0.8233,0.3294,1.20,350.09,145.25,0.552,1.09,0.747,,6,24,,,32.38,54473959,N,,,,2461200.5,358.30,1.24e-05
"       (2024 RH45)",0.8997,0.3074,3.14,355.87,140.58,0.623,1.18,0.853,20,5,97,,,24.95,54480238,N,,,,2461200.5,254.72,0.0124
"       (2024 SX)",0.6861,0.4443,10.81,234.81,312.46,0.381,0.99,0.568,29,7,41,,,21.37,54480961,N,,,,2461200.5,153.56,0.098
"       (2024 SD1)",0.8995,0.3538,8.43,1.50,131.45,0.581,1.22,0.853,2,5,16,,,28.64,54481738,N,,,,2461200.5,264.16,0.00954
"       (2024 SJ1)",0.9524,0.3329,12.88,181.96,306.72,0.635,1.27,0.929,2,7,17,,,26.71,54481742,N,,,,2461200.5,208.11,0.0298
"       (2024 SR1)",0.8439,0.2737,2.83,5.94,150.49,0.613,1.07,0.775,8,7,38,,,27.32,54481750,N,,,,2461200.5,294.14,0.006
"       (2024 SO2)",0.9635,0.1052,4.36,1.81,236.91,0.862,1.06,0.946,11,5,24,,,27.90,54482429,N,,,,2461200.5,39.82,0.0041
"       (2024 SP2)",0.9308,0.1344,2.47,187.06,38.53,0.806,1.06,0.898,1,6,22,,,28.99,54482430,N,,,,2461200.5,87.95,0.00667
"       (2024 SJ3)",0.9807,0.3509,5.51,140.56,92.06,0.637,1.32,0.971,368,3,42,,,23.18,54483146,N,,,,2461200.5,8.44,0.0298
"       (2024 SM3)",0.8932,0.1564,25.58,181.53,8.42,0.753,1.03,0.844,4,6,36,,,25.69,54483149,N,,,,2461200.5,176.48,0.0271
"       (2024 SN3)",0.9149,0.1095,18.53,358.19,191.38,0.815,1.02,0.875,5,5,18,,,26.91,54483150,N,,,,2461200.5,151.32,0.00795
"       (2024 SS3)",0.9114,0.2784,2.79,112.08,84.95,0.658,1.17,0.87,33,5,31,,,24.03,54483853,N,,,,2461200.5,143.02,0.0262
"       (2024 SY4)",0.8642,0.2298,3.92,181.71,338.49,0.666,1.06,0.803,4,7,16,,,27.86,54485060,N,,,,2461200.5,257.81,0.0181
"       (2024 TH)",0.8933,0.2372,19.20,191.11,323.70,0.681,1.11,0.844,8,5,39,,,24.58,54486543,N,,,,2461200.5,227.12,0.0369
"       (2024 TW)",0.9937,0.2790,14.08,190.21,289.48,0.716,1.27,0.991,1,6,19,,,28.95,54486931,N,,,,2461200.5,172.99,0.00606
"       (2024 TY1)",0.8174,0.2907,15.66,189.72,357.37,0.580,1.06,0.739,21,7,82,,,23.84,54487070,N,,,,2461200.5,288.31,0.0533
"       (2024 TB2)",0.8732,0.1521,1.17,17.45,170.83,0.740,1.01,0.816,21,6,58,,,24.88,54487071,N,,,,2461200.5,206.69,0.00314
"       (2024 TK2)",0.9098,0.4205,17.53,195.94,307.93,0.527,1.29,0.868,5,6,76,,,25.25,54487273,N,,,,2461200.5,249.05,0.00596
"       (2024 TA3)",0.8688,0.2550,9.47,10.36,151.13,0.647,1.09,0.81,3,7,23,,,26.72,54487290,N,,,,2461200.5,254.44,0.0317
"       (2024 TR4)",0.9631,0.1472,28.34,193.91,293.07,0.821,1.10,0.945,1,6,67,,,26.88,54487958,N,,,,2461200.5,179.20,0.000178
"       (2024 TL5)",0.9927,0.0880,10.13,14.21,250.84,0.905,1.08,0.989,6,5,52,,,27.59,54488497,N,,,,2461200.5,346.53,0.0124
"       (2024 TR6)",0.8325,0.5753,1.09,342.87,188.26,0.354,1.31,0.76,18,6,79,,,24.50,54489177,N,,,,2461200.5,327.12,0.00971
"       (2024 TV6)",0.9802,0.1389,7.18,182.77,79.66,0.844,1.12,0.97,466,2,58,,,23.95,54489181,N,,,,2461200.5,359.97,0.0109
"       (2024 TM7)",0.8087,0.3268,11.27,190.39,348.74,0.544,1.07,0.727,4,8,24,,,25.16,54489666,N,,,,2460590.5,210.34,0.0536
"       (2024 TQ9)",0.8977,0.2409,1.60,194.09,50.18,0.681,1.11,0.85,2,6,16,,,30.76,54490130,N,,,,2461200.5,92.65,2.53e-05
"       (2024 TW9)",0.8816,0.4713,1.49,89.20,148.84,0.466,1.30,0.828,3,7,14,,,25.57,54490133,N,,,,2461200.5,93.47,0.00833
"       (2024 TX9)",0.9516,0.1544,8.05,183.04,52.67,0.805,1.10,0.928,6,5,13,,,26.38,54490134,N,,,,2461200.5,52.14,0.0145
"       (2024 TC16)",0.9419,0.2421,5.17,35.45,210.24,0.714,1.17,0.914,428,3,31,,,24.75,54491554,N,,,,2461200.5,41.26,0.0449
"       (2024 TU20)",0.966,0.1334,11.64,32.60,193.58,0.837,1.09,0.949,26,5,20,,,24.70,54492950,N,,,,2461200.5,52.03,0.0909
"       (2024 TK21)",0.8382,0.2186,16.42,199.51,22.18,0.655,1.02,0.767,2,7,20,,,25.14,54492953,N,,,,2461200.5,202.73,0.0021
"       (2024 UV)",0.7862,0.4833,2.59,49.88,188.44,0.406,1.17,0.697,9,7,21,,,24.97,54494475,N,,,,2461200.5,229.99,0.02
"       (2024 UB1)",0.9146,0.2150,9.15,205.64,53.54,0.718,1.11,0.875,8,5,13,,,28.47,54494481,N,,,,2461200.5,58.46,0.00212
"       (2024 UN2)",0.9683,0.2214,16.12,33.08,109.15,0.754,1.18,0.953,2,6,30,,,26.20,54495421,N,,,,2461200.5,166.98,0.00127
"       (2024 UT2)",0.8506,0.3510,4.84,218.09,312.46,0.552,1.15,0.784,3,7,49,,,26.94,54495426,N,,,,2461200.5,277.06,0.00414
"       (2024 UW2)",0.9615,0.1194,22.82,28.02,211.88,0.847,1.08,0.943,2,7,38,,,24.93,54495687,N,,,,2461200.5,44.27,0.0572
"       (2024 UZ2)",0.8271,0.3824,14.38,209.98,4.41,0.511,1.14,0.752,15,7,21,,,24.31,54495430,N,,,,2461200.5,226.62,0.121
"       (2024 UQ3)",0.8228,0.2772,7.24,209.91,331.05,0.595,1.05,0.746,,7,19,,,29.48,54495701,N,,,,2461200.5,291.77,0.00443
"       (2024 UK5)",0.9287,0.4048,2.20,280.19,252.98,0.553,1.30,0.895,32,4,30,,,23.99,54496029,N,,,,2461200.5,184.51,0.0124
"       (2024 UO5)",0.9169,0.3631,1.50,214.77,303.92,0.584,1.25,0.878,2,5,21,1,1,29.39,54496033,N,,,,2461200.5,217.09,0.000232
"       (2024 UV5)",0.8901,0.3961,8.30,18.64,162.89,0.538,1.24,0.84,2,9,14,,,25.23,54496193,N,,,,2460610.5,239.64,0.0802
"       (2024 UL6)",0.9281,0.1188,9.24,215.87,340.04,0.818,1.04,0.894,13,6,59,,,26.03,54496206,N,,,,2461200.5,133.68,0.0353
"       (2024 UZ6)",0.9041,0.1636,0.45,33.38,225.76,0.756,1.05,0.86,2,5,29,,,31.16,54496387,N,,,,2461200.5,76.45,0.000125
"       (2024 UV7)",0.9321,0.3591,2.62,216.71,57.59,0.597,1.27,0.9,4,6,43,,,29.37,54496395,N,,,,2461200.5,5.25,0.00142
"       (2024 UN8)",0.8721,0.1959,1.95,10.04,213.50,0.701,1.04,0.814,13,7,28,,,27.23,54496406,N,,,,2461200.5,158.95,0.000224
"       (2024 UU9)",0.961,0.3205,5.60,213.60,308.02,0.653,1.27,0.942,7,7,30,,,26.72,54496624,N,,,,2461200.5,163.42,0.0227
"       (2024 UX10)",0.7857,0.3611,27.87,37.22,203.81,0.502,1.07,0.696,1,6,46,,,26.51,54496838,N,,,,2461200.5,244.35,0.0239
"       (2024 UQ11)",0.9481,0.2959,3.12,265.90,2.16,0.668,1.23,0.923,3,7,20,,,25.87,54496852,N,,,,2461200.5,2.24,0.0476
"       (2024 UP27)",0.6576,0.5880,6.24,219.82,339.06,0.271,1.04,0.533,1,8,19,,,25.20,54499681,N,,,,2460609.5,226.33,0.0101
"       (2024 VB)",0.9138,0.1552,3.00,42.61,220.62,0.772,1.06,0.874,1,6,42,,,28.74,54497053,N,,,,2461200.5,61.95,0.00662
"       (2024 VY)",0.8553,0.4873,27.06,45.37,135.41,0.439,1.27,0.791,5,7,42,,,26.25,54497464,N,,,,2461200.5,276.82,0.00495
"       (2024 VZ)",0.7353,0.3635,35.89,225.70,19.91,0.468,1.00,0.631,4372,1,70,,,20.48,54497467,Y,,,,2461200.5,334.77,0.0206
"       (2024 VD1)",0.9905,0.4075,14.64,219.12,66.53,0.587,1.39,0.986,9,7,27,,,25.58,54497569,N,,,,2461200.5,290.49,0.00329
"       (2024 VK2)",0.881,0.2518,10.11,224.28,47.83,0.659,1.10,0.827,23,5,51,,,26.38,54499167,N,,,,2461200.5,79.59,0.000849
"       (2024 VR2)",0.9591,0.2087,9.98,51.05,240.20,0.759,1.16,0.939,21,5,95,,,25.48,54499268,N,,,,2461200.5,338.68,0.0205
"       (2024 VW2)",0.7939,0.3953,10.77,63.22,162.56,0.480,1.11,0.707,20,7,27,,,24.55,54499272,N,,,,2461200.5,270.64,0.0518
"       (2024 VC3)",0.8101,0.2885,24.28,49.82,195.44,0.576,1.04,0.729,9,6,91,,,24.51,54499463,N,,,,2461200.5,210.21,0.0368
"       (2024 VK3)",0.9233,0.3801,2.51,57.56,118.23,0.572,1.27,0.887,5,6,29,,,27.41,54499469,N,,,,2461200.5,193.92,0.00281
"       (2024 VX3)",0.9584,0.2270,3.33,230.89,291.63,0.741,1.18,0.938,1,5,48,,,28.26,54499610,N,,,,2461200.5,155.72,0.000431
"       (2024 VB4)",0.8689,0.2307,21.08,45.59,194.38,0.668,1.07,0.81,2,7,31,,,24.51,54499613,N,,,,2461200.5,144.79,0.0657
"       (2024 WJ1)",0.9195,0.1545,15.77,53.56,227.37,0.777,1.06,0.882,2,7,13,,,26.19,54500038,N,,,,2461200.5,34.99,0.0114
"       (2024 WE2)",0.9223,0.1592,8.02,236.97,349.91,0.775,1.07,0.886,11,7,27,,,25.97,54500325,N,,,,2461200.5,105.90,0.0741
"       (2024 WW2)",0.9813,0.3089,6.24,63.70,107.68,0.678,1.28,0.972,1,6,17,,,28.38,54500500,N,,,,2461200.5,135.80,0.00251
"       (2024 WB3)",0.8305,0.3019,15.31,239.20,340.37,0.580,1.08,0.757,16,7,24,,,24.16,54500501,N,,,,2461200.5,221.08,0.0569
"       (2024 WU3)",0.9389,0.2254,9.65,62.07,238.47,0.727,1.15,0.91,3,5,16,,,28.17,54500712,N,,,,2461200.5,345.78,0.0131
"       (2024 WJ4)",0.8635,0.4951,11.33,26.44,233.49,0.436,1.29,0.802,4436,1,60,,,21.56,54500890,Y,,,,2461200.5,132.67,0.0243
"       (2024 WQ4)",0.8237,0.4502,7.00,237.11,38.16,0.453,1.19,0.748,6,6,15,,,27.25,54500897,N,,,,2461200.5,125.26,0.00723
"       (2024 WJ12)",0.8425,0.1820,16.52,246.05,359.42,0.689,1.00,0.773,2,6,28,,,26.43,54502146,N,,,,2461200.5,170.59,0.00885
"       (2024 WX15)",0.813,0.2771,4.45,237.07,20.86,0.588,1.04,0.733,39,6,27,,,24.27,54502459,N,,,,2461200.5,198.92,0.0102
"       (2024 XB)",0.9486,0.3458,4.72,69.87,240.95,0.621,1.28,0.924,3,5,135,,,26.12,54502462,N,,,,2461200.5,310.39,0.00365
"       (2024 XG)",0.9639,0.2610,2.70,251.74,289.86,0.712,1.22,0.946,1,6,43,,,28.61,54502652,N,,,,2461200.5,134.59,0.000142
"       (2024 XD1)",0.8751,0.3024,19.82,70.34,177.79,0.610,1.14,0.819,17,6,36,,,23.80,54502873,N,,,,2461200.5,132.91,0.153
"       (2024 XZ2)",0.8824,0.3788,26.36,250.30,314.05,0.548,1.22,0.829,2,8,17,,,26.39,54503190,N,,,,2460646.5,262.30,0.0306
"       (2024 XW3)",0.9477,0.1321,10.13,70.06,134.81,0.822,1.07,0.923,9,6,30,,,26.69,54503203,N,,,,2461200.5,107.56,0.035
"       (2024 XM4)",0.8838,0.1704,3.67,43.12,218.92,0.733,1.03,0.831,25,6,27,,,25.46,54503217,N,,,,2461200.5,104.36,0.0012
"       (2024 XA6)",0.8967,0.2092,28.45,254.93,308.23,0.709,1.08,0.849,1,6,61,,,26.49,54504543,N,,,,2461200.5,169.80,0.000564
"       (2024 XC6)",0.9671,0.3717,32.51,248.66,300.53,0.608,1.33,0.951,3,8,17,,,25.39,54504540,N,,,,2460647.5,283.43,0.0332
"       (2024 XK6)",0.96,0.0873,4.09,252.85,296.44,0.876,1.04,0.941,2,5,20,,,30.55,54504548,N,,,,2461200.5,110.06,0.00366
"       (2024 XK7)",0.8926,0.2337,3.65,247.17,49.67,0.684,1.10,0.843,5,6,15,,,27.96,54504567,N,,,,2461200.5,38.25,0.00211
"       (2024 XQ7)",0.8579,0.2064,7.29,81.45,191.00,0.681,1.03,0.795,30,6,32,,,24.59,54504571,N,,,,2461200.5,121.71,0.0381
"       (2024 XX9)",0.985,0.0976,9.84,67.90,259.03,0.889,1.08,0.978,9,6,38,,,26.14,54505715,N,,,,2461200.5,290.87,0.00622
"       (2024 XY10)",0.81,0.3966,13.07,251.83,10.13,0.489,1.13,0.729,4,9,13,,,26.66,54505722,N,,,,2460647.5,157.00,0.0929
"       (2024 XD11)",0.8927,0.1257,2.98,69.06,209.90,0.780,1.00,0.843,26,7,18,,,28.09,54505727,N,,,,2461200.5,70.30,0.000323
"       (2024 XS11)",0.9821,0.3328,19.48,79.15,207.37,0.655,1.31,0.973,2,8,12,,,23.96,54505734,N,,,,2460651.5,125.30,0.182
"       (2024 XB16)",0.7508,0.3725,0.80,356.60,244.20,0.471,1.03,0.651,2,8,14,,,26.85,54506456,N,,,,2460653.5,214.92,0.00958
"       (2024 XJ16)",0.7981,0.5026,12.91,38.72,229.32,0.397,1.20,0.713,3688,0,70,,,21.22,54506463,Y,,,,2461200.5,220.98,0.0409
"       (2024 XP16)",0.9933,0.1397,2.85,257.71,83.86,0.855,1.13,0.99,374,2,69,,,28.28,54506551,N,,,,2461200.5,263.57,0.00114
"       (2024 YE)",0.8265,0.4870,20.35,305.98,308.11,0.424,1.23,0.751,2510,2,48,,,20.89,54507431,Y,,,,2461200.5,151.96,0.0462
"       (2024 YL)",0.9212,0.1196,0.38,71.38,241.98,0.811,1.03,0.884,2,6,37,,,29.24,54507525,N,,,,2461200.5,2.15,0.00147
"       (2024 YO)",0.8941,0.2407,4.52,262.72,52.08,0.679,1.11,0.845,19,6,37,,,25.53,54507528,N,,,,2461200.5,13.46,0.0013
"       (2024 YV)",0.8061,0.4152,26.60,90.50,157.15,0.471,1.14,0.724,10,6,36,,,24.54,54507535,N,,,,2461200.5,238.06,0.0803
"       (2024 YW)",0.9625,0.5100,14.68,88.88,216.81,0.472,1.45,0.944,362,2,39,,,23.22,54507537,N,,,,2461200.5,280.04,0.0811
"       (2024 YA1)",0.8219,0.3933,10.87,268.97,336.00,0.499,1.15,0.745,25,7,58,,,23.60,54507929,N,,,,2461200.5,213.55,0.051
"       (2024 YY1)",0.9419,0.3684,32.23,82.07,239.70,0.595,1.29,0.914,16,8,71,,,22.47,54508756,N,,,,2460673.5,90.35,0.0124
"       (2024 YZ1)",0.8991,0.2515,11.58,281.19,6.94,0.673,1.13,0.852,24,6,29,,,24.30,54508757,N,,,,2461200.5,50.29,0.122
"       (2024 YQ2)",0.9348,0.5169,4.29,92.85,129.97,0.452,1.42,0.904,6,3,65,1,2,25.75,54509026,N,,,,2461200.5,149.22,0.00515
"       (2024 YS2)",0.8753,0.1620,3.84,102.72,141.42,0.734,1.02,0.819,3,6,18,,,28.10,54509027,N,,,,2461200.5,139.11,0.0039
"       (2024 YR3)",0.8935,0.1718,2.06,357.84,258.07,0.740,1.05,0.845,10,6,26,,,25.45,54509097,N,,,,2461200.5,103.68,0.0207
"       (2024 YX3)",0.9909,0.2426,3.16,84.62,254.46,0.750,1.23,0.986,361,2,27,,,26.69,54509101,N,,,,2461200.5,258.23,0.00265
"       (2024 YA4)",0.9777,0.2990,6.03,96.80,108.19,0.685,1.27,0.967,3,6,43,,,26.95,54509162,N,,,,2461200.5,103.08,0.000501
"       (2024 YB5)",0.925,0.3511,7.73,275.10,303.11,0.600,1.25,0.89,2,6,46,,,27.15,54509631,N,,,,2461200.5,142.59,0.0067
"       (2024 YG5)",0.8649,0.2391,14.45,267.26,42.07,0.658,1.07,0.804,15,6,21,,,25.57,54509635,N,,,,2461200.5,55.92,0.00567
"       (2024 YM5)",0.7218,0.4789,21.69,271.81,14.86,0.376,1.07,0.613,15,7,23,,,24.45,54509639,N,,,,2461200.5,292.24,0.042
"       (2024 YR11)",0.8744,0.1685,1.85,314.46,339.36,0.727,1.02,0.818,40,6,67,,,25.45,54513033,N,,,,2461200.5,72.67,0.00702
"       (2024 YZ12)",0.8246,0.3147,6.45,109.12,144.85,0.565,1.08,0.749,12,6,73,,,26.54,54513040,N,,,,2461200.5,199.74,0.00677
"       (2024 YD13)",0.9321,0.1225,12.45,104.30,144.92,0.818,1.05,0.9,9,5,27,,,25.90,54513044,N,,,,2461200.5,75.23,0.0344
"       (2024 YB26)",0.9108,0.1590,8.83,295.16,320.82,0.766,1.06,0.869,7,6,18,,,26.52,54514890,N,,,,2461200.5,86.13,0.0223
"       (2025 AB)",0.954,0.3337,9.97,282.77,294.40,0.636,1.27,0.932,2,5,95,,,27.13,54513047,N,,,,2461200.5,115.66,0.000111
"       (2025 AE)",0.8118,0.4936,22.84,98.83,146.87,0.411,1.21,0.731,3,7,25,,,25.74,54513657,N,,,,2461200.5,246.80,0.0391
"       (2025 AJ)",0.8752,0.1553,13.63,278.51,342.18,0.739,1.01,0.819,7,6,27,,,25.36,54513664,N,,,,2461200.5,117.29,0.0182
"       (2025 AX)",0.6832,0.6484,21.52,96.75,219.27,0.240,1.13,0.565,45,6,44,,,21.49,54514235,N,,,,2461200.5,306.84,0.0878
"       (2025 AA1)",0.9695,0.2596,16.40,99.24,249.51,0.718,1.22,0.955,1,8,27,,,25.08,54514242,N,,,,2460678.5,81.63,0.00801
"       (2025 AB1)",0.9257,0.2399,6.10,284.86,43.19,0.704,1.15,0.891,1,7,13,,,26.16,54514243,N,,,,2461200.5,330.12,0.0308
"       (2025 AC1)",0.8523,0.2225,6.40,98.30,215.87,0.663,1.04,0.787,19,6,40,,,26.89,54514244,N,,,,2461200.5,67.39,0.00266
"       (2025 AU1)",0.8658,0.3351,4.68,308.91,316.30,0.576,1.16,0.806,30,6,44,,,24.35,54514677,N,,,,2461200.5,136.77,0.00711
"       (2025 AK2)",0.9796,0.3156,18.83,275.48,78.34,0.670,1.29,0.97,397,2,62,,,21.82,54514905,Y,,,,2461200.5,242.95,0.0292
"       (2025 BC)",0.9524,0.0679,5.64,297.24,311.24,0.888,1.02,0.929,27,4,142,,,26.73,54516130,N,,,,2461200.5,53.05,0.00731
"       (2025 BL)",0.9969,0.1109,11.82,116.44,273.91,0.886,1.11,0.995,368,0,50,,,25.56,54516185,N,,,,2461200.5,215.81,0.0059
"       (2025 BR)",0.9105,0.1743,8.54,313.45,316.55,0.752,1.07,0.869,19,6,44,,,26.49,54516260,N,,,,2461200.5,75.03,0.0175
"       (2025 BT1)",0.9054,0.2036,23.42,338.09,301.23,0.721,1.09,0.862,30,6,76,,,21.58,54516843,Y,,,,2461200.5,78.03,0.0177
"       (2025 BJ2)",0.9427,0.4605,15.88,303.56,310.35,0.509,1.38,0.915,28,6,49,,,24.72,54517087,N,,,,2461200.5,100.54,0.0337
"       (2025 BM2)",0.9797,0.1611,7.83,127.41,125.73,0.822,1.14,0.97,46,4,30,,,25.31,54517089,N,,,,2461200.5,34.26,0.0432
"       (2025 BU3)",0.7415,0.4369,14.03,309.75,334.84,0.418,1.07,0.638,4,7,44,,,24.94,54517329,N,,,,2461200.5,280.89,0.0044
"       (2025 BV5)",0.9171,0.1182,3.85,130.11,133.80,0.809,1.03,0.878,3,5,34,,,28.33,54517642,N,,,,2461200.5,72.22,0.00014
"       (2025 BM6)",0.9552,0.1889,5.71,126.97,249.82,0.775,1.14,0.934,28,3,73,,,27.09,54517682,N,,,,2461200.5,255.09,0.000266
"       (2025 BZ7)",0.9633,0.1255,2.65,328.43,19.43,0.842,1.08,0.945,64,4,73,,,24.61,54518040,N,,,,2461200.5,295.17,0.036
"       (2025 CC)",0.9959,0.0674,8.21,130.32,124.90,0.929,1.06,0.994,11,6,16,,,27.57,54518076,N,,,,2461200.5,11.84,0.0414
"       (2025 CD)",0.9933,0.3414,16.53,314.27,289.88,0.654,1.33,0.99,1,6,34,,,28.45,54518077,N,,,,2461200.5,58.10,0.00432
"       (2025 CE)",0.9474,0.1381,23.16,314.74,297.77,0.817,1.08,0.922,2,6,52,,,27.13,54518078,N,,,,2461200.5,61.11,0.00714
"       (2025 CJ)",0.9904,0.1277,4.15,315.72,278.27,0.864,1.12,0.986,3,5,68,,,28.28,54518081,N,,,,2461200.5,45.54,0.00305
"       (2025 CM)",0.8621,0.2364,1.95,140.40,133.75,0.658,1.07,0.801,2,6,61,,,26.96,54518085,N,,,,2461200.5,124.88,0.00219
"       (2025 CN)",0.8904,0.1873,16.83,314.13,9.74,0.724,1.06,0.84,3,6,28,,,26.03,54518622,N,,,,2461200.5,20.87,0.0675
"       (2025 CP1)",0.7854,0.4231,2.05,133.12,149.72,0.453,1.12,0.696,3,6,45,,,28.72,54518711,N,,,,2461200.5,221.76,0.00296
"       (2025 CT1)",0.9777,0.1191,1.67,109.22,174.91,0.861,1.09,0.967,42,4,41,,,25.37,54518712,N,,,,2461200.5,0.55,0.027
"       (2025 CE2)",0.986,0.3538,2.97,119.27,261.67,0.637,1.33,0.979,18,6,44,,,25.19,54518889,N,,,,2461200.5,208.63,0.0107
"       (2025 CS2)",0.9471,0.4154,3.85,47.91,315.08,0.554,1.34,0.922,4788,0,53,,,23.54,54519238,N,,,,2461200.5,257.96,0.0143
"       (2025 CX3)",0.7771,0.5389,9.03,29.25,302.43,0.358,1.20,0.685,26,6,25,,,23.41,54519355,N,,,,2461200.5,136.48,0.0604
"       (2025 CJ4)",0.6923,0.4333,20.93,145.37,184.28,0.392,0.99,0.576,1,7,57,,,26.16,54519878,N,,,,2461200.5,271.73,0.00272
"       (2025 CB8)",0.9594,0.1588,4.57,130.21,249.93,0.807,1.11,0.94,1,9,11,,,29.43,54521217,N,,,,2460710.5,96.96,0.00184
"       (2025 DC)",0.8569,0.4707,3.61,144.68,228.15,0.454,1.26,0.793,1,6,34,,,27.52,54519969,N,,,,2461200.5,318.29,0.00189
"       (2025 DQ)",0.9918,0.1993,2.39,330.35,283.37,0.794,1.19,0.988,2,5,30,,,29.93,54520035,N,,,,2461200.5,29.41,0.0019
"       (2025 DU)",0.7876,0.3495,5.57,331.36,333.18,0.512,1.06,0.699,3,7,51,,,27.88,54520039,N,,,,2461200.5,178.65,0.00578
"       (2025 DB1)",0.788,0.2765,6.74,327.70,2.20,0.570,1.01,0.7,7,7,50,,,27.09,54520093,N,,,,2461200.5,129.54,0.0177
"       (2025 DO1)",0.9077,0.1762,1.68,326.58,42.19,0.748,1.07,0.865,11,6,42,,,27.10,54520169,N,,,,2461200.5,309.50,0.00494
"       (2025 DS1)",0.8872,0.1314,2.37,332.38,335.62,0.771,1.00,0.836,1,5,24,,,30.32,54520173,N,,,,2461200.5,49.05,0.000775
"       (2025 DX1)",0.9297,0.3575,19.77,330.55,316.27,0.597,1.26,0.896,6,8,22,,,25.58,54520177,N,,,,2460727.5,261.28,0.0696
"       (2025 DD2)",0.9178,0.3858,14.57,335.89,13.13,0.564,1.27,0.879,6,7,26,,,23.77,54520183,N,,,,2461200.5,313.62,0.162
"       (2025 DE2)",0.7324,0.4000,10.57,155.62,163.76,0.439,1.03,0.627,6,7,35,,,26.81,54520302,N,,,,2461200.5,232.50,0.00618
"       (2025 DX2)",0.9426,0.4767,13.13,147.76,131.88,0.493,1.39,0.915,2,7,21,,,25.75,54520317,N,,,,2461200.5,75.84,0.03
"       (2025 DY2)",0.8807,0.3986,25.76,337.21,38.71,0.530,1.23,0.826,12,7,48,,,24.57,54520318,N,,,,2461200.5,301.60,0.064
"       (2025 DB3)",0.78,0.2911,1.30,325.83,14.98,0.553,1.01,0.689,5,6,54,,,27.20,54520321,N,,,,2461200.5,122.16,0.00121
"       (2025 DP3)",0.9939,0.2276,10.22,344.41,292.60,0.768,1.22,0.991,736,1,34,,,25.53,54520333,N,,,,2461200.5,9.03,0.0238
"       (2025 DQ4)",0.8126,0.4284,2.50,122.62,250.90,0.465,1.16,0.733,12,7,44,,,24.77,54520526,N,,,,2461200.5,16.91,0.0222
"       (2025 DK7)",0.9619,0.2342,3.98,342.84,296.06,0.737,1.19,0.943,10,6,21,,,27.43,54520806,N,,,,2461200.5,31.87,0.00588
"       (2025 DM7)",0.7995,0.2714,8.21,342.52,340.00,0.583,1.02,0.715,7,7,34,,,27.10,54520807,N,,,,2461200.5,131.58,0.00211
"       (2025 DE8)",0.9724,0.1780,28.35,153.16,250.19,0.799,1.15,0.959,1,8,11,,,27.46,54520915,N,,,,2460731.5,92.85,0.0122
"       (2025 DP22)",0.9079,0.2704,12.75,355.28,338.95,0.662,1.15,0.865,39,4,55,,,23.53,54521230,N,,,,2461200.5,1.64,0.0963
"       (2025 DU24)",0.9574,0.1096,3.32,354.22,321.77,0.852,1.06,0.937,22,6,37,,,26.40,54521610,N,,,,2461200.5,338.64,0.0197
"       (2025 DF25)",0.8897,0.2852,0.21,115.21,272.57,0.636,1.14,0.839,2,6,22,,,29.06,54521708,N,,,,2461200.5,290.33,0.0023
"       (2025 DJ25)",0.9223,0.1184,13.98,156.14,171.49,0.813,1.03,0.886,6,6,21,,,26.59,54521711,N,,,,2461200.5,352.38,0.0399
"       (2025 DU25)",0.9848,0.1243,6.54,355.32,286.16,0.862,1.11,0.977,20,4,78,,,27.20,54521713,N,,,,2461200.5,1.26,0.00624
"       (2025 DJ29)",0.9707,0.1281,2.70,10.68,304.72,0.846,1.10,0.956,7,7,15,,,26.43,54521724,N,,,,2461200.5,329.00,0.0101
"       (2025 EG)",0.9882,0.2083,22.08,341.73,72.42,0.782,1.19,0.982,2,7,58,,,24.48,54522099,N,,,,2461200.5,189.87,0.0156
"       (2025 EL)",0.8979,0.3797,6.95,342.45,306.68,0.557,1.24,0.851,1,6,53,,,29.27,54522252,N,,,,2461200.5,90.58,0.000783
"       (2025 EO)",0.8899,0.3469,27.59,169.90,194.75,0.581,1.20,0.839,21,6,26,,,23.20,54522257,N,,,,2461200.5,320.14,0.174
"       (2025 EV)",0.8487,0.5736,13.65,167.92,203.98,0.362,1.34,0.782,8,7,38,,,23.81,54522522,N,,,,2461200.5,324.20,0.0704
"       (2025 ER1)",0.9898,0.2696,9.56,351.79,59.25,0.723,1.26,0.985,24,6,79,,,25.04,54522546,N,,,,2461200.5,185.57,0.037
"       (2025 EG2)",0.8753,0.2385,21.17,353.51,322.29,0.667,1.08,0.819,11,5,45,,,24.59,54522865,N,,,,2461200.5,57.66,0.0206
"       (2025 ER2)",0.8777,0.2420,18.57,161.87,224.81,0.665,1.09,0.822,2,5,21,,,27.68,54522920,N,,,,2461200.5,308.42,0.00557
"       (2025 EZ3)",0.8064,0.3300,24.96,342.39,38.15,0.540,1.07,0.724,18,6,30,,,21.90,54523433,N,,,,2461200.5,23.99,0.0177
"       (2025 EA4)",0.8943,0.1333,5.17,166.51,201.11,0.775,1.01,0.846,12,6,68,,,25.75,54523488,N,,,,2461200.5,329.17,0.00989
"       (2025 EK4)",0.9937,0.1936,17.68,350.69,75.73,0.801,1.19,0.991,362,1,50,,,24.01,54523640,N,,,,2461200.5,173.09,0.00953
"       (2025 ED16)",0.8869,0.1739,16.58,168.10,143.08,0.733,1.04,0.835,2,5,19,,,27.05,54649642,N,,,,2461200.5,49.66,0.00578
"       (2025 FC1)",0.9594,0.5447,19.08,179.45,233.30,0.437,1.48,0.94,1,7,26,,,27.68,54524057,N,,,,2461200.5,170.64,0.00222
"       (2025 FF1)",0.9175,0.3170,10.96,22.85,346.94,0.627,1.21,0.879,2,7,25,,,23.91,54524116,N,,,,2461200.5,292.65,0.117
"       (2025 FA2)",0.7181,0.4612,7.94,178.25,201.53,0.387,1.05,0.609,6,7,38,,,26.95,54524123,N,,,,2461200.5,136.75,0.00228
"       (2025 FB2)",0.8854,0.2366,24.34,2.56,40.42,0.676,1.09,0.833,2,6,53,,,26.54,54524124,N,,,,2461200.5,282.83,0.0211
"       (2025 FN2)",0.8946,0.3881,1.47,74.48,237.68,0.547,1.24,0.846,2,6,31,,,25.74,54524308,N,,,,2461200.5,67.97,0.00173
"       (2025 FS2)",0.918,0.4507,0.85,9.08,44.88,0.504,1.33,0.88,2,6,41,,,28.08,54524313,N,,,,2461200.5,214.33,0.00229
"       (2025 FT2)",0.8352,0.4377,24.26,180.94,156.27,0.470,1.20,0.763,6,6,52,,,23.32,54524315,N,,,,2461200.5,83.51,0.0966
"       (2025 FB6)",0.8915,0.4611,18.08,8.54,316.70,0.480,1.30,0.842,8,6,22,,,23.00,54524519,N,,,,2461200.5,45.05,0.0301
"       (2025 FP6)",0.9637,0.2872,11.92,182.74,128.60,0.687,1.24,0.946,5,6,37,,,25.70,54524531,N,,,,2461200.5,2.51,0.0444
"       (2025 FS6)",0.7997,0.3264,5.96,181.67,206.02,0.539,1.06,0.715,4,7,28,,,27.04,54524534,N,,,,2461200.5,23.17,0.00688
"       (2025 FR7)",0.9962,0.0889,33.62,179.61,121.77,0.908,1.08,0.994,2,8,16,,,25.09,54524638,N,,,,2460759.5,253.21,0.0404
"       (2025 FB8)",0.8508,0.2022,1.63,6.00,336.15,0.679,1.02,0.785,2,6,35,,,28.48,54524721,N,,,,2461200.5,46.64,0.000892
"       (2025 FC8)",0.8034,0.3383,6.75,7.79,342.13,0.532,1.08,0.72,2,8,27,,,26.71,54524722,N,,,,2460759.5,207.45,0.0245
"       (2025 FD8)",0.8637,0.4683,17.76,58.00,317.51,0.459,1.27,0.803,28,5,29,,,22.41,54524723,N,,,,2461200.5,333.98,0.00958
"       (2025 FP10)",0.7765,0.2660,27.84,21.79,12.79,0.570,0.98,0.684,43,2,156,4,2,18.89,54524726,Y,,,,2461200.5,48.77,0.0275
"       (2025 FS10)",0.981,0.0886,10.64,22.57,352.68,0.894,1.07,0.972,39,4,31,,,24.87,54524973,N,,,,2461200.5,253.76,0.0639
"       (2025 FW11)",0.8295,0.4148,3.27,18.70,309.48,0.485,1.17,0.756,6,6,33,,,25.90,54524980,N,,,,2461200.5,110.91,0.0091
"       (2025 FX11)",0.767,0.4214,35.03,185.56,190.06,0.444,1.09,0.672,5,6,25,,,24.69,54524979,N,,,,2461200.5,86.45,0.0789
"       (2025 FY11)",0.9677,0.1314,3.69,8.48,65.65,0.841,1.09,0.952,2,4,80,,,28.78,54524982,N,,,,2461200.5,192.00,0.00358
"       (2025 FR13)",0.8498,0.4194,23.86,188.85,137.03,0.493,1.21,0.783,5,6,44,,,24.19,54525112,N,,,,2461200.5,93.64,0.00825
"       (2025 FK14)",0.8597,0.3015,1.72,6.11,313.13,0.600,1.12,0.797,,6,23,,,29.66,54525363,N,,,,2461200.5,78.74,0.00131
"       (2025 FD15)",0.6611,0.5534,5.24,4.06,7.80,0.295,1.03,0.538,3,8,18,,,27.65,54525373,N,,,,2460761.5,163.36,0.00762
"       (2025 FN18)",0.8345,0.4750,5.49,153.51,251.16,0.438,1.23,0.762,2,7,22,,,24.87,54525644,N,,,,2461200.5,304.24,0.0452
"       (2025 FO20)",0.8388,0.2127,5.97,16.91,353.28,0.660,1.02,0.768,10,7,31,,,26.63,54525757,N,,,,2461200.5,17.27,0.0129
"       (2025 FJ22)",0.9765,0.1066,5.74,199.23,183.87,0.872,1.08,0.965,33,4,24,,,25.65,54526031,N,,,,2461200.5,251.20,0.0773
"       (2025 FD25)",0.8258,0.2600,12.67,175.60,195.94,0.611,1.04,0.75,,9,9,,,26.93,54526417,N,,,,2460756.5,160.70,0.0295
"       (2025 FE26)",0.9494,0.2316,1.80,86.85,316.72,0.730,1.17,0.925,1,9,11,,,26.47,54526667,N,,,,2460756.5,112.80,0.00908
"       (2025 GH)",0.9049,0.2953,38.12,14.87,306.80,0.638,1.17,0.861,5,7,53,,,24.65,54526036,N,,,,2461200.5,37.09,0.00316
"       (2025 GK)",0.8991,0.4340,4.41,193.28,138.70,0.509,1.29,0.853,12,7,52,,,24.98,54526038,N,,,,2461200.5,43.12,0.013
"       (2025 GX)",0.8428,0.2137,3.32,30.31,358.85,0.663,1.02,0.774,20,6,67,,,26.83,54526424,N,,,,2461200.5,347.38,0.0145
"       (2025 GR1)",0.9113,0.1755,19.39,199.58,222.70,0.751,1.07,0.87,5,6,27,,,25.54,54527080,N,,,,2461200.5,244.02,0.0118
"       (2025 HD)",0.9571,0.2148,6.89,36.11,50.67,0.752,1.16,0.936,16,4,84,,,25.35,54527118,N,,,,2461200.5,176.31,0.0268
"       (2025 HF)",0.9724,0.2086,12.69,32.76,290.92,0.770,1.18,0.959,5,3,89,3,2,25.64,54527123,N,,,,2461200.5,335.60,0.000133
"       (2025 HG)",0.8834,0.3007,18.95,29.15,311.55,0.618,1.15,0.83,1,6,26,,,26.62,54527122,N,,,,2461200.5,31.55,0.000321
"       (2025 HH)",0.9113,0.2552,7.65,207.68,233.69,0.679,1.14,0.87,3,5,22,,,30.77,54527124,N,,,,2461200.5,212.66,5.3e-05
"       (2025 HK)",0.872,0.3076,30.58,29.41,319.35,0.604,1.14,0.814,3,8,42,,,25.88,54527147,N,,,,2460784.5,246.21,0.0223
"       (2025 HD3)",0.8317,0.4441,7.14,35.75,32.02,0.462,1.20,0.758,7,7,26,,,25.24,54527455,N,,,,2461200.5,276.37,0.0189
"       (2025 HE3)",0.9452,0.1359,5.11,211.72,233.95,0.817,1.07,0.919,8,5,57,,,28.22,54527457,N,,,,2461200.5,196.00,0.00233
"       (2025 HQ4)",0.6362,0.6469,2.63,47.98,338.90,0.225,1.05,0.508,360,1,164,,,26.00,54527652,N,,,,2461200.5,287.42,0.00712
"       (2025 HA5)",0.7943,0.4559,12.35,208.35,215.63,0.432,1.16,0.708,1,8,12,,,26.52,54527660,N,,,,2460791.5,112.89,0.0021
"       (2025 HP5)",0.9751,0.0943,18.04,209.88,161.37,0.883,1.07,0.963,7,7,55,,,23.88,54527739,N,,,,2461200.5,263.38,0.0561
"       (2025 HF12)",0.9711,0.4201,14.11,51.21,305.90,0.563,1.38,0.957,1524,1,151,,,22.80,54528048,N,,,,2461200.5,316.21,0.0232
"       (2025 HA19)",0.8252,0.4103,15.32,219.50,141.05,0.487,1.16,0.75,1,6,97,,,24.59,54528331,N,,,,2461200.5,68.10,0.000462
"       (2025 JO1)",0.9512,0.1671,19.49,50.66,354.72,0.792,1.11,0.928,18,6,36,,,23.46,54529312,N,,,,2461200.5,241.09,0.0988
"       (2025 JW1)",0.9869,0.3286,13.70,48.21,295.05,0.663,1.31,0.98,4,7,45,,,25.96,54529549,N,,,,2461200.5,320.80,0.00735
"       (2025 JX1)",0.8562,0.2492,5.64,231.47,142.44,0.643,1.07,0.792,2,6,16,,,25.13,54529550,N,,,,2461200.5,6.45,0.00423
"       (2025 JA2)",0.6955,0.5357,43.89,225.79,165.42,0.323,1.07,0.58,11,6,92,,,23.22,54529553,N,,,,2461200.5,175.94,0.0194
"       (2025 JG2)",0.8849,0.2437,19.03,44.62,36.21,0.669,1.10,0.832,4,5,16,,,25.60,54529727,N,,,,2461200.5,238.02,0.0245
"       (2025 JH2)",0.9609,0.0823,10.47,50.87,18.52,0.882,1.04,0.942,13,5,27,,,27.05,54529811,N,,,,2461200.5,209.59,0.0251
"       (2025 KB1)",0.8819,0.1987,14.66,238.96,154.32,0.707,1.06,0.828,6,5,150,,,25.25,54532961,N,,,,2461200.5,314.90,0.0182
"       (2025 KR1)",0.9898,0.4882,20.19,73.19,294.84,0.507,1.47,0.985,6,7,33,,,24.65,54533096,N,,,,2461200.5,311.54,0.035
"       (2025 KS1)",0.8521,0.2487,4.49,241.97,211.46,0.640,1.06,0.787,2,5,184,,,26.72,54533098,N,,,,2461200.5,249.21,0.00111
"       (2025 KZ1)",0.7551,0.3924,11.85,63.11,11.66,0.459,1.05,0.656,5,7,32,,,27.20,54533158,N,,,,2461200.5,6.86,0.0208
"       (2025 KB2)",0.9744,0.1404,3.23,232.37,228.12,0.838,1.11,0.962,3,6,19,,,26.47,54533159,N,,,,2461200.5,160.65,0.019
"       (2025 KD4)",0.958,0.1750,6.97,219.53,218.84,0.790,1.13,0.938,13,6,23,,,24.67,54533420,N,,,,2461200.5,198.03,0.0455
"       (2025 KF4)",0.8372,0.2288,9.79,242.62,197.66,0.646,1.03,0.766,4,6,20,,,28.70,54533422,N,,,,2461200.5,283.14,0.00196
"       (2025 KP4)",0.8612,0.8606,9.51,72.20,5.47,0.120,1.60,0.799,4,9,28,,,22.61,54533500,N,,,,2460820.5,86.09,0.0561
"       (2025 KL14)",0.9256,0.3052,9.87,68.59,42.23,0.643,1.21,0.891,484,2,38,,,21.31,54534098,Y,,,,2461200.5,179.58,0.0366
"       (2025 LE)",0.8664,0.4127,11.52,242.77,227.03,0.509,1.22,0.806,2,7,17,,,25.42,54534236,N,,,,2461200.5,197.96,0.0054
"       (2025 LW)",0.9535,0.3325,4.58,254.51,237.50,0.636,1.27,0.931,17,6,48,,,24.93,54534706,N,,,,2461200.5,114.89,0.0042
"       (2025 MF)",0.9208,0.2067,8.85,261.83,223.12,0.730,1.11,0.884,1,7,13,,,27.23,54534778,N,,,,2461200.5,160.70,0.0154
"       (2025 MR)",0.7795,0.3238,20.30,270.10,186.97,0.527,1.03,0.688,11,6,78,,,24.56,54535062,N,,,,2461200.5,311.18,0.0119
"       (2025 MT1)",0.9443,0.1201,2.07,276.95,188.30,0.831,1.06,0.918,37,5,54,,,26.23,54535134,N,,,,2461200.5,180.54,0.0224
"       (2025 MX1)",0.7846,0.3264,5.21,268.96,164.83,0.529,1.04,0.695,2,7,16,,,28.89,54535135,N,,,,2461200.5,349.96,0.00393
"       (2025 MG89)",0.6583,0.6892,0.51,339.77,121.36,0.205,1.11,0.534,8,8,22,,,23.86,54537502,N,,,,2460850.5,158.97,0.00605
"       (2025 MR89)",0.8074,0.3624,7.74,274.24,210.62,0.515,1.10,0.725,27,6,81,,,26.33,54537539,N,,,,2461200.5,236.19,0.00123
"       (2025 MB90)",0.9924,0.1884,15.58,114.92,292.03,0.805,1.18,0.989,774,1,89,,,24.11,54537654,N,,,,2461200.5,230.72,0.011
"       (2025 MW91)",0.8868,0.4612,19.81,100.77,317.29,0.478,1.30,0.835,3,7,18,,,24.45,54537839,N,,,,2461200.5,316.17,0.0224
"       (2025 ML93)",0.928,0.4882,12.48,103.29,25.97,0.475,1.38,0.894,8,6,23,,,22.38,54538021,N,,,,2461200.5,150.31,0.0902
"       (2025 MZ93)",0.9169,0.1960,8.78,277.50,138.08,0.737,1.10,0.878,,7,16,,,27.68,54538189,N,,,,2461200.5,266.30,0.0107
"       (2025 MF96)",0.8979,0.3563,16.77,266.84,230.90,0.578,1.22,0.851,1,8,15,,,24.96,54539469,N,,,,2460857.5,103.66,0.00311
"       (2025 NL)",0.9694,0.0843,3.85,100.44,46.23,0.888,1.05,0.954,5,6,13,,,27.61,54537919,N,,,,2461200.5,119.23,0.0038
"       (2025 NT)",0.9908,0.2225,17.53,105.03,308.31,0.770,1.21,0.986,4,6,29,,,25.30,54537956,N,,,,2461200.5,231.41,0.0614
"       (2025 NU)",0.9768,0.1934,4.33,246.30,253.84,0.788,1.17,0.965,378,5,22,,,25.07,54537957,N,,,,2461200.5,111.65,0.0073
"       (2025 NH1)",0.8057,0.5306,4.79,102.92,324.18,0.378,1.23,0.723,,6,8,,,30.98,54538187,N,,,,2461200.5,8.98,8.59e-05
"       (2025 NV1)",0.9565,0.2015,19.66,294.78,169.54,0.764,1.15,0.936,5522,0,47,,,21.96,54538295,N,,,,2461200.5,191.14,0.126
"       (2025 OB)",0.7816,0.5121,14.44,295.72,147.46,0.381,1.18,0.691,3,5,22,,,25.99,54538305,N,,,,2461200.5,1.66,0.000855
"       (2025 OD)",0.8272,0.4470,26.72,293.38,212.24,0.457,1.20,0.752,3,7,38,,,23.54,54538307,N,,,,2461200.5,182.19,0.0354
"       (2025 OJ)",0.8398,0.5021,27.55,117.36,31.28,0.418,1.26,0.77,8,7,207,,,21.98,54538312,N,,,,2461200.5,160.60,0.0568
"       (2025 OK1)",0.8183,0.2660,10.44,122.48,9.77,0.601,1.04,0.74,7,6,154,,,25.26,54538391,N,,,,2461200.5,228.01,0.0135
"       (2025 OL1)",0.9452,0.1521,13.21,125.84,313.26,0.801,1.09,0.919,12,4,100,,,25.03,54538392,N,,,,2461200.5,218.56,0.0134
"       (2025 OX1)",0.8929,0.3459,11.06,266.89,219.42,0.584,1.20,0.844,3,8,19,,,22.97,54538529,N,,,,2460877.5,175.16,0.0292
"       (2025 OD2)",0.8664,0.2432,3.98,287.79,194.74,0.656,1.08,0.806,47,6,45,,,24.56,54538659,N,,,,2461200.5,208.66,0.0235
"       (2025 OT2)",0.801,0.3998,8.87,126.50,21.63,0.481,1.12,0.717,1,7,33,,,25.85,54538771,N,,,,2461200.5,205.66,0.0263
"       (2025 OA3)",0.9182,0.3424,19.96,130.71,308.30,0.604,1.23,0.88,8,7,30,,,24.89,54538775,N,,,,2461200.5,255.97,0.00982
"       (2025 OM4)",0.8619,0.2940,2.28,139.52,19.74,0.608,1.12,0.8,23,6,38,,,25.20,54538957,N,,,,2461200.5,154.67,0.0138
"       (2025 OQ9)",0.9649,0.4225,15.20,312.48,171.16,0.557,1.37,0.948,780,2,45,,,22.15,54539339,N,,,,2461200.5,154.28,0.198
"       (2025 OJ10)",0.9777,0.1810,8.25,313.29,123.29,0.801,1.15,0.967,18,5,60,,,25.58,54539451,N,,,,2461200.5,209.39,0.023
"       (2025 OY10)",0.9348,0.2667,4.91,129.45,302.59,0.685,1.18,0.904,2,5,18,,,27.90,54539459,N,,,,2461200.5,245.74,0.000389
"       (2025 OR12)",0.9195,0.4374,17.03,133.30,315.76,0.517,1.32,0.882,6,8,23,,,23.99,54539478,N,,,,2460889.5,263.81,0.0367
"       (2025 OU12)",0.8543,0.2325,2.35,305.32,161.08,0.656,1.05,0.79,14,6,24,,,28.61,54539481,N,,,,2461200.5,243.37,0.00694
"       (2025 OV12)",0.9924,0.3588,4.75,142.22,344.53,0.636,1.35,0.989,3,8,12,,,23.25,54539482,N,,,,2460886.5,190.02,0.0654
"       (2025 OW12)",0.9854,0.2901,3.83,87.89,2.70,0.700,1.27,0.978,3019,2,17,,,23.95,54539483,N,,,,2461200.5,199.54,0.0615
"       (2025 OE342)",0.9207,0.2521,2.36,311.87,163.41,0.689,1.15,0.883,10,8,11,,,25.54,54602298,N,,,,2460879.5,191.22,0.0257
"       (2025 PK)",0.9618,0.2401,16.86,127.56,328.45,0.731,1.19,0.943,11,6,17,,,24.62,54539572,N,,,,2461200.5,198.96,0.105
"       (2025 PL1)",0.9712,0.4203,15.11,149.99,307.05,0.563,1.38,0.957,19,6,20,,,23.56,54540033,N,,,,2461200.5,212.23,0.0293
"       (2025 PM1)",0.8498,0.2447,4.45,147.58,336.07,0.642,1.06,0.783,25,6,85,,,25.70,54540047,N,,,,2461200.5,223.90,0.00866
"       (2025 PF2)",0.9916,0.3674,5.78,322.14,245.30,0.627,1.36,0.987,1,6,27,,,30.13,54540493,N,,,,2461200.5,9.78,2.48e-05
"       (2025 QA)",0.8959,0.1510,14.13,323.60,191.86,0.761,1.03,0.848,10,6,106,,,26.50,54540702,N,,,,2461200.5,148.93,0.014
"       (2025 QC)",0.8421,0.2439,13.44,147.25,353.62,0.637,1.05,0.773,4,6,20,,,26.35,54540703,N,,,,2461200.5,201.88,0.0329
"       (2025 QN)",0.9516,0.2104,14.15,153.71,324.43,0.751,1.15,0.928,11,5,39,,,24.71,54541007,N,,,,2461200.5,175.99,0.0728
"       (2025 QX)",0.9863,0.1895,8.20,320.06,252.84,0.799,1.17,0.98,370,3,20,,,24.82,54541029,N,,,,2461200.5,25.98,0.00372
"       (2025 QC1)",0.9132,0.3154,7.31,151.58,308.64,0.625,1.20,0.873,9,5,28,,,26.12,54541094,N,,,,2461200.5,230.47,0.00496
"       (2025 QU2)",0.8846,0.3208,33.37,156.14,4.96,0.601,1.17,0.832,36,5,80,,,22.43,54541489,N,,,,2461200.5,139.82,0.155
"       (2025 QG4)",0.951,0.1625,7.39,326.75,235.24,0.796,1.11,0.927,2,5,21,,,28.58,54541710,N,,,,2461200.5,59.93,0.00503
"       (2025 QV4)",0.7822,0.5535,19.12,329.62,212.28,0.349,1.22,0.692,3,6,98,,,25.21,54541718,N,,,,2461200.5,150.73,0.00401
"       (2025 QV5)",0.9957,0.2164,3.46,337.19,109.65,0.780,1.21,0.994,9,3,65,1,1,27.44,54541878,N,,,,2461200.5,194.86,0.00376
"       (2025 QG7)",0.8386,0.5025,11.34,306.25,193.45,0.417,1.26,0.768,6,7,19,,,23.11,54542173,N,,,,2461200.5,219.53,0.0865
"       (2025 QR12)",0.9509,0.1477,9.82,165.58,39.81,0.810,1.09,0.927,43,3,172,,,23.81,54543073,N,,,,2461200.5,57.62,0.0328
"       (2025 QG16)",0.8004,0.4684,8.59,161.77,323.26,0.426,1.18,0.716,3,6,66,,,26.30,54543099,N,,,,2461200.5,280.63,0.00287
"       (2025 RB)",0.9501,0.1469,29.42,159.11,322.91,0.810,1.09,0.926,6,7,20,,,26.57,54543547,N,,,,2461200.5,166.57,0.0426
"       (2025 RU1)",0.9407,0.2376,7.43,160.38,301.55,0.717,1.16,0.912,3,4,17,,,27.77,54544767,N,,,,2461200.5,205.11,0.00214
"       (2025 RC2)",0.8231,0.6608,0.44,207.32,292.48,0.279,1.37,0.747,4,7,40,,,26.23,54544994,N,,,,2461200.5,273.36,0.00415
"       (2025 RL2)",0.8294,0.3769,4.92,176.56,320.48,0.517,1.14,0.755,6,6,154,,,26.00,54545001,N,,,,2461200.5,236.34,0.000485
"       (2025 RQ2)",0.9953,0.2084,21.57,350.10,254.01,0.788,1.20,0.993,1,7,22,,,26.62,54545007,N,,,,2461200.5,349.28,0.00276
"       (2025 RY2)",0.909,0.1299,7.27,346.96,174.67,0.791,1.03,0.867,9,7,19,,,26.36,54545150,N,,,,2461200.5,137.81,0.0188
"       (2025 RB3)",0.9351,0.1536,5.49,321.50,236.30,0.791,1.08,0.904,14,6,16,,,25.21,54545153,N,,,,2461200.5,76.13,0.00837
"       (2025 RE3)",0.948,0.2092,11.88,347.91,218.25,0.750,1.15,0.923,11,6,14,,,26.04,54545155,N,,,,2461200.5,54.75,0.0568
"       (2025 RB7)",0.9984,0.2929,16.68,323.93,225.38,0.706,1.29,0.998,2,9,9,,,23.26,54546131,N,,,,2460933.5,147.52,0.093
"       (2025 RL7)",0.8683,0.4100,24.85,176.86,317.72,0.512,1.22,0.809,5,7,16,,,25.84,54546133,N,,,,2461200.5,218.79,0.0233
"       (2025 SO1)",0.7866,0.4753,5.61,350.81,154.50,0.413,1.16,0.698,3,6,109,,,25.43,54546137,N,,,,2461200.5,261.02,0.0143
"       (2025 SY1)",0.9437,0.2463,3.95,176.65,298.14,0.711,1.18,0.917,1,5,63,,,31.65,54546404,N,,,,2461200.5,190.84,0.000614
"       (2025 SW3)",0.9007,0.1832,14.68,357.59,192.27,0.736,1.07,0.855,11,6,44,,,25.64,54546623,N,,,,2461200.5,103.29,0.0536
"       (2025 SX3)",0.6791,0.5734,15.89,173.19,4.88,0.290,1.07,0.56,9,8,35,,,24.06,54546624,N,,,,2460938.5,180.67,0.0464
"       (2025 SN4)",0.8281,0.2695,18.09,178.52,28.24,0.605,1.05,0.754,10,6,28,,,25.66,54546910,N,,,,2461200.5,114.95,0.00223
"       (2025 SQ4)",0.7131,0.4335,6.88,176.81,11.02,0.404,1.02,0.602,27,6,22,,,26.35,54546911,N,,,,2461200.5,224.84,0.00184
"       (2025 SU4)",0.9705,0.2509,1.64,1.43,111.58,0.727,1.21,0.956,1,5,30,,,31.83,54546914,N,,,,2461200.5,182.23,0.000178
"       (2025 SA5)",0.8392,0.2549,6.80,181.31,4.69,0.625,1.05,0.769,18,7,35,,,26.05,54546919,N,,,,2461200.5,143.80,0.0398
"       (2025 SM6)",0.7789,0.3654,25.51,1.56,204.13,0.494,1.06,0.687,2,6,67,,,26.40,54547363,N,,,,2461200.5,142.61,0.00782
"       (2025 SJ7)",0.8731,0.3664,6.69,10.09,144.93,0.553,1.19,0.816,19,7,39,,,23.73,54547373,N,,,,2461200.5,181.98,0.0261
"       (2025 SL7)",0.934,0.1371,4.30,176.16,16.11,0.806,1.06,0.903,5,7,27,,,26.60,54547375,N,,,,2461200.5,86.45,0.033
"       (2025 SS7)",0.9102,0.2069,2.25,2.62,129.97,0.722,1.10,0.868,2,5,35,,,30.07,54547380,N,,,,2461200.5,181.07,0.000391
"       (2025 SX10)",0.8958,0.1520,3.57,359.85,163.17,0.760,1.03,0.848,11,6,39,,,27.90,54547734,N,,,,2461200.5,144.33,0.0157
"       (2025 SQ14)",0.9256,0.3739,1.36,278.99,231.55,0.580,1.27,0.891,9,7,21,,,25.36,54548207,N,,,,2461200.5,164.19,0.00131
"       (2025 SP15)",0.8109,0.3735,2.59,46.73,115.40,0.508,1.11,0.73,17,7,21,,,24.91,54548507,N,,,,2461200.5,209.36,0.0212
"       (2025 SZ20)",0.9416,0.2486,13.07,0.93,228.63,0.708,1.18,0.914,10,6,31,,,25.98,54548710,N,,,,2461200.5,26.78,0.0355
"       (2025 SK22)",0.8683,0.2979,6.54,358.59,224.25,0.610,1.13,0.809,19,7,32,,,26.30,54549114,N,,,,2461200.5,66.72,0.000493
"       (2025 SL22)",0.9017,0.1776,2.74,359.63,222.31,0.742,1.06,0.856,4,6,19,,,28.66,54549115,N,,,,2461200.5,61.54,0.000307
"       (2025 SC29)",0.9733,0.2680,3.72,187.80,304.31,0.712,1.23,0.96,2,7,21,,,26.50,54549681,N,,,,2461200.5,161.12,0.0148
"       (2025 TM)",0.971,0.4281,32.70,193.95,41.77,0.555,1.39,0.957,13,8,24,,,23.90,54550503,N,,,,2460950.5,85.33,0.123
"       (2025 TO)",0.948,0.2358,4.09,189.21,299.34,0.724,1.17,0.923,1,6,22,,,28.05,54550507,N,,,,2461200.5,173.37,0.00329
"       (2025 TU1)",0.7947,0.3529,2.12,22.44,148.32,0.514,1.08,0.708,12,7,37,,,26.52,54550581,N,,,,2461200.5,205.49,0.000435
"       (2025 TY1)",0.9779,0.2899,35.12,12.36,236.09,0.694,1.26,0.967,12,8,44,,,22.97,54551096,N,,,,2460952.5,96.55,0.0603
"       (2025 TQ2)",0.8471,0.4454,4.69,189.52,316.14,0.470,1.22,0.78,,6,23,,,30.55,54551101,N,,,,2461200.5,224.33,0.000219
"       (2025 TQ10)",0.8361,0.2525,11.58,209.51,328.49,0.625,1.05,0.765,8,7,97,,,24.49,54553155,N,,,,2461200.5,162.59,0.00156
"       (2025 TV10)",0.7144,0.4119,0.89,290.26,274.50,0.420,1.01,0.604,15,7,58,,,25.07,54553158,N,,,,2461200.5,202.53,0.0148
"       (2025 TN14)",0.841,0.2920,19.49,188.02,335.93,0.595,1.09,0.771,1,7,15,,,26.29,54554171,N,,,,2461200.5,182.36,0.0425
"       (2025 TS14)",0.8714,0.1574,0.77,199.85,341.32,0.734,1.01,0.814,1,6,12,,,30.04,54554178,N,,,,2461200.5,134.27,9.27e-05
"       (2025 UA)",0.8311,0.2322,1.15,210.77,345.19,0.638,1.02,0.758,12,6,46,,,27.48,54553172,N,,,,2461200.5,136.67,0.00397
"       (2025 UU)",0.9932,0.2922,18.99,210.71,289.61,0.703,1.28,0.99,7,7,56,,,25.74,54553571,N,,,,2461200.5,150.38,0.00885
"       (2025 UC1)",0.8931,0.1456,3.07,19.84,172.01,0.763,1.02,0.844,4,7,25,,,28.14,54553578,N,,,,2461200.5,109.62,0.0207
"       (2025 UP1)",0.939,0.1822,11.03,23.97,137.52,0.768,1.11,0.91,6,6,26,,,27.29,54553667,N,,,,2461200.5,132.00,0.0418
"       (2025 UV1)",0.96,0.4033,6.35,30.04,117.35,0.573,1.35,0.941,3,6,27,,,26.08,54553905,N,,,,2461200.5,167.47,0.00216
"       (2025 UP2)",0.9467,0.1309,2.04,201.88,311.86,0.823,1.07,0.921,6,6,25,,,28.74,54553927,N,,,,2461200.5,133.31,0.00726
"       (2025 UQ2)",0.8937,0.2305,7.07,24.07,196.22,0.688,1.10,0.845,10,7,36,,,25.30,54553928,N,,,,2461200.5,68.13,0.0555
"       (2025 UD3)",0.8875,0.2375,4.77,212.47,311.31,0.677,1.10,0.836,7,6,39,,,28.54,54553942,N,,,,2461200.5,157.72,0.000707
"       (2025 UE3)",0.9782,0.1253,27.54,26.61,199.29,0.856,1.10,0.967,5,8,24,,,25.46,54553943,N,,,,2460968.5,153.91,0.0952
"       (2025 UA5)",0.9428,0.1179,7.69,29.21,233.29,0.832,1.05,0.915,3,5,60,,,28.42,54554260,N,,,,2461200.5,2.08,0.00331
"       (2025 UB5)",0.977,0.3378,23.51,211.37,307.31,0.647,1.31,0.966,307,2,57,,,21.78,54554261,N,,,,2461200.5,117.80,0.0703
"       (2025 UD5)",0.9434,0.0666,5.55,34.00,150.04,0.881,1.01,0.916,20,3,52,,,26.16,54554262,N,,,,2461200.5,95.76,0.00234
"       (2025 UJ5)",0.8752,0.1507,3.82,30.95,176.09,0.743,1.01,0.819,10,6,60,,,28.00,54554467,N,,,,2461200.5,99.28,0.0115
"       (2025 UT5)",0.8685,0.1471,2.06,216.56,354.03,0.741,1.00,0.809,16,4,99,,,26.95,54554474,N,,,,2461200.5,97.40,0.00159
"       (2025 UM7)",0.9906,0.0369,28.59,32.88,247.51,0.954,1.03,0.986,1,7,37,,,27.11,54554759,N,,,,2461200.5,333.79,0.0087
"       (2025 UN7)",0.785,0.4052,8.62,9.89,216.90,0.467,1.10,0.696,9,8,16,,,26.16,54554760,N,,,,2460973.5,140.72,0.0116
"       (2025 UZ7)",0.9224,0.2717,2.07,35.21,237.50,0.672,1.17,0.886,3,4,38,,,29.64,54554906,N,,,,2461200.5,341.54,0.00074
"       (2025 UO8)",0.907,0.1576,12.28,38.36,156.29,0.764,1.05,0.864,30,6,29,,,25.21,54554918,N,,,,2461200.5,105.58,0.0386
"       (2025 UO9)",0.7493,0.3657,4.65,216.64,8.46,0.475,1.02,0.649,21,7,44,,,26.88,54555163,N,,,,2461200.5,140.01,0.0119
"       (2025 UR9)",0.9635,0.1389,7.02,212.41,50.26,0.830,1.10,0.946,3,6,32,,,26.52,54555166,N,,,,2461200.5,353.14,0.0275
"       (2025 UU9)",0.912,0.1447,6.58,213.09,341.43,0.780,1.04,0.871,22,6,35,,,27.04,54555169,N,,,,2461200.5,100.25,0.0368
"       (2025 UC11)",0.9462,0.0511,5.09,35.88,195.52,0.898,0.99,0.92,,4,41,,,34.06,54555306,N,,,,2461200.5,41.10,0.00112
"       (2025 UG11)",0.9313,0.1212,9.34,216.85,46.73,0.818,1.04,0.899,1,5,43,,,28.44,54555307,N,,,,2461200.5,5.46,0.006
"       (2025 UL17)",0.9277,0.2524,10.42,49.71,114.27,0.694,1.16,0.894,2,6,18,,,24.99,54555754,N,,,,2461200.5,144.68,0.0127
"       (2025 UX18)",0.9303,0.1986,6.83,216.57,59.67,0.745,1.12,0.897,1,6,18,,,30.33,54556384,N,,,,2461200.5,342.95,0.000189
"       (2025 UF19)",0.9688,0.5781,17.18,216.55,48.28,0.409,1.53,0.954,1,8,26,,,25.62,54556388,N,,,,2460979.5,64.36,0.0205
"       (2025 VN)",0.9937,0.2991,12.92,45.47,106.90,0.697,1.29,0.991,,5,46,,,27.94,54560222,N,,,,2461200.5,139.61,0.000163
"       (2025 VO)",0.8301,0.2463,22.54,43.05,205.79,0.626,1.03,0.756,1,6,16,,,26.23,54560902,N,,,,2461200.5,59.78,0.00927
"       (2025 VT)",0.8351,0.2171,6.36,227.44,11.45,0.654,1.02,0.763,24,6,78,,,25.61,54561039,N,,,,2461200.5,76.14,0.0161
"       (2025 VX)",0.8594,0.2549,2.53,52.30,134.23,0.640,1.08,0.797,,6,31,,,27.01,54561043,N,,,,2461200.5,144.28,0.0026
"       (2025 VE1)",0.881,0.1687,13.10,44.89,169.03,0.732,1.03,0.827,23,7,21,,,25.02,54561139,N,,,,2461200.5,86.16,0.0341
"       (2025 VR1)",0.9899,0.2635,3.90,226.77,290.30,0.729,1.25,0.985,2,6,23,,,27.34,54561369,N,,,,2461200.5,132.27,0.00566
"       (2025 VU1)",0.7629,0.3965,17.71,229.12,15.42,0.460,1.07,0.666,12,7,22,,,25.28,54561372,N,,,,2461200.5,94.98,0.0413
"       (2025 VA2)",0.9642,0.1829,5.83,46.09,116.30,0.788,1.14,0.947,2,5,26,,,28.12,54561377,N,,,,2461200.5,124.82,0.0118
"       (2025 VS2)",0.9848,0.2085,5.13,50.51,104.45,0.780,1.19,0.977,2,5,29,,,29.93,54561507,N,,,,2461200.5,129.14,0.00151
"       (2025 VV2)",0.7363,0.4163,7.55,33.67,205.86,0.430,1.04,0.632,13,8,30,,,25.43,54561515,N,,,,2460990.5,152.19,0.00858
"       (2025 VX2)",0.9459,0.1766,17.00,45.27,159.79,0.779,1.11,0.92,14,6,21,,,25.19,54561513,N,,,,2461200.5,77.20,0.104
"       (2025 VU3)",0.9754,0.1646,11.60,231.15,69.28,0.815,1.14,0.963,,6,20,,,27.34,54561647,N,,,,2461200.5,304.22,0.0132
"       (2025 VU4)",0.8722,0.2136,7.11,50.64,215.14,0.686,1.06,0.815,3,7,18,,,27.99,54561688,N,,,,2461200.5,19.53,0.0108
"       (2025 VD5)",0.7496,0.3513,21.62,233.83,342.18,0.486,1.01,0.649,5,7,36,,,24.14,54561769,N,,,,2461200.5,161.31,0.0021
"       (2025 VF5)",0.8765,0.2944,2.96,64.12,127.15,0.618,1.13,0.821,11,5,52,,,26.92,54561771,N,,,,2461200.5,136.22,0.00251
"       (2025 VM5)",0.9326,0.1656,1.46,254.35,284.66,0.778,1.09,0.901,6,5,57,,,26.98,54561777,N,,,,2461200.5,115.67,0.00654
"       (2025 VF6)",0.921,0.2861,6.22,49.28,239.40,0.657,1.18,0.884,2,6,17,,,27.79,54561785,N,,,,2461200.5,322.22,0.000303
"       (2025 WK)",0.9696,0.0508,9.15,235.49,13.15,0.920,1.02,0.955,11,5,37,,,27.05,54562178,N,,,,2461200.5,14.99,0.0281
"       (2025 WO)",0.8533,0.3082,2.52,60.16,219.66,0.590,1.12,0.788,6,6,41,,,27.44,54562544,N,,,,2461200.5,0.73,0.00368
"       (2025 WU)",0.8388,0.4039,24.78,59.66,138.47,0.500,1.18,0.768,1,6,59,,,26.96,54562674,N,,,,2461200.5,155.52,0.0134
"       (2025 WN1)",0.8886,0.1344,2.65,95.78,137.54,0.769,1.01,0.838,31,5,74,,,24.50,54562763,N,,,,2461200.5,62.66,0.00687
"       (2025 WB2)",0.803,0.2922,4.31,244.10,332.09,0.568,1.04,0.72,2,7,28,,,27.11,54562948,N,,,,2461200.5,132.31,0.001
"       (2025 WY2)",0.7595,0.3537,8.47,65.89,176.39,0.491,1.03,0.662,15,7,34,,,26.20,54563248,N,,,,2461200.5,113.04,0.0372
"       (2025 WY3)",0.8976,0.4994,3.99,243.81,47.51,0.449,1.35,0.85,1,7,12,,,28.69,54563273,N,,,,2461200.5,303.14,0.00355
"       (2025 WK5)",0.9725,0.1457,9.81,63.65,110.94,0.831,1.11,0.959,3,5,33,,,28.23,54563487,N,,,,2461200.5,105.60,0.0132
"       (2025 WK6)",0.8769,0.4561,9.33,244.26,312.59,0.477,1.28,0.821,2,6,36,,,27.70,54563912,N,,,,2461200.5,149.44,0.0054
"       (2025 WR7)",0.959,0.0830,2.86,242.72,64.84,0.879,1.04,0.939,3,5,48,,,29.77,54564110,N,,,,2461200.5,311.99,0.000124
"       (2025 WU9)",0.8601,0.2287,4.79,248.97,319.04,0.663,1.06,0.798,4,6,65,,,28.26,54564352,N,,,,2461200.5,114.55,0.000576
"       (2025 WZ9)",0.8015,0.4542,27.49,54.49,232.42,0.437,1.17,0.718,1915,2,51,,,20.70,54564358,N,,,,2461200.5,21.18,0.0766
"       (2025 WA10)",0.7832,0.3079,12.03,63.91,181.51,0.542,1.02,0.693,3,8,26,,,25.85,54564356,N,,,,2461008.5,183.55,0.0368
"       (2025 WD10)",0.8113,0.3133,0.06,237.94,343.99,0.557,1.07,0.731,18,6,64,,,26.67,54564360,N,,,,2461200.5,123.55,0.000272
"       (2025 WE10)",0.9871,0.0920,5.68,248.71,75.76,0.896,1.08,0.981,19,4,42,,,27.38,54564361,N,,,,2461200.5,285.51,0.0104
"       (2025 WN13)",0.817,0.5513,3.24,57.58,224.01,0.367,1.27,0.739,2,7,17,,,26.54,54564649,N,,,,2461200.5,347.21,0.00425
"       (2025 WA14)",0.7737,0.4217,2.03,21.82,212.12,0.447,1.10,0.681,25,6,72,,,24.92,54564660,N,,,,2461200.5,133.01,0.000865
"       (2025 WC16)",0.8861,0.2228,25.94,68.85,149.27,0.689,1.08,0.834,9,7,36,,,25.41,54564808,N,,,,2461200.5,90.58,0.0524
"       (2025 XP)",0.9122,0.4223,3.87,259.51,50.25,0.527,1.30,0.871,4,6,61,,,27.29,54565838,N,,,,2461200.5,285.91,0.00602
"       (2025 XS)",0.9863,0.0693,31.32,77.20,208.27,0.918,1.05,0.98,8,8,40,,,23.93,54565944,N,,,,2461019.5,149.43,0.0603
"       (2025 XY)",0.7854,0.3403,4.93,254.72,25.90,0.518,1.05,0.696,3,7,47,,,27.34,54565949,N,,,,2461200.5,33.33,0.00528
"       (2025 XH2)",0.9193,0.0966,15.90,78.10,156.91,0.830,1.01,0.881,4,5,31,,,25.77,54566218,N,,,,2461200.5,48.56,0.0142
"       (2025 XL2)",0.8,0.2588,3.69,262.16,7.22,0.593,1.01,0.716,11,7,47,,,27.36,54566222,N,,,,2461200.5,50.05,0.0124
"       (2025 XP2)",0.8823,0.1374,7.51,256.88,0.41,0.761,1.00,0.829,10,6,43,,,27.76,54566227,N,,,,2461200.5,36.24,0.0181
"       (2025 XQ2)",0.9098,0.3695,3.95,259.73,49.94,0.574,1.25,0.868,3,7,26,,,26.36,54566226,N,,,,2461200.5,292.16,0.00788
"       (2025 XN3)",0.654,0.5512,15.85,260.90,5.42,0.294,1.01,0.529,1,8,23,,,27.66,54566442,N,,,,2461021.5,161.08,0.0215
"       (2025 XS3)",0.9394,0.1791,14.70,81.70,116.73,0.771,1.11,0.911,,5,34,,,30.09,54566447,N,,,,2461200.5,94.45,0.00354
"       (2025 XX3)",0.7904,0.2578,9.86,259.69,359.48,0.587,0.99,0.703,3,7,23,,,28.58,54566452,N,,,,2461200.5,72.18,0.00915
"       (2025 XL4)",0.9392,0.3143,1.02,73.22,248.43,0.644,1.23,0.91,1,6,16,,,30.21,54566726,N,,,,2461200.5,276.57,0.00159
"       (2025 XU4)",0.9276,0.1750,2.17,133.82,170.13,0.765,1.09,0.893,13,6,16,,,26.30,54566735,N,,,,2461200.5,318.34,0.0271
"       (2025 XW5)",0.7303,0.4271,18.31,261.93,22.49,0.418,1.04,0.624,9,7,25,,,26.91,54567033,N,,,,2461200.5,50.80,0.0012
"       (2025 XY5)",0.9331,0.1975,10.35,268.92,343.81,0.749,1.12,0.901,60,4,54,,,23.58,54567035,N,,,,2461200.5,35.02,0.104
"       (2025 XL6)",0.9045,0.2884,3.29,74.69,239.41,0.644,1.17,0.86,4,5,25,,,27.72,54567259,N,,,,2461200.5,300.00,0.00268
"       (2025 XN6)",0.9978,0.4036,2.98,262.08,66.88,0.595,1.40,0.997,8,6,21,,,29.20,54567261,N,,,,2461200.5,240.70,0.000963
"       (2025 YN)",0.6298,0.6323,10.20,81.27,185.52,0.232,1.03,0.5,7,8,37,,,26.16,54567816,N,,,,2461028.5,180.15,0.0201
"       (2025 YU)",0.949,0.2478,12.13,87.44,118.53,0.714,1.18,0.924,10,6,37,,,25.78,54568213,N,,,,2461200.5,89.72,0.0169
"       (2025 YW)",0.9553,0.4583,5.50,85.38,239.72,0.517,1.39,0.934,2,7,51,,,26.65,54568216,N,,,,2461200.5,250.98,0.000599
"       (2025 YR1)",0.9655,0.1671,2.99,309.66,286.62,0.804,1.13,0.949,36,4,52,,,25.29,54568428,N,,,,2461200.5,44.41,0.000165
"       (2025 YL2)",0.9773,0.5172,18.58,241.13,319.83,0.472,1.48,0.966,3,9,17,,,22.60,54568735,N,,,,2461028.5,280.74,0.0877
"       (2025 YQ2)",0.8381,0.2325,3.37,268.80,31.44,0.643,1.03,0.767,2,6,42,,,29.82,54568741,N,,,,2461200.5,350.66,0.00172
"       (2025 YW2)",0.9804,0.2281,4.39,254.03,350.07,0.757,1.20,0.971,53,3,39,,,24.21,54568744,N,,,,2461200.5,36.92,0.0683
"       (2025 YC3)",0.8541,0.1739,23.61,270.78,331.98,0.706,1.00,0.789,8,5,36,,,23.06,54569027,N,,,,2461200.5,66.74,0.00534
"       (2025 YS3)",0.9676,0.3625,18.76,90.50,244.18,0.617,1.32,0.952,1,7,26,,,26.99,54569382,N,,,,2461200.5,248.61,0.00884
"       (2025 YD4)",0.9937,0.2459,36.32,273.81,283.11,0.749,1.24,0.991,6,7,42,,,24.18,54569577,N,,,,2461200.5,90.23,0.00453
"       (2025 YE4)",0.8549,0.2753,26.50,89.42,145.29,0.620,1.09,0.79,3,7,19,,,26.35,54569578,N,,,,2461200.5,87.28,0.0337
"       (2025 YM4)",0.9433,0.2757,21.06,272.78,319.06,0.683,1.20,0.916,3,8,13,,,25.41,54569585,N,,,,2461031.5,245.52,0.0954
"       (2025 YQ4)",0.9731,0.2740,2.87,285.70,45.40,0.706,1.24,0.96,6,6,28,,,25.70,54569588,N,,,,2461200.5,264.38,0.0216
"       (2025 YZ4)",0.9445,0.3160,7.24,92.12,122.68,0.646,1.24,0.918,19,6,138,,,24.75,54569944,N,,,,2461200.5,91.11,0.0148
"       (2025 YM5)",0.7516,0.4895,31.71,91.72,201.76,0.384,1.12,0.652,4,6,17,,,24.21,54570434,N,,,,2461200.5,28.80,0.0524
"       (2025 YN5)",0.9694,0.1534,10.09,90.74,252.42,0.821,1.12,0.954,5,5,34,,,26.69,54570435,N,,,,2461200.5,263.61,0.00635
"       (2025 YU5)",0.8606,0.2240,11.03,277.77,323.32,0.668,1.05,0.798,4,7,29,,,27.08,54570440,N,,,,2461200.5,73.06,0.00961
"       (2025 YM6)",0.8809,0.2488,8.56,278.61,320.85,0.662,1.10,0.827,20,6,25,,,26.38,54570883,N,,,,2461200.5,71.32,0.0232
"       (2025 YM7)",0.9474,0.4673,15.56,302.95,314.03,0.505,1.39,0.922,4004,0,27,,,22.74,54571051,N,,,,2461200.5,47.66,0.0493
"       (2025 YQ7)",0.8812,0.2682,5.13,96.37,137.21,0.645,1.12,0.827,4,6,60,,,26.43,54571055,N,,,,2461200.5,82.20,0.012
"       (2025 YQ9)",0.9829,0.1450,21.23,105.49,156.21,0.840,1.13,0.974,19,6,22,,,23.99,54571240,N,,,,2461200.5,2.23,0.123
"       (2025 YS9)",0.9685,0.2937,13.94,98.55,115.44,0.684,1.25,0.953,3,7,30,,,26.26,54571301,N,,,,2461200.5,83.76,0.018
"       (2026 AD)",0.9242,0.1749,16.32,284.92,329.71,0.763,1.09,0.888,11,6,29,,,24.00,54574840,N,,,,2461200.5,26.08,0.0663
"       (2026 AL)",0.9493,0.1433,5.88,102.11,143.13,0.813,1.09,0.925,13,5,50,,,24.93,54574880,N,,,,2461200.5,37.35,0.0427
"       (2026 AW)",0.8014,0.2504,21.58,110.45,183.30,0.601,1.00,0.717,2,7,35,,,27.14,54575124,N,,,,2461200.5,19.42,0.0179
"       (2026 AX)",0.9011,0.1168,4.58,290.39,338.54,0.796,1.01,0.855,9,6,53,,,26.89,54575228,N,,,,2461200.5,19.14,0.0112
"       (2026 AX1)",0.9725,0.2985,24.07,292.01,291.85,0.682,1.26,0.959,7,7,85,,,25.10,54575655,N,,,,2461200.5,72.56,0.0102
"       (2026 AY1)",0.9628,0.1069,8.79,111.14,115.82,0.860,1.07,0.945,4,4,39,,,27.49,54575656,N,,,,2461200.5,50.13,0.0121
"       (2026 AD2)",0.9483,0.1572,0.82,166.44,163.71,0.799,1.10,0.923,28,6,28,,,26.18,54575759,N,,,,2461200.5,287.51,0.00978
"       (2026 AF2)",0.8614,0.2271,12.82,294.01,31.02,0.666,1.06,0.799,9,7,26,,,26.78,54575756,N,,,,2461200.5,311.73,0.0252
"       (2026 AG2)",0.9224,0.3790,2.65,294.33,317.23,0.573,1.27,0.886,16,6,28,,,25.15,54575757,N,,,,2461200.5,66.15,0.0122
"       (2026 AW2)",0.9925,0.0675,23.01,293.63,74.96,0.926,1.06,0.989,24,6,116,,,24.31,54576077,N,,,,2461200.5,242.55,0.0216
"       (2026 AO4)",0.792,0.3690,24.83,113.39,155.15,0.500,1.08,0.705,3,6,33,,,25.26,54576456,N,,,,2461200.5,76.57,0.0385
"       (2026 AF5)",0.8728,0.2984,5.44,38.21,265.86,0.612,1.13,0.815,70,4,87,,,22.27,54576469,N,,,,2461200.5,345.53,0.0532
"       (2026 AG5)",0.8977,0.2040,9.79,112.59,227.89,0.715,1.08,0.851,7,5,40,,,27.77,54576471,N,,,,2461200.5,283.27,0.00901
"       (2026 BB)",0.8741,0.2691,2.97,115.39,132.48,0.639,1.11,0.817,1,5,42,,,29.69,54576474,N,,,,2461200.5,67.65,0.00147
"       (2026 BX1)",0.9864,0.4288,5.35,306.75,32.24,0.563,1.41,0.98,2,8,26,,,24.39,54577085,N,,,,2461059.5,95.81,0.0492
"       (2026 BD3)",0.949,0.0954,4.55,117.92,230.23,0.858,1.04,0.925,2,6,20,,,29.61,54577111,N,,,,2461200.5,271.86,0.0124
"       (2026 BQ4)",0.6834,0.5199,12.87,126.57,189.02,0.328,1.04,0.565,20,7,70,,,24.30,54577820,N,,,,2461200.5,24.28,0.0289
"       (2026 BG5)",0.9312,0.5451,5.51,307.55,315.86,0.424,1.44,0.899,28,6,45,,,23.89,54579176,N,,,,2461200.5,64.70,0.0127
"       (2026 BJ5)",0.9656,0.0817,5.59,112.87,243.85,0.887,1.04,0.949,9,5,27,,,28.36,54579175,N,,,,2461200.5,259.92,0.0089
"       (2026 BN5)",0.7987,0.2684,16.15,303.50,19.56,0.584,1.01,0.714,1,7,12,,,28.27,54579180,N,,,,2461200.5,335.75,0.00712
"       (2026 BV5)",0.8025,0.3405,17.88,123.09,211.99,0.529,1.08,0.719,7,7,24,,,24.49,54579248,N,,,,2461200.5,311.44,0.0101
"       (2026 BZ5)",0.9806,0.0613,2.67,297.36,278.70,0.920,1.04,0.971,1,4,21,,,32.00,54579252,N,,,,2461200.5,52.60,0.00121
"       (2026 BD6)",0.9918,0.3364,22.17,119.41,251.13,0.658,1.33,0.988,,7,17,,,28.96,54579269,N,,,,2461200.5,209.84,0.00212
"       (2026 BS7)",0.9387,0.3446,0.49,204.10,48.93,0.615,1.26,0.909,1,7,25,,,26.55,54579527,N,,,,2461200.5,55.82,0.00168
"       (2026 BT7)",0.7679,0.3983,21.17,128.98,185.30,0.462,1.07,0.673,19,7,26,,,23.82,54579528,N,,,,2461200.5,11.19,0.084
"       (2026 CQ)",0.9363,0.0749,1.83,136.36,196.75,0.866,1.01,0.906,3,6,25,,,28.94,54597126,N,,,,2461200.5,294.77,0.0126
"       (2026 CM1)",0.8398,0.2685,3.53,143.89,211.64,0.614,1.07,0.77,14,6,65,,,26.37,54597155,N,,,,2461200.5,277.94,0.00709
"       (2026 CW1)",0.9046,0.5835,9.09,322.88,312.99,0.377,1.43,0.86,2,8,20,,,27.04,54601991,N,,,,2461082.5,291.88,0.00077
"       (2026 CE2)",0.975,0.2856,13.96,324.82,68.17,0.697,1.25,0.963,7,6,31,,,27.55,54602551,N,,,,2461200.5,197.33,0.00926
"       (2026 CH2)",0.9201,0.2408,0.12,300.89,319.52,0.699,1.14,0.883,,4,21,,,30.06,54602552,N,,,,2461200.5,39.46,0.00065
"       (2026 CW2)",0.9037,0.2624,9.54,324.57,319.42,0.667,1.14,0.859,9,6,29,,,25.39,54602700,N,,,,2461200.5,17.10,0.0352
"       (2026 CA3)",0.9884,0.3989,22.90,142.95,152.21,0.594,1.38,0.983,23,6,27,,,22.65,54602703,N,,,,2461200.5,346.14,0.2
"       (2026 CB3)",0.9701,0.2501,8.25,329.71,305.62,0.727,1.21,0.955,11,6,29,,,25.14,54602704,N,,,,2461200.5,16.33,0.0356
"       (2026 CC3)",0.9495,0.0579,1.58,336.86,355.57,0.895,1.00,0.925,33,4,133,,,27.71,54602705,N,,,,2461200.5,295.35,0.0102
"       (2026 CG3)",0.8319,0.2055,21.70,144.14,189.82,0.661,1.00,0.759,2,6,33,,,27.70,54602790,N,,,,2461200.5,315.54,0.0117
"       (2026 CJ3)",0.8834,0.3406,2.19,167.93,202.17,0.582,1.18,0.83,9,6,26,,,26.09,54602792,N,,,,2461200.5,238.03,0.0188
"       (2026 CS3)",0.753,0.3602,8.91,142.35,174.06,0.482,1.02,0.653,3,8,18,,,26.92,54602800,N,,,,2461086.5,198.82,0.0286
"       (2026 CW3)",0.8286,0.2364,11.15,144.46,202.00,0.633,1.02,0.754,7,6,59,,,26.78,54602804,N,,,,2461200.5,296.71,0.0127
"       (2026 CO4)",0.9199,0.1558,38.86,325.92,333.34,0.777,1.06,0.882,2601,0,150,,,20.62,54602970,N,,,,2461200.5,332.46,0.0546
"       (2026 CT4)",0.9626,0.5105,13.73,129.58,161.67,0.471,1.45,0.944,9,8,17,,,23.50,54602980,N,,,,2461088.5,268.39,0.141
"       (2026 CX17)",0.9321,0.2086,3.70,139.47,119.46,0.738,1.13,0.9,1,6,13,,,29.98,54604363,N,,,,2461200.5,34.68,0.00202
"       (2026 DA)",0.7631,0.4078,6.93,145.95,207.47,0.452,1.07,0.667,7,7,23,,,28.09,54602813,N,,,,2461200.5,292.15,0.00357
"       (2026 DN)",0.783,0.5062,10.63,146.76,214.27,0.387,1.18,0.693,8,6,73,,,26.43,54602972,N,,,,2461200.5,259.55,0.00475
"       (2026 DO)",0.8704,0.1642,9.26,148.40,202.31,0.728,1.01,0.812,7,6,90,,,27.66,54602973,N,,,,2461200.5,284.92,0.00985
"       (2026 DX)",0.7877,0.2942,6.68,144.80,181.50,0.556,1.02,0.699,7,7,22,,,26.82,54603177,N,,,,2461200.5,342.76,0.0318
"       (2026 DC3)",0.955,0.1272,30.46,335.26,317.96,0.833,1.08,0.933,22,7,65,,,22.58,54603321,N,,,,2461200.5,345.99,0.047
"       (2026 DL5)",0.7767,0.3338,3.64,149.79,162.09,0.517,1.04,0.685,1,7,48,,,27.10,54603656,N,,,,2461200.5,12.84,0.00735
"       (2026 DN5)",0.8779,0.2841,0.34,154.76,228.49,0.628,1.13,0.823,,6,21,,,30.91,54603880,N,,,,2461200.5,229.40,0.000127
"       (2026 DT5)",0.883,0.3248,2.30,339.37,304.78,0.596,1.17,0.83,1,5,32,,,28.52,54603962,N,,,,2461200.5,29.28,0.0025
"       (2026 DP6)",0.8188,0.3962,2.12,144.16,154.67,0.494,1.14,0.741,3,6,27,,,27.37,54603965,N,,,,2461200.5,31.43,0.00929
"       (2026 DT8)",0.8679,0.1877,6.90,334.91,348.12,0.705,1.03,0.809,2,7,22,,,27.17,54604136,N,,,,2461200.5,326.08,0.0305
"       (2026 DQ10)",0.9338,0.4145,1.49,176.42,108.03,0.547,1.32,0.902,5,7,23,,,25.73,54604290,N,,,,2461200.5,32.11,0.00624
"       (2026 DY10)",0.769,0.4406,6.62,125.53,206.65,0.430,1.11,0.674,2,9,14,,,24.90,54604298,N,,,,2461097.5,193.89,0.0116
"       (2026 DM14)",0.7732,0.3707,24.04,341.04,336.81,0.487,1.06,0.68,3,7,64,,,25.02,54604384,N,,,,2461200.5,7.67,0.0179
"       (2026 EA)",0.9444,0.1870,12.60,161.57,237.37,0.768,1.12,0.918,45,3,160,,,23.69,54604539,N,,,,2461200.5,210.74,0.018
"       (2026 EC)",0.9168,0.4746,19.80,344.00,44.60,0.482,1.35,0.878,2581,1,171,,,22.79,54605664,N,,,,2461200.5,188.94,0.0441
"       (2026 EO)",0.726,0.4322,10.17,350.55,344.53,0.412,1.04,0.619,20,7,126,,,25.72,54606085,N,,,,2461200.5,355.34,0.0113
"       (2026 ED1)",0.8587,0.2424,6.69,164.42,168.51,0.651,1.07,0.796,12,7,30,,,25.53,54606177,N,,,,2461200.5,314.49,0.0456
"       (2026 EP1)",0.9327,0.1648,13.24,169.49,235.64,0.779,1.09,0.901,9,3,95,,,27.04,54606221,N,,,,2461200.5,206.88,0.00641
"       (2026 EZ1)",0.9065,0.3794,22.73,175.22,222.52,0.563,1.25,0.863,33,5,192,,,22.76,54606251,N,,,,2461200.5,197.91,0.0598
"       (2026 EC2)",0.8468,0.2944,22.85,168.16,167.61,0.597,1.10,0.779,20,5,81,,,24.10,54606254,N,,,,2461200.5,320.35,0.0888
"       (2026 ED2)",0.8998,0.2929,11.03,162.75,231.72,0.636,1.16,0.854,3,6,31,,,25.99,54606255,N,,,,2461200.5,211.63,0.00796
"       (2026 EE2)",0.9408,0.1498,12.23,172.31,237.73,0.800,1.08,0.913,12,3,139,,,25.00,54606257,N,,,,2461200.5,201.77,0.00515
"       (2026 EH2)",0.7898,0.4226,12.90,176.31,196.40,0.456,1.12,0.702,26,7,81,,,23.87,54606302,N,,,,2461200.5,262.83,0.0618
"       (2026 EL2)",0.9129,0.1084,0.63,219.10,149.96,0.814,1.01,0.872,37,4,154,,,26.15,54606319,N,,,,2461200.5,258.62,0.00188
"       (2026 EO2)",0.8463,0.2290,13.93,353.89,355.62,0.652,1.04,0.779,28,6,68,,,24.04,54606322,N,,,,2461200.5,298.55,0.0444
"       (2026 ET2)",0.953,0.1031,6.76,353.62,304.06,0.855,1.05,0.93,4,5,42,,,28.27,54606327,N,,,,2461200.5,337.97,0.0049
"       (2026 EY2)",0.9216,0.2963,10.40,352.97,305.03,0.649,1.19,0.885,3,5,54,,,27.48,54606332,N,,,,2461200.5,3.52,0.00957
"       (2026 EA3)",0.7152,0.4734,16.03,171.41,197.65,0.377,1.05,0.605,6,7,50,,,26.63,54606355,N,,,,2461200.5,284.64,0.0128
"       (2026 ET3)",0.8489,0.3991,7.05,174.22,224.96,0.510,1.19,0.782,1,6,50,,,29.84,54606428,N,,,,2461200.5,202.94,0.000152
"       (2026 FC)",0.9141,0.3213,10.42,174.16,236.51,0.620,1.21,0.874,4,5,57,,,27.89,54606434,N,,,,2461200.5,185.77,0.00116
"       (2026 FF)",0.9925,0.1808,16.81,175.05,256.57,0.813,1.17,0.989,5,6,52,,,26.02,54606452,N,,,,2461200.5,167.84,0.00671
"       (2026 FJ)",0.9881,0.0737,1.00,161.85,133.85,0.915,1.06,0.982,18,5,51,,,27.41,54606455,N,,,,2461200.5,331.66,0.00872
"       (2026 FP)",0.8964,0.1779,5.57,175.76,146.54,0.737,1.06,0.849,8,7,64,,,26.68,54606469,N,,,,2461200.5,322.85,0.0139
"       (2026 FY)",0.735,0.3959,17.40,172.89,172.77,0.444,1.03,0.63,7,8,24,,,26.01,54606478,N,,,,2461117.5,200.14,0.025
"       (2026 FX1)",0.9814,0.0518,27.36,177.26,123.60,0.931,1.03,0.972,1,7,57,,,26.73,54606517,N,,,,2461200.5,324.85,0.0126
"       (2026 FJ2)",0.9896,0.0695,7.48,176.15,260.26,0.921,1.06,0.984,2,4,26,,,30.44,54606537,N,,,,2461200.5,175.78,0.00166
"       (2026 FT2)",0.9049,0.2607,2.84,5.16,304.67,0.669,1.14,0.861,2,6,25,,,26.69,54606546,N,,,,2461200.5,348.98,0.00124
"       (2026 FM3)",0.9797,0.1543,0.97,185.76,103.57,0.829,1.13,0.97,3,5,38,,,29.29,54606574,N,,,,2461200.5,349.52,0.00055
"       (2026 FQ3)",0.9471,0.2807,2.39,216.40,199.04,0.681,1.21,0.922,27,4,83,,,24.78,54606579,N,,,,2461200.5,180.41,0.0294
"       (2026 FT3)",0.8554,0.2320,7.80,0.64,32.58,0.657,1.05,0.791,2,6,35,,,29.35,54606672,N,,,,2461200.5,229.07,0.00687
"       (2026 FX3)",0.9673,0.2061,14.17,3.79,289.17,0.768,1.17,0.951,4,6,67,,,26.03,54606676,N,,,,2461200.5,352.65,0.0025
"       (2026 FA4)",0.7745,0.4784,4.58,171.70,167.03,0.404,1.15,0.682,6,7,41,,,26.08,54606733,N,,,,2461200.5,349.82,0.0267
"       (2026 FG4)",0.9769,0.3028,10.99,181.82,114.92,0.681,1.27,0.966,1,6,31,,,28.51,54606739,N,,,,2461200.5,359.10,0.0102
"       (2026 FA5)",0.742,0.4450,6.95,3.91,18.19,0.412,1.07,0.639,3,7,40,,,26.96,54606891,N,,,,2461200.5,255.73,0.0141
"       (2026 FN5)",0.6624,0.5654,1.24,180.11,169.81,0.288,1.04,0.539,1,6,114,,,26.82,54606903,N,,,,2461200.5,359.41,0.00149
"       (2026 FT5)",0.7437,0.7060,26.37,174.17,210.87,0.219,1.27,0.641,13,9,52,,,22.84,54606908,N,,,,2461124.5,87.87,0.0218
"       (2026 FH6)",0.9004,0.2253,12.41,9.70,324.79,0.698,1.10,0.854,19,6,74,,,24.98,54606976,N,,,,2461200.5,312.59,0.0367
"       (2026 FH7)",0.9387,0.1229,14.42,12.16,305.22,0.823,1.05,0.909,2,6,17,,,26.80,54607055,N,,,,2461200.5,320.11,0.00378
"       (2026 FM7)",0.7978,0.2681,12.32,185.13,193.47,0.584,1.01,0.713,1,6,62,,,27.09,54607102,N,,,,2461200.5,261.19,0.00414
"       (2026 FT12)",0.9791,0.0770,10.30,184.30,111.18,0.904,1.05,0.969,2,5,32,,,27.67,54607426,N,,,,2461200.5,334.19,0.00365
"       (2026 FK13)",0.9587,0.7324,27.08,4.67,334.04,0.257,1.66,0.939,11,8,19,,,22.62,54607473,N,,,,2461124.5,259.24,0.109
"       (2026 FS13)",0.8107,0.6795,22.45,4.37,331.49,0.260,1.36,0.73,3,9,13,,,26.15,54607503,N,,,,2461124.5,271.88,0.034
"       (2026 GA)",0.9073,0.1296,11.27,191.18,164.01,0.790,1.02,0.864,9,6,86,,,25.94,54607477,N,,,,2461200.5,278.54,0.0191
"       (2026 GH)",0.7383,0.4620,24.85,197.45,169.59,0.397,1.08,0.634,11,7,81,,,23.50,54607491,N,,,,2461200.5,294.72,0.0576
"       (2026 GJ)",0.8582,0.2384,34.18,196.89,157.25,0.654,1.06,0.795,2,7,34,,,26.66,54607500,N,,,,2461200.5,293.31,0.0358
"       (2026 GL)",0.9712,0.2610,20.85,191.56,130.24,0.718,1.22,0.957,9,7,59,,,24.62,54607506,N,,,,2461200.5,326.86,0.0709
"       (2026 GM1)",0.9688,0.1685,0.68,182.18,137.89,0.806,1.13,0.954,421,3,109,,,25.39,54607547,N,,,,2461200.5,320.43,0.00521
"       (2026 HY)",0.7742,0.3643,21.74,26.63,22.11,0.492,1.06,0.681,4,7,30,,,27.63,54607815,N,,,,2461200.5,213.57,0.00891
"       (2026 HR1)",0.9365,0.1629,10.59,206.65,219.01,0.784,1.09,0.906,6,6,35,,,26.56,54607882,N,,,,2461200.5,184.45,0.0346
"       (2026 HA2)",0.8944,0.2590,6.38,210.82,222.62,0.663,1.13,0.846,14,6,55,,,25.75,54607949,N,,,,2461200.5,168.79,0.0122
"       (2026 HG2)",0.7884,0.3373,34.11,22.71,37.75,0.522,1.05,0.7,4359,2,40,,,19.72,54607956,Y,,,,2461200.5,209.98,0.0451
"       (2026 HG3)",0.9715,0.1737,3.65,203.17,253.14,0.803,1.14,0.958,8,4,25,,,27.83,54609801,N,,,,2461200.5,145.28,0.00381
"       (2026 HJ3)",0.9934,0.1637,11.81,43.11,58.34,0.831,1.16,0.99,15,6,48,,,25.73,54609803,N,,,,2461200.5,140.37,0.0404
"       (2026 HH4)",0.8798,0.5289,0.33,148.90,289.92,0.415,1.35,0.825,1,6,52,,,27.14,54622285,N,,,,2461200.5,131.77,0.00252
"       (2026 HM4)",0.9718,0.4133,22.83,40.72,312.06,0.570,1.37,0.958,24,6,58,,,23.17,54622288,N,,,,2461200.5,303.10,0.068
"       (2026 HO4)",0.9396,0.4014,38.08,37.16,350.14,0.562,1.32,0.911,28,5,32,,,22.11,54622290,N,,,,2461200.5,224.15,0.285
"       (2026 HF5)",0.9055,0.1875,8.49,214.09,202.62,0.736,1.08,0.862,2,7,19,,,28.13,54622369,N,,,,2461200.5,199.84,0.0436
"       (2026 HK5)",0.8084,0.2724,9.72,209.34,197.83,0.588,1.03,0.727,68,4,82,,,20.77,54622401,Y,,,,2461200.5,203.31,0.00537
"       (2026 JA)",0.8747,0.2899,19.24,222.69,224.54,0.621,1.13,0.818,10,4,70,,,26.68,54629103,N,,,,2461200.5,152.28,0.00161
"       (2026 JQ)",0.9273,0.3129,22.18,227.13,126.17,0.637,1.22,0.893,1,7,27,,,27.79,54629693,N,,,,2461200.5,302.26,0.0128
"       (2026 JW)",0.8967,0.3285,22.34,226.98,227.11,0.602,1.19,0.849,4,7,30,,,27.06,54629698,N,,,,2461200.5,137.83,0.0167
"       (2026 JB1)",0.9878,0.1374,4.33,192.33,250.53,0.852,1.12,0.982,28,4,39,,,25.38,54629704,N,,,,2461200.5,166.16,0.00867
"       (2026 JH1)",0.7501,0.5536,8.28,55.76,330.73,0.335,1.17,0.65,10,6,79,,,25.33,54629710,N,,,,2461200.5,286.99,0.00122
"       (2026 JS1)",0.9706,0.3225,22.77,89.60,0.50,0.658,1.28,0.956,43,5,64,,,21.39,54629781,N,,,,2461200.5,139.40,0.267
"       (2026 JB2)",0.6122,0.7159,7.29,41.02,10.72,0.174,1.05,0.479,,9,9,,,26.52,54629843,N,,,,2461162.5,136.69,0.000406
"       (2026 JZ2)",0.9896,0.1786,5.14,56.52,63.25,0.813,1.17,0.984,10,5,41,,,28.14,54629896,N,,,,2461200.5,119.10,0.0144
"       (2026 JJ3)",0.9088,0.1390,3.52,227.73,175.79,0.783,1.04,0.866,15,6,68,,,27.01,54629987,N,,,,2461200.5,221.28,0.0209
"       (2026 JY3)",0.9557,0.3957,22.30,67.93,11.88,0.578,1.33,0.934,32,5,88,,,21.12,54630022,N,,,,2461200.5,154.83,0.244
"       (2026 JF5)",0.8556,0.3257,6.80,233.45,221.61,0.577,1.13,0.791,2,6,24,,,30.76,54630281,N,,,,2461200.5,140.11,0.00027
"       (2026 KJ)",0.89,0.2246,14.88,232.64,217.21,0.690,1.09,0.84,8,5,58,,,26.02,54630282,N,,,,2461200.5,156.53,0.0161
"       (2026 KQ)",0.9439,0.2132,0.26,226.46,249.68,0.743,1.15,0.917,4,4,35,,,30.76,54630378,N,,,,2461200.5,121.57,0.000781
"       (2026 KE1)",0.9392,0.3253,11.11,237.42,127.34,0.634,1.24,0.91,2,7,32,,,26.13,54630488,N,,,,2461200.5,291.04,0.0169
"       (2026 KG1)",0.6942,0.5351,15.90,238.81,165.77,0.323,1.07,0.578,2,7,23,,,27.69,54630490,N,,,,2461200.5,253.59,0.0117
"       (2026 KO1)",0.8754,0.1812,0.49,99.37,311.75,0.717,1.03,0.819,21,6,38,,,27.73,54630527,N,,,,2461200.5,214.95,0.00347
"       (2026 KQ1)",0.9197,0.2244,5.39,238.28,233.03,0.713,1.13,0.882,4,5,40,,,29.58,54630529,N,,,,2461200.5,127.27,0.000813
"       (2026 KT1)",0.9118,0.1625,22.39,238.68,210.96,0.764,1.06,0.871,4,6,60,,,25.75,54630531,N,,,,2461200.5,162.34,0.0193
"       (2026 KK2)",0.9116,0.2979,7.06,73.60,28.87,0.640,1.18,0.87,19,6,41,,,24.96,54630655,N,,,,2461200.5,131.34,0.0482
"       (2026 KA3)",0.967,0.3179,3.79,231.02,135.36,0.660,1.27,0.951,11,6,45,,,25.69,54630742,N,,,,2461200.5,287.19,0.0211
"       (2026 KB3)",0.9076,0.2307,9.54,130.60,325.60,0.698,1.12,0.865,40,5,92,,,22.18,54630745,N,,,,2461200.5,152.42,0.0322
"       (2026 KJ3)",0.9832,0.2151,7.66,83.94,31.33,0.772,1.19,0.975,24,5,40,,,24.41,54630767,N,,,,2461200.5,123.70,0.0768
"       (2026 LG)",0.8214,0.2497,6.33,251.19,168.05,0.616,1.03,0.744,1,7,34,,,26.26,54635573,N,,,,2461200.5,208.45,0.00405
"       (2026 LM)",0.8769,0.2239,9.36,256.28,166.40,0.681,1.07,0.821,20,7,52,,,24.08,54636570,N,,,,2461200.5,200.78,0.043
"       (2026 LW)",0.9339,0.1691,19.66,255.25,230.98,0.776,1.09,0.903,13,5,106,,,25.51,54636831,N,,,,2461200.5,115.41,0.000609
"       (2026 LX)",0.9158,0.2824,0.22,70.45,58.94,0.657,1.17,0.876,6,4,44,,,28.85,54636830,N,,,,2461200.5,99.35,0.000459
"       (2026 LY)",0.8143,0.5642,21.23,78.35,34.45,0.355,1.27,0.735,4,7,50,,,25.64,54636832,N,,,,2461200.5,89.48,0.0118
"       (2026 LA1)",0.9506,0.4422,13.04,256.15,237.19,0.530,1.37,0.927,7,6,48,,,26.91,54636884,N,,,,2461200.5,74.37,0.00381
"       (2026 LB2)",0.9443,0.4890,35.85,258.87,137.71,0.483,1.41,0.918,10,8,63,,,23.19,54638043,N,,,,2461206.5,277.77,0.0797
"       (2026 MB)",0.9755,0.1504,5.68,111.68,13.97,0.829,1.12,0.963,24,4,34,,,25.20,54638131,N,,,,2461200.5,118.53,0.0726
"       (2026 MH)",0.9786,0.1125,4.45,89.85,295.99,0.868,1.09,0.968,4,3,107,,,28.74,54638163,N,,,,2461200.5,243.14,8.57e-05
"       (2026 MJ)",0.891,0.2923,20.56,248.25,199.54,0.631,1.15,0.841,3,7,22,,,23.30,54638165,N,,,,2461200.5,156.51,0.102
"       (2026 MZ)",0.7296,0.4897,32.35,88.84,339.83,0.372,1.09,0.623,1,6,37,,,25.63,54638926,N,,,,2461200.5,210.05,0.00878
"       (2026 MB1)",0.9986,0.1703,14.89,267.02,255.20,0.829,1.17,0.998,4,6,70,,,26.50,54638927,N,,,,2461200.5,75.85,0.00192
"       (2026 MC1)",0.7915,0.5784,27.09,267.00,211.71,0.334,1.25,0.704,8,8,29,,,25.14,54638928,N,,,,2461212.5,99.18,0.0126
"       (2026 MF2)",0.9808,0.1068,2.44,246.04,218.26,0.876,1.09,0.971,21,6,29,,,25.73,54639008,N,,,,2461200.5,147.95,0.0212
"       (2026 MS3)",0.9009,0.3676,3.66,105.08,35.91,0.570,1.23,0.855,7,5,68,,,24.84,54642305,N,,,,2461200.5,75.94,0.0162
"       (2026 MA4)",0.7554,0.4129,14.37,270.64,187.12,0.444,1.07,0.657,18,8,24,,,25.07,54642364,N,,,,2461224.5,187.71,0.0415
"       (2026 NA)",0.7419,0.4159,14.57,284.21,170.74,0.433,1.05,0.639,8,7,75,,,24.59,54642489,N,,,,2461200.5,156.97,0.0213
"       (2026 ND)",0.7355,0.4431,2.06,243.98,208.82,0.410,1.06,0.631,4,8,36,,,25.54,54642496,N,,,,2461228.5,204.60,0.00563
"       (2026 NL1)",0.7859,0.3007,5.86,111.16,0.63,0.550,1.02,0.697,4,6,51,,,28.50,54642551,N,,,,2461200.5,129.45,0.00538
"       (2026 NP1)",0.8932,0.2016,11.38,294.66,204.72,0.713,1.07,0.844,39,6,54,,,24.32,54642562,N,,,,2461200.5,98.65,0.028
"       (2026 OM)",0.8905,0.1932,4.98,293.64,211.42,0.718,1.06,0.84,,6,25,,,27.52,54642737,N,,,,2461200.5,91.92,0.00558
"       (2026 OU)",0.9672,0.1241,11.18,297.23,134.52,0.847,1.09,0.951,11,5,65,,,25.23,54642789,N,,,,2461200.5,193.55,0.0239
"       (2026 OW)",0.9535,0.2137,19.52,117.96,45.63,0.750,1.16,0.931,5,7,13,,,25.54,54642791,N,,,,2461200.5,70.74,0.0463
"       (2026 OX)",0.9362,0.4646,3.68,313.25,120.24,0.501,1.37,0.906,,9,18,,,24.50,54642792,N,,,,2461241.5,270.69,0.00718
"       (2026 PG)",0.8764,0.2317,4.26,278.04,204.93,0.673,1.08,0.82,16,7,23,,,24.35,54643966,N,,,,2461200.5,126.96,0.0152
"       (2026 PO)",0.8368,0.2630,5.76,312.72,200.02,0.617,1.06,0.765,9,6,144,,,25.33,54644016,N,,,,2461200.5,74.36,0.0114
"       (2026 PR)",0.9339,0.3643,29.65,314.76,131.30,0.594,1.27,0.902,10,7,76,,,24.23,54644032,N,,,,2461200.5,202.03,0.0416
"       (2026 PF1)",0.98,0.1271,2.85,313.95,238.62,0.855,1.10,0.97,3,6,20,,,27.11,54644173,N,,,,2461200.5,49.68,0.00648
"       (2026 PC3)",0.9044,0.2447,12.46,278.21,250.85,0.683,1.13,0.86,9,7,17,,,23.95,54645442,N,,,,2461200.5,58.69,0.0621
"       (2026 PC6)",0.7494,0.4321,19.80,139.00,337.30,0.426,1.07,0.649,,5,103,,,27.94,54645800,N,,,,2461200.5,132.41,0.00018
"       (2026 PT7)",0.8425,0.3820,10.36,320.83,199.00,0.521,1.16,0.773,7,7,14,,,25.40,54646146,N,,,,2461200.5,56.67,0.0598
"       (2026 PW8)",0.8371,0.2885,8.33,143.17,30.00,0.596,1.08,0.766,4,6,43,,,28.21,54646417,N,,,,2461200.5,41.75,0.0057
"       (2026 PY8)",0.9735,0.4720,11.96,315.55,134.52,0.514,1.43,0.961,4,8,36,,,25.19,54646418,N,,,,2461267.5,284.42,0.0417
"       (2026 QD)",0.728,0.4882,22.92,145.15,17.99,0.373,1.08,0.621,2,7,51,,,26.10,54647228,N,,,,2461200.5,22.81,0.0176
"       (2026 QN1)",0.8721,0.4795,5.53,152.46,312.23,0.454,1.29,0.814,,7,21,,,26.79,54648411,N,,,,2461200.5,184.04,0.00381
"       (2026 QW1)",0.9055,0.3276,31.72,150.87,310.58,0.609,1.20,0.862,1,7,37,,,25.86,54648692,N,,,,2461200.5,175.63,0.0136
"       (2026 QR2)",0.9777,0.2000,6.59,356.32,209.88,0.782,1.17,0.967,9,6,27,,,22.08,54648920,N,,,,2461200.5,32.92,0.0665
"       (2026 QH3)",0.9917,0.1692,10.77,157.18,285.81,0.824,1.16,0.988,,5,26,,,26.96,54651223,N,,,,2461200.5,190.52,0.000209
"       (2026 RC)",0.8756,0.2254,7.15,340.75,142.16,0.678,1.07,0.819,,7,10,,,29.14,54652274,N,,,,2461200.5,131.81,0.00119
