name,spkid,a_au,e,i_deg,Omega_deg,omega_deg,q_au,Q_au,period_years,period_days,epoch_jd,M_deg,moid_au,PHA,H,diameter_km,diameter_sigma_km,albedo,data_arc_days,condition_code,n_obs_used,n_delay_obs_used,n_doppler_obs_used
2062 Aten (1976 AA),20002062,0.967,0.1829,18.94,108.53,148.07,0.79,1.14,0.951,347.35274999999996,2461200.5,239.96,0.113,False,17.11,1.1,,0.26,23339.0,0,1024,5.0,2.0
2100 Ra-Shalom (1978 RA),20002100,0.832,0.4365,15.76,170.76,356.08,0.469,1.2,0.759,277.22475000000003,2461200.5,148.84,0.15,False,16.24,2.3,0.2,0.13,18595.0,0,4237,9.0,2.0
2340 Hathor (1976 UA),20002340,0.8437,0.45,5.86,211.21,40.2,0.464,1.22,0.775,283.06875,2461200.5,96.29,0.0064,True,20.41,0.3,,,16477.0,0,572,4.0,3.0
3362 Khufu (1984 QA),20003362,0.9895,0.4685,9.92,152.4,55.09,0.526,1.45,0.984,359.406,2461200.5,240.65,0.0132,True,18.52,0.7,,0.21,7394.0,1,262,,
3554 Amun (1986 EB),20003554,0.9739,0.2805,23.36,358.59,359.42,0.701,1.25,0.961,351.00525,2461200.5,121.8,0.251,False,15.91,3.341,0.02,0.074,12044.0,0,1979,,
3753 Cruithne (1986 TO),20003753,0.9978,0.5149,19.8,126.19,43.88,0.484,1.51,0.997,364.15425,2461200.5,182.13,0.0707,False,15.42,2.071,0.11,0.365,19313.0,0,1704,,
5381 Sekhmet (1991 JY),20005381,0.9475,0.2964,48.97,58.53,37.44,0.667,1.23,0.922,336.76050000000004,2461200.5,120.36,0.113,False,16.75,0.935,0.04,0.507,12875.0,0,1473,1.0,0.0
5590 (1990 VA),20005590,0.9864,0.2801,14.18,216.25,34.5,0.71,1.26,0.98,357.945,2461200.5,269.55,0.121,False,19.91,,,,2218.0,2,67,,
5604 (1992 FE),20005604,0.9299,0.4065,4.7,311.93,82.77,0.552,1.31,0.897,327.62925,2461200.5,209.48,0.0334,True,17.32,0.55,,0.48,15082.0,0,1572,6.0,0.0
33342 (1998 WT24),20033342,0.7187,0.4176,7.37,81.66,167.51,0.419,1.02,0.609,222.43725,2461200.5,278.11,0.0103,True,18.02,0.432,0.03,0.654,9571.0,0,1983,16.0,1.0
65679 (1989 UQ),20065679,0.9148,0.2645,1.3,178.05,15.01,0.673,1.16,0.875,319.59375,2461200.5,151.82,0.014,True,19.62,0.918,0.01,0.033,25910.0,0,1164,,
66063 (1998 RO1),20066063,0.9909,0.7201,22.69,351.83,151.17,0.277,1.7,0.986,360.1365,2461200.5,306.14,0.0922,False,18.15,,,,9064.0,0,1321,4.0,0.0
66146 (1998 TU3),20066146,0.7876,0.4837,5.42,101.88,84.99,0.407,1.17,0.699,255.30974999999998,2461200.5,356.82,0.0737,False,14.36,2.864,1.17,0.224,15964.0,0,2388,,
66391 Moshup (1999 KW4),20066391,0.6424,0.6884,38.88,244.9,192.65,0.2,1.08,0.515,188.10375,2461200.5,5.46,0.0132,True,16.64,1.317,0.04,,10188.0,0,3871,37.0,0.0
66400 (1999 LT7),20066400,0.8554,0.5725,9.06,79.79,341.41,0.366,1.35,0.791,288.91275,2461200.5,274.8,0.0591,False,19.27,0.411,0.08,0.182,13942.0,0,835,,
68347 (2001 KB67),20068347,0.9616,0.3799,17.13,245.85,243.82,0.596,1.33,0.943,344.43075,2461200.5,259.49,0.0147,True,19.92,,,,7444.0,0,614,6.0,2.0
85770 (1998 UP1),20085770,0.9977,0.3452,33.18,18.31,234.24,0.653,1.34,0.997,364.15425,2461200.5,350.52,0.0833,False,20.72,,,,12791.0,0,468,,
85953 (1999 FK21),20085953,0.7389,0.7031,12.6,180.43,172.43,0.219,1.26,0.635,231.93375,2461200.5,209.34,0.0709,False,18.09,0.59,,0.32,20138.0,0,2132,2.0,1.0
85989 (1999 JD6),20085989,0.8831,0.6328,17.07,130.14,309.26,0.324,1.44,0.83,303.15749999999997,2461200.5,331.03,0.0479,True,17.07,1.462,0.02,0.056,12805.0,0,3850,11.0,4.0
86450 (2000 CK33),20086450,0.9681,0.4149,18.11,124.82,215.61,0.566,1.37,0.953,348.08324999999996,2461200.5,336.92,0.125,False,18.44,,,,9608.0,0,4250,,
86667 (2000 FO10),20086667,0.8594,0.5946,14.29,208.3,172.49,0.348,1.37,0.797,291.10425000000004,2461200.5,116.48,0.133,False,17.54,0.745,0.02,0.349,13186.0,0,2444,,
87309 (2000 QP),20087309,0.8475,0.4632,34.74,294.27,188.18,0.455,1.24,0.78,284.895,2461200.5,267.24,0.202,False,17.59,0.568,0.16,0.499,18320.0,0,1157,,
87684 (2000 SY2),20087684,0.8586,0.6427,19.22,162.0,47.81,0.307,1.41,0.796,290.73900000000003,2461200.5,206.21,0.0468,True,15.96,,,,17573.0,0,2531,,
88213 (2001 AF2),20088213,0.954,0.5953,17.81,114.25,195.0,0.386,1.52,0.932,340.413,2461200.5,228.96,0.172,False,19.48,0.912,0.42,0.028,9207.0,0,364,,
96590 (1998 XB),20096590,0.9079,0.3512,13.6,75.68,202.72,0.589,1.23,0.865,315.94125,2461200.5,121.51,0.114,False,16.28,0.882,0.22,0.489,12365.0,0,3847,8.0,7.0
99907 (1989 VA),20099907,0.7284,0.5947,28.8,225.58,2.87,0.295,1.16,0.622,227.1855,2461200.5,112.94,0.154,False,17.96,1.4,,,13198.0,0,1591,,
99942 Apophis (2004 MN4),20099942,0.9224,0.1911,3.34,203.89,126.68,0.746,1.1,0.886,323.6115,2461200.5,175.33,0.000108,True,19.09,0.34,0.04,0.35,6599.0,0,7370,20.0,30.0
105140 (2000 NL10),20105140,0.9143,0.817,32.54,237.27,281.68,0.167,1.66,0.874,319.2285,2461200.5,352.28,0.356,False,15.75,1.946,0.06,0.223,27013.0,0,3634,,
136818 Selqet (1997 MW1),20136818,0.9375,0.3463,12.78,259.91,203.84,0.613,1.26,0.908,331.647,2461200.5,126.5,0.113,False,18.96,,,,10627.0,0,781,,
137170 (1999 HF1),20137170,0.8191,0.4625,25.66,155.84,253.42,0.44,1.2,0.741,270.65024999999997,2461200.5,326.75,0.174,False,14.66,,,,9877.0,0,8985,1.0,0.0
137805 (1999 YK5),20137805,0.8294,0.5583,16.75,349.51,292.89,0.366,1.29,0.755,275.76375,2461200.5,153.55,0.114,False,16.72,2.243,0.03,0.027,9469.0,0,2251,,
137924 (2000 BD19),20137924,0.8765,0.895,25.76,333.66,324.39,0.092,1.66,0.821,299.87025,2461200.5,213.42,0.0901,False,17.49,0.97,0.04,0.247,10591.0,0,1293,7.0,0.0
138127 (2000 EE14),20138127,0.6618,0.5331,26.46,155.74,197.85,0.309,1.01,0.538,196.5045,2461200.5,94.65,0.023,True,17.11,0.754,0.02,0.449,9477.0,0,1125,,
138258 (2000 GD2),20138258,0.7578,0.4767,32.14,358.11,16.98,0.397,1.12,0.66,241.065,2461200.5,36.62,0.0717,False,18.98,,,,9165.0,0,244,0.0,2.0
140333 (2001 TD2),20140333,0.9619,0.4816,19.03,12.8,199.11,0.499,1.43,0.943,344.43075,2461200.5,162.99,0.185,False,19.24,,,,8404.0,0,763,,
141424 (2002 CD),20141424,0.9799,0.1768,6.88,8.66,331.8,0.807,1.15,0.97,354.2925,2461200.5,168.57,0.0731,False,20.65,,,,2001.0,1,297,,
141432 (2002 CQ11),20141432,0.976,0.4275,2.47,81.34,272.65,0.559,1.39,0.964,352.101,2461200.5,134.85,0.0195,True,20.06,0.239,0.04,0.34,3746.0,0,472,3.0,1.0
141484 (2002 DB4),20141484,0.8579,0.3696,16.6,234.21,94.16,0.541,1.17,0.795,290.37375000000003,2461200.5,303.66,0.153,False,16.26,1.034,0.04,0.455,8857.0,0,1572,,
141498 (2002 EZ16),20141498,0.9216,0.5666,30.14,262.89,25.38,0.399,1.44,0.885,323.24625,2461200.5,278.0,0.176,False,18.44,,,,11046.0,0,693,,
141531 (2002 GB),20141531,0.9921,0.5289,22.55,40.8,8.32,0.467,1.52,0.988,360.867,2461200.5,240.39,0.281,False,19.15,0.303,0.01,0.482,8435.0,0,900,,
144900 (2004 VG64),20144900,0.9685,0.6556,36.24,208.83,43.96,0.333,1.6,0.953,348.08324999999996,2461200.5,290.24,0.0275,True,18.27,,,,7708.0,0,436,4.0,2.0
152563 (1992 BF),20152563,0.9079,0.2717,7.25,315.19,336.57,0.661,1.15,0.865,315.94125,2461200.5,110.15,0.063,False,19.71,0.272,0.08,0.287,25988.0,0,638,,
152637 (1997 NC1),20152637,0.8649,0.2086,16.73,96.45,16.61,0.685,1.05,0.804,293.661,2461200.5,131.01,0.0167,True,17.87,,,,10637.0,0,1117,0.0,2.0
152742 (1998 XE12),20152742,0.8781,0.7392,13.43,280.01,353.17,0.229,1.53,0.823,300.60075,2461200.5,256.06,0.112,False,19.1,0.413,0.01,0.264,10285.0,0,565,,
152931 (2000 EA107),20152931,0.9297,0.4558,28.58,52.87,278.02,0.506,1.35,0.896,327.264,2461200.5,277.0,0.162,False,16.31,1.646,0.04,0.237,9599.0,0,2232,,
153201 (2000 WO107),20153201,0.9112,0.7808,7.77,69.18,213.77,0.2,1.62,0.87,317.7675,2461200.5,179.43,0.0028,True,19.3,0.51,0.08,0.129,8479.0,0,1137,4.0,4.0
153415 (2001 QP153),20153415,0.8915,0.2139,50.21,317.67,244.27,0.701,1.08,0.842,307.5405,2461200.5,273.24,0.0735,False,17.01,,,,10003.0,0,670,2.0,1.0
162004 (1991 VE),20162004,0.8908,0.6646,7.22,61.84,193.68,0.299,1.48,0.841,307.17525,2461200.5,137.22,0.0575,False,18.28,,,,25965.0,0,1890,1.0,1.0
162015 (1994 TF2),20162015,0.9934,0.2841,23.75,175.21,349.8,0.711,1.28,0.99,361.5975,2461200.5,223.29,0.255,False,19.25,,,,3301.0,1,147,,
162080 (1998 DG16),20162080,0.8967,0.3582,16.21,344.32,356.86,0.575,1.22,0.849,310.09725,2461200.5,300.28,0.188,False,19.91,0.777,0.06,0.035,16470.0,0,723,,
162117 (1998 SD15),20162117,0.9326,0.3448,26.8,183.91,35.88,0.611,1.25,0.901,329.09025,2461200.5,23.62,0.11,False,19.04,,,,9937.0,0,792,,
162142 (1998 VR),20162142,0.8753,0.3178,21.81,46.35,170.74,0.597,1.15,0.819,299.13975,2461200.5,77.17,0.151,False,18.78,0.462,0.17,0.25,9902.0,0,773,,
162361 (2000 AF6),20162361,0.8749,0.4109,2.71,109.72,201.53,0.515,1.23,0.818,298.7745,2461200.5,190.56,0.0224,True,20.24,,,,11715.0,0,506,,
162385 (2000 BM19),20162385,0.7405,0.3587,6.88,70.2,247.74,0.475,1.01,0.637,232.66425,2461200.5,255.13,0.0834,False,18.59,0.812,0.1,0.115,9546.0,0,334,2.0,0.0
162421 (2000 ET70),20162421,0.9466,0.1239,22.32,331.11,46.05,0.829,1.06,0.921,336.39525000000003,2461200.5,313.59,0.0303,True,18.11,,,,17851.0,0,743,18.0,0.0
162483 (2000 PJ5),20162483,0.8727,0.3737,51.18,124.41,7.65,0.547,1.2,0.815,297.67875,2461200.5,27.5,0.175,False,17.53,0.906,0.01,0.236,9505.0,0,880,,
162694 (2000 UH11),20162694,0.8703,0.4224,32.22,29.77,187.42,0.503,1.24,0.812,296.583,2461200.5,11.97,0.224,False,19.74,,,,8058.0,0,215,,
163023 (2001 XU1),20163023,0.7974,0.5464,27.15,69.68,208.54,0.362,1.23,0.712,260.058,2461200.5,266.43,0.056,False,19.52,,,,8428.0,0,383,,
163243 (2002 FB3),20163243,0.7616,0.6016,20.28,203.55,148.34,0.303,1.22,0.665,242.89125,2461200.5,279.21,0.00315,True,16.42,1.682,0.01,0.172,8856.0,0,1995,,
163348 (2002 NN4),20163348,0.8758,0.4346,5.42,259.41,222.21,0.495,1.26,0.82,299.505,2461200.5,209.33,0.00686,True,20.05,0.735,0.24,0.03,8435.0,0,790,,
163899 (2003 SD220),20163899,0.8279,0.2094,8.55,273.63,327.02,0.654,1.0,0.753,275.03325,2461200.5,193.58,0.018,True,17.56,0.791,0.03,0.34,9153.0,0,1935,17.0,8.0
164202 (2004 EW),20164202,0.9879,0.2789,4.67,342.89,56.22,0.712,1.26,0.982,358.6755,2461200.5,322.0,0.0236,True,20.91,,,,4823.0,0,427,,
168044 (2005 SG),20168044,0.9813,0.2833,34.83,23.51,205.52,0.703,1.26,0.972,355.02299999999997,2461200.5,212.85,0.202,False,19.09,,,,1482.0,1,347,,
187026 (2005 EK70),20187026,0.9596,0.1355,30.0,329.78,347.04,0.83,1.09,0.94,343.335,2461200.5,357.96,0.0965,False,17.36,,,,7799.0,0,1560,1.0,0.0
188174 (2002 JC),20188174,0.8189,0.3907,40.86,69.38,306.91,0.499,1.14,0.741,270.65024999999997,2461200.5,2.92,0.092,False,17.48,,,,12458.0,0,623,3.0,0.0
199003 (2005 WJ56),20199003,0.959,0.152,21.62,288.01,297.66,0.813,1.1,0.939,342.96975,2461200.5,116.77,0.0226,True,18.16,,,,6940.0,0,1303,3.0,2.0
202683 (2006 US216),20202683,0.6371,0.5623,3.44,193.22,56.45,0.279,1.0,0.509,185.91225,2461200.5,340.31,0.0442,True,19.78,,,,4080.0,1,89,,
203471 (2002 AU4),20203471,0.8554,0.3736,17.19,99.41,205.21,0.536,1.17,0.791,288.91275,2461200.5,122.02,0.0885,False,19.45,,,,11377.0,0,472,,
208023 (1999 AQ10),20208023,0.9339,0.2353,6.5,326.95,300.62,0.714,1.15,0.903,329.82075000000003,2461200.5,328.39,0.00609,True,20.53,,,,9862.0,0,444,3.0,0.0
209215 (2003 WP25),20209215,0.9892,0.1213,2.56,40.76,226.46,0.869,1.11,0.984,359.406,2461200.5,109.28,0.0221,False,24.3,,,,2320.0,1,59,,
215442 (2002 MQ3),20215442,0.9136,0.2742,36.29,109.06,346.9,0.663,1.16,0.873,318.86325,2461200.5,309.32,0.134,False,18.53,1.075,0.02,0.08,8050.0,0,860,,
216523 (2001 HY7),20216523,0.9137,0.4121,5.21,205.04,211.34,0.537,1.29,0.873,318.86325,2461200.5,47.12,0.0352,True,20.7,,,,8111.0,0,353,,
230111 (2001 BE10),20230111,0.8231,0.3693,17.51,297.74,30.6,0.519,1.13,0.747,272.84175,2461200.5,114.2,0.0412,True,19.27,,,0.253,8830.0,0,834,2.0,1.0
234145 (2000 EW70),20234145,0.9376,0.3213,5.43,178.02,125.79,0.636,1.24,0.908,331.647,2461200.5,225.92,0.0104,True,21.58,0.344,0.01,0.045,6939.0,0,410,4.0,6.0
234341 (2001 FZ57),20234341,0.9442,0.6042,20.67,22.08,339.98,0.374,1.51,0.918,335.2995,2461200.5,20.75,0.158,False,18.93,0.344,0.06,0.493,12369.0,0,545,,
242191 (2003 NZ6),20242191,0.7934,0.4923,18.25,124.58,311.63,0.403,1.18,0.707,258.23175,2461200.5,50.83,0.066,False,19.02,0.37,0.03,0.334,7996.0,0,647,2.0,1.0
247517 (2002 QY6),20247517,0.8171,0.6991,12.75,164.16,355.42,0.246,1.39,0.739,269.91975,2461200.5,248.49,0.106,False,19.59,0.269,0.01,0.357,8459.0,0,666,,
250680 (2005 QC5),20250680,0.893,0.3646,9.45,48.05,108.72,0.567,1.22,0.844,308.271,2461200.5,45.55,0.0478,True,19.63,0.398,0.01,0.147,17462.0,0,129,,
252399 (2001 TX44),20252399,0.8748,0.5459,15.21,57.76,136.04,0.397,1.35,0.818,298.7745,2461200.5,265.33,0.00897,True,19.41,0.291,0.07,0.478,8116.0,0,351,,
260277 (2004 TR12),20260277,0.8951,0.2096,19.36,155.35,77.8,0.707,1.08,0.847,309.36674999999997,2461200.5,330.26,0.0964,False,18.27,0.47,0.13,0.419,6283.0,0,551,,
262623 (2006 WY2),20262623,0.9833,0.3329,27.55,99.83,159.98,0.656,1.31,0.975,356.11875,2461200.5,130.27,0.254,False,18.64,0.761,0.08,0.122,5827.0,0,952,,
264357 (2000 AZ93),20264357,0.7469,0.36,8.59,277.3,8.19,0.478,1.02,0.645,235.58625,2461200.5,147.3,0.0213,True,21.17,0.113,0.03,0.037,8000.0,0,160,4.0,1.0
276770 (2004 HC),20276770,0.7892,0.5987,28.98,202.97,159.37,0.317,1.26,0.701,256.04024999999996,2461200.5,90.5,0.0932,False,19.94,,,,7680.0,0,220,,
277830 (2006 HR29),20277830,0.9855,0.2637,9.54,232.52,212.68,0.726,1.25,0.978,357.2145,2461200.5,301.21,0.0942,False,20.71,,,,3731.0,1,232,,
281375 (2008 JV19),20281375,0.9857,0.2485,7.23,141.88,310.75,0.741,1.23,0.979,357.57975,2461200.5,275.29,0.0416,True,20.81,,,,3374.0,0,607,,
286079 (2001 TW1),20286079,0.9113,0.5261,31.32,27.33,208.83,0.432,1.39,0.87,317.7675,2461200.5,215.86,0.148,False,19.29,,,,8045.0,0,459,,
288592 (2004 JW20),20288592,0.9529,0.5615,14.73,235.15,207.55,0.418,1.49,0.93,339.6825,2461200.5,0.4,0.0988,False,20.87,,,,6628.0,0,124,,
289227 (2004 XY60),20289227,0.6402,0.7966,23.79,122.55,130.91,0.13,1.15,0.512,187.008,2461200.5,195.55,0.194,False,18.67,,,,7694.0,0,258,,
297418 (2000 SP43),20297418,0.8115,0.4669,10.34,350.51,224.49,0.433,1.19,0.731,266.99775,2461200.5,159.46,0.0194,True,18.51,0.407,0.02,0.388,9199.0,0,1260,0.0,1.0
302169 (2001 TD45),20302169,0.7967,0.7776,25.36,30.23,212.47,0.177,1.42,0.711,259.69275,2461200.5,311.54,0.0276,True,20.0,,,,8428.0,0,294,4.0,1.0
303250 (2004 RU10),20303250,0.9041,0.6569,15.91,118.94,65.3,0.31,1.5,0.86,314.115,2461200.5,293.09,0.107,False,17.91,,,,7014.0,0,506,,
306383 (1993 VD),20306383,0.8758,0.5515,2.07,2.14,254.27,0.393,1.36,0.82,299.505,2461200.5,7.64,0.0174,True,21.52,,,,11719.0,0,208,0.0,1.0
307918 (2004 EU9),20307918,0.8805,0.5052,28.58,161.08,202.43,0.436,1.33,0.826,301.69649999999996,2461200.5,94.08,0.168,False,19.02,0.374,0.05,0.358,7350.0,0,560,,
308242 (2005 GO21),20308242,0.7533,0.3399,24.93,272.67,156.65,0.497,1.01,0.654,238.8735,2461200.5,348.82,0.044,True,16.18,,,,7457.0,0,557,6.0,2.0
309214 (2007 LL),20309214,0.9808,0.1741,10.05,247.04,211.53,0.81,1.15,0.971,354.65774999999996,2461200.5,344.7,0.0842,False,20.51,,,,1187.0,1,415,,
309662 (2008 EE),20309662,0.9814,0.2119,16.16,343.54,332.52,0.773,1.19,0.972,355.02299999999997,2461200.5,122.75,0.138,False,19.87,,,,1823.0,1,399,,
310442 (2000 CH59),20310442,0.8621,0.423,3.26,213.47,109.84,0.497,1.23,0.8,292.2,2461200.5,104.48,0.0227,True,19.82,,,,9133.0,0,573,,
310842 (2003 AK18),20310842,0.8769,0.3843,7.4,301.53,23.94,0.54,1.21,0.821,299.87025,2461200.5,304.77,0.0564,False,19.79,,,,8448.0,0,886,1.0,3.0
311554 (2006 BQ147),20311554,0.8199,0.4223,24.38,146.76,153.23,0.474,1.17,0.742,271.0155,2461200.5,300.93,0.0707,False,18.72,0.382,0.01,0.401,12481.0,0,622,0.0,1.0
312070 (2007 TA19),20312070,0.9539,0.5095,22.63,181.15,58.07,0.468,1.44,0.932,340.413,2461200.5,91.28,0.02,True,19.4,0.595,0.1,0.087,6270.0,0,224,,
313276 (2002 AX1),20313276,0.8799,0.5418,33.0,294.69,25.36,0.403,1.36,0.825,301.33125,2461200.5,308.48,0.16,False,19.83,,,,8816.0,0,341,,
315098 (2007 EX),20315098,0.8716,0.4174,18.7,297.41,78.88,0.508,1.24,0.814,297.3135,2461200.5,351.01,0.124,False,16.67,0.993,0.24,0.313,6983.0,0,814,,
322756 (2001 CK32),20322756,0.7241,0.3827,8.15,109.26,233.97,0.447,1.0,0.616,224.994,2461200.5,147.06,0.0774,False,19.23,,,,7723.0,0,1294,,
325102 (2008 EY5),20325102,0.6262,0.6268,5.11,245.42,106.7,0.234,1.02,0.496,181.164,2461200.5,85.53,0.0787,False,20.17,0.361,0.01,0.124,4347.0,1,175,,
325395 (2009 CQ5),20325395,0.9327,0.0914,18.68,278.65,118.24,0.847,1.02,0.901,329.09025,2461200.5,124.27,0.0485,True,17.43,,,,4594.0,0,517,,
326290 Akhenaten (1998 HE3),20326290,0.8793,0.4401,3.38,53.39,309.36,0.492,1.27,0.825,301.33125,2461200.5,302.8,0.00327,True,21.81,,,,12086.0,0,559,1.0,0.0
329437 (2002 OA22),20329437,0.9357,0.2432,6.9,173.98,318.74,0.708,1.16,0.905,330.55125,2461200.5,269.07,0.0353,True,19.41,,,,7729.0,0,921,6.0,0.0
329915 (2005 MB),20329915,0.9855,0.793,41.36,88.59,42.86,0.204,1.77,0.978,357.2145,2461200.5,252.99,0.0689,False,17.05,1.012,0.14,0.249,8482.0,1,200,,
333478 (2004 SD20),20333478,0.8754,0.4649,21.33,46.55,94.51,0.468,1.28,0.819,299.13975,2461200.5,80.78,0.181,False,18.05,,,,7968.0,0,253,,
333889 (1998 SV4),20333889,0.8165,0.642,53.3,177.24,359.52,0.292,1.34,0.738,269.5545,2461200.5,9.1,0.335,False,18.24,0.919,0.27,0.11,10207.0,0,1051,,
337248 (2000 RH60),20337248,0.8259,0.5513,19.65,177.86,354.41,0.371,1.28,0.751,274.30275,2461200.5,284.18,0.176,False,20.08,0.846,0.08,0.025,8813.0,0,628,,
338292 (2002 UA31),20338292,0.7987,0.4871,30.71,209.3,358.68,0.41,1.19,0.714,260.7885,2461200.5,192.76,0.192,False,19.11,,,,8342.0,0,548,,
340666 (2006 RO36),20340666,0.9064,0.2313,23.85,270.92,261.17,0.697,1.12,0.863,315.21075,2461200.5,91.37,0.111,False,17.8,,,,7277.0,0,943,2.0,0.0
341843 (2008 EV5),20341843,0.9598,0.0829,7.45,93.19,235.93,0.88,1.04,0.94,343.335,2461200.5,332.5,0.0135,True,20.05,0.4,0.05,0.137,6624.0,0,1486,8.0,0.0
344074 (1997 UH9),20344074,0.83,0.4747,25.49,42.38,180.93,0.436,1.22,0.756,276.129,2461200.5,110.05,0.223,False,19.0,,,,10290.0,0,799,,
345705 (2006 VB14),20345705,0.767,0.4211,31.03,258.71,346.46,0.444,1.09,0.672,245.448,2461200.5,235.8,0.0783,False,18.58,0.406,0.09,0.402,6651.0,0,1416,0.0,1.0
345722 (2007 BG29),20345722,0.8326,0.3347,18.51,60.95,245.16,0.554,1.11,0.76,277.59,2461200.5,40.32,0.0878,False,18.2,0.653,0.01,0.258,6970.0,0,528,1.0,0.0
348306 (2005 AY28),20348306,0.8726,0.5702,5.89,117.4,156.07,0.375,1.37,0.815,297.67875,2461200.5,334.14,0.0362,True,21.51,,,,7638.0,0,271,0.0,2.0
360502 (2003 EO16),20360502,0.9344,0.2495,13.23,177.9,167.93,0.701,1.17,0.903,329.82075000000003,2461200.5,90.95,0.137,False,20.77,,,,7006.0,0,1049,,
363027 (1998 ST27),20363027,0.8198,0.5298,21.05,197.51,322.44,0.385,1.25,0.742,271.0155,2461200.5,353.97,0.00962,True,19.58,0.578,0.23,0.059,9517.0,0,1050,12.0,1.0
363505 (2003 UC20),20363505,0.7813,0.3369,3.78,187.92,60.17,0.518,1.04,0.691,252.38774999999998,2461200.5,43.25,0.0353,True,18.48,1.876,0.04,0.029,26035.0,0,1071,3.0,5.0
364136 (2006 CJ),20364136,0.6766,0.7549,10.22,303.2,29.69,0.166,1.19,0.557,203.44425,2461200.5,11.11,0.0258,True,20.18,,,,7339.0,0,637,5.0,3.0
365424 (2010 KX7),20365424,0.9893,0.1709,21.49,46.45,61.95,0.82,1.16,0.984,359.406,2461200.5,212.84,0.0327,True,21.91,0.212,0.02,0.075,1103.0,1,95,1.0,1.0
365449 (2010 NJ1),20365449,0.9684,0.5407,11.22,128.23,358.59,0.445,1.49,0.953,348.08324999999996,2461200.5,335.73,0.155,False,20.28,0.215,0.04,0.264,2988.0,0,197,,
367943 Duende (2012 DA14),20367943,0.9106,0.0893,11.61,146.89,195.72,0.829,0.99,0.869,317.40225,2461200.5,278.6,0.000476,False,24.19,,,,364.0,0,1017,4.0,4.0
368184 (2000 RN77),20368184,0.9513,0.3182,16.1,312.68,211.75,0.649,1.25,0.928,338.952,2461200.5,106.29,0.107,False,19.36,0.381,0.12,0.193,9453.0,0,497,,
369986 (1998 SO),20369986,0.7314,0.6986,30.35,176.14,359.87,0.22,1.24,0.626,228.6465,2461200.5,302.65,0.198,False,20.44,,,,9844.0,0,302,,
376848 (2001 RY47),20376848,0.9064,0.3928,17.61,11.18,214.11,0.55,1.26,0.863,315.21075,2461200.5,340.88,0.0812,False,19.61,,,,7393.0,0,398,,
378160 (2006 WX1),20378160,0.9165,0.3002,11.64,327.95,290.96,0.641,1.19,0.877,320.32425,2461200.5,268.59,0.029,True,19.69,,,,5877.0,0,260,,
380636 (2004 XN14),20380636,0.9313,0.2665,10.75,120.78,115.75,0.683,1.18,0.899,328.35975,2461200.5,203.52,0.00318,True,19.76,,,,6621.0,0,429,,
380818 (2005 YV128),20380818,0.923,0.5124,14.14,127.69,191.83,0.45,1.4,0.887,323.97675,2461200.5,97.3,0.154,False,20.67,,,,6646.0,0,232,,
387733 (2003 GS),20387733,0.8928,0.2186,12.03,196.18,181.9,0.698,1.09,0.844,308.271,2461200.5,335.3,0.0873,False,18.93,0.344,0.01,0.411,8101.0,0,933,5.0,0.0
387816 (2004 FM17),20387816,0.8852,0.2501,6.76,169.72,196.59,0.664,1.11,0.833,304.25325,2461200.5,72.58,0.0596,False,19.36,,,,7351.0,0,227,1.0,0.0
388189 (2006 DS14),20388189,0.8638,0.3365,26.54,162.23,187.51,0.573,1.15,0.803,293.29575,2461200.5,257.34,0.156,False,20.53,0.315,0.01,0.123,8768.0,0,264,,
390725 (2003 HB),20390725,0.8497,0.3803,18.12,70.34,306.75,0.527,1.17,0.783,285.99075,2461200.5,22.36,0.046,True,19.69,0.293,0.05,0.271,8067.0,0,499,,
394392 (2007 EP88),20394392,0.8373,0.8859,20.73,328.48,47.13,0.096,1.58,0.766,279.7815,2461200.5,153.73,0.143,False,18.34,0.636,0.04,0.174,6975.0,0,215,,
396593 (2001 HC),20396593,0.8746,0.4994,23.73,32.58,28.19,0.438,1.31,0.818,298.7745,2461200.5,13.94,0.105,False,19.06,,,,8430.0,0,357,,
398188 Agni (2010 LE15),20398188,0.8646,0.2734,13.25,134.16,328.65,0.628,1.1,0.804,293.661,2461200.5,138.12,0.0224,True,19.33,0.462,0.01,0.137,9174.0,0,1210,7.0,6.0
401885 (2001 RV17),20401885,0.9147,0.3423,7.53,153.77,4.67,0.602,1.23,0.875,319.59375,2461200.5,312.68,0.0974,False,20.42,,,,7728.0,0,421,,
401954 (2002 RW25),20401954,0.8245,0.2866,1.35,92.0,72.05,0.588,1.06,0.749,273.57225,2461200.5,100.48,0.0166,True,18.89,,,,7675.0,0,164,,
403775 (2011 HS4),20403775,0.9384,0.68,5.46,117.48,314.29,0.3,1.58,0.909,332.01225,2461200.5,317.98,0.00587,True,20.9,,,,8040.0,0,135,,
408982 (2002 SP),20408982,0.9046,0.6004,20.85,350.87,169.43,0.361,1.45,0.86,314.115,2461200.5,95.49,0.195,False,20.78,,,,8725.0,1,117,,
413260 (2003 TL4),20413260,0.7767,0.3814,12.19,219.99,321.97,0.48,1.07,0.685,250.19625000000002,2461200.5,258.23,0.0255,True,19.57,,,,8028.0,0,463,4.0,6.0
413577 (2005 UL5),20413577,0.9362,0.5697,14.32,58.86,127.8,0.403,1.47,0.906,330.9165,2461200.5,170.43,0.00571,True,20.34,,,,7279.0,0,420,4.0,2.0
414286 (2008 OC6),20414286,0.9231,0.1992,21.85,177.57,295.88,0.739,1.11,0.887,323.97675,2461200.5,318.49,0.0306,True,18.59,0.369,0.08,0.471,5168.0,0,527,,
415713 (1998 XX2),20415713,0.741,0.3676,6.97,74.35,153.08,0.469,1.01,0.638,233.0295,2461200.5,260.42,0.0162,True,20.0,,,,9491.0,0,440,,
415949 (2001 XY10),20415949,0.8717,0.3873,30.99,92.93,219.69,0.534,1.21,0.814,297.3135,2461200.5,138.88,0.0577,False,19.37,,,,8073.0,0,250,1.0,2.0
416002 (2002 BN),20416002,0.875,0.5464,27.76,115.74,147.27,0.397,1.35,0.818,298.7745,2461200.5,186.14,0.0901,False,20.49,,,,8388.0,0,138,,
417210 (2005 XV77),20417210,0.7843,0.4142,16.85,282.23,9.29,0.459,1.11,0.695,253.84875,2461200.5,304.16,0.0961,False,20.55,,,,6605.0,0,655,,
417217 (2005 YS),20417217,0.711,0.5503,19.6,288.58,327.93,0.32,1.1,0.6,219.15,2461200.5,237.57,0.0301,True,19.52,,,,6598.0,0,357,,
417655 (2006 YF13),20417655,0.9188,0.4035,10.54,205.23,95.43,0.548,1.29,0.881,321.78525,2461200.5,150.25,0.0813,False,19.9,,,,5929.0,0,160,,
418198 (2008 CN70),20418198,0.8517,0.3796,24.46,150.67,114.38,0.528,1.18,0.786,287.0865,2461200.5,14.62,0.09,False,18.93,,,,6566.0,0,400,,
418797 (2008 VF),20418797,0.9059,0.3257,26.2,234.4,3.28,0.611,1.2,0.862,314.8455,2461200.5,318.95,0.209,False,19.41,0.789,0.23,0.063,7318.0,0,470,,
420738 (2012 TS),20420738,0.9897,0.1134,16.46,190.75,20.65,0.877,1.1,0.985,359.77125,2461200.5,104.87,0.0895,False,20.84,,,,2290.0,0,535,,
422686 (2000 AC6),20422686,0.8537,0.2865,4.7,101.33,188.06,0.609,1.1,0.789,288.18225,2461200.5,4.77,0.0461,True,21.6,0.176,0.01,0.143,9513.0,0,464,,
424965 (2009 AM15),20424965,0.8125,0.487,28.87,166.16,131.5,0.417,1.21,0.732,267.363,2461200.5,68.76,0.0523,False,18.76,,,,5828.0,0,215,,
425755 (2011 CP4),20425755,0.9117,0.8703,9.47,147.96,159.95,0.118,1.71,0.871,318.13275,2461200.5,105.7,0.0192,True,21.12,,,,8449.0,0,187,4.0,7.0
427684 (2004 DH2),20427684,0.9443,0.4003,23.02,157.28,216.14,0.566,1.32,0.918,335.2995,2461200.5,216.4,0.125,False,20.22,,,,8083.0,0,378,,
427778 (2005 BE),20427778,0.8838,0.4211,31.19,115.96,168.71,0.512,1.26,0.831,303.52275,2461200.5,91.45,0.232,False,20.1,,,,7342.0,0,313,,
434313 (2004 GP),20434313,0.6966,0.4884,14.55,115.59,278.69,0.356,1.04,0.581,212.21024999999997,2461200.5,196.77,0.212,False,19.4,,,,8117.0,0,127,,
436030 (2009 JO2),20436030,0.8883,0.4784,19.62,203.41,239.73,0.463,1.31,0.837,305.71425,2461200.5,202.63,0.0557,False,19.42,0.295,0.04,0.296,6277.0,0,673,1.0,0.0
436771 (2012 JG11),20436771,0.962,0.4324,24.73,165.52,280.4,0.546,1.38,0.944,344.796,2461200.5,25.69,0.113,False,19.03,,,,2604.0,0,176,,
437841 (1998 HD14),20437841,0.9633,0.3126,7.81,183.75,260.93,0.662,1.26,0.945,345.16125,2461200.5,359.86,0.0341,True,21.0,,,,7735.0,0,210,,
437844 (1999 MN),20437844,0.6741,0.6653,2.03,81.38,9.21,0.226,1.12,0.553,201.98325000000003,2461200.5,103.71,0.00597,True,21.01,,,,9860.0,0,298,2.0,2.0
446924 (2002 VV17),20446924,0.8375,0.4367,9.69,222.13,348.93,0.472,1.2,0.766,279.7815,2461200.5,146.99,0.0875,False,20.16,,,,12123.0,0,515,,
450237 (2002 XY38),20450237,0.9114,0.2177,2.12,158.69,119.93,0.713,1.11,0.87,317.7675,2461200.5,160.57,0.00271,False,23.18,0.096,0.0,0.134,7342.0,0,145,,
450300 (2004 QD14),20450300,0.9418,0.3378,6.25,75.23,109.37,0.624,1.26,0.914,333.8385,2461200.5,52.23,0.0139,True,20.68,,,,8044.0,0,160,,
450649 (2006 UY64),20450649,0.9316,0.1573,26.22,30.76,210.82,0.785,1.08,0.899,328.35975,2461200.5,69.69,0.0535,False,19.42,,,,6994.0,0,777,6.0,1.0
453563 (2010 BB),20453563,0.8201,0.2776,10.02,279.68,29.03,0.592,1.05,0.743,271.38075,2461200.5,158.62,0.0109,True,20.22,,,,5431.0,0,305,1.0,0.0
455184 (2000 ED14),20455184,0.8349,0.5667,13.78,3.84,310.15,0.362,1.31,0.763,278.68575,2461200.5,57.28,0.0355,True,21.23,,,,9055.0,0,168,0.0,1.0
455659 (2005 BO1),20455659,0.9494,0.3563,10.67,113.32,174.22,0.611,1.29,0.925,337.85625,2461200.5,245.65,0.151,False,21.6,,,,4784.0,0,102,,
456537 (2007 BG),20456537,0.7868,0.3306,12.75,168.26,133.42,0.527,1.05,0.698,254.94449999999998,2461200.5,84.78,0.0517,False,19.63,0.308,0.11,0.242,5828.0,0,319,1.0,0.0
457059 (2008 EG),20457059,0.9428,0.739,26.79,327.44,355.53,0.246,1.64,0.915,334.20375,2461200.5,249.49,0.254,False,20.02,,,,7319.0,0,123,,
458452 (2011 BR15),20458452,0.8735,0.2769,10.23,216.8,72.18,0.632,1.12,0.816,298.044,2461200.5,135.24,0.0595,False,19.77,,,,8002.0,0,187,,
462238 (2008 CN1),20462238,0.7706,0.3478,7.22,331.43,7.28,0.503,1.04,0.676,246.90900000000002,2461200.5,180.44,0.034,True,20.66,0.227,0.0,0.197,2945.0,1,568,,
464798 (2004 JX20),20464798,0.9017,0.2657,10.53,101.74,349.13,0.662,1.14,0.856,312.654,2461200.5,36.68,0.0954,False,19.37,1.109,0.01,0.028,7280.0,0,995,2.0,0.0
466507 (2014 FK33),20466507,0.9756,0.5034,26.96,15.76,328.19,0.484,1.47,0.964,352.101,2461200.5,101.17,0.163,False,20.82,,,,759.0,1,184,,
467336 (2002 LT38),20467336,0.8453,0.3137,6.18,259.26,162.8,0.58,1.11,0.777,283.79925000000003,2461200.5,161.76,0.0344,True,20.61,,,,7698.0,0,836,2.0,1.0
467351 (2003 KO2),20467351,0.7277,0.5108,23.49,215.46,204.04,0.356,1.1,0.621,226.82025,2461200.5,223.81,0.0016,True,20.37,,,,8414.0,0,484,,
467352 (2003 KZ18),20467352,0.9492,0.3308,23.89,249.94,154.64,0.635,1.26,0.925,337.85625,2461200.5,192.3,0.16,False,21.34,0.47,0.2,0.026,7967.0,0,166,,
467460 (2006 JF42),20467460,0.6715,0.5819,5.94,40.82,17.81,0.281,1.06,0.55,200.88750000000002,2461200.5,302.47,0.00319,True,19.05,,,,6903.0,0,368,3.0,3.0
468468 (2004 KH17),20468468,0.7122,0.4981,22.13,79.11,340.73,0.357,1.07,0.601,219.51524999999998,2461200.5,80.1,0.00344,True,22.01,0.197,0.01,0.072,7673.0,0,248,1.0,0.0
468540 (2006 MD12),20468540,0.8386,0.6052,27.27,291.81,174.57,0.331,1.35,0.768,280.512,2461200.5,199.01,0.228,False,19.45,,,,7359.0,0,334,,
468727 (2010 JE87),20468727,0.9041,0.437,16.91,120.47,242.31,0.509,1.3,0.86,314.115,2461200.5,162.17,0.0353,True,20.76,0.308,0.02,0.108,4392.0,0,192,0.0,2.0
468909 (2014 KZ44),20468909,0.98,0.3464,39.46,225.11,190.46,0.641,1.32,0.97,354.2925,2461200.5,307.34,0.294,False,20.52,,,,1483.0,1,127,,
469445 (2002 LT24),20469445,0.7201,0.4958,0.77,165.65,283.1,0.363,1.08,0.611,223.16774999999998,2461200.5,264.86,0.0113,False,22.14,0.143,0.02,0.136,8065.0,0,287,,
469737 (2005 NW44),20469737,0.7793,0.4834,6.07,114.26,0.98,0.403,1.16,0.688,251.29199999999997,2461200.5,324.0,0.0536,False,20.39,,,,7331.0,0,377,,
470310 (2007 LB15),20470310,0.9383,0.3952,25.19,262.77,237.37,0.567,1.31,0.909,332.01225,2461200.5,58.65,0.00674,True,19.61,,,,6995.0,0,190,,
474238 (2001 RU17),20474238,0.9584,0.2407,13.89,170.65,330.37,0.728,1.19,0.938,342.6045,2461200.5,357.1,0.108,False,21.51,,,,5534.0,0,190,,
474611 (2004 SB56),20474611,0.8658,0.2378,18.69,302.03,233.58,0.66,1.07,0.806,294.3915,2461200.5,171.55,0.0538,False,19.26,,,,7772.0,0,273,,
475534 (2006 TS7),20475534,0.9469,0.5804,5.5,225.12,300.05,0.397,1.5,0.921,336.39525000000003,2461200.5,33.88,0.0153,True,21.25,,,,7254.0,0,224,4.0,2.0
477465 (2009 XZ1),20477465,0.8558,0.5338,8.16,81.97,153.01,0.399,1.31,0.792,289.278,2461200.5,176.55,0.0422,True,21.7,,,,8409.0,0,191,,
480808 (1994 XL1),20480808,0.6709,0.5262,28.17,252.64,356.58,0.318,1.02,0.55,200.88750000000002,2461200.5,315.62,0.0356,True,20.64,,,,10594.0,0,298,,
480820 (1998 VF32),20480820,0.8508,0.4438,23.75,236.25,320.96,0.473,1.23,0.785,286.72125,2461200.5,297.76,0.0363,True,20.97,,,,9074.0,0,160,,
480883 (2001 YE4),20480883,0.6769,0.5404,4.85,305.32,319.0,0.311,1.04,0.557,203.44425,2461200.5,187.14,0.0312,True,20.9,,,,8762.0,0,456,6.0,1.0
480922 (2002 XP37),20480922,0.955,0.3593,21.53,265.87,317.63,0.612,1.3,0.933,340.77825,2461200.5,306.39,0.103,False,20.59,,,,5502.0,0,213,,
481394 (2006 SF6),20481394,0.9501,0.2806,5.84,227.95,305.57,0.684,1.22,0.926,338.2215,2461200.5,300.43,0.0189,True,19.98,,,,5146.0,0,1108,2.0,0.0
481442 (2006 WO3),20481442,0.7997,0.4474,21.21,252.6,9.7,0.442,1.16,0.715,261.15375,2461200.5,261.49,0.132,False,21.58,,,,7331.0,0,311,,
482533 (2012 UA34),20482533,0.7859,0.8016,19.78,18.97,222.42,0.156,1.42,0.697,254.57924999999997,2461200.5,348.58,0.0887,False,19.8,,,,4803.0,0,238,,
482796 (2013 QJ10),20482796,0.9593,0.425,18.15,327.42,243.88,0.552,1.37,0.94,343.335,2461200.5,301.14,0.0251,True,19.6,,,,5522.0,0,553,,
483656 (2005 ES70),20483656,0.7633,0.3863,20.81,352.8,351.0,0.468,1.06,0.667,243.62175000000002,2461200.5,146.59,0.0528,False,23.77,,,,7312.0,0,227,0.0,1.0
487577 (2014 YQ15),20487577,0.9635,0.2356,10.92,81.82,252.37,0.737,1.19,0.946,345.5265,2461200.5,136.02,0.00296,True,21.08,,,,861.0,1,173,,
488803 (2005 GB120),20488803,0.7911,0.3947,9.15,160.84,243.85,0.479,1.1,0.704,257.13599999999997,2461200.5,143.54,0.0737,False,20.48,0.209,0.01,0.283,6988.0,0,239,,
490581 (2009 WZ104),20490581,0.8555,0.1926,9.84,263.23,10.59,0.691,1.02,0.791,288.91275,2461200.5,98.9,0.0299,True,20.85,0.237,0.0,0.314,7013.0,0,1209,0.0,1.0
494710 (2005 MO13),20494710,0.8635,0.4107,6.32,176.54,250.22,0.509,1.22,0.802,292.9305,2461200.5,268.79,0.0429,True,20.75,,,,8787.0,0,449,,
494999 (2010 JU39),20494999,0.9191,0.546,36.22,95.16,311.38,0.417,1.42,0.881,321.78525,2461200.5,245.22,0.00481,True,19.69,,,,8422.0,0,249,2.0,1.0
495615 (2015 PQ291),20495615,0.9823,0.2375,34.6,234.38,198.97,0.749,1.22,0.974,355.7535,2461200.5,224.04,0.181,False,17.69,,,,4030.0,0,2411,,
501647 (2014 SD224),20501647,0.9782,0.3309,4.59,286.23,277.23,0.655,1.3,0.968,353.562,2461200.5,156.85,0.0173,False,22.36,,,,2327.0,0,271,4.0,1.0
508908 (2003 YX1),20508908,0.8797,0.267,5.76,89.61,223.14,0.645,1.11,0.825,301.33125,2461200.5,194.05,0.0115,True,20.95,,,,7009.0,0,433,,
509352 (2007 AG),20509352,0.7206,0.3744,11.94,283.2,5.72,0.451,0.99,0.612,223.533,2461200.5,79.16,0.00375,True,20.14,,,,6946.0,0,279,6.0,1.0
509505 (2007 VL8),20509505,0.9361,0.3594,9.34,62.31,194.75,0.6,1.27,0.906,330.9165,2461200.5,310.11,0.11,False,21.24,,,,6603.0,0,96,,
512234 (2015 VO66),20512234,0.9521,0.6,14.02,64.45,219.33,0.381,1.52,0.929,339.31725,2461200.5,207.48,0.0433,True,20.62,,,,1873.0,1,318,,
512245 (2016 AU8),20512245,0.982,0.2003,9.18,302.87,21.65,0.785,1.18,0.973,355.38824999999997,2461200.5,353.22,0.119,False,19.91,,,,4830.0,0,1882,,
513170 (2004 KH15),20513170,0.9611,0.1701,35.07,78.08,350.07,0.798,1.12,0.942,344.0655,2461200.5,327.09,0.106,False,20.18,,,,6197.0,0,109,,
513171 (2004 MD6),20513171,0.9509,0.5631,29.32,263.83,231.46,0.415,1.49,0.927,338.58675,2461200.5,324.97,0.00909,True,20.48,,,,5954.0,0,174,,
515742 (2015 CU),20515742,0.9714,0.2039,35.38,154.06,197.83,0.773,1.17,0.957,349.54425,2461200.5,76.63,0.164,False,20.83,,,,1126.0,1,177,,
516435 (2004 FJ29),20516435,0.9132,0.3492,33.44,195.42,210.27,0.594,1.23,0.873,318.86325,2461200.5,265.79,0.132,False,21.4,,,,7702.0,0,170,,
522684 (2016 JP),20522684,0.9953,0.3842,11.32,202.51,255.49,0.613,1.38,0.993,362.69325,2461200.5,140.49,0.0287,True,21.14,,,,3700.0,0,763,2.0,0.0
523586 (1999 LK1),20523586,0.9068,0.3326,11.93,239.92,223.65,0.605,1.21,0.864,315.576,2461200.5,220.54,0.0279,False,22.11,,,,9522.0,0,115,,
523605 (2004 RX10),20523605,0.9198,0.3513,5.96,173.59,334.12,0.597,1.24,0.882,322.1505,2461200.5,86.52,0.0521,False,21.49,,,,7975.0,0,209,,
523661 (2012 LF11),20523661,0.8969,0.4832,11.66,222.13,263.61,0.464,1.33,0.849,310.09725,2461200.5,255.71,0.111,False,20.79,,,,4400.0,0,258,,
523664 (2012 OD1),20523664,0.8288,0.5029,42.26,303.72,224.36,0.412,1.25,0.754,275.3985,2461200.5,254.93,0.0384,True,18.52,0.346,0.09,0.536,4441.0,0,1140,5.0,0.0
523808 (2007 ML24),20523808,0.7588,0.3585,33.43,281.87,201.51,0.487,1.03,0.661,241.43025,2461200.5,101.75,0.0232,True,19.35,,,,6983.0,0,335,,
523950 (1998 SZ27),20523950,0.9051,0.5067,23.64,166.67,47.73,0.446,1.36,0.861,314.48025,2461200.5,149.16,0.00723,True,20.17,,,,9175.0,0,150,,
524471 (2002 JW15),20524471,0.899,0.2663,11.76,218.35,175.28,0.66,1.14,0.852,311.193,2461200.5,306.72,0.116,False,20.36,,,,10634.0,0,666,,
524522 Zoozve (2002 VE68),20524522,0.7236,0.4101,9.04,231.46,355.4,0.427,1.02,0.615,224.62875,2461200.5,288.84,0.0255,True,20.54,,,,7622.0,0,610,4.0,6.0
525268 (2004 XL14),20525268,0.7596,0.4104,21.46,85.6,157.6,0.448,1.07,0.662,241.7955,2461200.5,15.97,0.0271,True,21.43,,,,5109.0,0,280,2.0,2.0
525498 (2005 GE60),20525498,0.9589,0.2459,5.58,229.71,112.88,0.723,1.19,0.939,342.96975,2461200.5,73.55,0.00475,False,22.11,,,,6301.0,0,116,,
526742 (2006 WR127),20526742,0.907,0.376,16.79,260.77,351.5,0.566,1.25,0.864,315.576,2461200.5,48.16,0.191,False,20.46,,,,11736.0,0,267,,
526798 (2007 AA9),20526798,0.8581,0.4204,6.8,270.81,55.92,0.497,1.22,0.795,290.37375000000003,2461200.5,253.4,0.0156,False,22.58,,,,5880.0,1,77,,
526826 (2007 CA27),20526826,0.8657,0.3437,29.97,122.96,200.07,0.568,1.16,0.805,294.02625,2461200.5,173.77,0.132,False,21.28,,,,6213.0,0,115,,
527977 (2008 EY68),20527977,0.745,0.76,19.79,175.45,199.01,0.179,1.31,0.643,234.85575,2461200.5,231.6,0.0392,False,22.36,,,,6590.0,0,127,,
528807 (2009 BL71),20528807,0.9367,0.2658,5.55,17.45,292.46,0.688,1.19,0.907,331.28175,2461200.5,235.02,0.0102,False,22.07,,,,3716.0,0,124,,
530938 (2011 XE),20530938,0.7839,0.4634,20.72,221.24,46.65,0.421,1.15,0.694,253.4835,2461200.5,103.73,0.0538,False,19.29,0.413,0.01,0.197,7700.0,0,305,,
531060 (2012 DJ61),20531060,0.9176,0.5153,53.64,346.26,311.96,0.445,1.39,0.879,321.05475,2461200.5,334.7,0.0288,True,19.89,,,,2927.0,0,119,,
531899 (2013 BE19),20531899,0.9113,0.2974,31.01,309.25,311.97,0.64,1.18,0.87,317.7675,2461200.5,25.01,0.0451,True,19.71,,,,4788.0,0,324,,
537829 (2015 XY378),20537829,0.7102,0.4893,13.92,1.2,265.69,0.363,1.06,0.599,218.78475,2461200.5,28.78,0.197,False,19.51,0.312,0.08,0.214,3668.0,1,168,,
592968 (2015 FV118),20592968,0.858,0.5839,6.24,98.46,267.6,0.357,1.36,0.795,290.37375000000003,2461200.5,244.1,0.0746,False,21.66,,,,8383.0,0,168,,
612197 (2000 WP19),20612197,0.8544,0.2884,7.68,55.62,222.19,0.608,1.1,0.79,288.5475,2461200.5,236.97,0.0032,False,22.93,,,,6974.0,0,80,,
612343 (2002 FT6),20612343,0.9884,0.4626,9.49,188.41,226.84,0.531,1.45,0.983,359.04075,2461200.5,304.76,0.0407,False,22.66,,,,6303.0,1,72,,
612356 (2002 JX8),20612356,0.7703,0.3049,4.38,68.06,338.55,0.535,1.01,0.676,246.90900000000002,2461200.5,39.37,0.0198,True,19.99,,,,8424.0,0,762,2.0,0.0
612443 (2002 RR25),20612443,0.9667,0.3098,13.54,349.8,156.16,0.667,1.27,0.95,346.9875,2461200.5,210.29,0.14,False,21.06,,,,7363.0,0,281,,
612970 (2005 HN3),20612970,0.8554,0.3356,7.9,59.28,6.31,0.568,1.14,0.791,288.91275,2461200.5,17.34,0.0787,False,21.15,,,,6990.0,0,245,,
613010 (2005 OU1),20613010,0.9758,0.32,12.52,309.7,204.87,0.664,1.29,0.964,352.101,2461200.5,4.47,0.127,False,20.23,,,,1186.0,2,157,,
613286 (2005 YQ96),20613286,0.7433,0.3336,22.23,282.66,340.15,0.495,0.99,0.641,234.12525,2461200.5,157.39,0.0192,True,20.63,,,,6559.0,0,99,5.0,4.0
613398 (2006 FK),20613398,0.9226,0.3433,14.61,15.12,3.22,0.606,1.24,0.886,323.6115,2461200.5,85.62,0.194,False,21.25,,,,5860.0,0,109,,
613400 (2006 FH36),20613400,0.9552,0.1982,1.58,278.09,156.95,0.766,1.14,0.934,341.1435,2461200.5,321.07,0.0172,False,23.03,,,,5604.0,0,182,,
613403 (2006 GB),20613403,0.9586,0.1795,10.07,183.67,242.93,0.787,1.13,0.939,342.96975,2461200.5,278.77,0.00991,True,20.22,,,,6322.0,0,543,,
613471 (2006 RJ1),20613471,0.9504,0.3004,1.41,93.45,110.33,0.665,1.24,0.927,338.58675,2461200.5,232.73,0.00142,False,22.27,,,,5213.0,0,248,,
613569 (2006 TU7),20613569,0.8513,0.4704,2.95,91.34,69.21,0.451,1.25,0.785,286.72125,2461200.5,275.62,0.0236,True,21.95,,,,8055.0,0,196,,
613726 (2007 EF),20613726,0.8203,0.4101,21.73,158.33,226.04,0.484,1.16,0.743,271.38075,2461200.5,64.48,0.0251,True,21.34,0.26,0.01,0.072,5538.0,0,120,,
613862 (2007 UY1),20613862,0.9493,0.176,1.02,337.45,274.12,0.782,1.12,0.925,337.85625,2461200.5,154.99,0.00554,False,23.1,,,,5222.0,0,312,,
613939 (2008 CH116),20613939,0.6628,0.5875,20.37,85.89,248.18,0.273,1.05,0.54,197.235,2461200.5,212.01,0.225,False,19.25,0.322,0.09,0.355,5916.0,0,155,,
613949 (2008 CC175),20613949,0.9552,0.5014,10.17,125.58,166.5,0.476,1.43,0.934,341.1435,2461200.5,135.09,0.117,False,21.42,,,,5513.0,0,114,,
614134 (2008 TC4),20614134,0.7804,0.5544,10.65,212.53,324.36,0.348,1.21,0.689,251.65724999999998,2461200.5,98.73,0.00349,True,21.65,,,,4726.0,0,180,,
618348 (2016 PN),20618348,0.8587,0.3323,21.6,126.04,23.69,0.573,1.14,0.796,290.73900000000003,2461200.5,270.51,0.0703,False,20.22,0.16,0.07,0.495,4404.0,0,315,,
620091 (2015 FD341),20620091,0.9552,0.675,20.54,7.51,67.03,0.31,1.6,0.934,341.1435,2461200.5,85.67,0.124,False,17.87,1.248,0.42,0.094,4728.0,1,114,,
625991 (2006 UL185),20625991,0.8441,0.5018,19.43,52.27,177.35,0.42,1.27,0.775,283.06875,2461200.5,253.19,0.204,False,21.41,,,,6223.0,0,113,,
666220 (2010 AO60),20666220,0.9516,0.2485,11.06,309.88,37.34,0.715,1.19,0.928,338.952,2461200.5,347.52,0.0814,False,21.73,,,,5175.0,0,264,,
666241 (2010 BK2),20666241,0.9046,0.4479,6.05,278.0,72.69,0.499,1.31,0.86,314.115,2461200.5,101.24,0.0329,False,22.04,0.118,0.0,0.205,4831.0,0,85,,
673713 (2015 FQ117),20673713,0.8606,0.6205,4.55,293.85,63.12,0.327,1.39,0.798,291.46950000000004,2461200.5,198.84,0.0283,True,20.87,,,,2919.0,0,84,,
678989 (2018 GY4),20678989,0.9181,0.7101,17.24,266.98,102.77,0.266,1.57,0.88,321.42,2461200.5,251.0,0.175,False,19.06,,,,5520.0,0,95,,
686964 (2011 GM44),20686964,0.7817,0.5191,49.33,10.82,37.53,0.376,1.19,0.691,252.38774999999998,2461200.5,83.95,0.0234,True,19.68,,,,6555.0,0,143,,
693691 (2015 KJ157),20693691,0.9449,0.7373,36.9,101.46,302.07,0.248,1.64,0.918,335.2995,2461200.5,278.11,0.171,False,19.2,,,,8415.0,0,273,,
706765 (2010 TK7),20706765,0.9985,0.1903,20.91,96.41,46.07,0.809,1.19,0.998,364.5195,2461200.5,144.42,0.0832,False,20.78,0.379,0.12,0.059,4115.0,0,153,,
723136 (2006 NL),20723136,0.8477,0.5759,20.08,115.18,29.41,0.36,1.34,0.781,285.26025,2461200.5,291.42,0.0563,False,19.95,,,,6615.0,0,346,1.0,1.0
741537 (2006 HV5),20741537,0.8425,0.3156,32.02,35.94,317.51,0.577,1.11,0.773,282.33825,2461200.5,263.13,0.0152,True,19.41,0.307,0.08,0.246,7316.0,0,402,7.0,2.0
745311 (2010 XC15),20745311,0.7324,0.4199,8.24,94.4,158.12,0.425,1.04,0.627,229.01175,2461200.5,50.03,0.00231,True,21.48,,,,4406.0,0,279,4.0,5.0
746190 (2011 TG2),20746190,0.8938,0.5148,21.09,12.91,218.65,0.434,1.35,0.845,308.63625,2461200.5,217.37,0.0505,False,20.32,,,,4070.0,0,465,,
747011 (2012 PG6),20747011,0.8373,0.616,6.53,311.87,169.93,0.321,1.35,0.766,279.7815,2461200.5,253.43,0.0535,False,20.24,,,,8424.0,0,480,2.0,2.0
756476 (2019 NC1),20756476,0.9917,0.1277,6.81,310.47,144.39,0.865,1.12,0.988,360.867,2461200.5,191.43,0.0576,False,21.4,,,,4018.0,0,1211,,
776617 (2008 CL1),20776617,0.961,0.1374,30.02,344.05,4.68,0.829,1.09,0.942,344.0655,2461200.5,312.85,0.101,False,19.45,,,,6530.0,0,769,,
786479 (2015 YU7),20786479,0.8195,0.4127,7.19,253.96,44.3,0.481,1.16,0.742,271.0155,2461200.5,149.48,0.00608,True,21.38,,,,3336.0,0,259,,
789529 (2017 SN14),20789529,0.9796,0.4392,24.98,316.22,287.37,0.549,1.41,0.97,354.2925,2461200.5,52.13,0.0505,False,19.04,,,,3067.0,0,352,,
791223 (2019 SV4),20791223,0.9707,0.6539,12.08,210.04,17.51,0.336,1.61,0.956,349.179,2461200.5,64.77,0.102,False,21.2,,,,2576.0,1,229,,
791587 (2020 AD3),20791587,0.9827,0.5948,2.64,268.41,73.84,0.398,1.57,0.974,355.7535,2461200.5,270.54,0.0157,True,21.61,,,,2236.0,1,256,,
875236 (2001 SQ263),20875236,0.947,0.4913,3.94,327.04,262.62,0.482,1.41,0.922,336.76050000000004,2461200.5,359.17,0.0324,False,22.52,,,,8788.0,0,92,,
875461 (2003 YJ),20875461,0.9305,0.1988,19.47,89.72,165.67,0.746,1.12,0.898,327.9945,2461200.5,223.33,0.12,False,20.34,,,,6537.0,0,234,,
875759 (2005 XT77),20875759,0.8412,0.2664,17.22,84.78,150.03,0.617,1.07,0.771,281.60775,2461200.5,62.26,0.027,True,21.42,,,,7267.0,0,125,,
876393 (2008 BP16),20876393,0.8286,0.6496,29.19,139.9,155.38,0.29,1.37,0.754,275.3985,2461200.5,21.6,0.0947,False,21.81,,,,6554.0,1,107,,
876653 (2008 UX),20876653,0.8174,0.6812,21.75,37.53,158.15,0.261,1.37,0.739,269.91975,2461200.5,172.92,0.0785,False,20.89,,,,6239.0,0,186,,
876912 (2009 BE58),20876912,0.9373,0.5596,1.87,149.41,121.06,0.413,1.46,0.907,331.28175,2461200.5,334.49,0.00411,True,21.71,,,,6175.0,0,159,,
877685 (2010 VD72),20877685,0.9184,0.1813,19.2,224.05,310.32,0.752,1.08,0.88,321.42,2461200.5,139.94,0.0132,True,21.55,0.124,0.01,0.29,5467.0,0,82,,
878293 (2011 YX10),20878293,0.9541,0.3307,25.23,272.98,345.79,0.639,1.27,0.932,340.413,2461200.5,27.56,0.242,False,21.57,,,,5141.0,0,108,,
883081 (2016 JE),20883081,0.8219,0.4721,16.68,51.34,347.51,0.434,1.21,0.745,272.11125,2461200.5,4.27,0.112,False,21.94,,,,4423.0,1,130,,
885268 (2018 RP8),20885268,0.7848,0.5154,15.38,321.25,247.69,0.38,1.19,0.695,253.84875,2461200.5,135.92,0.133,False,19.81,,,,5141.0,0,237,,
885677 (2019 OH1),20885677,0.9906,0.2973,8.47,311.86,215.26,0.696,1.29,0.986,360.1365,2461200.5,96.95,0.0757,False,22.59,,,,3715.0,1,187,,
886859 (2021 UN7),20886859,0.9992,0.3933,20.3,49.89,227.28,0.606,1.39,0.999,364.88475,2461200.5,294.39,0.0973,False,23.37,,,,4030.0,0,125,,
887773 (2007 DB61),20887773,0.8106,0.3649,5.41,158.98,209.28,0.515,1.11,0.73,266.6325,2461200.5,259.85,0.0129,False,23.79,,,,9850.0,0,165,,
891458 (2015 AJ44),20891458,0.8869,0.4764,6.32,116.96,192.68,0.464,1.31,0.835,304.98375,2461200.5,20.94,0.0657,False,22.38,,,,4079.0,0,99,,
893065 (2016 CL136),20893065,0.7296,0.6223,21.53,316.42,23.52,0.276,1.18,0.623,227.55075,2461200.5,309.02,0.0281,True,21.3,0.123,0.06,0.32,3662.0,0,291,1.0,1.0
893859 (2016 VO1),20893859,0.9828,0.4287,1.62,129.71,131.95,0.561,1.4,0.974,355.7535,2461200.5,40.36,0.00766,False,23.14,,,,3396.0,1,97,,
894575 (2017 YS8),20894575,0.8657,0.3826,32.3,321.3,303.26,0.534,1.2,0.805,294.02625,2461200.5,44.59,0.0413,True,19.67,,,,2977.0,0,236,,
(1993 DA),50092137,0.9359,0.0931,12.39,329.0,353.95,0.849,1.02,0.905,330.55125,2461200.5,112.44,0.0341,False,26.4,,,,5.0,6,22,,
(1994 GL),50092147,0.6834,0.5039,3.68,196.61,179.57,0.339,1.03,0.565,206.36624999999998,2461200.5,152.11,0.0128,False,25.5,,,,9496.0,2,104,,
(1994 WR12),50005992,0.7567,0.3976,6.84,62.44,206.12,0.456,1.06,0.658,240.33450000000002,2461200.5,92.24,0.00111,False,22.41,,,,11345.0,0,153,,
(1995 CR),50005996,0.9069,0.8684,4.08,342.3,322.85,0.119,1.69,0.864,315.576,2461200.5,36.96,0.0125,True,21.76,,,,11333.0,0,264,,
(1996 BG1),50092167,0.8966,0.2802,3.83,139.19,151.0,0.645,1.15,0.849,310.09725,2461200.5,105.24,0.0269,False,23.72,,,,10192.0,0,46,,
(1996 XZ12),50092179,0.9764,0.4927,5.56,251.74,55.85,0.495,1.46,0.965,352.46625,2450427.5,73.8,0.00595,False,25.4,,,,3.0,9,11,,
(1997 AC11),50009740,0.9132,0.368,31.7,116.92,141.58,0.577,1.25,0.873,318.86325,2461200.5,141.03,0.103,False,20.7,,,,10204.0,0,171,,
(1998 HP126),54179903,0.794,0.4723,0.74,183.6,241.11,0.419,1.17,0.708,258.597,2459400.5,46.1,,,25.77,,,,1.0,9,15,,
(1998 SD9),50014207,0.7025,0.5044,2.99,165.74,7.7,0.348,1.06,0.589,215.13225,2461200.5,207.83,0.00867,False,24.09,,,,7302.0,0,150,1.0,0.0
(1998 XN17),50064338,0.9829,0.2105,7.24,85.86,226.68,0.776,1.19,0.974,355.7535,2461200.5,193.2,0.0555,False,22.8,,,,1926.0,2,37,,
(1999 AO10),50017332,0.912,0.1109,2.58,312.17,7.22,0.811,1.01,0.871,318.13275,2461200.5,316.93,0.0216,False,24.32,,,,9927.0,1,230,,
(1999 VW25),50092268,0.9292,0.1117,10.76,232.07,354.7,0.825,1.03,0.896,327.264,2461200.5,64.31,0.0426,False,25.39,,,,3.0,7,31,,
(1999 VX25),50024053,0.8997,0.139,1.66,55.31,151.72,0.775,1.02,0.853,311.55825,2461200.5,255.05,0.00579,False,26.7,,,,5.0,7,41,,
(2000 EB14),50031199,0.8955,0.4956,11.57,162.78,139.66,0.452,1.34,0.847,309.36674999999997,2461200.5,267.92,0.031,False,23.43,,,,8041.0,1,80,,
(2000 EM26),50092276,0.8172,0.4668,3.84,344.9,24.42,0.436,1.2,0.739,269.91975,2461200.5,327.39,0.0185,False,22.51,,,,7358.0,1,93,,
(2000 EZ106),50035188,0.9309,0.4477,40.51,358.45,313.72,0.514,1.35,0.898,327.9945,2461200.5,344.36,0.065,False,20.67,,,,9520.0,0,102,,
(2000 HB24),50036386,0.8151,0.4304,2.67,55.04,18.02,0.464,1.17,0.736,268.824,2461200.5,275.1,0.0158,False,23.7,,,,6264.0,0,113,,
(2000 HO40),50092283,0.7462,0.5171,5.84,29.93,6.47,0.36,1.13,0.645,235.58625,2461200.5,1.42,0.0382,False,22.3,,,,7335.0,0,127,,
(2000 LG6),50042578,0.9171,0.1106,2.83,72.52,8.14,0.816,1.02,0.878,320.6895,2461200.5,35.52,0.00291,False,29.0,,,,3.0,6,12,,
(2000 OK8),50046671,0.9846,0.2209,9.98,304.54,166.29,0.767,1.2,0.977,356.84925,2461200.5,13.35,0.135,False,20.2,,,,759.0,2,199,,
(2000 SZ162),50054361,0.9289,0.1677,0.89,12.5,132.92,0.773,1.08,0.895,326.89875,2461200.5,115.36,0.00225,False,27.3,,,,8.0,7,26,,
(2000 SG344),50054397,0.9775,0.0669,0.11,191.75,275.58,0.912,1.04,0.966,352.8315,2461200.5,119.64,0.000877,False,24.7,,,,507.0,3,31,,
(2000 UK11),50054396,0.8833,0.2485,0.79,236.91,294.1,0.664,1.1,0.83,303.15749999999997,2461200.5,192.5,0.00417,False,25.3,,,,5435.0,1,69,1.0,2.0
(2000 UR16),50063812,0.9047,0.4388,11.75,33.73,228.88,0.508,1.3,0.861,314.48025,2461200.5,9.32,0.0123,False,23.9,,,,33.0,6,60,,
(2000 WC1),50063081,0.8784,0.2621,17.42,50.76,230.21,0.648,1.11,0.823,300.60075,2461200.5,106.34,0.00551,True,22.57,,,,8850.0,0,62,,
(2000 YS134),50067515,0.8564,0.2245,3.55,96.29,190.32,0.664,1.05,0.793,289.64325,2461200.5,196.76,0.0275,False,24.02,,,,8435.0,2,58,,
(2001 BA16),50068089,0.94,0.1374,5.77,115.26,243.14,0.811,1.07,0.911,332.74275,2461200.5,49.47,0.000299,False,26.0,,,,40.0,6,21,,
(2001 BB16),50071962,0.8554,0.1723,2.03,122.32,196.08,0.708,1.0,0.791,288.91275,2461200.5,192.11,0.0049,False,23.2,,,,6967.0,0,57,0.0,1.0
(2001 CP36),50069781,0.7146,0.4072,10.56,330.93,353.63,0.424,1.01,0.604,220.611,2461200.5,148.95,0.0112,False,23.92,,,,2213.0,1,148,2.0,2.0
(2001 CQ36),50070824,0.9374,0.1772,1.26,30.54,344.89,0.771,1.1,0.908,331.647,2461200.5,52.34,0.0139,False,22.74,,,,7751.0,0,159,0.0,2.0
(2001 ED18),50072219,0.9893,0.0573,11.63,357.76,306.7,0.933,1.05,0.984,359.406,2461200.5,107.38,0.0247,False,24.5,,,,5.0,6,98,,
(2001 FR85),50072296,0.9828,0.0279,5.25,183.01,233.78,0.955,1.01,0.974,355.7535,2461200.5,75.8,0.0019,False,24.8,,,,7.0,3,40,3.0,1.0
(2001 FO127),50072314,0.8884,0.1582,7.31,189.09,200.95,0.748,1.03,0.837,305.71425,2461200.5,189.53,0.0165,False,27.5,,,,19.0,6,35,,
(2001 OT),50079973,0.934,0.3228,12.06,295.77,143.01,0.633,1.24,0.903,329.82075000000003,2461200.5,97.3,0.0627,False,21.7,,,,6616.0,0,98,,
(2001 TD),50092370,0.9537,0.1662,9.01,13.01,241.59,0.795,1.11,0.931,340.04775,2461200.5,275.49,0.00443,False,25.1,,,,8.0,4,31,,
(2001 UP),50092413,0.8838,0.2872,7.69,25.39,133.5,0.63,1.14,0.831,303.52275,2461200.5,128.27,0.00665,False,25.7,,,,4.0,3,42,0.0,3.0
(2001 WF49),50102688,0.7521,0.3707,17.95,239.63,358.44,0.473,1.03,0.652,238.143,2461200.5,44.8,0.0424,False,22.1,,,,6218.0,0,89,,
(2002 AY1),50102751,0.7792,0.4371,29.9,287.84,323.81,0.439,1.12,0.688,251.29199999999997,2461200.5,75.69,0.00758,True,20.86,,,,8801.0,0,270,7.0,4.0
(2002 AB2),50102754,0.8409,0.3843,13.1,103.0,149.62,0.518,1.16,0.771,281.60775,2461200.5,123.61,0.049,False,23.28,,,,7274.0,0,56,,
(2002 AO11),50102779,0.9172,0.1621,13.06,294.98,305.94,0.769,1.07,0.878,320.6895,2461200.5,178.93,0.0027,False,23.05,0.175,0.05,0.048,5114.0,2,23,,
(2002 AA29),50102785,0.9926,0.013,10.75,106.35,101.87,0.98,1.01,0.989,361.23225,2461200.5,137.8,0.0116,False,24.1,,,,736.0,0,63,0.0,1.0
(2002 CW11),50114046,0.8645,0.2253,3.14,137.12,210.53,0.67,1.06,0.804,293.661,2461200.5,222.71,0.0106,False,26.1,,,,14.0,7,30,,
(2002 CC14),50114049,0.8205,0.403,12.65,137.55,218.24,0.49,1.15,0.743,271.38075,2461200.5,28.98,0.00994,False,24.8,,,,7.0,7,47,,
(2002 EM7),50117450,0.9209,0.3634,1.55,345.94,58.9,0.586,1.26,0.884,322.88100000000003,2461200.5,240.97,0.000613,False,24.4,,,,25.0,5,69,,
(2002 FW1),50117469,0.8241,0.3416,6.62,164.3,223.22,0.543,1.11,0.748,273.207,2452358.5,130.48,0.00848,False,24.3,,,,21.0,8,14,,
(2002 FT5),50117483,0.967,0.3004,28.06,7.92,31.49,0.677,1.26,0.951,347.35274999999996,2461200.5,288.43,0.164,False,21.57,,,,7310.0,0,94,,
(2002 GQ),50120886,0.7684,0.3751,10.62,189.36,206.38,0.48,1.06,0.674,246.1785,2461200.5,97.66,0.00241,False,26.3,,,,7.0,7,23,,
(2002 JR100),50126206,0.9234,0.299,3.7,202.21,254.22,0.647,1.2,0.887,323.97675,2461200.5,140.62,0.0193,False,24.36,0.028,0.0,0.441,8776.0,0,165,,
(2002 LY1),50127414,0.9555,0.3787,2.89,247.76,134.34,0.594,1.32,0.934,341.1435,2461200.5,169.65,0.0119,False,22.48,,,,5124.0,0,188,1.0,1.0
(2002 TZ66),50137867,0.9297,0.1207,8.48,12.9,223.26,0.817,1.04,0.896,327.264,2461200.5,270.93,0.00325,False,25.9,,,,23.0,3,49,0.0,1.0
(2002 VX91),50143107,0.9843,0.2014,2.34,216.36,78.81,0.786,1.18,0.977,356.84925,2461200.5,141.23,0.00193,False,24.3,,,,1942.0,2,45,,
(2002 XB),50143144,0.9061,0.2376,25.53,245.86,351.29,0.691,1.12,0.863,315.21075,2461200.5,294.86,0.13,False,21.88,,,,6975.0,0,71,,
(2002 XS90),50144554,0.8098,0.2418,34.17,81.65,178.64,0.614,1.01,0.729,266.26725,2461200.5,266.01,0.0207,False,22.8,,,,16.0,7,17,,
(2003 AF23),50146522,0.8744,0.4259,23.23,286.74,43.95,0.502,1.25,0.818,298.7745,2461200.5,319.28,0.0325,True,21.01,,,,8407.0,0,463,1.0,2.0
(2003 CA4),50147602,0.9205,0.1192,7.49,139.66,172.93,0.811,1.03,0.883,322.51575,2461200.5,339.38,0.0414,False,23.6,,,,5485.0,0,179,,
(2003 EM1),50150791,0.9567,0.0525,15.26,345.91,23.51,0.906,1.01,0.936,341.874,2461200.5,93.63,0.0103,False,24.5,,,,8.0,5,243,,
(2003 FK1),50151664,0.7075,0.4857,23.35,177.59,196.51,0.364,1.05,0.595,217.32375,2452725.5,160.22,0.0139,False,23.0,,,,7.0,8,27,,
(2003 FU3),50151667,0.8584,0.394,13.04,21.53,339.39,0.52,1.2,0.795,290.37375000000003,2461200.5,264.22,0.0825,False,21.09,,,,8425.0,0,196,,
(2003 FY6),50151678,0.73,0.5821,6.59,359.09,29.75,0.305,1.15,0.624,227.916,2461200.5,178.3,0.00407,False,22.61,,,,7332.0,0,204,,
(2003 GQ22),50152340,0.8723,0.1814,17.02,199.46,168.69,0.714,1.03,0.815,297.67875,2461200.5,347.36,0.0243,True,21.34,,,,8058.0,0,318,,
(2003 HM),50153532,0.8138,0.2696,26.27,30.44,19.36,0.594,1.03,0.734,268.0935,2461200.5,337.54,0.00726,False,22.11,,,,8053.0,0,147,4.0,5.0
(2003 HT42),50153553,0.8147,0.2616,4.87,38.56,352.56,0.602,1.03,0.735,268.45875,2461200.5,345.77,0.0132,False,24.8,,,,12.0,6,110,,
(2003 LH),50154543,0.9616,0.149,10.8,247.12,238.78,0.818,1.1,0.943,344.43075,2461200.5,266.72,0.00467,False,25.2,,,,59.0,5,50,,
(2003 LN6),50156325,0.8558,0.2109,0.66,213.57,212.39,0.675,1.04,0.792,289.278,2461200.5,199.21,0.00101,False,24.74,,,,8413.0,0,186,,
(2003 RU11),50160746,0.8886,0.1823,4.67,178.18,316.76,0.727,1.05,0.838,306.0795,2461200.5,276.79,0.00775,False,25.5,,,,3.0,3,33,1.0,1.0
(2003 SW130),50160771,0.8836,0.3043,3.68,176.24,47.76,0.615,1.15,0.831,303.52275,2461200.5,221.7,0.000632,False,29.1,,,,8.0,5,24,,
(2003 TG2),50160876,0.9078,0.3159,25.46,200.64,355.18,0.621,1.19,0.865,315.94125,2461200.5,237.95,0.194,False,21.36,,,,7323.0,0,79,,
(2003 UY12),50164424,0.7011,0.5945,16.4,22.85,200.68,0.284,1.12,0.587,214.40175,2461200.5,324.02,0.0115,False,23.27,,,,7323.0,1,93,,
(2003 UT55),50164454,0.9793,0.1476,16.89,212.81,287.33,0.835,1.12,0.969,353.92725,2452939.5,269.56,0.00723,False,26.8,,,,1.0,8,30,,
(2003 WU21),50167371,0.9092,0.5449,28.6,57.51,140.7,0.414,1.4,0.867,316.67175,2461200.5,282.71,0.0697,False,21.87,,,,6943.0,0,136,,
(2003 WT153),50167390,0.8937,0.1782,0.37,56.54,147.47,0.734,1.05,0.845,308.63625,2461200.5,130.65,0.0016,False,28.0,,,,2.0,6,46,,
(2003 YR1),50170265,0.899,0.4508,29.33,86.39,138.07,0.494,1.3,0.852,311.193,2461200.5,42.06,0.0665,False,22.2,,,,6213.0,1,58,,
(2003 YS17),50170227,0.9299,0.3128,6.53,98.91,134.65,0.639,1.22,0.897,327.62925,2461200.5,259.94,0.0304,True,21.6,,,,6228.0,0,209,,
(2003 YN107),50170244,0.9888,0.0139,4.32,264.37,87.43,0.975,1.0,0.983,359.04075,2461200.5,26.63,0.00464,False,26.5,,,,467.0,1,45,,
(2003 YG136),50170231,0.9693,0.355,2.73,86.2,128.23,0.625,1.31,0.954,348.44849999999997,2461200.5,115.81,0.0123,False,25.24,,,,4.0,7,21,,
(2004 BY1),50172345,0.8808,0.22,3.58,298.03,29.64,0.687,1.07,0.827,302.06174999999996,2461200.5,133.84,0.0183,False,24.58,,,,28.0,7,37,,
(2004 BT58),50174210,0.9607,0.3849,17.67,300.8,45.85,0.591,1.33,0.942,344.0655,2461200.5,12.33,0.0782,False,22.19,,,,6229.0,0,141,,
(2004 DA53),50176210,0.883,0.33,5.14,336.48,50.1,0.592,1.17,0.83,303.15749999999997,2461200.5,31.27,0.0023,False,28.0,,,,1.0,7,17,,
(2004 EL20),50177216,0.8148,0.2685,7.6,355.91,337.71,0.596,1.03,0.735,268.45875,2461200.5,300.92,0.00729,False,26.7,,,,2.0,7,21,,
(2004 ER21),50177220,0.899,0.171,7.95,357.25,343.53,0.745,1.05,0.852,311.193,2461200.5,219.02,0.0408,False,24.4,,,,10.0,7,70,,
(2004 FH),50177225,0.8193,0.2889,0.05,258.14,69.25,0.583,1.06,0.742,271.0155,2461200.5,239.56,0.000497,False,26.41,,,,6184.0,1,273,,
(2004 FG29),50177255,0.8784,0.4929,3.43,182.89,142.56,0.445,1.31,0.823,300.60075,2461200.5,260.54,0.0101,False,26.0,,,,2.0,7,45,,
(2004 FU162),50250001,0.8269,0.3922,4.16,191.25,139.78,0.503,1.15,0.752,274.668,2453100.5,262.67,7.23e-05,False,29.48,,,,,9,4,,
(2004 HT59),50180215,0.98,0.2233,11.13,214.63,112.21,0.761,1.2,0.97,354.2925,2461200.5,201.04,0.00698,False,27.2,,,,1.0,7,10,,
(2004 KG1),50182846,0.8302,0.4072,1.91,242.42,214.23,0.492,1.17,0.756,276.129,2461200.5,162.11,0.00301,False,23.96,,,,8111.0,0,113,,
(2004 LO2),50183870,0.9159,0.3511,25.44,82.59,309.42,0.594,1.24,0.877,320.32425,2461200.5,303.61,0.0137,False,25.0,,,,4.0,7,31,,
(2004 QB3),50250003,0.95,0.4163,14.31,327.21,232.17,0.555,1.35,0.926,338.2215,2453241.5,88.35,0.02,False,24.4,,,,13.0,8,19,,
(2004 QG13),50250216,0.953,0.1734,56.31,151.86,9.21,0.788,1.12,0.93,339.6825,2453243.5,164.1,0.104,False,21.4,,,,6.0,9,47,,
(2004 QA22),50250316,0.951,0.1228,0.58,174.7,28.26,0.834,1.07,0.927,338.58675,2461200.5,294.5,0.00424,False,27.9,,,,10.0,5,45,,
(2004 RO111),50252127,0.9609,0.3322,5.4,199.17,281.13,0.642,1.28,0.942,344.0655,2461200.5,285.93,0.0239,False,23.3,,,,5842.0,0,69,,
(2004 ST2),50253668,0.955,0.1872,22.3,356.74,227.14,0.776,1.13,0.933,340.77825,2461200.5,212.91,0.0461,False,24.2,,,,5118.0,1,66,,
(2004 SW26),50255197,0.7378,0.4162,18.41,180.36,359.48,0.431,1.04,0.634,231.5685,2453272.5,184.0,0.0414,False,25.66,,,,1.0,8,25,,
(2004 SC56),50255488,0.7676,0.4284,4.78,201.8,322.97,0.439,1.1,0.672,245.448,2461200.5,321.79,0.0108,False,22.7,0.291,0.04,0.017,2167.0,1,168,,
(2004 TA1),50255902,0.9085,0.2502,13.5,14.42,200.47,0.681,1.14,0.866,316.30649999999997,2461200.5,161.53,0.0906,False,23.29,,,,4737.0,1,44,,
(2004 TD10),50256344,0.7511,0.4428,2.6,47.88,137.21,0.419,1.08,0.651,237.77775,2461200.5,312.72,0.0118,False,22.18,,,,5466.0,0,166,,
(2004 TP13),50256606,0.9765,0.1619,36.53,12.61,138.62,0.818,1.13,0.965,352.46625,2453289.5,238.08,0.0811,False,23.1,,,,7.0,9,23,,
(2004 TN20),50257100,0.9466,0.2593,14.09,203.0,56.59,0.701,1.19,0.921,336.39525000000003,2461200.5,277.69,0.0216,False,24.9,,,,3.0,7,17,,
(2004 UH1),50258085,0.9534,0.3965,3.7,29.52,120.9,0.575,1.33,0.931,340.04775,2461200.5,2.51,0.00212,False,28.1,,,,1.0,6,16,,
(2004 UT1),50258099,0.9687,0.2216,4.41,211.3,293.92,0.754,1.18,0.953,348.08324999999996,2461200.5,198.24,0.00575,False,26.69,,,,6579.0,0,67,,
(2004 VZ),50261424,0.9404,0.2442,16.23,225.7,297.26,0.711,1.17,0.912,333.108,2461200.5,144.56,0.00327,False,24.6,,,,3.0,7,46,,
(2004 VJ1),50261704,0.9438,0.1641,1.29,233.27,332.31,0.789,1.1,0.917,334.93425,2461200.5,41.54,0.0137,False,24.1,,,,4052.0,1,105,,
(2004 WC1),50262592,0.8573,0.1712,10.32,54.72,179.39,0.711,1.0,0.794,290.0085,2461200.5,243.05,0.0147,False,26.1,,,,3.0,7,18,,
(2004 XG),50263255,0.8365,0.2987,1.2,283.62,2.45,0.587,1.09,0.765,279.41625,2461200.5,146.63,0.0127,False,24.16,,,,7373.0,1,96,,
(2004 XJ),50263256,0.887,0.1697,12.19,253.22,16.47,0.736,1.04,0.835,304.98375,2461200.5,60.14,0.0407,False,24.0,,,,13.0,7,75,,
(2004 XK14),50263471,0.7485,0.4339,3.1,306.79,303.21,0.424,1.07,0.648,236.68200000000002,2461200.5,264.19,0.0251,False,22.44,0.24,0.08,0.034,4758.0,0,152,,
(2004 YC),50264211,0.8677,0.3137,6.08,263.14,47.49,0.596,1.14,0.808,295.122,2461200.5,300.79,0.00276,False,25.6,,,,4.0,6,35,,
(2004 YD),50264212,0.8424,0.2404,12.1,265.63,7.82,0.64,1.04,0.773,282.33825,2453358.5,166.43,0.0554,False,24.0,,,,9.0,8,22,,
(2004 YA5),50264570,0.8089,0.5364,28.18,269.95,31.22,0.375,1.24,0.728,265.902,2453362.5,99.16,0.0519,False,22.84,,,,13.0,8,30,,
(2005 BU),50266054,0.8472,0.3006,12.99,296.75,38.91,0.593,1.1,0.78,284.895,2461200.5,275.37,0.0147,False,26.7,,,,2.0,7,32,,
(2005 CN61),50267587,0.9891,0.0679,9.55,146.67,248.62,0.922,1.06,0.984,359.406,2461200.5,339.25,0.0207,False,25.3,,,,5.0,5,46,,
(2005 EP1),50273481,0.8923,0.77,16.3,344.39,328.04,0.205,1.58,0.843,307.90575,2453433.5,297.33,0.0124,False,23.7,,,,3.0,9,30,,
(2005 FC),50274714,0.9179,0.2707,12.83,0.08,310.84,0.669,1.17,0.879,321.05475,2461200.5,296.09,0.0237,False,24.5,,,,8.0,6,29,,
(2005 FN),50274928,0.9332,0.3301,3.75,177.24,120.9,0.625,1.24,0.902,329.45550000000003,2461200.5,111.87,0.00109,False,26.9,,,,1.0,5,185,,
(2005 GR33),50276001,0.7784,0.3844,27.99,22.66,334.64,0.479,1.08,0.687,250.92675000000003,2461200.5,156.48,0.0123,False,22.14,,,,4737.0,0,153,,
(2005 GZ128),50276709,0.9511,0.1358,18.65,202.99,230.64,0.822,1.08,0.928,338.952,2461200.5,47.42,0.0182,False,26.47,,,,4.0,7,22,,
(2005 KA),50278425,0.8415,0.2127,2.97,224.88,182.77,0.662,1.02,0.772,281.973,2461200.5,305.82,0.0115,False,24.7,,,,3646.0,0,69,,
(2005 MF5),50283241,0.8038,0.3818,29.52,98.03,349.76,0.497,1.11,0.721,263.34524999999996,2461200.5,212.99,0.0805,False,21.73,,,,6586.0,1,95,,
(2005 MR5),50283250,0.8527,0.2958,27.79,263.59,190.56,0.6,1.1,0.787,287.45175,2461200.5,21.55,0.0802,False,20.24,,,,6941.0,0,296,,
(2005 NE21),50283702,0.7892,0.4965,10.63,289.67,194.78,0.397,1.18,0.701,256.04024999999996,2461200.5,92.48,0.0561,False,21.24,,,,7707.0,0,189,,
(2005 NJ63),50283973,0.8692,0.4223,26.55,120.83,1.75,0.502,1.24,0.81,295.8525,2461200.5,93.59,0.218,False,21.03,,,,7692.0,0,106,,
(2005 QP11),50288956,0.9755,0.1759,3.96,334.8,119.91,0.804,1.15,0.963,351.73575,2461200.5,102.41,0.0101,False,26.4,,,,9.0,4,47,,
(2005 RB3),50289762,0.8776,0.3937,36.11,165.83,320.43,0.532,1.22,0.822,300.2355,2461200.5,340.41,0.0482,False,22.61,,,,6920.0,1,102,,
(2005 SP9),50291247,0.8657,0.6238,27.74,354.8,228.15,0.326,1.41,0.805,294.02625,2461200.5,329.39,0.0518,False,21.61,,,,6220.0,0,69,,
(2005 TM),50292284,0.8412,0.4172,5.22,8.67,151.9,0.49,1.19,0.772,281.973,2453647.5,240.49,0.0235,False,24.7,,,,6.0,8,20,,
(2005 TQ45),50293813,0.8276,0.2325,25.63,14.86,185.87,0.635,1.02,0.753,275.03325,2461200.5,337.99,0.0185,False,25.6,,,,2.0,5,38,,
(2005 TE49),50293854,0.9491,0.3653,4.75,194.99,304.69,0.602,1.3,0.925,337.85625,2461200.5,49.38,0.00825,False,26.39,,,,4389.0,2,40,,
(2005 TG50),50293945,0.9227,0.1351,2.39,344.01,201.59,0.798,1.05,0.886,323.6115,2461200.5,297.65,0.0117,False,24.83,,,,5849.0,0,77,,
(2005 TH50),50293946,0.8375,0.2255,0.73,196.84,18.17,0.649,1.03,0.766,279.7815,2453654.5,153.66,0.00137,False,28.0,,,,4.0,8,16,,
(2005 UE1),50297205,0.8937,0.17,5.64,32.42,139.88,0.742,1.05,0.845,308.63625,2461200.5,26.47,0.00185,False,26.2,,,,2.0,6,39,,
(2005 UV64),50297402,0.9589,0.1161,5.42,215.74,313.55,0.848,1.07,0.939,342.96975,2461200.5,225.39,0.0254,False,26.4,,,,5471.0,0,35,,
(2005 VK1),50297651,0.7413,0.4269,24.59,223.75,358.55,0.425,1.06,0.638,233.0295,2453679.5,174.4,0.0662,False,22.6,,,,2.0,8,36,,
(2005 VL1),50297652,0.8912,0.2246,0.24,37.88,227.8,0.691,1.09,0.841,307.17525,2461200.5,284.04,1.82e-06,False,26.45,,,,5874.0,4,79,,
(2005 VN5),50299744,0.9454,0.2326,2.06,48.26,116.15,0.725,1.17,0.919,335.66475,2461200.5,52.47,0.00097,False,27.0,,,,2.0,5,61,,
(2005 WS3),50304589,0.6716,0.5755,23.07,69.37,176.11,0.285,1.06,0.55,200.88750000000002,2461200.5,303.13,0.065,False,21.23,,,,5830.0,0,167,,
(2005 XZ7),50306602,0.9686,0.3207,32.7,75.7,238.63,0.658,1.28,0.953,348.08324999999996,2453712.5,86.04,0.0488,False,24.2,,,,3.0,8,30,,
(2005 YO3),50309114,0.7595,0.3733,12.8,274.21,20.16,0.476,1.04,0.662,241.7955,2461200.5,98.35,0.0161,False,25.1,,,,13.0,7,21,,
(2005 YR3),50309115,0.82,0.2729,3.28,75.26,217.94,0.596,1.04,0.743,271.38075,2461200.5,358.83,0.00491,False,23.76,,,,7328.0,0,121,,
(2005 YO128),50309855,0.821,0.2966,15.59,281.7,328.43,0.578,1.06,0.744,271.746,2461200.5,39.73,0.0144,False,24.6,,,,5.0,7,36,,
(2005 YU128),50309880,0.7716,0.3219,7.71,100.42,190.14,0.523,1.02,0.678,247.63950000000003,2461200.5,210.19,0.0221,False,25.26,,,,6962.0,2,39,,
(2006 AM4),50311987,0.9822,0.6492,4.16,123.3,139.69,0.345,1.62,0.973,355.38824999999997,2461200.5,264.39,0.0111,True,21.88,,,,7274.0,0,191,5.0,0.0
(2006 BA9),50313762,0.9127,0.3661,8.33,305.79,25.71,0.579,1.25,0.872,318.498,2461200.5,264.75,0.0722,False,22.76,,,,7302.0,0,68,,
(2006 DM63),50324679,0.6957,0.4971,1.78,336.43,17.43,0.35,1.04,0.58,211.845,2453794.5,140.28,0.0007,False,26.7,,,,1.0,8,19,,
(2006 HV50),50330711,0.8487,0.2612,16.43,34.67,22.6,0.627,1.07,0.782,285.6255,2461200.5,45.98,0.0331,False,23.6,,,,7.0,7,37,,
(2006 QQ23),50338391,0.8037,0.2842,3.45,4.07,125.54,0.575,1.03,0.721,263.34524999999996,2461200.5,4.1,0.0333,True,19.71,,,,6555.0,0,113,,
(2006 QQ56),50339105,0.9851,0.0456,2.8,161.16,331.59,0.94,1.03,0.978,357.2145,2461200.5,285.1,0.0147,False,25.9,,,,18.0,5,92,,
(2006 SE6),50342345,0.805,0.3456,4.82,347.21,183.19,0.527,1.08,0.722,263.71049999999997,2461200.5,294.42,0.0363,False,22.97,,,,4785.0,0,164,,
(2006 SP19),50343127,0.8811,0.293,4.59,357.88,166.54,0.623,1.14,0.827,302.06174999999996,2461200.5,149.19,0.0458,False,24.22,,,,6937.0,0,51,,
(2006 SF77),50344192,0.9215,0.3287,32.41,1.22,224.33,0.619,1.22,0.885,323.24625,2461200.5,206.0,0.0604,False,21.75,,,,23.0,7,223,,
(2006 SU217),50347516,0.9852,0.174,2.64,193.65,38.57,0.814,1.16,0.978,357.2145,2461200.5,165.91,0.0252,False,25.3,,,,15.0,5,35,,
(2006 TL),50348167,0.9404,0.3975,11.61,195.32,315.3,0.567,1.31,0.912,333.108,2461200.5,113.98,0.0451,False,23.9,,,,3658.0,1,28,,
(2006 UZ215),50354978,0.8889,0.2065,14.26,35.11,222.49,0.705,1.07,0.838,306.0795,2461200.5,255.44,0.00788,False,25.5,,,,4.0,6,37,,
(2006 VX2),50358245,0.9344,0.2907,9.81,47.17,126.67,0.663,1.21,0.903,329.82075000000003,2461200.5,150.09,0.0229,False,24.78,,,,3279.0,2,81,,
(2006 VY2),50358246,0.8925,0.3763,14.51,231.18,327.09,0.557,1.23,0.843,307.90575,2461200.5,324.52,0.0751,False,22.75,,,,5858.0,0,121,,
(2006 VG13),50358545,0.8176,0.3034,5.86,96.44,115.27,0.57,1.07,0.739,269.91975,2461200.5,14.62,0.0457,True,21.46,,,,6213.0,0,95,,
(2006 WB),50359047,0.8541,0.1765,4.9,64.7,159.44,0.703,1.0,0.789,288.18225,2461200.5,186.6,0.00325,False,23.18,,,,6600.0,0,330,7.0,7.0
(2006 WV1),50359295,0.8286,0.2884,5.57,61.21,149.99,0.59,1.07,0.754,275.3985,2461200.5,203.86,0.0108,False,25.9,,,,1.0,7,29,,
(2006 WO130),50363062,0.9797,0.2594,4.61,248.87,61.86,0.726,1.23,0.97,354.2925,2454066.5,83.98,0.015,False,26.89,,,,,9,11,,
(2006 XX2),50363452,0.9859,0.3106,17.65,260.56,67.67,0.68,1.29,0.979,357.57975,2461200.5,43.34,0.0168,False,25.1,,,,10.0,7,32,,
(2006 XO4),50363719,0.8389,0.3013,8.47,266.65,29.09,0.586,1.09,0.768,280.512,2461200.5,255.8,0.0271,False,23.4,,,,3666.0,1,60,,
(2006 XP4),50363720,0.8724,0.2143,0.52,292.98,347.03,0.685,1.06,0.815,297.67875,2461200.5,123.3,0.00445,False,23.9,,,,4773.0,0,152,,
(2006 YM),50363931,0.8984,0.1231,12.89,86.31,171.06,0.788,1.01,0.852,311.193,2461200.5,151.05,0.0229,False,24.5,,,,6203.0,0,34,,
(2007 AM),50365944,0.7987,0.4671,11.72,107.08,172.56,0.426,1.17,0.714,260.7885,2461200.5,260.16,0.0971,False,21.82,,,,5501.0,1,98,,
(2007 BB),50366303,0.9341,0.1411,3.53,297.31,300.88,0.802,1.07,0.903,329.82075000000003,2461200.5,74.56,0.00127,False,27.8,,,,2.0,7,21,,
(2007 BD),50366305,0.7335,0.3444,9.27,297.39,359.35,0.481,0.99,0.628,229.377,2461200.5,132.06,0.00219,False,25.4,,,,4.0,6,303,,
(2007 BU7),50366832,0.945,0.3367,21.14,120.32,241.58,0.627,1.26,0.919,335.66475,2454126.5,86.13,0.0098,False,24.1,,,,7.0,8,15,,
(2007 CS5),50367744,0.9804,0.1725,0.75,125.37,261.38,0.811,1.15,0.971,354.65774999999996,2461200.5,58.86,0.000651,False,24.6,,,,16.0,6,19,,
(2007 CM26),50367923,0.9426,0.1795,7.09,142.48,152.57,0.773,1.11,0.915,334.20375,2461200.5,258.13,0.0615,False,25.1,,,,4043.0,0,36,,
(2007 CT26),50367927,0.8551,0.3869,2.89,321.52,44.62,0.524,1.19,0.791,288.91275,2461200.5,252.64,0.00223,False,23.55,,,,6963.0,0,118,,
(2007 DD),50368427,0.9875,0.1156,2.62,328.97,77.6,0.873,1.1,0.981,358.31025,2461200.5,324.52,0.00432,False,25.9,,,,1565.0,2,85,,
(2007 DE8),50368754,0.8692,0.3084,12.84,327.04,328.33,0.601,1.14,0.81,295.8525,2461200.5,168.69,0.0504,False,23.59,,,,6197.0,2,47,,
(2007 DM8),50368760,0.9884,0.3685,7.56,332.65,61.36,0.624,1.35,0.983,359.04075,2454153.5,77.35,0.0153,False,26.2,,,,4.0,8,17,,
(2007 EC),50370044,0.9287,0.196,5.85,307.48,46.37,0.747,1.11,0.895,326.89875,2461200.5,6.26,0.0239,False,22.23,,,,6212.0,0,258,4.0,2.0
(2007 EG),50370191,0.755,0.3683,3.11,165.42,169.59,0.477,1.03,0.656,239.604,2461200.5,346.35,0.00956,False,24.58,,,,6948.0,0,157,,
(2007 FN3),50372234,0.9946,0.2652,48.59,177.6,137.83,0.731,1.26,0.992,362.328,2454180.5,246.62,0.147,False,23.3,,,,1.0,9,11,,
(2007 HA),50374003,0.8926,0.4702,32.99,205.78,133.16,0.473,1.31,0.843,307.90575,2461200.5,171.35,0.0156,True,20.38,,,,5853.0,0,566,,
(2007 JB21),50376368,0.9859,0.1087,13.44,227.82,250.78,0.879,1.09,0.979,357.57975,2461200.5,274.91,0.00121,False,25.4,,,,6.0,6,28,,
(2007 MF),50378583,0.9841,0.0501,17.47,85.61,346.72,0.935,1.03,0.976,356.484,2461200.5,353.65,0.0159,False,26.2,,,,2.0,6,38,,
(2007 MC4),50378755,0.9721,0.1738,19.19,109.36,358.31,0.803,1.14,0.958,349.9095,2461200.5,72.84,0.124,False,21.1,,,,414.0,2,98,,
(2007 PB8),50381253,0.8805,0.4451,16.56,323.12,169.46,0.489,1.27,0.826,301.69649999999996,2461200.5,131.11,0.16,False,21.36,,,,8777.0,0,95,,
(2007 PS25),50381371,0.7285,0.4218,6.71,141.39,8.16,0.421,1.04,0.622,227.1855,2461200.5,258.87,0.00965,False,25.5,,,,4.0,7,30,,
(2007 RF1),50383690,0.8404,0.2361,2.65,158.77,352.36,0.642,1.04,0.77,281.2425,2461200.5,2.94,0.0145,False,26.1,,,,2.0,7,35,,
(2007 RP15),50384211,0.9465,0.5002,15.17,171.95,47.31,0.473,1.42,0.921,336.39525000000003,2454358.5,77.2,0.0272,False,22.8,,,,5.0,8,66,,
(2007 RO17),50384423,0.9267,0.1967,2.44,354.24,196.36,0.744,1.11,0.892,325.803,2461200.5,149.92,0.0247,False,25.8,,,,4.0,7,21,,
(2007 RC20),50384510,0.9545,0.1983,2.87,165.1,309.39,0.765,1.14,0.932,340.413,2454358.5,257.89,0.0113,False,26.6,,,,1.0,9,8,,
(2007 SV1),50385850,0.7568,0.3783,4.13,348.4,189.52,0.47,1.04,0.658,240.33450000000002,2454367.5,184.67,0.0115,False,24.7,,,,18.0,8,35,,
(2007 SW2),50386157,0.9118,0.4655,8.56,339.6,174.04,0.487,1.34,0.871,318.13275,2461200.5,65.03,0.107,False,21.46,,,,6901.0,0,116,,
(2007 SG11),50387115,0.8351,0.2487,6.88,193.37,345.99,0.627,1.04,0.763,278.68575,2461200.5,6.68,0.0263,False,22.68,,,,5828.0,0,197,,
(2007 TD),50387357,0.6893,0.5355,3.49,186.02,12.13,0.32,1.06,0.572,208.92299999999997,2454378.5,153.43,0.0059,False,24.4,,,,7.0,8,31,,
(2007 TH3),50387557,0.9682,0.121,8.23,11.81,238.16,0.851,1.09,0.953,348.08324999999996,2461200.5,325.94,0.0136,False,24.7,,,,35.0,4,66,,
(2007 TL5),50387571,0.8683,0.5955,12.99,12.12,219.02,0.351,1.39,0.809,295.48725,2454381.5,81.12,0.0125,False,25.9,,,,1.0,8,29,,
(2007 TQ24),50388334,0.7933,0.5394,10.59,183.47,30.0,0.365,1.22,0.707,258.23175,2461200.5,279.23,0.0164,False,22.06,,,,6252.0,0,177,,
(2007 TD66),50388377,0.9669,0.3105,14.88,205.12,1.39,0.667,1.27,0.951,347.35274999999996,2461200.5,36.13,0.219,False,21.86,,,,6971.0,0,81,,
(2007 TR68),50388418,0.876,0.2575,11.36,18.06,144.88,0.65,1.1,0.82,299.505,2461200.5,154.74,0.0272,False,25.9,,,,3.0,7,26,,
(2007 TN74),50388508,0.8963,0.2985,9.69,14.76,146.31,0.629,1.16,0.849,310.09725,2461200.5,239.6,0.0486,False,25.6,,,,3.0,7,15,,
(2007 US),50388910,0.962,0.5826,12.4,24.01,203.06,0.402,1.52,0.944,344.796,2461200.5,8.16,0.0985,False,22.73,,,,6587.0,0,46,,
(2007 UW1),50389218,0.9075,0.1209,8.22,25.92,146.58,0.798,1.02,0.865,315.94125,2461200.5,64.07,0.0018,False,22.7,,,,2239.0,1,38,,
(2007 UT3),50389385,0.7716,0.4002,0.63,160.88,21.06,0.463,1.08,0.678,247.63950000000003,2454394.5,232.14,0.000998,False,25.9,,,,4.0,8,18,,
(2007 UP6),50389511,0.9678,0.0943,9.58,31.39,236.35,0.877,1.06,0.952,347.71799999999996,2461200.5,316.9,0.0146,False,23.0,,,,396.0,2,84,,
(2007 US12),50390670,0.9062,0.5147,8.8,211.06,44.69,0.44,1.37,0.863,315.21075,2461200.5,295.03,0.0135,False,22.13,,,,5148.0,0,98,,
(2007 VZ2),50392321,0.9867,0.1871,30.95,217.79,70.83,0.802,1.17,0.98,357.945,2454408.5,90.69,0.0203,False,24.7,,,,2.0,8,28,,
(2007 VD3),50392325,0.9721,0.1503,13.12,53.75,179.97,0.826,1.12,0.958,349.9095,2461200.5,307.41,0.128,False,22.2,,,,775.0,2,75,,
(2007 VU6),50392389,0.9762,0.0906,1.22,220.22,34.87,0.888,1.06,0.965,352.46625,2461200.5,241.71,0.0116,False,26.59,,,,9.0,6,42,,
(2007 VV83),50393841,0.9669,0.0979,10.12,225.49,318.8,0.872,1.06,0.951,347.35274999999996,2461200.5,68.97,0.04,False,24.7,,,,9.0,5,26,,
(2007 VW83),50393842,0.9007,0.2199,7.07,38.92,163.65,0.703,1.1,0.855,312.28875,2461200.5,113.99,0.0653,False,24.1,,,,23.0,7,20,,
(2007 VY137),50394094,0.8969,0.3815,16.42,223.16,42.68,0.555,1.24,0.849,310.09725,2461200.5,53.79,0.0421,False,24.43,,,,6212.0,1,48,,
(2007 VB138),50394097,0.7725,0.4308,6.01,41.96,161.75,0.44,1.11,0.679,248.00475000000003,2461200.5,359.1,0.0244,False,26.1,,,,3.0,7,27,,
(2007 VB188),50394732,0.8818,0.2251,7.24,43.26,155.11,0.683,1.08,0.828,302.42699999999996,2454418.5,228.36,0.0405,False,26.3,,,,1.0,8,14,,
(2007 VL243),50395332,0.9652,0.7286,43.33,114.67,91.27,0.262,1.67,0.948,346.257,2461200.5,123.16,0.39,False,17.69,,,,6615.0,0,55,,
(2007 WM3),50395979,0.7939,0.428,6.46,55.29,204.16,0.454,1.13,0.707,258.23175,2461200.5,203.99,0.0221,False,23.28,,,,6242.0,0,104,,
(2007 WC5),50396013,0.9732,0.2106,8.54,236.84,66.27,0.768,1.18,0.96,350.64,2454425.5,91.91,0.0153,False,27.3,,,,1.0,8,14,,
(2007 XP),50397519,0.9863,0.2707,7.65,255.67,64.68,0.719,1.25,0.98,357.945,2454439.5,83.52,0.02,False,23.78,,,,2.0,9,16,,
(2007 YF),50398111,0.9536,0.1198,1.65,276.58,34.98,0.839,1.07,0.931,340.04775,2461200.5,66.73,0.0146,False,24.85,,,,5224.0,0,80,,
(2007 YS56),50398677,0.9423,0.2838,6.23,274.4,63.87,0.675,1.21,0.915,334.20375,2461200.5,142.55,0.00226,False,25.7,,,,11.0,6,49,,
(2008 BX2),50400333,0.8572,0.3412,3.14,336.55,350.69,0.565,1.15,0.794,290.0085,2461200.5,194.82,0.0316,False,23.6,,,,2987.0,1,72,,
(2008 CT1),50401456,0.8908,0.4565,0.37,138.09,126.22,0.484,1.3,0.841,307.17525,2454500.5,280.34,0.000254,False,27.7,,,,,8,13,,
(2008 CL20),50402157,0.7671,0.3187,15.97,321.21,349.72,0.523,1.01,0.672,245.448,2461200.5,302.59,0.0163,False,25.3,,,,3.0,7,50,,
(2008 CY21),50402221,0.9687,0.2485,10.7,322.8,53.96,0.728,1.21,0.953,348.08324999999996,2461200.5,177.51,0.0465,False,24.6,,,,4.0,7,17,,
(2008 CH70),50402270,0.8531,0.3196,6.54,144.37,188.25,0.58,1.13,0.788,287.817,2461200.5,252.23,0.0663,False,24.45,,,,19.0,7,24,,
(2008 DL4),50404188,0.9297,0.1229,3.2,341.03,42.79,0.815,1.04,0.896,327.264,2461200.5,270.9,0.00851,False,26.9,,,,10.0,6,32,,
(2008 DF5),50404385,0.8757,0.1961,41.97,338.1,28.67,0.704,1.05,0.819,299.13975,2454525.5,139.28,0.0264,False,23.4,,,,2.0,8,33,,
(2008 DY22),50404517,0.8209,0.2262,19.07,342.54,0.44,0.635,1.01,0.744,271.746,2461200.5,20.85,0.0153,False,24.2,,,,3.0,7,42,,
(2008 EP),50404553,0.8426,0.2595,15.84,348.07,21.56,0.624,1.06,0.773,282.33825,2461200.5,2.12,0.0394,False,24.31,,,,6213.0,1,103,,
(2008 EE5),50404791,0.9448,0.0716,44.81,321.26,20.03,0.877,1.01,0.918,335.2995,2461200.5,106.71,0.0211,True,19.71,,,,5056.0,0,200,1.0,1.0
(2008 EA8),50405171,0.9578,0.6737,1.78,224.86,146.36,0.313,1.6,0.937,342.23925,2461200.5,260.73,0.00572,False,22.37,,,,6607.0,0,73,,
(2008 FX6),50407704,0.9227,0.127,11.13,9.89,325.01,0.806,1.04,0.886,323.6115,2461200.5,48.09,0.013,False,25.0,,,,4.0,6,44,,
(2008 GS3),50408609,0.8546,0.3747,28.78,196.86,187.39,0.534,1.17,0.79,288.5475,2461200.5,167.01,0.165,False,22.27,,,,5497.0,1,92,,
(2008 GL20),50408673,0.8939,0.2026,6.88,198.64,220.78,0.713,1.07,0.845,308.63625,2461200.5,303.49,0.00728,False,26.6,,,,6.0,6,30,,
(2008 JE),50409986,0.9839,0.0931,6.96,39.13,317.0,0.892,1.08,0.976,356.484,2461200.5,72.1,0.032,False,25.8,,,,7.0,4,31,,
(2008 KS),50412771,0.975,0.1566,25.6,246.11,152.76,0.822,1.13,0.963,351.73575,2454615.5,218.32,0.0893,False,24.73,,,,5.0,8,20,,
(2008 KV2),50412778,0.8501,0.412,5.04,66.77,347.85,0.5,1.2,0.784,286.356,2461200.5,213.85,0.044,True,21.25,,,,6582.0,0,337,,
(2008 LD),50413099,0.8949,0.1513,6.58,250.47,202.71,0.76,1.03,0.847,309.36674999999997,2461200.5,287.62,0.00213,False,28.9,,,,8.0,6,26,,
(2008 LG2),50413188,0.8509,0.2295,3.06,86.14,337.07,0.656,1.05,0.785,286.72125,2461200.5,142.94,0.00249,False,25.34,,,,5490.0,0,119,,
(2008 LH2),50413284,0.9793,0.276,5.77,249.26,249.21,0.709,1.25,0.969,353.92725,2461200.5,297.74,0.00365,False,24.4,,,,37.0,5,92,,
(2008 MG1),50414414,0.7834,0.8227,5.73,352.1,109.18,0.139,1.43,0.693,253.11825,2461200.5,149.34,0.0735,False,19.86,,,,6570.0,0,65,,
(2008 NA),50414447,0.9622,0.3021,10.02,104.77,52.46,0.671,1.25,0.944,344.796,2461200.5,91.08,0.0268,False,23.73,,,,6236.0,1,131,,
(2008 PR9),50423850,0.9434,0.5118,3.3,18.74,75.62,0.461,1.43,0.916,334.569,2461200.5,79.91,0.0224,False,22.46,,,,4030.0,0,40,,
(2008 QU3),50426262,0.8689,0.2477,14.06,303.52,241.43,0.654,1.08,0.81,295.8525,2461200.5,113.5,0.0652,False,20.72,,,,6234.0,0,140,,
(2008 QV11),50426433,0.908,0.4529,8.28,114.31,7.45,0.497,1.32,0.865,315.94125,2461200.5,82.09,0.0982,False,21.34,,,,6515.0,0,72,,
(2008 SS),50427482,0.9285,0.4792,21.14,5.01,135.04,0.484,1.37,0.895,326.89875,2461200.5,189.7,0.0448,False,22.11,,,,6213.0,0,90,,
(2008 ST),50427483,0.9632,0.1262,1.87,187.39,292.32,0.842,1.08,0.945,345.16125,2461200.5,148.8,0.00193,False,27.1,,,,7.0,5,49,,
(2008 SD85),50428278,0.8829,0.4073,23.37,2.49,209.15,0.523,1.24,0.83,303.15749999999997,2461200.5,241.3,0.1,False,23.09,,,,1828.0,2,39,,
(2008 TD),50428721,0.896,0.3386,5.08,357.59,144.65,0.593,1.2,0.848,309.73199999999997,2461200.5,203.08,0.0252,False,25.4,,,,8.0,7,23,,
(2008 TF),50428723,0.9568,0.5182,21.04,10.11,139.43,0.461,1.45,0.936,341.874,2461200.5,228.78,0.0775,False,21.89,,,,5499.0,0,145,,
(2008 TZ),50429707,0.9526,0.3967,1.5,9.63,127.61,0.575,1.33,0.93,339.6825,2461200.5,279.26,0.00366,False,25.4,,,,10.0,6,84,,
(2008 TF2),50429844,0.9902,0.3587,15.98,196.66,295.18,0.635,1.35,0.985,359.77125,2454744.5,279.91,0.0116,False,25.1,,,,5.0,8,21,,
(2008 UB95),50435046,0.9894,0.2686,3.26,21.59,253.65,0.724,1.26,0.984,359.406,2461200.5,47.55,0.000952,False,24.8,,,,4139.0,1,66,,
(2008 VY3),50437812,0.9897,0.3479,12.38,220.31,301.4,0.645,1.33,0.985,359.77125,2454775.5,281.74,0.0354,False,24.8,,,,5.0,8,19,,
(2008 VR4),50437828,0.9216,0.388,4.17,37.0,235.37,0.564,1.28,0.885,323.24625,2461200.5,40.01,0.00174,False,23.09,,,,6311.0,0,44,,
(2008 WQ2),50439585,0.8465,0.2047,13.45,234.04,8.29,0.673,1.02,0.779,284.52975000000004,2454791.5,173.52,0.0275,False,24.3,,,,2.0,8,23,,
(2008 WK60),50440342,0.7794,0.3204,8.49,81.5,146.4,0.53,1.03,0.688,251.29199999999997,2454797.5,209.06,0.0171,False,22.4,,,,18.0,8,25,,
(2008 WT62),50440419,0.8842,0.3539,18.19,57.97,148.37,0.571,1.2,0.831,303.52275,2461200.5,270.97,0.0846,False,23.11,,,,3645.0,1,43,,
(2008 YC29),50442868,0.8638,0.3975,3.26,94.23,138.46,0.521,1.21,0.803,293.29575,2454830.5,267.42,0.00731,False,25.4,,,,,9,18,,
(2009 BH2),50444393,0.8141,0.4758,23.19,117.08,221.0,0.427,1.2,0.735,268.45875,2461200.5,339.14,0.000749,False,22.57,,,,5128.0,0,170,,
(2009 BJ2),50444394,0.946,0.2789,6.5,296.01,300.17,0.682,1.21,0.92,336.03000000000003,2461200.5,232.87,0.0111,False,27.1,,,,2.0,6,37,,
(2009 BO58),50445102,0.8363,0.4498,26.25,130.69,207.71,0.46,1.21,0.765,279.41625,2461200.5,14.45,0.0913,False,21.87,,,,5868.0,0,153,,
(2009 CD),50445566,0.9013,0.2639,22.77,304.97,333.55,0.663,1.14,0.856,312.654,2461200.5,322.53,0.102,False,23.03,,,,4394.0,0,99,,
(2009 CE),50445567,0.8928,0.1883,8.14,127.58,190.42,0.725,1.06,0.844,308.271,2461200.5,5.71,0.0654,False,24.3,,,,4046.0,1,64,,
(2009 DC1),50447940,0.8734,0.2764,8.78,329.59,34.93,0.632,1.11,0.816,298.044,2461200.5,197.35,0.0311,False,24.0,,,,24.0,6,51,,
(2009 EP2),50449614,0.927,0.3563,27.7,175.15,129.85,0.597,1.26,0.892,325.803,2461200.5,18.08,0.0419,True,21.61,,,,6202.0,0,192,,
(2009 FL),50451818,0.98,0.4661,26.11,174.64,124.56,0.523,1.44,0.97,354.2925,2454908.5,291.0,0.0302,False,24.4,,,,3.0,8,30,,
(2009 FU23),50455160,0.8372,0.2822,13.9,57.72,315.27,0.601,1.07,0.766,279.7815,2461200.5,332.76,0.0333,True,20.09,,,,8165.0,0,226,1.0,0.0
(2009 FW25),50455282,0.882,0.3214,12.36,0.11,323.86,0.598,1.17,0.828,302.42699999999996,2461200.5,159.26,0.0417,False,23.42,,,,6.0,7,21,,
(2009 FG44),50455765,0.9642,0.1141,31.61,6.71,15.77,0.854,1.07,0.947,345.89175,2454922.5,165.42,0.071,False,22.5,,,,3.0,8,19,,
(2009 HG21),50457869,0.9077,0.3679,5.43,32.33,317.13,0.574,1.24,0.865,315.94125,2461200.5,185.39,0.0165,False,25.0,,,,3.0,6,27,,
(2009 HU44),50458602,0.8303,0.6441,6.64,212.83,213.67,0.296,1.37,0.757,276.49425,2461200.5,313.94,0.00618,False,22.6,,,,21.0,7,63,,
(2009 HE60),50458993,0.9955,0.2645,1.58,228.82,219.71,0.732,1.26,0.993,362.69325,2461200.5,179.21,0.0154,False,25.69,,,,5.0,7,19,,
(2009 KR4),50461254,0.8435,0.2395,10.72,240.04,191.22,0.642,1.05,0.775,283.06875,2454979.5,170.29,0.0259,False,25.0,,,,10.0,8,31,,
(2009 LD),50462527,0.988,0.1504,9.79,244.55,254.14,0.839,1.14,0.982,358.6755,2461200.5,210.5,0.00444,False,26.2,,,,3.0,6,28,,
(2009 MW),50463394,0.9128,0.2993,21.03,87.54,23.63,0.64,1.19,0.872,318.498,2461200.5,295.46,0.113,False,20.86,,,,5140.0,0,146,,
(2009 ME9),50463782,0.9234,0.5009,31.47,274.02,207.52,0.461,1.39,0.887,323.97675,2461200.5,182.96,0.161,False,21.24,,,,5846.0,0,64,,
(2009 PC),50465557,0.9957,0.3427,7.09,134.23,48.2,0.654,1.34,0.994,363.0585,2461200.5,77.5,0.0381,False,23.16,,,,18.0,7,33,,
(2009 PY),50465706,0.9452,0.2944,26.56,325.63,195.97,0.667,1.22,0.919,335.66475,2461200.5,248.41,0.18,False,21.12,,,,4385.0,0,52,,
(2009 SS),50467236,0.9076,0.2012,9.53,350.55,162.17,0.725,1.09,0.865,315.94125,2455091.5,210.98,0.063,False,26.7,,,,2.0,9,12,,
(2009 SH2),50467281,0.9912,0.0942,6.81,6.66,101.77,0.898,1.08,0.987,360.50175,2461200.5,230.45,0.000358,False,24.9,,,,14.0,4,109,,
(2009 SJ18),50467418,0.9451,0.1106,12.57,0.32,172.99,0.841,1.05,0.919,335.66475,2461200.5,258.68,0.0447,False,24.6,,,,9.0,6,24,,
(2009 SZ99),50468453,0.8148,0.2145,21.33,338.02,147.56,0.64,0.99,0.736,268.824,2461200.5,147.5,0.0577,False,19.32,,,,6106.0,0,66,,
(2009 SM104),50468550,0.9814,0.3674,9.67,0.78,139.01,0.621,1.34,0.972,355.02299999999997,2461200.5,325.49,0.067,False,23.6,,,,15.0,7,46,,
(2009 TD8),50471537,0.8834,0.2453,5.08,20.13,147.45,0.667,1.1,0.83,303.15749999999997,2461200.5,248.99,0.0214,False,26.9,,,,1.0,7,19,,
(2009 TK8),50471541,0.9294,0.3402,21.16,29.23,222.27,0.613,1.25,0.896,327.264,2461200.5,310.68,0.0734,False,20.17,,,,3685.0,0,291,,
(2009 UC),50471608,0.7597,0.3474,24.78,22.35,185.45,0.496,1.02,0.662,241.7955,2461200.5,216.16,0.0232,False,26.6,,,,3.0,7,28,,
(2009 UG),50471612,0.788,0.3754,5.02,13.69,201.89,0.492,1.08,0.7,255.67499999999998,2461200.5,68.92,0.012,False,23.5,,,,5114.0,0,279,4.0,3.0
(2009 UM1),50471712,0.9613,0.596,8.73,193.63,334.07,0.388,1.53,0.943,344.43075,2455124.5,278.6,0.0629,False,23.49,,,,7.0,8,25,,
(2009 UR5),50471998,0.7731,0.3662,6.57,215.43,345.65,0.49,1.06,0.68,248.37,2455126.5,197.09,0.0238,False,25.7,,,,4.0,8,17,,
(2009 UY17),50472322,0.8186,0.3163,42.06,202.06,30.57,0.56,1.08,0.741,270.65024999999997,2461200.5,299.01,0.0139,True,20.92,,,,25.0,7,20,,
(2009 UT19),50472393,0.8906,0.6612,9.67,212.42,328.57,0.302,1.48,0.841,307.17525,2461200.5,185.8,0.0288,False,22.79,,,,5851.0,1,106,,
(2009 UZ87),50472723,0.9233,0.1884,3.78,218.32,45.06,0.749,1.1,0.887,323.97675,2461200.5,12.52,0.0116,False,25.9,,,,13.0,6,31,,
(2009 VS25),50476155,0.9708,0.2817,5.34,226.46,315.67,0.697,1.24,0.957,349.54425,2461200.5,8.84,0.0392,False,24.4,,,,6.0,6,23,,
(2009 WQ6),50477726,0.8666,0.4087,5.82,55.52,227.42,0.512,1.22,0.807,294.75675,2461200.5,277.74,0.00194,False,29.2,,,,1.0,5,20,,
(2009 WY7),50477965,0.6498,0.6087,4.03,64.0,172.41,0.254,1.05,0.524,191.39100000000002,2461200.5,43.45,0.01,False,24.1,,,,4024.0,1,144,,
(2009 WN8),50477968,0.8484,0.3577,12.75,58.62,220.72,0.545,1.15,0.782,285.6255,2461200.5,171.97,0.0144,False,25.2,,,,3.0,6,26,,
(2009 WR25),50478273,0.8675,0.481,31.72,238.21,31.37,0.45,1.28,0.808,295.122,2461200.5,279.44,0.104,False,21.58,,,,4744.0,1,85,,
(2009 WC54),50478676,0.9019,0.2314,17.94,244.0,358.33,0.693,1.11,0.857,313.01925,2461200.5,287.83,0.123,False,24.31,,,,4391.0,1,58,,
(2009 WD54),50478677,0.8179,0.2957,3.02,61.41,211.1,0.576,1.06,0.74,270.285,2455160.5,129.12,0.00272,False,28.5,,,,2.0,8,19,,
(2009 WY104),50479033,0.9955,0.2234,26.8,61.26,126.76,0.773,1.22,0.993,362.69325,2455160.5,255.86,0.0943,False,25.0,,,,1.0,9,14,,
(2009 WB105),50479036,0.8255,0.2525,38.4,242.58,347.44,0.617,1.03,0.75,273.9375,2461200.5,217.56,0.0378,False,23.5,,,,5480.0,0,196,,
(2009 WM105),50479037,0.9001,0.1564,9.22,45.56,198.43,0.759,1.04,0.854,311.9235,2461200.5,309.84,0.0353,False,23.0,,,,36.0,6,26,,
(2009 YF),50483823,0.9352,0.1214,1.53,87.48,193.59,0.822,1.05,0.904,330.18600000000004,2461200.5,234.85,0.017,False,24.7,,,,17.0,7,44,,
(2009 YP),50483907,0.8198,0.4247,10.0,86.01,203.06,0.472,1.17,0.742,271.0155,2455184.5,141.0,0.0504,False,24.0,,,,1.0,9,19,,
(2009 YR),50483909,0.9419,0.1101,0.7,87.21,128.0,0.838,1.05,0.914,333.8385,2461200.5,245.45,0.00182,False,28.0,,,,6.0,6,29,,
(2010 AF),50484604,0.9621,0.2978,23.6,105.22,242.88,0.676,1.25,0.944,344.796,2461200.5,229.67,0.0244,False,25.0,,,,1.0,7,27,,
(2010 AJ30),50485286,0.8114,0.3024,7.57,303.36,350.84,0.566,1.06,0.731,266.99775,2461200.5,333.06,0.046,False,22.7,0.111,0.02,0.12,4059.0,0,117,,
(2010 CT),50507204,0.8879,0.6577,19.76,176.0,104.37,0.304,1.47,0.837,305.71425,2461200.5,113.14,0.171,False,20.25,,,,5077.0,0,47,,
(2010 CK19),50508139,0.9869,0.15,2.26,328.5,278.96,0.839,1.13,0.98,357.945,2461200.5,145.33,6.34e-05,False,27.9,,,,12.0,5,35,,
(2010 DT1),50508177,0.9868,0.4647,25.76,324.78,46.59,0.528,1.45,0.98,357.945,2455245.5,84.72,0.0934,False,23.82,,,,8.0,9,27,,
(2010 DJ77),50511378,0.9545,0.2106,24.75,286.71,103.77,0.753,1.16,0.933,340.77825,2461200.5,281.62,0.0506,False,21.59,0.277,0.03,,5610.0,1,56,,
(2010 EX11),50511134,0.9562,0.1096,9.75,3.9,42.79,0.851,1.06,0.935,341.50875,2461200.5,249.28,0.0282,False,24.11,0.04,0.01,0.234,5159.0,1,145,,
(2010 EG21),50511538,0.844,0.2265,9.71,168.52,186.45,0.653,1.04,0.775,283.06875,2461200.5,150.78,0.0401,False,24.5,0.09,0.01,0.038,14.0,7,50,,
(2010 FK),50512298,0.9401,0.0972,12.67,173.42,166.21,0.849,1.03,0.912,333.108,2461200.5,130.49,0.0337,False,23.8,0.087,0.01,0.071,10.0,6,83,,
(2010 FM),50512300,0.8176,0.2702,7.75,175.25,202.32,0.597,1.04,0.739,269.91975,2461200.5,127.39,0.0114,False,27.1,,,,6.0,7,33,,
(2010 FN),50512301,0.9898,0.2111,0.12,161.67,125.95,0.781,1.2,0.985,359.77125,2461200.5,84.21,0.000766,False,26.6,,,,4.0,6,31,,
(2010 FS),50512306,0.78,0.3175,9.12,169.74,206.3,0.532,1.03,0.689,251.65724999999998,2455276.5,148.24,0.00869,False,24.2,0.023,0.0,0.548,13.0,8,42,,
(2010 FY9),50513073,0.8904,0.1504,4.17,356.29,336.9,0.757,1.02,0.84,306.81,2461200.5,294.68,0.00942,False,26.96,,,,10.0,7,24,,
(2010 FB10),50513076,0.9679,0.5138,13.72,176.08,212.56,0.471,1.47,0.952,347.71799999999996,2455283.5,112.55,0.0925,False,22.2,,,,17.0,8,30,,
(2010 GB6),50514914,0.8821,0.2449,35.31,195.13,187.95,0.666,1.1,0.828,302.42699999999996,2461200.5,349.54,0.0944,False,22.07,0.134,0.02,0.142,5484.0,1,90,,
(2010 GA7),50514982,0.9126,0.3891,30.0,21.5,25.51,0.558,1.27,0.872,318.498,2461200.5,313.08,0.163,False,21.27,0.151,0.02,0.256,5139.0,0,190,,
(2010 GV23),50515474,0.9294,0.2029,3.62,198.45,233.89,0.741,1.12,0.896,327.264,2461200.5,119.78,0.00386,False,27.6,,,,7.0,6,63,,
(2010 GD35),50515715,0.7646,0.481,7.82,24.97,14.0,0.397,1.13,0.669,244.35225000000003,2461200.5,207.72,0.0385,False,24.62,,,,4380.0,1,70,,
(2010 GK65),50516431,0.9224,0.4428,0.58,348.22,82.79,0.514,1.33,0.886,323.6115,2461200.5,168.91,0.00492,False,24.5,,,,6.0,7,55,,
(2010 GV147),50517488,0.9588,0.6602,44.05,295.08,97.9,0.326,1.59,0.939,342.96975,2461200.5,302.16,0.317,False,18.29,2.055,0.05,0.018,5826.0,1,92,,
(2010 HA),50516656,0.9596,0.1959,2.19,251.0,186.06,0.772,1.15,0.94,343.335,2461200.5,171.81,0.0333,False,24.04,0.032,0.0,0.482,5879.0,0,73,,
(2010 HX107),50520781,0.8014,0.3004,3.36,51.56,352.96,0.561,1.04,0.717,261.88425,2461200.5,331.64,0.0136,False,23.54,0.064,0.01,0.187,1830.0,1,36,,
(2010 JL1),50519542,0.9285,0.1929,20.66,43.54,40.91,0.749,1.11,0.895,326.89875,2461200.5,119.49,0.0356,False,25.5,,,,2.0,7,24,,
(2010 JR34),50520685,0.9592,0.1449,0.72,36.82,316.17,0.82,1.1,0.939,342.96975,2461200.5,291.34,0.00375,False,27.7,,,,4.0,5,37,,
(2010 JW34),50520690,0.9813,0.0547,2.26,49.79,43.75,0.928,1.03,0.972,355.02299999999997,2461200.5,324.78,0.00732,False,28.1,,,,4.0,4,60,,
(2010 KC),50522654,0.7818,0.6071,2.21,94.34,297.23,0.307,1.26,0.691,252.38774999999998,2461200.5,331.78,0.0196,False,24.18,,,,4713.0,0,85,,
(2010 KV39),50525152,0.9589,0.2558,13.92,65.38,296.68,0.714,1.2,0.939,342.96975,2461200.5,303.8,0.000316,False,26.8,,,,2.0,6,49,,
(2010 KD149),54114211,0.8889,0.2118,14.23,324.42,131.04,0.701,1.08,0.838,306.0795,2461200.5,190.59,0.0219,True,21.45,0.213,0.01,0.118,5838.0,1,53,,
(2010 MA),50529649,0.8436,0.3481,14.09,87.37,32.12,0.55,1.14,0.775,283.06875,2461200.5,338.98,0.0234,False,25.7,,,,4.0,6,34,,
(2010 MB),50530373,0.9486,0.1556,11.65,87.71,19.16,0.801,1.1,0.924,337.49100000000004,2461200.5,257.37,0.0656,False,24.6,,,,4380.0,1,72,,
(2010 MJ1),50532389,0.9924,0.1322,18.26,98.23,340.18,0.861,1.12,0.989,361.23225,2461200.5,250.5,0.0951,False,23.6,,,,24.0,6,26,,
(2010 MP1),50532417,0.8552,0.4873,22.64,93.05,32.39,0.438,1.27,0.791,288.91275,2461200.5,165.85,0.0567,False,21.5,0.104,0.0,0.518,5495.0,0,134,,
(2010 MS1),50532424,0.9297,0.2685,9.04,98.75,350.07,0.68,1.18,0.896,327.264,2461200.5,121.59,0.107,False,21.9,,,,5806.0,0,84,,
(2010 NM),50536588,0.9723,0.1514,16.12,105.06,318.57,0.825,1.12,0.959,350.27475,2461200.5,93.68,0.0503,False,24.5,,,,8.0,7,30,,
(2010 NG1),50536614,0.8493,0.3326,24.74,167.11,300.0,0.567,1.13,0.783,285.99075,2461200.5,287.66,0.0817,False,20.29,0.229,0.04,0.142,4075.0,0,127,,
(2010 OF101),50541527,0.951,0.325,23.37,212.35,282.54,0.642,1.26,0.927,338.58675,2461200.5,169.8,0.0625,False,19.73,0.303,0.05,0.231,5568.0,0,282,,
(2010 PK9),50542542,0.6821,0.6759,12.59,306.51,195.65,0.221,1.14,0.563,205.63574999999997,2461200.5,184.3,0.0157,True,21.81,0.143,0.01,0.138,4783.0,0,123,,
(2010 PQ10),50542578,0.8429,0.3768,22.27,123.01,6.86,0.525,1.16,0.774,282.7035,2461200.5,354.9,0.134,False,21.62,,,,3631.0,0,53,,
(2010 PC73),54132120,0.9366,0.1193,24.2,335.61,184.49,0.825,1.05,0.906,330.9165,2461200.5,313.99,0.0374,False,22.05,,,,3717.0,1,182,,
(2010 RX30),50545581,0.8309,0.3884,5.06,165.93,320.04,0.508,1.15,0.757,276.49425,2461200.5,183.99,0.000861,False,27.1,,,,1073.0,1,101,,
(2010 RE31),50545653,0.9682,0.3231,7.09,340.49,236.92,0.655,1.28,0.953,348.08324999999996,2461200.5,286.81,0.0143,False,25.9,,,,3.0,7,23,,
(2010 RF42),50545728,0.9237,0.2033,14.08,169.61,359.53,0.736,1.11,0.888,324.342,2461200.5,80.61,0.104,False,25.1,,,,3.0,7,19,,
(2010 RJ43),50545736,0.8839,0.4959,6.88,319.4,236.84,0.446,1.32,0.831,303.52275,2461200.5,85.81,0.0212,False,23.7,,,,3669.0,1,47,,
(2010 SF),50546727,0.8386,0.2198,9.35,350.88,184.18,0.654,1.02,0.768,280.512,2461200.5,357.1,0.0151,False,25.4,,,,9.0,7,47,,
(2010 SJ),50546764,0.9214,0.166,11.31,183.34,335.66,0.768,1.07,0.884,322.88100000000003,2461200.5,127.41,0.049,False,23.8,,,,20.0,6,74,,
(2010 TE),50547794,0.9075,0.1979,5.55,181.82,36.26,0.728,1.09,0.865,315.94125,2461200.5,174.46,0.0168,False,26.07,,,,4751.0,0,107,,
(2010 TK19),50548108,0.9412,0.1289,12.96,15.43,208.3,0.82,1.06,0.913,333.47325,2461200.5,202.22,0.0412,False,24.9,,,,23.0,4,87,,
(2010 TE55),50548910,0.9489,0.128,1.16,196.72,305.36,0.827,1.07,0.924,337.49100000000004,2461200.5,223.89,0.00169,False,28.0,,,,5.0,4,159,,
(2010 TL167),50549586,0.9692,0.6481,12.79,213.05,15.56,0.341,1.6,0.954,348.44849999999997,2455484.5,96.79,0.115,False,22.4,,,,2.0,9,18,,
(2010 UC),50549640,0.9418,0.0656,4.85,21.12,177.39,0.88,1.0,0.914,333.8385,2461200.5,245.62,0.0055,False,27.4,,,,7.0,5,54,,
(2010 UJ),50549662,0.9404,0.0989,0.35,127.14,77.23,0.847,1.03,0.912,333.108,2455487.5,181.47,0.0038,False,26.2,,,,1.0,9,12,,
(2010 UK),50549663,0.8663,0.2184,4.93,203.32,36.65,0.677,1.06,0.806,294.3915,2461200.5,271.28,0.00133,False,26.8,,,,15.0,6,79,,
(2010 UJ7),50550096,0.796,0.3172,13.23,219.39,331.56,0.543,1.05,0.71,259.3275,2461200.5,218.59,0.000134,False,25.4,,,,4.0,6,59,,
(2010 UY7),50550112,0.8962,0.1496,0.45,40.4,210.13,0.762,1.03,0.848,309.73199999999997,2461200.5,270.64,0.000914,False,28.42,,,,9.0,6,65,,
(2010 VB),50550140,0.923,0.332,5.09,39.92,128.57,0.617,1.23,0.887,323.97675,2461200.5,117.52,0.0112,False,25.6,,,,13.0,5,100,,
(2010 VQ),50550162,0.8611,0.1974,0.35,27.49,199.24,0.691,1.03,0.799,291.83475000000004,2461200.5,356.82,0.00103,False,27.72,,,,4411.0,2,61,,
(2010 VP21),50550631,0.718,0.5344,8.7,39.0,195.75,0.334,1.1,0.608,222.072,2461200.5,17.99,0.0227,False,23.39,,,,5143.0,1,141,,
(2010 VD139),50551429,0.8443,0.239,3.84,57.42,155.68,0.643,1.05,0.776,283.434,2455515.5,210.87,0.0128,False,26.2,,,,12.0,8,29,,
(2010 VK139),50551498,0.7799,0.2821,26.96,233.34,8.33,0.56,1.0,0.689,251.65724999999998,2461200.5,28.75,0.00624,False,23.71,0.055,0.01,0.196,4022.0,0,96,1.0,0.0
(2010 VX139),50551546,0.9646,0.1637,21.24,242.49,33.41,0.807,1.12,0.947,345.89175,2461200.5,287.34,0.0941,False,20.5,,,,1490.0,2,81,,
(2010 WC),50552187,0.8184,0.3427,7.4,57.47,143.54,0.538,1.1,0.74,270.285,2461200.5,279.65,0.00364,False,25.5,,,,5121.0,0,60,2.0,2.0
(2010 WS),50552546,0.9291,0.3133,4.54,60.65,233.28,0.638,1.22,0.896,327.264,2461200.5,216.42,0.00982,False,24.9,,,,14.0,6,41,,
(2010 WD1),50552554,0.8765,0.2583,1.83,63.57,222.21,0.65,1.1,0.821,299.87025,2455527.5,114.21,0.00324,False,26.5,,,,1.0,8,12,,
(2010 WU8),50552677,0.961,0.1863,2.8,260.36,340.66,0.782,1.14,0.942,344.0655,2461200.5,7.22,0.0378,False,24.2,,,,14.0,6,23,,
(2010 XF3),50552800,0.9522,0.1119,6.02,77.09,140.26,0.846,1.06,0.929,339.31725,2461200.5,114.68,0.0341,False,24.44,,,,4764.0,0,176,,
(2010 XU10),50553084,0.9457,0.0596,4.54,66.53,169.02,0.889,1.0,0.92,336.03000000000003,2461200.5,151.77,0.0139,False,27.4,,,,3.0,6,21,,
(2010 XA11),50553085,0.9028,0.3716,4.54,66.21,239.96,0.567,1.24,0.858,313.3845,2461200.5,76.93,0.00614,False,26.1,,,,5.0,6,34,,
(2010 XQ69),50554010,0.8755,0.4504,1.1,177.39,105.02,0.481,1.27,0.819,299.13975,2461200.5,93.16,0.00825,False,23.33,,,,5164.0,0,65,,
(2010 XR69),50554011,0.8413,0.5168,0.92,68.96,234.79,0.406,1.28,0.772,281.973,2461200.5,109.37,0.00313,False,25.4,,,,2.0,7,15,,
(2010 XX72),50554034,0.9032,0.2836,4.47,278.83,334.5,0.647,1.16,0.858,313.3845,2461200.5,199.8,0.0386,False,22.06,,,,4394.0,0,139,,
(2010 YO),50554462,0.733,0.4393,24.05,94.03,203.95,0.411,1.06,0.628,229.377,2461200.5,352.17,0.00369,False,24.6,,,,6.0,7,26,,
(2010 YR),50554663,0.9694,0.1996,17.15,275.46,290.66,0.776,1.16,0.954,348.44849999999997,2461200.5,336.17,0.0145,False,23.93,,,,4.0,7,54,,
(2011 AB3),50555038,0.9672,0.1824,7.26,105.64,138.38,0.791,1.14,0.951,347.35274999999996,2461200.5,311.54,0.0575,False,23.5,,,,22.0,5,44,,
(2011 AC3),50555039,0.9868,0.4977,23.28,284.74,307.83,0.496,1.48,0.98,357.945,2461200.5,191.62,0.047,False,22.4,,,,364.0,1,107,,
(2011 AE3),50555066,0.9818,0.1556,8.57,282.9,79.83,0.829,1.13,0.973,355.38824999999997,2455565.5,82.19,0.00122,False,26.85,,,,,9,16,,
(2011 AX22),50555175,0.9666,0.3368,0.68,58.01,291.03,0.641,1.29,0.95,346.9875,2461200.5,158.93,0.00114,False,24.7,,,,406.0,3,66,,
(2011 BQ50),50556150,0.9506,0.0974,0.36,280.26,2.37,0.858,1.04,0.927,338.58675,2461200.5,58.75,0.00523,False,28.0,,,,12.0,6,23,,
(2011 CQ1),50556229,0.8372,0.2046,5.28,314.93,335.32,0.666,1.01,0.766,279.7815,2461200.5,233.45,0.000248,False,32.1,,,,,6,35,,
(2011 CH22),50557353,0.8574,0.2328,0.27,326.45,28.33,0.658,1.06,0.794,290.0085,2455600.5,125.8,0.000986,False,27.28,,,,,9,20,,
(2011 CK50),50557558,0.877,0.3225,4.12,133.33,176.84,0.594,1.16,0.821,299.87025,2461200.5,83.21,0.051,False,24.12,,,,5140.0,0,43,,
(2011 CL50),50557559,0.8802,0.1475,0.19,354.49,309.5,0.75,1.01,0.826,301.69649999999996,2461200.5,348.53,0.00119,False,27.3,,,,3628.0,0,131,,
(2011 CD66),50557566,0.6996,0.4371,6.68,326.26,359.1,0.394,1.01,0.585,213.67125,2455606.5,178.08,0.0161,False,26.9,,,,1.0,8,23,,
(2011 DP),50557849,0.7983,0.5847,24.14,153.06,197.06,0.332,1.27,0.713,260.42325,2461200.5,287.75,0.12,False,22.71,,,,5483.0,2,43,,
(2011 DV),50557866,0.9571,0.0495,10.59,35.03,350.45,0.91,1.0,0.936,341.874,2461200.5,253.13,0.00204,True,20.79,,,,5485.0,0,166,,
(2011 DW),50557867,0.8398,0.2753,25.08,159.52,152.56,0.609,1.07,0.77,281.2425,2461200.5,172.05,0.0335,False,22.7,,,,3664.0,0,205,,
(2011 EK),50558301,0.8977,0.1649,8.72,155.28,178.45,0.75,1.05,0.851,310.82775,2461200.5,186.25,0.0555,False,22.47,,,,4021.0,0,74,,
(2011 EX4),50558395,0.8556,0.2736,3.03,152.67,219.32,0.622,1.09,0.791,288.91275,2461200.5,233.8,0.00359,False,24.6,,,,1508.0,1,82,,
(2011 EB12),50558403,0.9821,0.2284,30.46,346.3,355.36,0.758,1.21,0.973,355.38824999999997,2461200.5,64.59,0.212,False,21.3,,,,737.0,2,90,,
(2011 EH17),50558411,0.7307,0.6599,2.99,332.99,36.04,0.248,1.21,0.625,228.28125,2461200.5,251.4,0.00741,False,24.82,,,,5476.0,0,71,,
(2011 EE41),50559764,0.927,0.1779,10.36,4.74,350.21,0.762,1.09,0.893,326.16825,2461200.5,196.84,0.0842,False,24.3,,,,4.0,7,21,,
(2011 EK47),50559805,0.9115,0.2787,10.83,334.76,44.0,0.657,1.17,0.87,317.7675,2461200.5,315.5,0.037,False,24.3,,,,3.0,7,15,,
(2011 EP51),50559866,0.8292,0.3075,3.43,159.4,170.34,0.574,1.08,0.755,275.76375,2461200.5,292.96,0.0263,False,25.2,,,,3240.0,0,318,,
(2011 EB74),50559931,0.9328,0.1761,10.57,356.0,300.85,0.769,1.1,0.901,329.09025,2455635.5,255.2,0.000852,False,26.9,,,,,9,17,,
(2011 ER74),50559932,0.8388,0.2493,12.43,169.44,164.99,0.63,1.05,0.768,280.512,2455635.5,209.1,0.038,False,24.2,,,,1.0,8,13,,
(2011 FK1),50560077,0.9257,0.2232,13.07,359.64,330.64,0.719,1.13,0.891,325.43775,2461200.5,268.57,0.0751,False,23.7,,,,19.0,6,39,,
(2011 FQ6),50560102,0.9799,0.3516,5.16,182.99,246.5,0.635,1.32,0.97,354.2925,2461200.5,318.05,0.000577,False,27.7,,,,3.0,6,24,,
(2011 GE3),50561052,0.8145,0.2925,6.24,13.19,21.26,0.576,1.05,0.735,268.45875,2461200.5,27.75,0.0143,False,25.88,,,,4024.0,1,54,,
(2011 GF3),50561054,0.832,0.5479,15.95,183.62,178.24,0.376,1.29,0.759,277.22475000000003,2461200.5,192.91,0.164,False,22.42,,,,4769.0,2,29,,
(2011 GK44),50562343,0.8638,0.1983,15.29,18.56,344.83,0.693,1.04,0.803,293.29575,2461200.5,166.74,0.024,False,25.6,,,,5.0,7,44,,
(2011 GL44),50562344,0.8962,0.5264,20.13,38.75,335.02,0.424,1.37,0.848,309.73199999999997,2461200.5,144.79,0.117,False,20.66,,,,4809.0,0,125,,
(2011 GP44),50562347,0.7901,0.4187,7.68,201.62,193.32,0.459,1.12,0.702,256.40549999999996,2461200.5,359.16,0.0451,False,24.4,,,,8.0,7,39,,
(2011 GP59),50562853,0.869,0.2578,8.51,24.31,319.29,0.645,1.09,0.81,295.8525,2461200.5,136.43,0.00307,False,24.3,,,,1392.0,1,225,,
(2011 GC62),50563300,0.9705,0.1883,18.54,202.49,118.63,0.788,1.15,0.956,349.179,2461200.5,206.78,0.0225,False,23.6,,,,10.0,7,28,,
(2011 HR4),50564044,0.9137,0.2248,8.13,47.38,349.85,0.708,1.12,0.873,318.86325,2455678.5,177.01,0.0787,False,24.55,,,,1.0,9,11,,
(2011 HN5),50564062,0.9182,0.2442,3.99,223.12,201.67,0.694,1.14,0.88,321.42,2461200.5,203.02,0.0385,False,25.1,,,,5535.0,1,50,,
(2011 JM5),50565089,0.8733,0.2824,1.55,52.09,32.28,0.627,1.12,0.816,298.044,2461200.5,290.03,0.00559,False,26.3,,,,7.0,6,53,,
(2011 KB),50566383,0.8442,0.3636,4.8,233.57,216.58,0.537,1.15,0.776,283.434,2461200.5,265.83,0.00642,False,25.1,,,,11.0,7,37,,
(2011 KY15),50566722,0.6487,0.603,16.87,242.95,185.77,0.258,1.04,0.522,190.6605,2455710.5,170.63,0.0167,False,24.42,,,,6.0,8,29,,
(2011 OB),50572729,0.904,0.5241,27.74,106.22,48.91,0.43,1.38,0.859,313.74975,2461200.5,194.03,0.0103,True,19.31,,,,11582.0,0,89,,
(2011 OB57),50576752,0.9507,0.2422,4.91,296.03,223.73,0.72,1.18,0.927,338.58675,2461200.5,134.16,0.0236,False,26.0,,,,28.0,5,12,,
(2011 SM5),50578647,0.9367,0.3655,25.02,352.41,184.89,0.594,1.28,0.907,331.28175,2461200.5,260.35,0.258,False,23.17,,,,3663.0,2,33,,
(2011 TO),50580987,0.9267,0.2799,2.24,185.11,57.61,0.667,1.19,0.892,325.803,2461200.5,266.02,0.000319,False,26.58,,,,469.0,4,44,,
(2011 TK5),50581579,0.8534,0.4341,12.6,185.99,349.0,0.483,1.22,0.788,287.817,2461200.5,76.34,0.116,False,22.91,,,,4013.0,1,68,,
(2011 TX8),50581692,0.9096,0.7085,5.98,207.82,313.37,0.265,1.55,0.867,316.67175,2461200.5,248.81,0.0127,True,22.0,,,,4748.0,0,95,,
(2011 UD21),50582168,0.9787,0.0304,1.06,22.34,209.94,0.949,1.01,0.968,353.562,2461200.5,193.93,0.00309,False,28.5,,,,37.0,4,89,,
(2011 UG21),50582255,0.9369,0.5471,14.57,86.55,82.47,0.424,1.45,0.907,331.28175,2461200.5,295.34,0.129,False,19.37,,,,4000.0,0,93,,
(2011 UJ21),50582259,0.9719,0.2746,27.74,30.21,117.76,0.705,1.24,0.958,349.9095,2455857.5,273.62,0.0307,False,23.8,,,,9.0,8,30,,
(2011 WA),50587895,0.8446,0.2857,30.38,51.5,206.11,0.603,1.09,0.776,283.434,2461200.5,47.83,0.05,True,21.68,,,,5116.0,0,279,,
(2011 WR41),50589158,0.8117,0.3457,5.22,256.93,350.23,0.531,1.09,0.731,266.99775,2461200.5,132.27,0.0406,False,25.12,,,,13.0,7,22,,
(2011 WS74),50589614,0.9763,0.353,13.69,67.47,118.21,0.632,1.32,0.965,352.46625,2461200.5,312.66,0.021,False,23.9,,,,11.0,4,92,3.0,2.0
(2011 YW10),50591664,0.8648,0.4431,2.93,86.12,218.32,0.482,1.25,0.804,293.661,2461200.5,101.64,0.00862,False,24.64,,,,4811.0,0,59,,
(2011 YD29),50591777,0.766,0.3088,6.97,281.57,5.55,0.529,1.0,0.67,244.7175,2461200.5,13.0,0.0153,False,26.3,,,,3.0,7,25,,
(2012 AN10),50592329,0.9093,0.3982,14.13,297.43,303.41,0.547,1.27,0.867,316.67175,2461200.5,130.6,0.00197,False,22.63,,,,4744.0,1,88,,
(2012 AP10),50592331,0.889,0.1383,2.73,101.56,212.16,0.766,1.01,0.838,306.0795,2461200.5,213.68,0.00195,False,26.5,,,,1838.0,1,68,,
(2012 BN1),50595942,0.9012,0.1856,4.17,296.34,24.18,0.734,1.07,0.856,312.654,2461200.5,74.22,0.0306,False,25.52,,,,4397.0,0,56,,
(2012 BT1),50595947,0.783,0.307,4.35,117.64,193.71,0.543,1.02,0.693,253.11825,2455945.5,156.15,0.0131,False,27.4,,,,1.0,8,20,,
(2012 BV13),50596053,0.9442,0.1007,12.22,295.41,305.16,0.849,1.04,0.918,335.2995,2461200.5,134.68,0.00765,False,22.29,,,,4031.0,0,240,,
(2012 BK14),50596066,0.9808,0.1881,1.48,118.76,253.96,0.796,1.17,0.971,354.65774999999996,2455947.5,86.45,0.00188,False,27.55,,,,,9,11,,
(2012 BX34),50596285,0.7603,0.3582,10.53,306.67,335.98,0.488,1.03,0.663,242.16075,2461200.5,98.42,0.000223,False,27.6,,,,2.0,3,129,0.0,1.0
(2012 BL77),50596705,0.943,0.5079,20.7,124.37,146.62,0.464,1.42,0.916,334.569,2461200.5,150.11,0.115,False,23.3,,,,23.0,7,19,,
(2012 BO77),50596708,0.9442,0.5611,12.37,306.14,327.31,0.414,1.47,0.917,334.93425,2461200.5,145.36,0.068,False,22.3,,,,4018.0,1,89,,
(2012 BF86),50596865,0.756,0.4361,6.02,117.51,196.46,0.426,1.09,0.657,239.96925000000002,2461200.5,98.02,0.0233,False,22.69,,,,2218.0,1,62,,
(2012 CM2),50597531,0.9874,0.2171,5.83,337.86,28.99,0.773,1.2,0.981,358.31025,2455960.5,104.13,0.0733,False,24.8,,,,1.0,8,17,,
(2012 DK4),50599505,0.8918,0.1817,4.1,168.15,148.8,0.73,1.05,0.842,307.5405,2461200.5,193.55,0.0127,False,23.6,,,,37.0,7,63,,
(2012 DO8),50599564,0.948,0.247,8.75,347.23,357.11,0.714,1.18,0.923,337.12575000000004,2461200.5,359.6,0.126,False,22.34,,,,4043.0,1,109,,
(2012 DQ8),50599566,0.9599,0.148,29.78,342.75,0.05,0.818,1.1,0.94,343.335,2461200.5,242.55,0.111,False,21.28,,,,5125.0,1,150,,
(2012 DK31),50599889,0.6938,0.5767,11.17,165.17,149.29,0.294,1.09,0.578,211.1145,2461200.5,132.17,0.025,True,22.0,,,,3983.0,1,151,,
(2012 DL31),50599890,0.9575,0.2233,9.51,159.73,200.19,0.744,1.17,0.937,342.23925,2461200.5,227.18,0.112,False,22.71,,,,5099.0,0,98,,
(2012 DR32),50599895,0.8866,0.4857,17.2,340.98,312.01,0.456,1.32,0.835,304.98375,2461200.5,319.26,0.0061,False,24.8,,,,3653.0,0,123,3.0,1.0
(2012 DH54),50600128,0.937,0.1464,3.3,161.79,131.67,0.8,1.07,0.907,331.28175,2461200.5,150.85,0.00919,False,27.5,,,,14.0,2,36,1.0,1.0
(2012 EO3),50600586,0.7804,0.3564,29.53,345.48,352.24,0.502,1.06,0.689,251.65724999999998,2461200.5,77.68,0.0602,False,22.98,,,,11.0,6,77,,
(2012 EP3),50600587,0.9339,0.4032,6.57,148.43,141.9,0.557,1.31,0.903,329.82075000000003,2461200.5,212.25,0.0382,False,25.5,,,,1.0,7,19,,
(2012 EH5),50601299,0.9806,0.1273,15.6,356.49,5.15,0.856,1.11,0.971,354.65774999999996,2461200.5,47.87,0.11,False,24.5,,,,18.0,6,26,,
(2012 FK15),50601597,0.9912,0.0665,24.36,0.59,327.31,0.925,1.06,0.987,360.50175,2456009.5,218.73,0.0487,False,26.5,,,,1.0,8,20,,
(2012 FT35),50601696,0.8338,0.204,5.13,184.98,169.5,0.664,1.0,0.761,277.95525,2461200.5,70.71,0.0019,False,29.2,,,,4.0,6,36,,
(2012 FC71),50602180,0.9877,0.0881,4.94,38.11,348.45,0.901,1.07,0.982,358.6755,2461200.5,323.88,0.0565,False,25.2,,,,21.0,5,34,,
(2012 HP13),50602862,0.9864,0.1761,23.02,37.07,286.53,0.813,1.16,0.98,357.945,2461200.5,60.25,6.72e-05,False,24.2,,,,744.0,1,199,,
(2012 HL31),50603151,0.8876,0.374,19.81,37.48,17.55,0.556,1.22,0.836,305.349,2461200.5,102.18,0.145,False,22.43,,,,3652.0,0,92,,
(2012 KF25),50605029,0.9877,0.0497,16.94,64.85,336.59,0.939,1.04,0.982,358.6755,2461200.5,311.66,0.0193,False,25.3,,,,3.0,6,46,,
(2012 LA11),50605768,0.9864,0.0962,5.13,260.39,241.84,0.891,1.08,0.98,357.945,2461200.5,205.9,0.00617,False,26.1,,,,441.0,3,83,,
(2012 MX2),50605881,0.8226,0.4851,5.3,266.1,205.05,0.424,1.22,0.746,272.4765,2461200.5,36.8,0.0215,False,23.38,,,,4422.0,1,47,,
(2012 MO3),50605908,0.9381,0.4667,13.43,220.07,280.08,0.5,1.38,0.909,332.01225,2461200.5,253.03,0.0875,False,20.89,,,,4101.0,0,95,,
(2012 MD7),50605967,0.9771,0.1088,3.76,266.11,135.47,0.871,1.08,0.966,352.8315,2461200.5,42.41,0.0173,False,24.1,,,,1.0,7,10,,
(2012 PZ17),50607527,0.8926,0.144,5.39,139.42,7.69,0.764,1.02,0.843,307.90575,2461200.5,299.17,0.00547,False,26.73,,,,7.0,6,82,,
(2012 PY19),50607550,0.8728,0.2004,1.36,318.1,172.12,0.698,1.05,0.815,297.67875,2461200.5,174.4,0.00974,False,27.5,,,,3.0,6,17,,
(2012 QH8),50607765,0.9189,0.3669,19.41,140.94,356.45,0.582,1.26,0.881,321.78525,2461200.5,85.43,0.225,False,21.45,,,,5058.0,0,94,,
(2012 QL14),50607846,0.7736,0.541,15.32,329.71,194.27,0.355,1.19,0.68,248.37,2461200.5,235.45,0.0727,False,24.48,,,,24.0,7,19,,
(2012 RL15),50608645,0.8766,0.2939,26.5,172.97,334.1,0.619,1.13,0.821,299.87025,2461200.5,126.75,0.0767,False,24.3,,,,8.0,7,50,,
(2012 RT16),50608690,0.9341,0.2953,10.4,172.06,54.46,0.658,1.21,0.903,329.82075000000003,2461200.5,168.41,0.0116,False,26.9,,,,2.0,6,27,,
(2012 SU9),50608846,0.9295,0.3599,0.49,323.34,264.36,0.595,1.26,0.896,327.264,2461200.5,200.56,0.00401,False,27.2,,,,5.0,7,39,,
(2012 SX49),50609186,0.951,0.116,3.95,353.04,212.01,0.841,1.06,0.927,338.58675,2461200.5,88.47,0.02,False,26.2,,,,2.0,7,35,,
(2012 TR231),50611425,0.8389,0.2911,33.44,199.89,347.37,0.595,1.08,0.768,280.512,2461200.5,117.81,0.0733,False,23.9,,,,5.0,7,46,,
(2012 UC),50611423,0.9299,0.3269,8.33,20.42,128.51,0.626,1.23,0.897,327.62925,2461200.5,343.4,0.0184,False,25.0,,,,6.0,6,42,,
(2012 UU68),50613412,0.941,0.2287,5.45,220.89,293.02,0.726,1.16,0.913,333.47325,2461200.5,245.9,0.00542,False,23.07,,,,3664.0,0,112,,
(2012 UK171),50615486,0.8587,0.223,1.29,248.86,359.87,0.667,1.05,0.796,290.73900000000003,2461200.5,159.67,0.0133,False,24.46,,,,4446.0,0,286,,
(2012 VK5),50616373,0.9383,0.2281,4.78,41.94,152.53,0.724,1.15,0.909,332.01225,2461200.5,210.04,0.048,False,24.72,,,,3674.0,1,43,,
(2012 VZ19),50616841,0.9824,0.2541,1.25,57.96,221.43,0.733,1.23,0.974,355.7535,2456236.5,93.87,0.0111,False,25.6,,,,2.0,8,14,,
(2012 VC26),50617099,0.9489,0.1951,1.48,42.63,120.11,0.764,1.13,0.924,337.49100000000004,2461200.5,133.41,0.00288,False,28.7,,,,4.0,5,28,,
(2012 VS76),50617736,0.991,0.3862,0.81,241.97,284.83,0.608,1.37,0.987,360.50175,2461200.5,199.43,0.00192,False,27.0,,,,3.0,6,61,,
(2012 VJ77),50617982,0.8928,0.3465,29.94,51.5,221.06,0.583,1.2,0.844,308.271,2461200.5,139.68,0.0607,False,23.0,,,,28.0,7,47,,
(2012 WH),50618089,0.9067,0.1451,4.09,235.07,8.86,0.775,1.04,0.863,315.21075,2461200.5,56.93,0.0331,False,25.5,,,,27.0,7,46,,
(2012 WH1),50618319,0.8166,0.3361,4.6,63.82,147.55,0.542,1.09,0.738,269.5545,2461200.5,350.79,0.0071,False,24.21,,,,13.0,3,97,1.0,1.0
(2012 WQ10),50618515,0.9416,0.1977,17.8,59.78,191.35,0.755,1.13,0.914,333.8385,2461200.5,93.05,0.13,False,22.68,,,,4035.0,1,52,,
(2012 XL16),50619484,0.9844,0.1784,3.15,258.75,59.09,0.809,1.16,0.977,356.84925,2461200.5,31.31,0.0175,False,25.5,,,,10.0,6,31,,
(2012 XN55),50619755,0.7486,0.454,29.08,256.27,15.0,0.409,1.09,0.648,236.68200000000002,2461200.5,89.1,0.0651,False,23.87,,,,4018.0,2,68,,
(2012 XS111),50620693,0.7733,0.4996,7.62,62.14,192.06,0.387,1.16,0.68,248.37,2461200.5,133.83,0.0473,False,22.12,,,,4758.0,0,123,,
(2012 XE133),50620890,0.7231,0.4326,6.73,281.01,337.11,0.41,1.04,0.615,224.62875,2461200.5,165.54,0.00251,False,23.3,,,,2946.0,0,180,,
(2012 XO134),50621046,0.9756,0.3782,1.42,124.17,199.5,0.607,1.34,0.964,352.101,2461200.5,74.4,0.0177,False,24.0,,,,2311.0,1,113,,
(2012 XM145),50621591,0.8768,0.1965,26.21,249.42,345.14,0.705,1.05,0.821,299.87025,2461200.5,353.6,0.0537,False,20.4,,,,5093.0,0,82,,
(2012 YK),50621627,0.7588,0.3841,11.27,88.59,165.55,0.467,1.05,0.661,241.43025,2461200.5,331.62,0.033,False,23.0,,,,1463.0,0,154,,
(2012 YD7),50621831,0.8793,0.2184,2.54,72.76,201.83,0.687,1.07,0.825,301.33125,2461200.5,285.14,0.0168,False,24.3,,,,27.0,6,31,,
(2013 AF53),50623705,0.9926,0.1945,12.94,107.28,105.99,0.8,1.19,0.989,361.23225,2461200.5,118.26,0.019,False,26.5,,,,3.0,7,26,,
(2013 AF69),50624021,0.9865,0.4094,28.54,116.51,220.48,0.583,1.39,0.98,357.945,2456307.5,96.8,0.151,False,22.48,,,,7.0,8,38,,
(2013 AT72),50624082,0.6783,0.5356,15.02,118.14,167.81,0.315,1.04,0.559,204.17475000000002,2461200.5,201.71,0.0214,False,24.2,,,,1825.0,1,70,,
(2013 AH76),50624099,0.985,0.5465,4.55,347.19,353.77,0.447,1.52,0.978,357.2145,2456309.5,73.77,0.06,False,22.88,,,,6.0,8,20,,
(2013 BT18),50624779,0.7731,0.5648,1.85,161.69,117.43,0.336,1.21,0.68,248.37,2461200.5,126.09,0.0149,False,23.4,,,,2155.0,2,93,,
(2013 BS45),50625152,0.9915,0.0837,0.77,83.41,150.74,0.908,1.07,0.987,360.50175,2461200.5,89.52,0.0114,False,25.9,,,,375.0,0,98,3.0,3.0
(2013 CW32),50626052,0.9047,0.3783,26.06,132.07,228.85,0.562,1.25,0.86,314.115,2461200.5,286.52,0.0351,False,22.09,,,,4375.0,0,189,3.0,0.0
(2013 CN118),50626758,0.9304,0.3264,3.22,143.66,232.69,0.627,1.23,0.897,327.62925,2456338.5,93.46,0.00814,False,25.47,,,,1.0,8,20,,
(2013 CN129),50627035,0.9557,0.4011,34.59,148.97,199.39,0.572,1.34,0.934,341.1435,2461200.5,230.83,0.266,False,21.35,,,,9447.0,1,57,,
(2013 DF),50627082,0.8646,0.4425,4.2,329.57,322.01,0.482,1.25,0.804,293.661,2461200.5,95.19,0.0121,False,24.6,,,,3.0,6,30,,
(2013 DL1),50627138,0.8392,0.7202,26.48,141.98,185.79,0.235,1.44,0.769,280.87725,2461200.5,258.04,0.207,False,21.24,,,,4728.0,1,76,,
(2013 ES41),50632016,0.7422,0.3974,10.34,353.73,341.69,0.447,1.04,0.639,233.39475000000002,2456363.5,213.12,0.00583,False,26.63,,,,2.0,8,22,,
(2013 FZ7),50633073,0.9214,0.4032,8.62,8.15,321.33,0.55,1.29,0.884,322.88100000000003,2461200.5,228.45,0.0408,False,22.9,,,,2536.0,2,105,,
(2013 FD8),50633077,0.9896,0.2408,10.91,1.56,294.0,0.751,1.23,0.984,359.406,2461200.5,63.73,0.0216,False,25.7,,,,11.0,7,25,,
(2013 FM9),50633150,0.8072,0.3134,14.9,177.27,192.41,0.554,1.06,0.725,264.80625,2456372.5,158.5,0.05,False,23.8,,,,9.0,8,25,,
(2013 FQ10),50633162,0.9346,0.1927,16.86,189.84,180.14,0.754,1.11,0.904,330.18600000000004,2461200.5,34.25,0.116,False,22.52,,,,3301.0,1,119,,
(2013 GM3),50634177,0.8207,0.2993,0.09,30.42,322.16,0.575,1.07,0.744,271.746,2461200.5,307.41,0.000118,False,26.3,,,,12.0,7,61,,
(2013 GO3),50634179,0.9812,0.4206,20.84,193.21,144.63,0.569,1.39,0.972,355.02299999999997,2456389.5,253.59,0.136,False,23.0,,,,7.0,8,21,,
(2013 GF23),50634298,0.8572,0.3214,27.8,197.71,204.4,0.582,1.13,0.794,290.0085,2461200.5,349.95,0.0793,False,23.7,,,,6.0,7,35,,
(2013 GT66),50634637,0.8501,0.3233,14.6,21.28,321.91,0.575,1.12,0.784,286.356,2461200.5,167.69,0.0126,False,25.2,,,,2.0,6,32,,
(2013 HM11),50635096,0.8949,0.3699,29.0,32.01,333.39,0.564,1.23,0.847,309.36674999999997,2461200.5,54.67,0.126,False,23.21,,,,4029.0,0,64,,
(2013 JK14),50638309,0.9215,0.4641,4.87,55.66,313.06,0.494,1.35,0.885,323.24625,2461200.5,189.03,0.00757,False,25.18,,,,8.0,7,20,,
(2013 JL14),50638310,0.9203,0.4312,14.79,227.12,136.46,0.523,1.32,0.883,322.51575,2461200.5,205.1,0.038,False,24.5,,,,7.0,7,27,,
(2013 KT1),50638600,0.9231,0.1643,8.11,58.74,317.73,0.771,1.07,0.887,323.97675,2461200.5,135.17,0.00771,False,26.6,,,,2.0,5,111,,
(2013 KH6),50639444,0.9226,0.161,15.55,246.25,195.47,0.774,1.07,0.886,323.6115,2461200.5,54.88,0.0498,False,23.51,,,,2958.0,0,87,,
(2013 KJ6),50639459,0.8236,0.2444,20.41,212.19,235.69,0.622,1.02,0.747,272.84175,2461200.5,297.73,0.0928,False,19.77,,,,4441.0,0,210,,
(2013 LC1),50639490,0.9689,0.3263,5.32,79.83,47.57,0.653,1.29,0.954,348.44849999999997,2461200.5,334.01,0.025,False,23.9,,,,424.0,3,51,,
(2013 MR),50644110,0.8736,0.4909,20.24,266.83,207.41,0.445,1.3,0.817,298.40925,2461200.5,89.17,0.092,False,21.62,,,,4745.0,0,78,,
(2013 MD6),50644198,0.8536,0.4338,28.3,91.93,1.63,0.483,1.22,0.789,288.18225,2461200.5,324.2,0.206,False,21.79,,,,8038.0,0,79,,
(2013 NV),50644725,0.9585,0.5112,29.29,275.58,227.81,0.469,1.45,0.938,342.6045,2461200.5,352.33,0.039,True,20.15,,,,12872.0,0,208,,
(2013 NG10),50644837,0.9536,0.3367,20.73,111.14,316.56,0.632,1.27,0.931,340.04775,2461200.5,189.9,0.0744,False,22.7,,,,6.0,7,17,,
(2013 ND15),50645065,0.7237,0.6118,4.8,95.8,19.78,0.281,1.17,0.616,224.994,2461200.5,163.69,0.00762,False,24.1,,,,26.0,7,20,,
(2013 NC24),50645214,0.9785,0.2692,10.15,109.36,307.67,0.715,1.24,0.968,353.562,2456484.5,260.32,0.0379,False,25.3,,,,8.0,8,8,,
(2013 OY3),50645216,0.8343,0.3441,2.31,107.17,45.81,0.547,1.12,0.762,278.3205,2461200.5,83.37,0.00654,False,24.78,,,,9.0,7,42,,
(2013 QN10),50646671,0.9617,0.5122,6.04,177.39,24.32,0.469,1.45,0.943,344.43075,2461200.5,282.17,0.0528,False,22.2,,,,1564.0,1,75,,
(2013 RO5),50647039,0.7573,0.3609,10.08,339.56,176.03,0.484,1.03,0.659,240.69975000000002,2461200.5,318.1,0.0194,False,24.8,,,,6.0,7,91,,
(2013 RD6),50647046,0.9145,0.2053,17.17,338.61,176.89,0.727,1.1,0.875,319.59375,2461200.5,50.61,0.0921,False,24.8,,,,25.0,6,42,,
(2013 RG74),50648229,0.6931,0.7016,6.48,359.23,157.73,0.207,1.18,0.577,210.74925,2461200.5,263.6,9.09e-05,False,23.35,,,,8.0,7,54,,
(2013 ST),50648492,0.8725,0.2235,10.84,182.51,24.59,0.677,1.07,0.815,297.67875,2461200.5,349.78,0.0293,False,24.7,,,,19.0,6,114,,
(2013 SM20),50648665,0.8466,0.2708,3.97,341.24,182.95,0.617,1.08,0.779,284.52975000000004,2461200.5,322.26,0.0337,False,25.1,,,,2553.0,0,80,,
(2013 SN24),50648734,0.8333,0.2585,10.09,189.43,353.67,0.618,1.05,0.761,277.95525,2461200.5,70.69,0.0444,False,25.0,,,,7.0,7,45,,
(2013 TH4),50648790,0.8888,0.4235,28.02,188.45,2.42,0.512,1.27,0.838,306.0795,2461200.5,223.96,0.256,False,23.15,,,,8.0,7,24,,
(2013 TK4),50648792,0.936,0.2478,7.02,204.01,23.74,0.704,1.17,0.906,330.9165,2461200.5,131.44,0.0666,False,23.98,,,,3693.0,1,27,,
(2013 TR5),50648888,0.9314,0.1274,46.7,344.88,277.76,0.813,1.05,0.899,328.35975,2461200.5,126.4,0.0584,False,19.22,,,,4111.0,0,122,,
(2013 TB6),50648896,0.7855,0.4834,14.35,22.56,201.91,0.406,1.17,0.696,254.21399999999997,2461200.5,187.46,0.048,False,22.6,,,,2603.0,0,85,,
(2013 TG6),50648901,0.9408,0.1231,3.46,12.94,222.44,0.825,1.06,0.913,333.47325,2461200.5,100.81,0.00874,False,26.58,,,,3666.0,0,121,,
(2013 TN127),50650870,0.9349,0.0968,13.46,198.74,2.29,0.844,1.03,0.904,330.18600000000004,2461200.5,176.91,0.0266,False,26.2,,,,3.0,5,31,,
(2013 TG135),50651184,0.7062,0.4972,9.53,193.1,351.88,0.355,1.06,0.593,216.59324999999998,2456578.5,216.45,0.0304,False,25.2,,,,2.0,8,29,,
(2013 UB),50651228,0.8476,0.3148,3.22,209.36,314.55,0.581,1.11,0.78,284.895,2461200.5,327.05,0.00332,False,26.6,,,,5.0,3,79,2.0,2.0
(2013 UG1),50653008,0.7976,0.4833,10.7,24.44,216.55,0.412,1.18,0.712,260.058,2461200.5,0.85,0.000763,False,22.59,,,,3666.0,0,279,0.0,1.0
(2013 US1),50653070,0.8909,0.2389,2.12,207.09,17.61,0.678,1.1,0.841,307.17525,2461200.5,165.24,0.0179,False,25.6,,,,10.0,7,30,,
(2013 UB3),50653089,0.8836,0.198,4.79,213.28,351.69,0.709,1.06,0.831,303.52275,2461200.5,253.72,0.045,False,25.8,,,,1848.0,1,39,,
(2013 UR5),50653282,0.8592,0.2551,15.25,29.87,207.27,0.64,1.08,0.796,290.73900000000003,2461200.5,79.92,0.0358,False,23.06,,,,4399.0,1,111,,
(2013 VV13),50653723,0.7305,0.4244,2.2,287.22,299.67,0.42,1.04,0.624,227.916,2456608.5,180.75,0.0231,False,24.1,,,,1.0,9,19,,
(2013 XF4),50654365,0.9116,0.4295,5.77,65.79,231.94,0.52,1.3,0.87,317.7675,2456632.5,90.16,0.005,False,26.0,,,,7.0,8,17,,
(2013 XH28),54511966,0.7925,0.3069,19.47,78.1,206.57,0.549,1.04,0.706,257.8665,2460600.5,271.22,,,30.74,,,,0.0,9,14,,
(2013 YG),50655388,0.9764,0.0782,7.13,272.46,50.44,0.9,1.05,0.965,352.46625,2461200.5,90.8,0.0324,False,25.4,,,,12.0,5,46,,
(2013 YM2),50655418,0.8801,0.1551,3.22,91.4,162.07,0.744,1.02,0.826,301.69649999999996,2461200.5,210.15,0.0145,False,25.7,,,,1841.0,1,59,,
(2013 YK70),50655588,0.9473,0.6818,23.09,269.7,26.92,0.301,1.59,0.922,336.76050000000004,2461200.5,261.0,0.111,False,21.24,,,,4392.0,0,109,,
(2013 YW102),50655761,0.8817,0.4058,12.34,93.8,217.07,0.524,1.24,0.828,302.42699999999996,2461200.5,128.09,0.0478,False,23.6,,,,4.0,7,21,,
(2014 AE29),50655784,0.9074,0.1579,4.86,102.94,138.1,0.764,1.05,0.864,315.576,2461200.5,12.67,0.0106,False,27.4,,,,4.0,6,26,,
(2014 BA3),50656815,0.9419,0.0733,2.28,297.95,335.21,0.873,1.01,0.914,333.8385,2461200.5,62.07,0.0125,False,28.32,,,,8.0,5,70,,
(2014 BT8),50656949,0.9848,0.093,12.54,121.59,264.16,0.893,1.08,0.977,356.84925,2461200.5,322.53,0.00124,False,25.0,,,,6.0,6,57,,
(2014 BG25),50656952,0.8975,0.2458,9.91,124.54,218.56,0.677,1.12,0.85,310.4625,2461200.5,320.1,0.0378,False,25.3,,,,11.0,6,27,,
(2014 BW32),50659824,0.8203,0.2891,0.94,124.11,155.93,0.583,1.06,0.743,271.38075,2461200.5,99.55,0.003,False,26.6,,,,12.0,6,114,,
(2014 BA33),50659827,0.945,0.3436,39.41,122.48,154.11,0.62,1.27,0.919,335.66475,2461200.5,36.05,0.204,False,21.84,,,,4379.0,1,56,,
(2014 BU43),50660085,0.7416,0.4062,6.78,312.69,341.16,0.44,1.04,0.639,233.39475000000002,2461200.5,337.61,0.00898,False,26.6,,,,5.0,7,22,,
(2014 CA13),50661481,0.9187,0.2512,21.95,138.25,129.78,0.688,1.15,0.881,321.78525,2461200.5,255.62,0.0329,False,25.5,,,,2.0,7,34,,
(2014 CE13),50661517,0.8513,0.5716,5.47,334.75,312.75,0.365,1.34,0.785,286.72125,2461200.5,159.41,0.00741,False,24.09,,,,4027.0,1,76,,
(2014 DE),50662190,0.9193,0.335,19.11,146.47,197.61,0.611,1.23,0.881,321.78525,2456707.5,152.15,0.172,False,23.5,,,,1.0,8,15,,
(2014 DH),50662223,0.9864,0.3616,1.25,109.23,283.96,0.63,1.34,0.98,357.945,2461200.5,275.16,0.00444,False,26.6,,,,14.0,7,27,,
(2014 DF23),50662657,0.9113,0.2052,7.36,334.81,314.67,0.724,1.1,0.87,317.7675,2461200.5,283.38,0.0169,False,24.69,,,,18.0,6,48,,
(2014 DG23),50662660,0.9144,0.2155,11.84,157.12,215.2,0.717,1.11,0.874,319.2285,2461200.5,144.37,0.0539,False,25.1,,,,7.0,6,26,,
(2014 DJ80),50662667,0.9771,0.0671,3.03,337.97,20.92,0.912,1.04,0.966,352.8315,2461200.5,53.84,0.0401,False,26.3,,,,22.0,5,30,,
(2014 DV110),50662902,0.8301,0.2956,1.98,139.29,222.34,0.585,1.08,0.756,276.129,2461200.5,231.46,0.00249,False,24.9,,,,10.0,7,52,,
(2014 EL),50663281,0.9291,0.3886,10.32,164.18,235.5,0.568,1.29,0.896,327.264,2461200.5,330.38,0.00806,False,27.0,,,,3.0,6,47,,
(2014 FZ6),50666454,0.9819,0.0903,14.38,183.54,170.2,0.893,1.07,0.973,355.38824999999997,2461200.5,27.65,0.0715,False,24.7,,,,8.0,7,41,,
(2014 FW32),50666565,0.931,0.16,1.31,138.55,260.35,0.782,1.08,0.898,327.9945,2461200.5,346.12,0.00841,False,26.98,,,,6.0,7,22,,
(2014 FK38),50666704,0.8837,0.2125,4.39,7.81,319.03,0.696,1.07,0.831,303.52275,2461200.5,122.83,0.00273,False,25.2,,,,2.0,6,20,,
(2014 FN38),50666703,0.823,0.3122,6.6,9.17,27.52,0.566,1.08,0.747,272.84175,2461200.5,248.53,0.014,False,26.8,,,,7.0,7,38,,
(2014 FO38),50666708,0.7389,0.4037,9.69,10.36,14.46,0.441,1.04,0.635,231.93375,2461200.5,217.66,0.0118,False,26.35,,,,2573.0,0,85,1.0,1.0
(2014 GJ1),50666948,0.942,0.2729,4.92,23.72,40.58,0.685,1.2,0.914,333.8385,2461200.5,211.58,0.031,False,24.21,,,,4022.0,1,52,,
(2014 GS1),50666997,0.9042,0.3687,11.93,193.47,232.59,0.571,1.24,0.86,314.115,2461200.5,148.57,0.00355,False,26.7,,,,1.0,6,38,,
(2014 GQ17),50667071,0.8541,0.2472,0.09,81.0,329.01,0.643,1.07,0.789,288.18225,2461200.5,282.43,7.83e-05,False,27.1,,,,25.0,6,93,,
(2014 GT34),50667116,0.8518,0.3208,34.68,10.76,5.1,0.579,1.13,0.786,287.0865,2461200.5,356.27,0.124,False,21.65,,,,4019.0,0,149,,
(2014 GF45),50667159,0.9838,0.235,15.96,198.87,170.45,0.753,1.22,0.976,356.484,2461200.5,3.27,0.191,False,23.3,,,,773.0,2,52,,
(2014 GJ45),50667162,0.9377,0.3279,21.29,21.99,312.39,0.63,1.25,0.908,331.647,2461200.5,38.19,0.0524,False,23.63,,,,3660.0,0,64,,
(2014 GC49),50667500,0.7348,0.6441,6.43,193.24,207.59,0.262,1.21,0.63,230.1075,2461200.5,216.65,0.000419,False,28.6,,,,1.0,6,13,,
(2014 HN2),50668991,0.9271,0.1179,1.24,198.76,207.54,0.818,1.04,0.893,326.16825,2461200.5,16.38,0.00659,False,26.34,,,,42.0,6,66,,
(2014 HB124),50669272,0.8432,0.5103,6.57,221.81,168.52,0.413,1.27,0.774,282.7035,2461200.5,67.0,0.0565,False,23.02,,,,3640.0,0,65,,
(2014 HQ124),50669276,0.8507,0.2593,26.37,257.53,144.57,0.63,1.07,0.785,286.72125,2461200.5,340.71,0.00821,True,18.95,0.325,0.07,0.291,4275.0,0,375,5.0,3.0
(2014 HJ184),50670313,0.9353,0.3818,19.59,28.64,357.43,0.578,1.29,0.905,330.55125,2461200.5,345.03,0.247,False,21.65,,,,3288.0,0,74,,
(2014 HM196),50698501,0.8367,0.4744,16.93,210.73,195.08,0.44,1.23,0.765,279.41625,2456771.5,148.85,0.119,False,25.9,,,,2.0,9,14,,
(2014 JN2),50670173,0.8939,0.6916,6.32,219.84,148.81,0.276,1.51,0.845,308.63625,2456780.5,286.61,0.0149,False,24.27,,,,4.0,8,30,,
(2014 JU15),50670653,0.726,0.4665,9.1,38.57,20.27,0.387,1.06,0.619,226.08975,2461200.5,339.34,0.00152,False,24.8,,,,35.0,7,50,,
(2014 KG39),50672482,0.9029,0.3577,3.46,236.56,150.9,0.58,1.23,0.858,313.3845,2461200.5,261.47,0.0227,False,24.94,,,,4405.0,0,45,,
(2014 KM39),50672487,0.9069,0.3762,13.32,233.86,228.08,0.566,1.25,0.864,315.576,2461200.5,83.1,0.0155,False,24.4,,,,39.0,5,21,,
(2014 KS76),50672932,0.9283,0.2705,1.1,62.25,51.34,0.677,1.18,0.894,326.5335,2461200.5,268.88,0.00168,False,26.62,,,,473.0,2,45,,
(2014 KV76),50672930,0.8483,0.3581,12.75,232.77,157.77,0.545,1.15,0.781,285.26025,2461200.5,30.86,0.0604,False,21.06,,,,4110.0,0,202,,
(2014 LZ20),50673621,0.7463,0.4326,6.13,79.59,355.22,0.423,1.07,0.645,235.58625,2461200.5,44.4,0.0286,False,24.46,,,,3279.0,2,30,,
(2014 LK21),50673659,0.9632,0.0992,5.8,251.48,139.56,0.868,1.06,0.945,345.16125,2461200.5,124.59,0.0136,False,25.9,,,,18.0,4,45,0.0,1.0
(2014 LY21),50673703,0.6458,0.6059,1.24,73.35,349.75,0.254,1.04,0.519,189.56475,2456810.5,207.92,0.000143,False,29.1,,,,,9,11,,
(2014 MR5),50673889,0.9539,0.1356,17.03,84.65,19.19,0.825,1.08,0.932,340.413,2461200.5,100.51,0.0573,False,24.3,,,,3.0,7,19,,
(2014 MZ17),50673999,0.9551,0.2125,2.44,304.62,191.92,0.752,1.16,0.933,340.77825,2461200.5,50.65,0.0328,False,24.1,,,,463.0,3,48,,
(2014 MA18),50674000,0.8762,0.2984,6.16,86.8,44.71,0.615,1.14,0.82,299.505,2461200.5,314.58,0.00121,False,25.5,,,,9.0,6,16,,
(2014 MF18),50674005,0.8886,0.1594,2.73,100.41,351.95,0.747,1.03,0.838,306.0795,2461200.5,290.53,0.009,False,26.11,0.069,0.02,0.015,1837.0,0,78,,
(2014 MV18),50674033,0.8011,0.2823,10.21,101.66,358.65,0.575,1.03,0.717,261.88425,2461200.5,53.85,0.0103,False,23.83,,,,1834.0,1,107,,
(2014 MD42),50674239,0.8584,0.2771,6.97,264.34,187.31,0.621,1.1,0.795,290.37375000000003,2456839.5,188.75,0.0567,False,24.5,,,,16.0,8,11,,
(2014 NQ64),50675285,0.8469,0.3861,4.49,98.78,328.64,0.52,1.17,0.779,284.52975000000004,2456840.5,235.85,0.0132,False,24.12,,,,1.0,8,10,,
(2014 OL339),50678653,0.9986,0.4608,10.18,252.06,289.73,0.538,1.46,0.998,364.5195,2461200.5,41.65,0.0185,False,22.78,,,,3306.0,1,68,,
(2014 QZ265),50682950,0.9617,0.2529,26.27,332.71,122.07,0.719,1.2,0.943,344.43075,2456893.5,263.83,0.0256,False,25.3,,,,5.0,8,21,,
(2014 QZ295),50683495,0.9541,0.3363,1.34,144.17,325.6,0.633,1.28,0.932,340.413,2461200.5,133.62,0.0108,False,24.8,,,,17.0,6,25,,
(2014 QD364),50684661,0.9857,0.0415,4.01,156.55,26.75,0.945,1.03,0.979,357.57975,2461200.5,158.24,0.0105,False,27.2,,,,17.0,4,30,,
(2014 QE365),50684753,0.8646,0.5404,16.11,151.79,352.99,0.397,1.33,0.804,293.661,2461200.5,119.56,0.16,False,21.19,,,,4393.0,0,76,,
(2014 QA433),50685835,0.967,0.2975,38.45,155.61,322.08,0.679,1.25,0.951,347.35274999999996,2456903.5,245.94,0.131,False,21.8,,,,24.0,8,34,,
(2014 RE11),50685839,0.7264,0.7117,29.58,163.41,19.31,0.209,1.24,0.619,226.08975,2461200.5,105.19,0.0431,False,22.7,,,,21.0,7,50,,
(2014 RX22),50689041,0.8229,0.2826,20.02,350.01,188.14,0.59,1.06,0.746,272.4765,2461200.5,65.34,0.0434,False,26.0,,,,5.0,6,28,,
(2014 SM1),50689291,0.9178,0.2576,7.33,354.27,220.53,0.681,1.15,0.879,321.05475,2461200.5,234.88,0.0274,False,25.6,,,,9.0,5,24,,
(2014 SH144),50690084,0.9309,0.2026,21.95,0.9,144.0,0.742,1.12,0.898,327.9945,2461200.5,242.61,0.06,False,25.21,,,,7.0,7,23,,
(2014 SS261),50691178,0.9571,0.1204,10.89,3.18,128.52,0.842,1.07,0.936,341.874,2461200.5,60.63,0.015,False,26.3,,,,21.0,3,51,,
(2014 TC),50692310,0.929,0.2443,15.95,187.99,306.18,0.702,1.16,0.895,326.89875,2461200.5,276.97,0.0148,False,26.2,,,,1.0,6,30,,
(2014 TC36),50693290,0.8028,0.2827,15.44,22.46,175.19,0.576,1.03,0.719,262.61475,2461200.5,256.29,0.0307,False,25.0,,,,12.0,7,40,,
(2014 UR),50693451,0.9906,0.0155,8.27,23.44,196.67,0.975,1.01,0.986,360.1365,2461200.5,73.51,0.00792,False,26.6,,,,373.0,0,231,4.0,2.0
(2014 US7),50693744,0.8589,0.2729,9.86,25.56,219.32,0.624,1.09,0.796,290.73900000000003,2461200.5,331.22,0.00632,False,26.6,,,,1461.0,1,111,,
(2014 UW33),50694073,0.8357,0.4334,13.46,217.23,16.01,0.473,1.2,0.764,279.051,2461200.5,209.4,0.0934,False,22.81,,,,4750.0,1,82,,
(2014 UN114),50694552,0.8971,0.1601,3.42,203.7,38.81,0.753,1.04,0.85,310.4625,2461200.5,23.11,0.000647,False,24.5,,,,65.0,5,178,,
(2014 UV116),50695011,0.917,0.7803,42.3,36.95,211.59,0.201,1.63,0.878,320.6895,2456959.5,55.6,0.0355,False,23.56,,,,5.0,8,98,,
(2014 WC5),50696328,0.9084,0.1807,6.71,59.45,150.71,0.744,1.07,0.866,316.30649999999997,2461200.5,338.19,0.0383,False,24.7,,,,25.0,6,46,,
(2014 WE6),50696424,0.969,0.1362,0.34,52.71,251.47,0.837,1.1,0.954,348.44849999999997,2461200.5,137.4,0.000111,False,30.4,,,,4.0,4,25,,
(2014 WM7),50696471,0.9876,0.2829,10.8,228.0,314.79,0.708,1.27,0.982,358.6755,2461200.5,177.34,0.078,False,23.7,,,,10.0,6,48,,
(2014 WQ202),50698865,0.9294,0.5877,1.61,140.9,133.88,0.383,1.48,0.896,327.264,2461200.5,41.94,0.0015,False,23.82,,,,27.0,6,19,,
(2014 WT202),50698870,0.9656,0.0631,23.39,58.8,185.72,0.905,1.03,0.949,346.62225,2461200.5,237.93,0.0378,True,21.1,,,,360.0,2,91,,
(2014 WZ365),50699915,0.789,0.4279,1.34,261.56,321.49,0.451,1.13,0.701,256.04024999999996,2461200.5,34.43,0.00102,False,26.0,,,,4.0,7,23,,
(2014 XU6),50701880,0.7601,0.4343,30.73,259.27,352.02,0.43,1.09,0.663,242.16075,2461200.5,316.31,0.0945,False,24.0,,,,2922.0,1,68,,
(2014 YF),50702344,0.9138,0.1517,5.85,177.62,90.66,0.775,1.05,0.873,318.86325,2461200.5,215.39,0.0531,False,22.39,,,,2647.0,0,69,,
(2014 YN),50702694,0.892,0.1341,1.21,239.19,16.02,0.772,1.01,0.842,307.5405,2461200.5,55.03,0.0049,False,25.7,,,,51.0,5,83,,
(2014 YS),50702729,0.7428,0.3929,4.33,108.29,174.76,0.451,1.03,0.64,233.76,2461200.5,124.79,0.0216,False,24.5,,,,26.0,7,44,,
(2014 YW14),50703036,0.7813,0.3408,6.89,275.35,332.53,0.515,1.05,0.691,252.38774999999998,2461200.5,79.02,0.00281,False,27.6,,,,1.0,6,38,,
(2014 YE15),50703082,0.8443,0.2071,3.21,276.42,333.68,0.669,1.02,0.776,283.434,2461200.5,126.56,0.00367,False,28.3,,,,4.0,3,42,3.0,5.0
(2014 YR15),50703096,0.7497,0.4092,5.71,320.39,309.12,0.443,1.06,0.649,237.04725000000002,2461200.5,69.64,0.0382,True,21.39,,,,4058.0,0,219,,
(2014 YP44),50704098,0.9287,0.137,1.38,63.5,183.44,0.801,1.06,0.895,326.89875,2457022.5,221.26,0.0173,False,26.1,,,,1.0,8,13,,
(2015 AH),50703337,0.907,0.2405,14.07,255.27,70.63,0.689,1.13,0.864,315.576,2461200.5,194.88,0.0401,True,21.58,,,,2647.0,0,90,,
(2015 AB44),50703562,0.97,0.29,15.08,123.18,122.99,0.689,1.25,0.955,348.81374999999997,2461200.5,222.08,0.0453,False,22.6,,,,405.0,1,70,,
(2015 AC44),50703563,0.9846,0.1863,20.41,295.73,26.59,0.801,1.17,0.977,356.84925,2461200.5,20.19,0.148,False,24.4,,,,34.0,6,24,,
(2015 BE92),50704790,0.9733,0.1973,1.04,290.08,303.26,0.781,1.17,0.96,350.64,2461200.5,215.87,0.00565,False,28.1,,,,14.0,3,76,1.0,1.0
(2015 BM510),50708968,0.9477,0.1212,1.59,267.65,357.77,0.833,1.06,0.923,337.12575000000004,2461200.5,351.61,0.0238,False,25.04,,,,8403.0,1,68,,
(2015 BW510),50709104,0.8288,0.5701,12.92,168.14,98.34,0.356,1.3,0.755,275.76375,2461200.5,276.05,0.137,False,20.85,,,,3297.0,1,62,,
(2015 BY512),50709273,0.8782,0.6658,23.31,317.59,13.87,0.294,1.46,0.823,300.60075,2461200.5,61.18,0.169,False,21.49,,,,3304.0,1,49,,
(2015 BE513),50709275,0.9608,0.3861,6.74,347.61,358.74,0.59,1.33,0.942,344.0655,2461200.5,120.19,0.102,False,22.0,,,,1147.0,2,68,,
(2015 CB),50709476,0.9429,0.2055,15.76,319.12,47.7,0.749,1.14,0.916,334.569,2461200.5,243.88,0.0513,False,23.26,,,,4034.0,0,189,,
(2015 CL),50709738,0.7325,0.5645,2.97,319.91,331.06,0.319,1.15,0.627,229.01175,2461200.5,284.05,1.47e-05,False,25.52,,,,3657.0,1,74,,
(2015 CR),50709947,0.9526,0.2802,2.65,305.8,343.68,0.686,1.22,0.93,339.6825,2461200.5,289.9,0.0346,False,23.3,,,,24.0,7,30,,
(2015 CJ13),50710240,0.9793,0.3796,19.01,324.8,295.89,0.608,1.35,0.969,353.92725,2461200.5,169.77,0.0106,False,24.05,,,,10.0,7,89,,
(2015 DZ155),50712054,0.9779,0.3409,14.12,325.92,301.66,0.644,1.31,0.967,353.19675,2461200.5,164.39,0.035,False,24.4,,,,9.0,7,30,,
(2015 DB156),50712056,0.9235,0.2899,25.44,149.41,220.71,0.656,1.19,0.887,323.97675,2457077.5,119.93,0.0823,False,24.87,,,,7.0,8,26,,
(2015 DQ224),50717092,0.7794,0.5267,11.03,149.05,215.01,0.369,1.19,0.688,251.29199999999997,2457072.5,96.0,0.000719,False,29.3,,,,,9,9,,
(2015 EG),50712927,0.8634,0.3559,2.5,167.54,223.72,0.556,1.17,0.802,292.9305,2461200.5,118.16,0.00302,False,25.61,,,,2899.0,0,151,3.0,2.0
(2015 EQ),50712970,0.6695,0.5029,8.85,349.92,355.97,0.333,1.01,0.548,200.157,2461200.5,23.41,0.00881,False,26.1,,,,4.0,7,37,,
(2015 EB7),50713291,0.9578,0.48,26.71,15.77,356.31,0.498,1.42,0.937,342.23925,2461200.5,133.08,0.33,False,21.5,,,,754.0,3,60,,
(2015 FD),50713310,0.899,0.2661,5.59,355.96,44.72,0.66,1.14,0.852,311.193,2461200.5,173.74,0.0137,False,26.6,,,,9.0,6,45,,
(2015 FM33),50713954,0.9851,0.1961,11.1,162.59,236.7,0.792,1.18,0.978,357.2145,2461200.5,288.21,0.0506,False,24.6,,,,785.0,2,27,,
(2015 FW117),50714481,0.8582,0.3821,32.2,10.92,315.92,0.53,1.19,0.795,290.37375000000003,2461200.5,288.59,0.00915,False,22.83,,,,8.0,7,169,,
(2015 FW284),50715115,0.7773,0.5448,2.54,149.51,188.47,0.354,1.2,0.685,250.19625000000002,2461200.5,20.09,0.0196,False,24.9,,,,5.0,6,19,,
(2015 FA285),50715120,0.7413,0.4633,9.23,10.56,335.56,0.398,1.08,0.638,233.0295,2461200.5,66.99,0.00339,False,26.4,,,,4.0,7,38,,
(2015 HK),50716017,0.8724,0.2462,12.49,33.57,330.36,0.658,1.09,0.815,297.67875,2461200.5,98.93,0.0284,False,25.5,,,,9.0,7,45,,
(2015 HA1),50716456,0.9642,0.1883,19.87,57.3,315.23,0.783,1.15,0.947,345.89175,2461200.5,123.52,0.0554,False,21.18,,,,372.0,2,439,,
(2015 HW10),50717077,0.9345,0.1057,16.1,32.55,330.52,0.836,1.03,0.903,329.82075000000003,2461200.5,329.79,0.0122,False,25.7,,,,4.0,5,96,,
(2015 HZ116),50718344,0.9542,0.3002,13.97,43.68,316.2,0.668,1.24,0.932,340.413,2461200.5,218.85,0.0615,False,24.4,,,,22.0,6,40,,
(2015 HZ176),50719098,0.9687,0.1824,10.97,35.9,323.11,0.792,1.15,0.953,348.08324999999996,2461200.5,105.94,0.0681,False,23.7,,,,12.0,5,23,,
(2015 JR1),50719219,0.9399,0.1713,11.95,228.99,227.82,0.779,1.1,0.911,332.74275,2461200.5,178.67,0.018,False,26.1,,,,9.0,5,28,,
(2015 KA),50719250,0.9693,0.1228,9.5,237.08,233.85,0.85,1.09,0.954,348.44849999999997,2461200.5,325.49,0.0155,False,26.2,,,,24.0,4,87,,
(2015 KE),50719266,0.9737,0.1244,0.62,243.49,223.58,0.853,1.09,0.961,351.00525,2461200.5,302.2,0.00442,False,26.2,,,,465.0,3,110,,
(2015 KF),50719268,0.9795,0.1454,7.47,58.32,39.92,0.837,1.12,0.969,353.92725,2461200.5,271.74,0.0514,False,25.1,,,,390.0,2,56,,
(2015 KQ18),50719399,0.8594,0.437,5.71,53.86,326.41,0.484,1.24,0.797,291.10425000000004,2461200.5,209.95,0.0182,False,25.38,,,,7.0,5,37,,
(2015 KB57),50719753,0.9446,0.6074,29.67,239.61,208.84,0.371,1.52,0.918,335.2995,2461200.5,104.56,0.141,False,22.37,,,,4010.0,0,37,,
(2015 KP57),50719887,0.9632,0.4742,1.8,55.25,315.55,0.506,1.42,0.945,345.16125,2457165.5,286.14,0.00656,False,24.9,,,,3.0,8,18,,
(2015 KS120),50720027,0.9831,0.138,9.34,234.5,208.53,0.847,1.12,0.975,356.11875,2461200.5,271.22,0.0778,False,25.4,,,,20.0,5,11,,
(2015 KT120),50720023,0.9913,0.2133,14.84,72.35,27.48,0.78,1.2,0.987,360.50175,2461200.5,190.41,0.132,False,25.1,,,,377.0,2,20,,
(2015 KJ122),50720463,0.7852,0.7503,5.06,187.83,229.85,0.196,1.37,0.696,254.21399999999997,2461200.5,148.34,0.0318,False,22.01,,,,3996.0,0,293,,
(2015 LA2),50720947,0.8828,0.2807,7.71,85.29,3.72,0.635,1.13,0.83,303.15749999999997,2461200.5,252.14,0.0848,False,23.01,,,,5536.0,0,122,,
(2015 ME131),50724244,0.8164,0.2122,33.64,317.77,156.89,0.643,0.99,0.738,269.5545,2461200.5,151.35,0.0447,True,19.69,,,,2978.0,1,62,,
(2015 MT200),54298759,0.8654,0.4619,2.25,95.47,340.35,0.466,1.27,0.805,294.02625,2461200.5,96.8,0.0167,False,22.81,,,,4365.0,2,19,,
(2015 NG13),50724079,0.8546,0.225,5.35,272.03,202.93,0.662,1.05,0.79,288.5475,2461200.5,92.45,0.00455,False,24.9,,,,16.0,7,25,,
(2015 NA14),50724134,0.966,0.1838,6.35,281.78,152.89,0.788,1.14,0.949,346.62225,2461200.5,46.98,0.0602,False,22.0,0.091,0.02,0.338,750.0,1,460,2.0,1.0
(2015 OQ21),50724268,0.7891,0.364,1.62,125.77,328.45,0.502,1.08,0.701,256.04024999999996,2461200.5,54.57,0.00257,False,27.9,,,,6.0,3,60,2.0,1.0
(2015 QM3),50726534,0.706,0.5312,16.15,159.68,324.65,0.331,1.08,0.593,216.59324999999998,2461200.5,292.5,0.0605,False,20.38,0.267,0.07,0.189,3316.0,0,171,1.0,0.0
(2015 RT1),50726735,0.9546,0.2552,1.79,166.23,47.66,0.711,1.2,0.933,340.77825,2461200.5,294.97,0.00808,False,25.41,,,,847.0,4,76,,
(2015 RF36),50727199,0.9492,0.1187,7.25,182.45,328.77,0.836,1.06,0.925,337.85625,2461200.5,64.67,0.0345,False,23.4,,,,61.0,5,346,0.0,2.0
(2015 SA),50727663,0.8409,0.2512,13.2,352.01,208.01,0.63,1.05,0.771,281.60775,2461200.5,114.81,0.0049,False,25.3,,,,29.0,6,177,,
(2015 SD),50727689,0.8615,0.2657,20.08,176.24,350.91,0.633,1.09,0.8,292.2,2461200.5,340.02,0.0794,False,24.3,,,,4397.0,0,102,,
(2015 SY),50728546,0.9187,0.487,3.17,182.56,43.59,0.471,1.37,0.881,321.78525,2461200.5,141.35,0.00766,False,23.42,,,,3366.0,0,137,,
(2015 SO2),50728588,0.9941,0.1088,9.17,182.7,291.88,0.886,1.1,0.991,361.96274999999997,2461200.5,180.6,0.0178,False,23.9,,,,1079.0,1,101,,
(2015 SJ7),50728755,0.7338,0.4536,3.35,6.17,185.01,0.401,1.07,0.629,229.74225,2457289.5,156.1,0.0168,False,25.5,,,,7.0,8,31,,
(2015 TG24),50729256,0.7465,0.4434,3.99,21.87,151.4,0.416,1.08,0.645,235.58625,2461200.5,64.5,0.00335,False,26.68,,,,5.0,7,44,,
(2015 TT238),50730825,0.8853,0.2503,10.8,4.44,216.0,0.664,1.11,0.833,304.25325,2461200.5,71.42,0.0248,False,24.62,,,,3643.0,1,48,,
(2015 UH52),50732692,0.8529,0.3853,4.74,26.35,225.82,0.524,1.18,0.788,287.817,2461200.5,278.04,0.000786,False,26.02,,,,1502.0,3,87,,
(2015 VB1),50733153,0.9852,0.1299,20.91,227.15,355.06,0.857,1.11,0.978,357.2145,2461200.5,120.55,0.122,False,23.6,,,,360.0,2,155,,
(2015 VK1),50733161,0.9773,0.4267,11.96,38.02,241.99,0.56,1.39,0.966,352.8315,2461200.5,58.73,0.00247,False,26.6,,,,8.0,7,55,,
(2015 VZ2),50733323,0.7082,0.4225,16.98,41.6,186.56,0.409,1.01,0.596,217.689,2461200.5,88.6,0.00969,False,22.6,,,,1106.0,1,199,,
(2015 VL64),50733872,0.909,0.2885,0.71,52.46,224.29,0.647,1.17,0.867,316.67175,2461200.5,174.9,0.00246,False,28.3,,,,6.0,5,29,,
(2015 VU64),50733885,0.9346,0.1081,2.48,224.43,49.9,0.834,1.04,0.904,330.18600000000004,2461200.5,16.02,0.00053,False,30.6,,,,2.0,5,30,,
(2015 VH65),50733956,0.8516,0.2283,13.38,227.08,330.25,0.657,1.05,0.786,287.0865,2461200.5,30.61,0.0137,False,27.7,,,,4.0,6,62,,
(2015 VP66),50734213,0.9588,0.2572,18.98,22.85,168.87,0.712,1.21,0.939,342.96975,2461200.5,311.27,0.193,False,22.3,,,,335.0,3,43,,
(2015 WZ12),50735621,0.7215,0.4126,3.64,250.91,346.51,0.424,1.02,0.613,223.89825,2461200.5,259.38,0.00456,False,26.3,,,,6.0,6,71,0.0,1.0
(2015 XT1),50735701,0.8301,0.33,4.97,143.58,102.6,0.556,1.1,0.756,276.129,2461200.5,156.48,0.0485,False,23.38,,,,3255.0,1,64,,
(2015 XP54),50735709,0.8757,0.3955,16.88,71.14,215.12,0.529,1.22,0.819,299.13975,2461200.5,45.06,0.0626,False,24.0,,,,3.0,7,21,,
(2015 XK55),50736019,0.8995,0.1955,9.15,243.0,352.51,0.724,1.08,0.853,311.55825,2461200.5,319.46,0.0821,False,24.5,,,,27.0,7,40,,
(2015 XQ55),50736021,0.8485,0.5699,9.57,53.97,193.81,0.365,1.33,0.782,285.6255,2461200.5,16.87,0.0764,False,21.78,,,,3644.0,0,173,,
(2015 XB128),50736027,0.8203,0.2367,15.59,245.01,15.84,0.626,1.01,0.743,271.38075,2461200.5,215.13,0.0145,False,25.4,,,,7.0,7,25,,
(2015 XS168),50736409,0.9564,0.3711,22.01,69.55,191.64,0.602,1.31,0.935,341.50875,2461200.5,245.11,0.249,False,23.1,,,,5.0,7,30,,
(2015 XT168),50736410,0.9386,0.2757,19.74,58.59,225.66,0.68,1.2,0.909,332.01225,2461200.5,302.14,0.0663,False,21.09,,,,3653.0,1,86,,
(2015 XX168),50736413,0.8406,0.425,0.99,281.66,300.14,0.483,1.2,0.771,281.60775,2461200.5,127.49,0.0044,False,25.45,,,,3665.0,1,116,,
(2015 XN169),50736429,0.9095,0.3803,17.85,253.52,352.6,0.564,1.26,0.867,316.67175,2461200.5,239.67,0.207,False,22.28,,,,2593.0,0,122,,
(2015 XF261),50736520,0.9899,0.3191,0.79,209.8,100.88,0.674,1.31,0.985,359.77125,2461200.5,326.41,0.00239,False,25.25,,,,2991.0,1,73,,
(2015 XG261),50736524,0.9904,0.1952,65.77,77.16,187.33,0.797,1.18,0.986,360.1365,2457369.5,172.02,0.196,False,23.05,,,,15.0,8,25,,
(2015 XN261),50736527,0.974,0.1637,2.32,278.46,274.93,0.814,1.13,0.961,351.00525,2461200.5,233.48,0.00545,False,26.2,,,,12.0,3,166,,
(2015 XQ378),50736826,0.9279,0.323,9.71,256.63,322.82,0.628,1.23,0.894,326.5335,2461200.5,156.06,0.0621,False,24.08,,,,2890.0,2,55,,
(2015 XT378),50736828,0.9371,0.2336,5.69,257.26,64.97,0.718,1.16,0.907,331.28175,2461200.5,293.4,0.000748,False,27.9,,,,3.0,5,12,,
(2015 YA),50736830,0.9952,0.2797,1.62,254.86,83.46,0.717,1.27,0.993,362.69325,2461200.5,270.11,0.00362,False,27.4,,,,5.0,6,50,,
(2015 YG),50738567,0.747,0.4875,14.62,267.91,355.31,0.383,1.11,0.646,235.9515,2461200.5,252.05,0.0941,False,23.28,,,,3271.0,1,40,,
(2015 YT),50738575,0.9478,0.2564,1.58,270.78,53.43,0.705,1.19,0.923,337.12575000000004,2461200.5,218.87,0.00627,False,25.84,,,,3.0,6,28,,
(2015 YE2),50738994,0.9216,0.1947,12.17,268.02,46.7,0.742,1.1,0.885,323.24625,2461200.5,56.46,0.0299,False,25.22,,,,18.0,6,30,,
(2016 AE2),50739178,0.8049,0.2988,0.72,330.19,286.5,0.564,1.05,0.722,263.71049999999997,2457389.5,220.05,0.00824,False,26.4,,,,3.0,8,20,,
(2016 AF2),50739177,0.8838,0.2152,0.56,44.92,276.72,0.694,1.07,0.831,303.52275,2461200.5,315.99,0.0061,False,27.9,,,,12.0,6,22,,
(2016 AG9),50739280,0.944,0.2506,15.48,281.99,37.23,0.707,1.18,0.917,334.93425,2461200.5,258.95,0.0926,False,23.41,,,,60.0,5,47,,
(2016 AE65),50739412,0.8446,0.2996,3.34,281.54,31.04,0.592,1.1,0.776,283.434,2457396.5,130.93,0.0118,False,24.7,,,,7.0,8,14,,
(2016 AU65),50739436,0.8099,0.5619,3.75,295.6,338.18,0.355,1.27,0.729,266.26725,2461200.5,333.98,0.0188,False,22.8,,,,4041.0,0,73,,
(2016 AJ165),50740067,0.9187,0.3613,22.45,291.22,317.01,0.587,1.25,0.881,321.78525,2461200.5,191.86,0.0732,False,25.4,,,,5.0,7,20,,
(2016 AF193),50740517,0.8746,0.2914,6.45,253.82,44.19,0.62,1.13,0.818,298.7745,2461200.5,83.35,0.00984,True,22.03,,,,3373.0,0,155,,
(2016 AK193),50740522,0.8701,0.2716,17.36,306.87,324.43,0.634,1.11,0.812,296.583,2461200.5,151.35,0.0397,False,22.08,,,,6205.0,0,228,,
(2016 AZ193),50740875,0.9349,0.2285,0.38,129.21,200.69,0.721,1.15,0.904,330.18600000000004,2457390.5,108.34,0.00451,False,26.58,,,,,9,9,,
(2016 BU),50740690,0.8148,0.2309,9.03,300.32,351.38,0.627,1.0,0.735,268.45875,2461200.5,235.39,0.0146,False,26.7,,,,12.0,7,28,,
(2016 BC14),50740920,0.8702,0.1823,8.37,3.97,337.17,0.712,1.03,0.812,296.583,2461200.5,62.32,0.0115,True,20.98,0.196,0.06,0.201,2913.0,1,266,0.0,1.0
(2016 BW14),50740952,0.8914,0.1928,7.58,127.56,156.58,0.72,1.06,0.842,307.5405,2461200.5,326.18,0.0416,False,25.8,,,,13.0,6,52,,
(2016 BV39),50741168,0.9656,0.3059,21.79,333.31,36.07,0.67,1.26,0.949,346.62225,2461200.5,59.18,0.138,False,21.8,,,,403.0,2,143,,
(2016 CE),50741174,0.8504,0.2855,5.77,315.65,316.5,0.608,1.09,0.784,286.356,2461200.5,316.73,0.000282,False,28.5,,,,2.0,6,57,,
(2016 CG18),50741175,0.9828,0.0922,5.7,316.84,276.91,0.892,1.07,0.974,355.7535,2461200.5,133.14,0.000497,False,28.5,,,,3.0,4,106,,
(2016 CH30),50742001,0.9342,0.1787,0.49,345.82,270.32,0.767,1.1,0.903,329.82075000000003,2461200.5,69.11,0.00384,False,27.88,,,,3293.0,0,43,,
(2016 CC136),50742361,0.9082,0.0916,12.06,319.73,356.26,0.825,0.99,0.865,315.94125,2461200.5,160.41,0.00466,False,28.8,,,,3.0,5,83,,
(2016 CA138),50743146,0.9979,0.0497,27.73,328.87,326.86,0.948,1.05,0.997,364.15425,2461200.5,330.54,0.0503,False,23.31,,,,3647.0,0,272,,
(2016 CZ192),50743150,0.8768,0.263,16.74,144.41,206.1,0.646,1.11,0.821,299.87025,2461200.5,339.57,0.0702,False,24.6,,,,17.0,6,50,,
(2016 CO246),50743920,0.9946,0.1262,6.29,136.33,121.0,0.869,1.12,0.992,362.328,2461200.5,31.95,0.038,False,25.8,,,,1464.0,0,46,,
(2016 CU246),50743926,0.8526,0.5427,2.06,330.97,35.8,0.39,1.32,0.787,287.45175,2461200.5,115.84,0.00502,False,26.5,,,,3.0,6,42,,
(2016 CX247),50744345,0.9571,0.4106,17.51,341.7,358.44,0.564,1.35,0.936,341.874,2461200.5,153.61,0.248,False,22.6,,,,380.0,2,31,,
(2016 CO248),50744585,0.9342,0.1594,4.77,139.73,240.93,0.785,1.08,0.903,329.82075000000003,2461200.5,269.69,0.00023,False,27.5,,,,28.0,6,30,,
(2016 CJ323),54512552,0.7508,0.3197,8.7,317.59,353.11,0.511,0.99,0.651,237.77775,2460600.5,322.58,,,30.48,,,,0.0,9,14,,
(2016 CL323),54512553,0.9552,0.2188,5.99,318.72,68.84,0.746,1.16,0.934,341.1435,2460600.5,197.09,,,31.45,,,,0.0,7,20,,
(2016 DB),50744583,0.8916,0.3246,2.89,145.96,233.26,0.602,1.18,0.842,307.5405,2461200.5,182.34,0.000367,False,28.5,,,,1.0,5,35,,
(2016 DL),50744813,0.7143,0.4712,23.85,290.11,33.18,0.378,1.05,0.604,220.611,2461200.5,209.17,0.0476,True,21.4,0.228,0.07,0.103,5510.0,1,84,,
(2016 DP2),50744876,0.8583,0.2892,5.78,159.82,211.28,0.61,1.11,0.795,290.37375000000003,2461200.5,99.26,0.0224,False,25.9,,,,10.0,7,41,,
(2016 EH1),50745055,0.8815,0.2405,13.98,153.71,231.21,0.669,1.09,0.828,302.42699999999996,2461200.5,263.29,0.00861,False,22.67,,,,3708.0,1,111,,
(2016 EB27),50745128,0.8832,0.5362,34.8,343.66,320.18,0.41,1.36,0.83,303.15749999999997,2461200.5,43.03,0.0527,False,22.84,,,,3642.0,1,86,,
(2016 EJ27),50745134,0.7522,0.4022,3.5,337.2,353.74,0.45,1.05,0.652,238.143,2461200.5,113.69,0.0186,False,25.3,,,,12.0,7,98,,
(2016 EL27),50745136,0.8782,0.2299,15.58,166.55,145.6,0.676,1.08,0.823,300.60075,2461200.5,39.51,0.0283,False,26.1,,,,11.0,6,28,,
(2016 EO56),50745924,0.9895,0.648,43.24,163.1,222.67,0.348,1.63,0.984,359.406,2457452.5,66.9,0.0644,False,23.0,,,,8.0,9,25,,
(2016 EO84),50746018,0.8326,0.5478,12.08,350.12,29.86,0.376,1.29,0.76,277.59,2461200.5,293.78,0.0391,False,22.34,,,,1128.0,1,137,,
(2016 EU84),50746023,0.9204,0.0951,3.2,169.04,206.1,0.833,1.01,0.883,322.51575,2461200.5,6.17,0.0038,False,29.0,,,,4.0,5,97,,
(2016 EV84),50746024,0.8662,0.1779,13.58,351.3,16.16,0.712,1.02,0.806,294.3915,2461200.5,52.39,0.0179,False,26.7,,,,6.0,6,103,,
(2016 EE85),50746240,0.9556,0.288,12.39,8.08,12.28,0.68,1.23,0.934,341.1435,2461200.5,133.31,0.161,False,22.8,,,,444.0,3,38,,
(2016 ES85),50746474,0.9691,0.0896,2.24,166.25,123.6,0.882,1.06,0.954,348.44849999999997,2461200.5,155.85,0.00714,False,29.7,,,,7.0,5,31,,
(2016 ED156),50746643,0.8886,0.4419,7.21,327.2,59.88,0.496,1.28,0.838,306.0795,2461200.5,185.7,0.0183,False,23.56,,,,2268.0,2,47,,
(2016 EF156),50746646,0.9511,0.4504,22.08,354.81,305.1,0.523,1.38,0.928,338.952,2461200.5,297.1,0.0169,False,24.7,,,,9.0,7,90,,
(2016 EC157),50747330,0.9214,0.3524,5.59,7.4,329.35,0.597,1.25,0.884,322.88100000000003,2461200.5,65.69,0.041,False,23.6,,,,2933.0,0,54,,
(2016 EM157),50747338,0.8415,0.3002,10.3,171.1,218.31,0.589,1.09,0.772,281.973,2461200.5,213.37,0.00507,False,26.9,,,,3.0,6,41,,
(2016 EX202),50750702,0.9904,0.296,3.36,323.49,317.3,0.697,1.28,0.986,360.1365,2457452.5,275.69,0.0283,False,25.6,,,,2.0,8,9,,
(2016 EU362),54460731,0.8565,0.2235,16.75,323.29,33.89,0.665,1.05,0.793,289.64325,2457463.5,169.58,0.0105,False,23.85,,,,11.0,8,6,,
(2016 FA),50747519,0.9645,0.1103,9.09,2.58,48.73,0.858,1.07,0.947,345.89175,2461200.5,41.29,0.0278,False,25.3,,,,41.0,2,154,,
(2016 FY2),50748015,0.8719,0.1788,1.9,150.98,204.43,0.716,1.03,0.814,297.3135,2461200.5,41.96,0.0064,False,25.5,,,,74.0,5,134,,
(2016 FR12),50748492,0.9777,0.1606,12.46,11.4,5.23,0.821,1.13,0.967,353.19675,2461200.5,6.22,0.135,False,24.6,,,,18.0,5,31,,
(2016 FP13),50748502,0.9585,0.1428,1.48,357.59,344.47,0.822,1.1,0.938,342.6045,2461200.5,164.4,0.0186,False,26.2,,,,22.0,7,15,,
(2016 FS13),50748504,0.9711,0.17,8.15,199.67,205.85,0.806,1.14,0.957,349.54425,2461200.5,4.35,0.0871,False,26.0,,,,423.0,2,23,,
(2016 FY13),50748519,0.8962,0.4472,1.2,330.7,77.74,0.495,1.3,0.848,309.73199999999997,2461200.5,96.85,0.0093,False,24.18,,,,21.0,7,14,,
(2016 FZ13),50748514,0.9443,0.1501,4.18,183.85,238.62,0.803,1.09,0.918,335.2995,2461200.5,150.68,0.00228,False,28.3,,,,13.0,5,20,,
(2016 FG14),50748518,0.9546,0.3449,18.54,190.26,234.09,0.625,1.28,0.933,340.77825,2457479.5,90.43,0.0373,False,26.2,,,,5.0,8,32,,
(2016 FT14),50748540,0.8592,0.259,4.32,196.68,183.82,0.637,1.08,0.796,290.73900000000003,2461200.5,85.99,0.0451,False,24.69,,,,2970.0,0,69,,
(2016 FL60),54247854,0.9931,0.3831,24.87,191.48,176.39,0.613,1.37,0.99,361.5975,2461200.5,287.82,0.335,False,23.92,,,,11.0,7,14,,
(2016 GN2),50749057,0.9393,0.1461,10.38,18.43,334.47,0.802,1.08,0.91,332.3775,2461200.5,273.53,0.0504,False,25.01,,,,3655.0,1,93,,
(2016 GY2),50749094,0.9197,0.2943,9.35,190.47,127.3,0.649,1.19,0.882,322.1505,2461200.5,102.62,0.0109,False,26.1,,,,3.0,5,34,,
(2016 GA3),50749095,0.9751,0.1597,10.34,12.75,303.91,0.819,1.13,0.963,351.73575,2461200.5,97.84,0.0318,False,24.8,,,,7.0,5,29,,
(2016 GH135),50750697,0.985,0.1445,20.99,199.94,223.05,0.843,1.13,0.978,357.2145,2461200.5,260.48,0.0738,False,22.1,,,,1217.0,0,142,,
(2016 GK135),50750699,0.9852,0.0869,3.2,18.01,55.76,0.9,1.07,0.978,357.2145,2461200.5,254.4,0.0175,False,28.1,,,,9.0,5,23,,
(2016 GS220),50751838,0.8654,0.514,6.81,64.04,292.93,0.421,1.31,0.805,294.02625,2461200.5,98.21,0.0452,False,22.78,,,,2921.0,3,29,,
(2016 GW221),50752035,0.8281,0.2668,3.76,33.05,8.86,0.607,1.05,0.754,275.3985,2461200.5,332.07,0.0223,False,24.75,,,,3300.0,3,209,1.0,0.0
(2016 GA252),54502954,0.7828,0.4625,10.95,201.54,158.38,0.421,1.14,0.693,253.11825,2460600.5,328.07,,,24.46,,,,1.0,9,8,,
(2016 HK),50752128,0.9199,0.1589,12.37,42.31,308.79,0.774,1.07,0.882,322.1505,2461200.5,48.64,0.00975,False,24.8,,,,21.0,3,65,1.0,1.0
(2016 HF2),50752432,0.9877,0.1954,5.13,33.68,70.5,0.795,1.18,0.982,358.6755,2461200.5,196.96,0.00469,False,26.1,,,,9.0,5,77,,
(2016 HD3),50752453,0.9193,0.2397,0.63,46.02,301.75,0.699,1.14,0.881,321.78525,2461200.5,62.9,0.000719,False,27.83,,,,6.0,3,85,1.0,1.0
(2016 HE3),50752455,0.7757,0.401,10.66,216.39,173.24,0.465,1.09,0.683,249.46575,2461200.5,126.98,0.0558,False,24.3,,,,13.0,7,87,,
(2016 HL3),50752464,0.9684,0.1645,3.45,99.98,336.06,0.809,1.13,0.953,348.08324999999996,2461200.5,346.04,0.0382,False,24.7,,,,416.0,2,48,,
(2016 HF19),50752592,0.9177,0.1457,0.78,204.81,206.3,0.784,1.05,0.879,321.05475,2461200.5,347.43,0.00485,False,26.5,,,,35.0,6,89,,
(2016 HJ19),50752594,0.9787,0.2941,36.3,38.46,10.18,0.691,1.27,0.968,353.562,2461200.5,299.46,0.249,False,20.68,,,,1062.0,1,117,,
(2016 JB),50752597,0.9093,0.1427,9.59,222.53,152.59,0.78,1.04,0.867,316.67175,2461200.5,90.33,0.0106,False,27.1,,,,7.0,5,114,,
(2016 JP5),50752796,0.8603,0.301,65.77,217.19,205.69,0.601,1.12,0.798,291.46950000000004,2457510.5,138.81,0.0656,False,22.7,,,,8.0,9,48,,
(2016 JV5),50752800,0.8954,0.3208,8.45,70.21,338.63,0.608,1.18,0.847,309.36674999999997,2461200.5,146.44,0.0645,False,23.3,,,,34.0,5,43,,
(2016 JC6),50752807,0.8066,0.2829,6.78,236.78,174.2,0.578,1.03,0.724,264.441,2461200.5,140.96,0.0185,True,21.37,0.192,0.05,0.145,2970.0,0,496,2.0,2.0
(2016 JE6),50752810,0.9219,0.4677,6.28,203.26,156.99,0.491,1.35,0.885,323.24625,2461200.5,57.8,0.0532,False,24.28,,,,8.0,7,49,,
(2016 JH12),50752926,0.9542,0.3345,18.03,218.88,193.42,0.635,1.27,0.932,340.413,2461200.5,91.74,0.204,False,22.3,,,,795.0,3,60,,
(2016 JP15),50752927,0.8937,0.5071,24.07,61.27,333.98,0.44,1.35,0.845,308.63625,2461200.5,183.21,0.126,False,21.16,,,,2545.0,1,99,,
(2016 JJ17),50753047,0.9505,0.3191,5.6,125.27,320.92,0.647,1.25,0.927,338.58675,2461200.5,68.49,0.035,False,22.9,,,,424.0,3,59,,
(2016 JH18),50753102,0.8968,0.2594,4.34,224.79,147.85,0.664,1.13,0.849,310.09725,2461200.5,191.68,0.02,False,26.1,,,,6.0,7,52,,
(2016 JX24),50753158,0.89,0.2181,7.19,226.89,217.18,0.696,1.08,0.84,306.81,2461200.5,134.98,0.0108,False,25.4,,,,18.0,6,60,,
(2016 JU28),50753310,0.8576,0.3194,6.3,53.59,34.18,0.584,1.13,0.794,290.0085,2461200.5,1.6,0.0143,False,27.7,,,,3.0,7,17,,
(2016 JJ38),50753603,0.9738,0.2135,3.71,221.4,219.48,0.766,1.18,0.961,351.00525,2457510.5,122.79,0.0327,False,27.2,,,,2.0,9,9,,
(2016 KO),50753618,0.8172,0.3113,6.5,246.22,207.88,0.563,1.07,0.739,269.91975,2461200.5,339.54,0.00259,False,26.5,,,,8.0,7,73,,
(2016 KL1),50753644,0.9015,0.2801,18.14,69.76,317.03,0.649,1.15,0.856,312.654,2461200.5,158.08,0.024,True,21.09,0.328,0.11,0.034,4445.0,0,97,,
(2016 LL1),50753719,0.9233,0.3848,23.32,83.29,358.36,0.568,1.28,0.887,323.97675,2461200.5,238.15,0.257,False,21.48,,,,5830.0,0,58,,
(2016 LO1),50753715,0.9874,0.0686,18.34,248.07,208.7,0.92,1.06,0.981,358.31025,2461200.5,225.25,0.0321,False,25.3,,,,6.0,7,24,,
(2016 LB2),50753736,0.848,0.5239,21.68,230.05,226.24,0.404,1.29,0.781,285.26025,2457542.5,105.13,0.0248,False,22.71,,,,7.0,8,28,,
(2016 LC9),50753820,0.9372,0.122,5.97,73.81,35.36,0.823,1.05,0.907,331.28175,2461200.5,145.17,0.0088,False,27.0,,,,4.0,6,31,,
(2016 LV10),50753893,0.7434,0.5142,26.21,81.91,329.99,0.361,1.13,0.641,234.12525,2461200.5,93.77,0.0207,False,23.05,,,,5.0,7,55,,
(2016 MH3),50759699,0.8756,0.2379,2.82,102.03,14.12,0.667,1.08,0.819,299.13975,2457555.5,132.16,0.0199,False,26.96,,,,,9,14,,
(2016 MW4),54512560,0.7053,0.4495,12.15,96.98,354.68,0.388,1.02,0.592,216.22799999999998,2460600.5,196.81,,,30.46,,,,0.0,9,24,,
(2016 NR),50754402,0.883,0.3356,6.52,249.47,247.17,0.587,1.18,0.83,303.15749999999997,2461200.5,107.11,0.0374,False,23.8,,,,3662.0,2,55,,
(2016 NB1),50754411,0.7624,0.4351,6.68,112.75,0.76,0.431,1.09,0.666,243.25650000000002,2461200.5,123.86,0.0473,False,23.9,,,,6595.0,1,117,,
(2016 NC1),50754412,0.9338,0.1303,7.22,106.46,332.85,0.812,1.06,0.902,329.45550000000003,2461200.5,214.3,0.0187,False,25.46,,,,3282.0,0,101,,
(2016 NV15),50754571,0.9182,0.4435,20.42,256.68,148.21,0.511,1.33,0.88,321.42,2461200.5,12.45,0.102,False,19.97,,,,2954.0,0,88,,
(2016 NJ22),50755210,0.9488,0.1859,8.88,285.57,237.97,0.772,1.13,0.924,337.49100000000004,2461200.5,4.85,0.000378,False,28.4,,,,2.0,5,33,,
(2016 NF23),50755242,0.755,0.4466,4.42,150.19,343.33,0.418,1.09,0.656,239.604,2461200.5,174.04,0.0123,False,22.92,,,,2231.0,0,139,,
(2016 NY90),54512563,0.8469,0.4415,0.95,288.82,223.89,0.473,1.22,0.779,284.52975000000004,2460600.5,314.42,,,31.79,,,,0.0,8,25,,
(2016 PC2),50756957,0.801,0.4606,15.2,130.22,22.49,0.432,1.17,0.717,261.88425,2461200.5,42.06,0.048,False,23.0,,,,3653.0,0,126,,
(2016 QA2),50757751,0.9458,0.2419,14.75,334.81,119.6,0.717,1.17,0.92,336.03000000000003,2461200.5,135.01,0.000495,False,25.1,,,,2.0,4,107,,
(2016 RT),50758861,0.9771,0.0946,37.94,342.71,161.47,0.885,1.07,0.966,352.8315,2457634.5,202.14,0.0554,False,24.4,,,,3.0,8,39,,
(2016 RZ),50758870,0.9003,0.1866,2.01,191.29,357.3,0.732,1.07,0.854,311.9235,2461200.5,298.17,0.0241,False,26.7,,,,26.0,6,44,,
(2016 RB1),50758946,0.8727,0.2805,1.79,344.88,136.3,0.628,1.12,0.815,297.67875,2461200.5,233.9,7.22e-05,False,28.3,,,,2.0,4,155,0.0,1.0
(2016 RT1),50758949,0.9603,0.1114,30.58,343.79,145.14,0.853,1.07,0.941,343.70025,2461200.5,358.69,0.0351,True,21.9,,,,143.0,3,62,,
(2016 RG17),50759023,0.8115,0.5693,21.98,170.09,29.15,0.349,1.27,0.731,266.99775,2461200.5,219.54,0.0435,False,23.0,,,,32.0,6,60,,
(2016 RL17),50759031,0.8574,0.3322,3.19,166.34,318.39,0.573,1.14,0.794,290.0085,2461200.5,349.86,0.00133,False,26.58,,,,10.0,6,31,,
(2016 RJ20),50759316,0.9247,0.5224,5.15,153.25,55.64,0.442,1.41,0.889,324.70725,2461200.5,69.99,0.00843,False,23.65,,,,2923.0,0,61,,
(2016 RT20),50759341,0.8282,0.3687,34.16,172.27,326.86,0.523,1.13,0.754,275.3985,2461200.5,209.21,0.0258,False,24.4,,,,1.0,7,24,,
(2016 RA34),50759383,0.9417,0.308,3.62,358.07,220.35,0.652,1.23,0.914,333.8385,2461200.5,335.91,0.0207,False,24.5,,,,27.0,5,41,,
(2016 SX1),50759744,0.879,0.1466,2.62,1.14,178.43,0.75,1.01,0.824,300.966,2461200.5,101.41,0.00386,False,28.6,,,,6.0,5,43,,
(2016 SU2),50759781,0.897,0.4198,4.77,182.87,50.14,0.52,1.27,0.849,310.09725,2461200.5,235.09,0.00139,False,27.6,,,,7.0,6,29,,
(2016 SL3),50759798,0.9882,0.1904,9.73,194.83,42.03,0.8,1.18,0.982,358.6755,2461200.5,56.34,0.0717,False,25.0,,,,385.0,3,41,,
(2016 TH10),50760460,0.7659,0.516,1.39,7.68,164.28,0.371,1.16,0.67,244.7175,2461200.5,36.85,0.00693,False,24.82,,,,2915.0,1,100,,
(2016 TL10),50760463,0.9128,0.1689,6.74,191.02,31.44,0.759,1.07,0.872,318.498,2461200.5,170.95,0.0233,False,27.3,,,,2.0,6,28,,
(2016 TU19),50760702,0.8116,0.3545,6.28,177.17,25.67,0.524,1.1,0.731,266.99775,2461200.5,251.44,0.0142,False,24.4,,,,29.0,7,34,,
(2016 TZ19),50760703,0.9472,0.5815,5.27,226.34,297.85,0.396,1.5,0.922,336.76050000000004,2461200.5,90.94,0.0182,False,23.15,0.05,0.01,0.491,23.0,6,73,,
(2016 TQ54),50760705,0.943,0.2894,1.37,7.71,243.61,0.67,1.22,0.916,334.569,2461200.5,293.73,0.000833,False,27.2,,,,4.0,6,11,,
(2016 TR54),50760707,0.9739,0.4499,7.59,101.51,109.27,0.536,1.41,0.961,351.00525,2461200.5,165.49,0.0188,False,22.07,,,,1903.0,1,100,,
(2016 TA57),50761057,0.8996,0.5419,30.07,33.55,129.22,0.412,1.39,0.853,311.55825,2461200.5,24.68,0.0175,True,20.79,0.281,0.04,0.088,2174.0,1,55,,
(2016 TH94),50762485,0.8269,0.3728,23.11,30.63,145.6,0.519,1.14,0.752,274.668,2461200.5,178.06,0.0262,False,24.58,,,,3301.0,0,130,2.0,1.0
(2016 UA),50761148,0.754,0.5172,9.87,291.72,282.94,0.364,1.14,0.655,239.23875,2461200.5,73.54,0.115,False,20.83,,,,2195.0,1,146,,
(2016 US4),50761294,0.8046,0.3624,14.96,206.06,327.99,0.513,1.1,0.722,263.71049999999997,2461200.5,6.46,0.00859,False,24.41,,,,15.0,6,62,,
(2016 UO5),50761376,0.8994,0.201,6.65,208.38,1.85,0.719,1.08,0.853,311.55825,2461200.5,288.4,0.0694,False,25.8,,,,16.0,7,32,,
(2016 UR5),50761377,0.9409,0.4735,11.71,28.98,126.51,0.495,1.39,0.913,333.47325,2461200.5,125.36,0.00749,False,26.7,,,,1.0,7,38,,
(2016 UA6),50761417,0.9516,0.184,12.16,206.92,311.76,0.777,1.13,0.928,338.952,2461200.5,21.92,0.0417,False,25.8,,,,8.0,6,43,,
(2016 UC31),50761508,0.9549,0.1257,14.0,217.31,319.39,0.835,1.07,0.933,340.77825,2461200.5,334.72,0.0431,False,24.72,,,,26.0,5,57,,
(2016 UY35),50761670,0.9299,0.1793,17.49,215.13,25.86,0.763,1.1,0.897,327.62925,2461200.5,41.5,0.0735,False,24.7,,,,14.0,6,64,,
(2016 UQ41),50761774,0.9469,0.1562,16.88,214.69,44.11,0.799,1.09,0.921,336.39525000000003,2461200.5,276.22,0.0416,False,25.3,,,,11.0,6,44,,
(2016 UF57),50762188,0.929,0.297,43.86,34.47,222.43,0.653,1.2,0.895,326.89875,2457693.5,112.23,0.0843,False,23.9,,,,8.0,8,32,,
(2016 UX80),50762460,0.9416,0.2461,25.52,36.57,229.58,0.71,1.17,0.914,333.8385,2461200.5,293.2,0.051,False,24.44,,,,8.0,7,53,,
(2016 UT149),54512566,0.9805,0.2093,2.73,28.58,106.7,0.775,1.19,0.971,354.65774999999996,2460600.5,358.3,,,33.07,,,,0.0,6,21,,
(2016 VA),50762458,0.9209,0.535,29.69,219.69,309.24,0.428,1.41,0.884,322.88100000000003,2461200.5,223.44,0.000427,False,27.6,,,,1.0,7,45,,
(2016 VG),50763121,0.9003,0.3443,9.47,223.45,306.74,0.59,1.21,0.854,311.9235,2461200.5,349.88,0.00324,False,26.7,,,,5.0,4,56,,
(2016 VB1),50763297,0.755,0.3189,1.22,41.08,176.13,0.514,1.0,0.656,239.604,2461200.5,54.75,0.00134,False,28.57,,,,3.0,6,46,,
(2016 VS1),50763309,0.9331,0.2108,4.4,230.42,314.01,0.736,1.13,0.901,329.09025,2461200.5,110.7,0.0205,False,25.87,,,,3298.0,1,61,,
(2016 VU2),50763452,0.9867,0.5478,26.78,235.36,18.55,0.446,1.53,0.98,357.945,2461200.5,15.68,0.25,False,22.01,,,,3329.0,1,64,,
(2016 WR),50763963,0.9076,0.2821,1.84,60.25,220.16,0.652,1.16,0.865,315.94125,2461200.5,127.53,0.00861,False,26.59,,,,10.0,6,27,,
(2016 WY),50763967,0.8489,0.17,1.96,235.21,3.62,0.705,0.99,0.782,285.6255,2461200.5,268.35,0.00279,False,29.2,,,,10.0,6,34,,
(2016 WF7),50764750,0.8739,0.2385,0.65,78.81,205.95,0.665,1.08,0.817,298.40925,2461200.5,1.54,0.00375,False,28.8,,,,7.0,7,29,,
(2016 WG7),50764749,0.9532,0.2186,4.53,67.25,113.9,0.745,1.16,0.931,340.04775,2461200.5,352.41,0.00324,False,26.0,,,,17.0,3,143,1.0,2.0
(2016 WN7),50764821,0.8812,0.1826,8.28,239.75,35.66,0.72,1.04,0.827,302.06174999999996,2461200.5,323.72,0.00869,False,27.9,,,,7.0,7,19,,
(2016 WS7),50764825,0.917,0.1218,11.16,241.2,355.77,0.805,1.03,0.878,320.6895,2461200.5,134.67,0.0404,False,24.8,,,,11.0,6,27,,
(2016 WU7),50764829,0.8375,0.4418,19.77,243.58,41.69,0.467,1.21,0.766,279.7815,2461200.5,251.58,0.011,False,25.2,,,,11.0,6,65,,
(2016 WP8),50764852,0.9555,0.1325,13.32,60.17,204.18,0.829,1.08,0.934,341.1435,2461200.5,222.96,0.0748,False,23.9,,,,29.0,6,20,,
(2016 WP57),54512578,0.9784,0.6865,0.7,231.32,320.56,0.307,1.65,0.968,353.562,2460600.5,9.36,,,28.96,,,,0.0,9,20,,
(2016 WX57),54512583,0.8676,0.1527,12.31,240.6,340.65,0.735,1.0,0.808,295.122,2460600.5,125.41,,,31.03,,,,0.0,7,37,,
(2016 WA58),54512574,0.9256,0.2342,12.94,62.26,240.05,0.709,1.14,0.891,325.43775,2460600.5,45.94,,,30.03,,,,0.0,8,15,,
(2016 WD58),54512575,0.9246,0.1088,49.4,62.75,137.98,0.824,1.03,0.889,324.70725,2460600.5,187.4,,,28.67,,,,0.0,9,23,,
(2016 XD2),50765663,0.8461,0.2571,8.28,77.93,161.5,0.629,1.06,0.778,284.16450000000003,2461200.5,285.88,0.0429,False,24.04,,,,2571.0,0,127,,
(2016 XE18),50765725,0.9129,0.1558,13.09,252.46,344.12,0.771,1.06,0.872,318.498,2461200.5,162.44,0.0604,False,25.29,,,,14.0,6,46,,
(2016 YH),50766077,0.6814,0.4742,2.23,265.97,0.34,0.358,1.0,0.562,205.27050000000003,2461200.5,120.82,0.00753,False,25.73,,,,3288.0,0,122,,
(2016 YA1),50766100,0.9811,0.1582,16.61,271.03,292.87,0.826,1.14,0.972,355.02299999999997,2461200.5,163.5,0.031,False,23.75,,,,367.0,1,100,,
(2016 YK4),50766151,0.8704,0.2404,10.14,264.59,43.82,0.661,1.08,0.812,296.583,2461200.5,357.83,0.00504,False,26.1,,,,8.0,7,20,,
(2017 AG13),50766456,0.9632,0.4288,16.45,289.21,297.93,0.55,1.38,0.945,345.16125,2461200.5,276.05,9.37e-06,False,26.1,,,,2.0,6,70,,
(2017 AZ13),50766485,0.9284,0.2658,18.32,121.94,200.03,0.682,1.18,0.895,326.89875,2461200.5,327.38,0.146,False,21.97,,,,6583.0,0,116,,
(2017 BM3),50766657,0.9797,0.1775,13.73,318.43,286.28,0.806,1.15,0.97,354.2925,2461200.5,136.87,0.0096,False,23.0,,,,369.0,2,146,,
(2017 BO6),50767033,0.9359,0.2753,1.86,118.3,142.66,0.678,1.19,0.905,330.55125,2461200.5,16.52,0.0139,False,26.1,,,,16.0,5,42,,
(2017 BR6),50767031,0.8817,0.3346,6.69,127.88,226.98,0.587,1.18,0.828,302.42699999999996,2461200.5,209.24,0.01,False,27.9,,,,1.0,5,20,,
(2017 BB7),50767037,0.94,0.2108,5.75,127.75,119.68,0.742,1.14,0.911,332.74275,2461200.5,2.17,0.00763,False,28.1,,,,4.0,4,27,,
(2017 BD29),50767060,0.9367,0.3058,7.52,80.67,267.57,0.65,1.22,0.907,331.28175,2461200.5,237.3,0.0488,True,21.69,,,,3277.0,0,186,,
(2017 BB30),50767174,0.9814,0.1903,2.98,303.06,293.27,0.795,1.17,0.972,355.02299999999997,2461200.5,135.21,0.00952,False,25.2,,,,7.0,5,23,,
(2017 BO30),50767187,0.9273,0.2313,25.07,124.07,155.52,0.713,1.14,0.893,326.16825,2461200.5,33.73,0.12,False,23.9,,,,4.0,7,21,,
(2017 BS32),50767287,0.9559,0.3375,8.82,313.5,294.98,0.633,1.28,0.935,341.50875,2461200.5,283.07,0.000866,False,27.58,,,,6.0,5,77,,
(2017 BU93),50767956,0.9812,0.4029,22.4,141.79,213.5,0.586,1.38,0.972,355.02299999999997,2461200.5,324.17,0.166,False,23.17,,,,20.0,7,23,,
(2017 BV93),50767957,0.9648,0.1155,4.61,112.25,144.8,0.853,1.08,0.948,346.257,2461200.5,198.81,0.0413,False,24.9,,,,19.0,5,36,,
(2017 BN123),50768636,0.8911,0.3578,25.21,330.65,351.94,0.572,1.21,0.841,307.17525,2461200.5,202.74,0.203,False,22.6,,,,7682.0,1,53,,
(2017 BG136),50769461,0.9948,0.0525,27.61,130.03,145.34,0.943,1.05,0.992,362.328,2457785.5,220.91,0.0515,False,25.98,,,,1.0,8,16,,
(2017 CP32),50769423,0.8411,0.2516,17.0,323.32,37.48,0.63,1.05,0.771,281.60775,2461200.5,147.84,0.00229,False,24.01,,,,15.0,6,47,,
(2017 CY35),54512595,0.7438,0.3463,2.89,133.77,191.88,0.486,1.0,0.642,234.4905,2460600.5,158.69,,,30.2,,,,0.0,9,22,,
(2017 CB36),54512588,0.9827,0.0825,8.9,133.3,261.62,0.902,1.06,0.974,355.7535,2460600.5,53.82,,,31.44,,,,0.0,7,10,,
(2017 CC36),54512589,0.7964,0.3038,2.1,135.13,151.29,0.554,1.04,0.711,259.69275,2460600.5,157.48,,,33.74,,,,0.0,9,12,,
(2017 DU34),50769840,0.67,0.5298,6.11,150.93,175.87,0.315,1.03,0.548,200.157,2461200.5,178.47,0.0173,False,26.8,,,,5.0,7,24,,
(2017 DV35),50769904,0.9296,0.1306,2.64,158.62,143.97,0.808,1.05,0.896,327.264,2461200.5,351.75,0.0116,False,27.2,,,,10.0,6,42,,
(2017 DW35),50769906,0.8411,0.5555,31.92,338.14,341.11,0.374,1.31,0.771,281.60775,2461200.5,240.79,0.165,False,22.21,,,,19.0,7,59,,
(2017 DC36),50769911,0.9735,0.2743,5.71,330.0,70.95,0.706,1.24,0.961,351.00525,2461200.5,322.7,0.00014,False,22.14,,,,1597.0,1,376,,
(2017 DS37),50770165,0.9383,0.137,7.14,332.83,313.84,0.81,1.07,0.909,332.01225,2461200.5,320.33,0.0196,False,27.3,,,,6.0,5,45,,
(2017 DL123),54510139,0.883,0.2031,19.8,332.46,44.15,0.704,1.06,0.83,303.15749999999997,2460600.5,196.51,,,29.88,,,,0.0,7,20,,
(2017 EL),50770351,0.8526,0.2509,8.39,350.78,14.73,0.639,1.07,0.787,287.45175,2461200.5,60.96,0.0495,False,25.1,,,,32.0,6,50,,
(2017 EH1),50771011,0.8824,0.434,4.33,134.59,254.96,0.499,1.27,0.829,302.79224999999997,2461200.5,153.87,0.0306,False,23.29,,,,1854.0,0,119,,
(2017 ED3),50771042,0.9181,0.1693,6.12,26.3,332.68,0.763,1.07,0.88,321.42,2461200.5,355.27,0.0297,False,24.12,,,,2558.0,0,57,,
(2017 EE23),50771628,0.8755,0.3809,16.12,149.14,244.17,0.542,1.21,0.819,299.13975,2461200.5,210.74,0.0539,False,21.93,,,,6595.0,0,88,,
(2017 EN25),54510141,0.9811,0.5252,29.81,344.77,56.31,0.466,1.5,0.972,355.02299999999997,2460600.5,4.28,,,29.48,,,,0.0,9,23,,
(2017 FZ),50771631,0.8274,0.3012,36.73,171.87,180.27,0.578,1.08,0.753,275.03325,2457831.5,181.81,0.0829,False,23.33,,,,2.0,8,22,,
(2017 FG1),50771632,0.9334,0.2723,17.53,356.72,48.29,0.679,1.19,0.902,329.45550000000003,2461200.5,191.14,0.0466,False,25.7,,,,9.0,6,26,,
(2017 FM2),50771645,0.9515,0.0632,6.02,163.39,205.1,0.891,1.01,0.928,338.952,2461200.5,145.72,0.0137,False,25.6,,,,41.0,5,39,,
(2017 FW2),50771651,0.911,0.4095,16.27,178.39,231.43,0.538,1.28,0.87,317.7675,2461200.5,302.07,0.0127,False,25.6,,,,4.0,6,58,,
(2017 FR63),50771822,0.9601,0.1562,7.15,6.93,56.05,0.81,1.11,0.941,343.70025,2461200.5,27.65,0.0195,False,26.1,,,,37.0,2,65,0.0,1.0
(2017 FU90),50772779,0.7729,0.6493,2.34,359.71,34.85,0.271,1.27,0.68,248.37,2461200.5,284.26,0.00214,False,25.27,,,,8.0,6,103,,
(2017 FR91),50772867,0.9075,0.3239,0.23,199.53,114.69,0.614,1.2,0.865,315.94125,2461200.5,139.36,0.000769,False,26.9,,,,4.0,3,83,3.0,2.0
(2017 FS91),50772869,0.9038,0.2816,2.52,16.83,40.97,0.649,1.16,0.859,313.74975,2461200.5,350.64,0.00978,False,26.3,,,,8.0,5,96,,
(2017 FT101),50773019,0.9714,0.2878,21.75,187.11,242.33,0.692,1.25,0.957,349.54425,2461200.5,302.45,0.0243,False,25.7,,,,3.0,6,92,,
(2017 FX101),50773018,0.9391,0.3482,3.5,30.37,284.62,0.612,1.27,0.91,332.3775,2461200.5,307.63,0.0161,False,25.38,,,,14.0,6,72,,
(2017 FY101),50773016,0.9864,0.3461,2.49,5.96,295.16,0.645,1.33,0.98,357.945,2461200.5,67.2,0.00233,False,27.2,,,,2.0,6,54,,
(2017 FM127),50773616,0.9712,0.1584,11.71,180.92,226.4,0.817,1.13,0.957,349.54425,2461200.5,345.42,0.0569,False,25.6,,,,2.0,6,14,,
(2017 FN127),50773617,0.9373,0.2824,9.56,176.91,233.46,0.673,1.2,0.907,331.28175,2461200.5,158.14,0.022,False,25.6,,,,2.0,6,13,,
(2017 FH128),50773673,0.8741,0.3838,10.88,100.21,257.22,0.539,1.21,0.817,298.40925,2461200.5,296.86,0.0748,False,21.68,,,,5184.0,0,94,,
(2017 FL128),50773676,0.9111,0.3173,17.9,8.94,28.46,0.622,1.2,0.87,317.7675,2461200.5,344.85,0.107,False,22.21,,,,54.0,3,44,,
(2017 GO4),50773778,0.96,0.1828,6.86,196.27,128.56,0.785,1.14,0.941,343.70025,2461200.5,159.81,0.0248,False,25.0,,,,27.0,3,85,,
(2017 GU4),50773785,0.9586,0.1284,24.13,191.25,176.62,0.836,1.08,0.939,342.96975,2461200.5,106.7,0.0823,False,22.9,,,,11.0,7,60,,
(2017 GO5),50773862,0.7693,0.3656,4.13,47.96,321.27,0.488,1.05,0.675,246.54375000000002,2457849.5,194.51,0.0189,False,25.6,,,,12.0,8,30,,
(2017 GT5),50773860,0.9619,0.2289,21.7,205.29,206.86,0.742,1.18,0.943,344.43075,2461200.5,30.3,0.133,False,21.3,,,,468.0,1,205,,
(2017 GX6),50773946,0.9529,0.0644,10.48,195.95,158.35,0.892,1.01,0.93,339.6825,2461200.5,155.41,0.00884,False,27.4,,,,5.0,5,22,,
(2017 HX),50774029,0.7824,0.4637,10.98,207.63,169.53,0.42,1.15,0.692,252.753,2461200.5,278.81,0.0665,False,24.25,,,,6581.0,2,55,,
(2017 HZ),50774030,0.8918,0.2191,8.64,27.9,34.65,0.696,1.09,0.842,307.5405,2461200.5,78.68,0.0226,False,27.0,,,,8.0,6,35,,
(2017 HF1),50774041,0.9773,0.6407,13.22,37.62,309.24,0.351,1.6,0.966,352.8315,2461200.5,93.62,0.00991,False,22.69,,,,23.0,7,78,,
(2017 HG1),50774037,0.7973,0.2964,7.24,208.74,197.5,0.561,1.03,0.712,260.058,2461200.5,89.32,0.00722,False,27.5,,,,6.0,6,37,,
(2017 HK1),50774035,0.909,0.1469,1.51,141.12,258.71,0.775,1.04,0.867,316.67175,2461200.5,3.42,0.0146,False,25.1,,,,38.0,5,79,0.0,1.0
(2017 HU2),50774089,0.8687,0.1639,6.23,32.95,5.4,0.726,1.01,0.81,295.8525,2461200.5,271.48,0.00499,False,25.93,,,,15.0,5,122,,
(2017 HG4),50774137,0.866,0.184,3.0,209.98,205.66,0.707,1.03,0.806,294.3915,2461200.5,277.33,0.000691,False,27.7,,,,1480.0,0,38,,
(2017 HW4),50774160,0.9781,0.3624,18.59,218.31,116.8,0.624,1.33,0.967,353.19675,2461200.5,70.66,0.00544,False,22.03,,,,3023.0,2,68,,
(2017 HZ4),50774157,0.9103,0.2167,1.79,67.48,312.34,0.713,1.11,0.869,317.40225,2461200.5,29.04,0.000442,False,25.8,,,,53.0,5,56,,
(2017 HA5),50774156,0.8575,0.214,1.72,204.36,179.57,0.674,1.04,0.794,290.0085,2461200.5,12.58,0.0135,False,27.5,,,,6.0,7,21,,
(2017 HC49),50774385,0.8472,0.4495,29.94,32.29,347.69,0.466,1.23,0.78,284.895,2461200.5,94.75,0.177,False,22.41,,,,5146.0,0,77,,
(2017 HU49),50774407,0.9715,0.0551,2.62,45.67,345.73,0.918,1.03,0.958,349.9095,2461200.5,13.74,0.0119,False,26.5,,,,28.0,4,148,,
(2017 JS1),50774587,0.9589,0.2663,11.16,220.89,235.31,0.704,1.21,0.939,342.96975,2461200.5,349.15,0.0258,False,25.5,,,,15.0,6,51,,
(2017 JJ2),50774597,0.6915,0.6265,12.16,216.43,205.18,0.258,1.12,0.575,210.01874999999998,2457878.5,123.04,0.0127,False,25.1,,,,4.0,8,27,,
(2017 JF3),50774635,0.9065,0.3492,5.82,243.19,130.36,0.59,1.22,0.863,315.21075,2461200.5,66.74,0.00427,True,21.74,,,,4858.0,0,126,,
(2017 KZ2),50774714,0.8923,0.3104,31.68,231.15,225.69,0.615,1.17,0.843,307.90575,2457891.5,110.52,0.0173,False,25.0,,,,7.0,8,29,,
(2017 KG3),50774712,0.977,0.3629,19.07,233.88,240.6,0.622,1.33,0.966,352.8315,2461200.5,218.23,0.0142,False,24.7,,,,13.0,7,68,,
(2017 KA5),50774753,0.8821,0.2264,6.62,231.58,182.1,0.682,1.08,0.829,302.79224999999997,2461200.5,163.91,0.066,False,25.6,,,,24.0,7,45,,
(2017 KD5),50774756,0.886,0.3672,50.06,208.88,251.47,0.561,1.21,0.834,304.6185,2461200.5,66.71,0.124,False,19.98,,,,1822.0,1,46,,
(2017 KP27),50775067,0.9674,0.1654,1.24,349.39,125.64,0.807,1.13,0.952,347.71799999999996,2461200.5,281.67,0.00508,False,25.8,,,,850.0,2,59,,
(2017 KR31),50775116,0.8535,0.2784,12.6,239.61,169.7,0.616,1.09,0.788,287.817,2461200.5,14.43,0.0649,False,24.1,,,,10.0,7,72,,
(2017 KT31),50775119,0.9466,0.1131,32.64,239.1,149.56,0.84,1.05,0.921,336.39525000000003,2461200.5,156.16,0.0235,False,24.0,,,,5.0,7,46,,
(2017 KJ32),50775138,0.9062,0.134,2.18,238.65,208.03,0.785,1.03,0.863,315.21075,2461200.5,321.92,0.00123,False,28.9,,,,4.0,6,37,,
(2017 LE1),50775231,0.8955,0.1883,11.38,85.7,346.59,0.727,1.06,0.847,309.36674999999997,2461200.5,50.89,0.0393,False,25.7,,,,7.0,6,45,,
(2017 MZ2),50776034,0.8971,0.3083,11.66,260.84,234.36,0.621,1.17,0.85,310.4625,2461200.5,301.86,0.0146,False,25.62,,,,12.0,5,28,,
(2017 MA5),50776108,0.9659,0.2311,5.91,271.21,131.83,0.743,1.19,0.949,346.62225,2461200.5,53.15,0.0265,False,25.7,,,,9.0,7,29,,
(2017 MM8),50776292,0.8875,0.6674,23.35,98.64,336.38,0.295,1.48,0.836,305.349,2461200.5,160.61,0.102,False,22.58,,,,1830.0,1,44,,
(2017 MS8),50776298,0.9065,0.2581,29.38,272.25,160.67,0.673,1.14,0.863,315.21075,2457935.5,217.21,0.0987,False,23.4,,,,2.0,8,23,,
(2017 MU8),50776301,0.9562,0.2546,18.61,276.16,228.21,0.713,1.2,0.935,341.50875,2461200.5,323.67,0.0482,True,21.47,,,,486.0,2,78,,
(2017 NK),50776323,0.9666,0.1216,13.55,254.71,262.46,0.849,1.08,0.95,346.9875,2461200.5,249.23,0.0423,True,21.2,,,,1242.0,1,138,,
(2017 NS5),50776572,0.9761,0.2571,43.93,294.8,119.29,0.725,1.23,0.964,352.101,2461200.5,351.14,0.0245,True,20.77,,,,1444.0,1,199,,
(2017 OM1),50778099,0.9827,0.4465,17.9,122.95,299.9,0.544,1.42,0.974,355.7535,2461200.5,330.63,0.00206,False,23.4,,,,366.0,1,141,,
(2017 OO1),50778107,0.8945,0.1376,20.03,298.28,186.14,0.771,1.02,0.846,309.00149999999996,2461200.5,353.12,0.000339,False,24.5,,,,9.0,4,101,,
(2017 OU18),50778647,0.8257,0.3775,30.38,302.21,185.26,0.514,1.14,0.75,273.9375,2461200.5,108.87,0.117,False,23.98,,,,4379.0,1,33,,
(2017 PK25),50780656,0.8139,0.4371,25.87,140.78,324.34,0.458,1.17,0.734,268.0935,2461200.5,259.41,0.0056,False,25.3,,,,2.0,6,14,,
(2017 PW26),50780718,0.9665,0.3955,18.83,321.34,228.74,0.584,1.35,0.95,346.9875,2457981.5,89.18,0.0532,False,24.8,,,,3.0,8,14,,
(2017 QQ),50780726,0.8737,0.2232,8.38,321.93,192.0,0.679,1.07,0.817,298.40925,2461200.5,92.26,0.0412,False,26.1,,,,2.0,7,15,,
(2017 QO1),50780755,0.8975,0.1902,2.24,142.0,334.0,0.727,1.07,0.85,310.4625,2461200.5,350.12,0.00978,False,27.0,,,,4.0,7,16,,
(2017 QQ1),50780756,0.9666,0.332,9.02,340.18,113.56,0.646,1.29,0.95,346.9875,2461200.5,1.59,0.0075,False,24.8,,,,12.0,7,19,,
(2017 QW1),50780763,0.9841,0.1264,4.15,326.56,234.29,0.86,1.11,0.976,356.484,2461200.5,116.65,0.0162,False,26.2,,,,12.0,4,36,,
(2017 QB2),50780788,0.9729,0.1584,9.16,322.83,218.46,0.819,1.13,0.96,350.64,2461200.5,199.09,0.0524,False,24.4,,,,827.0,2,28,,
(2017 QC17),50781025,0.8641,0.5261,5.34,115.52,30.52,0.41,1.32,0.803,293.29575,2461200.5,173.24,0.02,False,22.41,,,,2920.0,1,49,,
(2017 QW17),50781046,0.888,0.6452,12.34,337.05,208.73,0.315,1.46,0.837,305.71425,2461200.5,274.38,0.0442,True,21.63,,,,2242.0,0,196,,
(2017 QK18),50781066,0.7697,0.3996,4.15,359.02,147.8,0.462,1.08,0.675,246.54375000000002,2461200.5,203.64,0.00669,False,24.65,,,,26.0,7,25,,
(2017 QG33),50781269,0.98,0.3108,8.54,321.18,168.07,0.675,1.28,0.97,354.2925,2461200.5,238.42,0.121,False,23.5,,,,777.0,1,38,,
(2017 QY34),50781324,0.8133,0.4149,27.22,328.6,222.73,0.476,1.15,0.733,267.72825,2461200.5,92.59,0.0328,True,20.92,,,,2990.0,1,117,,
(2017 QB35),50781327,0.9302,0.139,4.81,159.26,315.62,0.801,1.06,0.897,327.62925,2461200.5,155.22,0.00216,False,29.3,,,,2.0,4,33,,
(2017 QQ35),50781334,0.8117,0.4551,22.37,347.41,173.5,0.442,1.18,0.731,266.99775,2461200.5,176.44,0.153,False,21.94,,,,2939.0,0,71,,
(2017 QC36),50781382,0.7992,0.2962,17.36,136.65,356.59,0.562,1.04,0.714,260.7885,2461200.5,324.95,0.0208,True,20.7,,,,1897.0,0,87,,
(2017 RX2),50781437,0.7413,0.5444,1.69,174.08,334.33,0.338,1.14,0.638,233.0295,2461200.5,130.99,0.00112,False,26.55,,,,19.0,7,43,,
(2017 RK15),50781474,0.8634,0.4191,5.74,344.54,216.26,0.502,1.23,0.802,292.9305,2461200.5,77.95,0.0152,False,25.68,,,,1449.0,3,30,,
(2017 RZ15),50781484,0.9574,0.2565,2.04,162.0,62.46,0.712,1.2,0.937,342.23925,2461200.5,216.19,0.000768,False,27.1,,,,3.0,6,9,,
(2017 RH16),50781597,0.8747,0.4429,0.62,338.32,226.61,0.487,1.26,0.818,298.7745,2461200.5,347.12,4.7e-07,False,26.14,,,,438.0,3,26,,
(2017 RO17),50781731,0.8712,0.3788,0.96,187.29,19.82,0.541,1.2,0.813,296.94825,2461200.5,14.44,0.00765,False,26.1,,,,8.0,6,12,,
(2017 RQ17),50781848,0.6991,0.5186,5.03,159.86,344.01,0.337,1.06,0.585,213.67125,2457998.5,220.74,0.003,False,27.73,,,,1.0,8,16,,
(2017 SS10),50781674,0.8532,0.3262,18.65,181.65,323.57,0.575,1.13,0.788,287.817,2461200.5,259.89,0.0234,False,25.2,,,,6.0,6,39,,
(2017 SL16),50781920,0.996,0.152,8.8,182.11,68.46,0.845,1.15,0.994,363.0585,2461200.5,357.75,0.0181,False,25.92,,,,1472.0,0,76,0.0,1.0
(2017 SM17),50781932,0.9405,0.4835,6.32,326.98,177.28,0.486,1.4,0.912,333.108,2458023.5,268.63,0.0866,False,23.6,,,,6.0,8,22,,
(2017 SV17),50781940,0.8903,0.2588,4.98,10.55,209.38,0.66,1.12,0.84,306.81,2461200.5,253.63,0.0259,False,25.7,,,,21.0,7,23,,
(2017 SB20),50782004,0.9731,0.2172,5.44,11.84,116.32,0.762,1.18,0.96,350.64,2461200.5,283.08,0.0107,False,25.0,,,,20.0,6,43,,
(2017 SD20),50782009,0.8518,0.453,6.48,187.32,37.32,0.466,1.24,0.786,287.0865,2461200.5,116.41,0.013,False,25.97,,,,9.0,6,39,,
(2017 SE20),50782013,0.7545,0.3706,7.31,4.51,192.45,0.475,1.03,0.655,239.23875,2461200.5,251.63,0.0107,False,27.9,,,,4.0,7,23,,
(2017 SP21),50782083,0.9804,0.1388,11.21,188.13,69.32,0.844,1.12,0.971,354.65774999999996,2461200.5,75.1,0.00732,False,27.8,,,,2.0,5,31,,
(2017 SS32),50785728,0.8372,0.5216,9.93,160.78,59.5,0.401,1.27,0.766,279.7815,2461200.5,223.41,0.0523,False,22.8,,,,3680.0,1,25,,
(2017 TU1),50785704,0.7941,0.4367,0.41,328.24,196.72,0.447,1.14,0.708,258.597,2461200.5,331.36,0.00204,False,26.2,,,,2505.0,0,58,,
(2017 TF2),50785712,0.7157,0.3748,13.86,326.96,217.65,0.448,0.98,0.606,221.3415,2461200.5,316.01,0.0913,False,20.3,,,,1100.0,1,68,,
(2017 TJ4),50785792,0.7676,0.355,4.39,200.12,16.26,0.495,1.04,0.672,245.448,2461200.5,105.04,0.00729,False,25.2,,,,30.0,7,115,,
(2017 TG5),50785813,0.7598,0.4578,11.56,202.49,341.66,0.412,1.11,0.662,241.7955,2461200.5,240.58,0.0357,False,25.1,,,,13.0,7,56,,
(2017 TZ5),50785955,0.7972,0.3981,2.24,24.69,208.31,0.48,1.11,0.712,260.058,2461200.5,173.64,0.0041,False,26.81,,,,6.0,7,37,,
(2017 TK6),50786477,0.8237,0.3902,16.43,24.61,150.81,0.502,1.15,0.748,273.207,2461200.5,78.24,0.0421,False,24.63,,,,1095.0,1,89,,
(2017 US),50787091,0.8312,0.2286,0.91,199.51,357.86,0.641,1.02,0.758,276.8595,2461200.5,342.71,0.00582,False,26.2,,,,1071.0,1,133,,
(2017 UN1),50787116,0.8843,0.4669,3.98,39.05,201.72,0.471,1.3,0.832,303.888,2461200.5,241.92,0.0312,False,24.75,,,,13.0,7,27,,
(2017 UT2),50787649,0.9832,0.1196,11.14,27.29,214.43,0.866,1.1,0.975,356.11875,2461200.5,86.89,0.0697,False,24.6,,,,384.0,2,55,,
(2017 UG5),50788049,0.9859,0.1942,13.22,30.61,239.71,0.794,1.18,0.979,357.57975,2461200.5,30.52,0.0415,False,26.3,,,,7.0,7,29,,
(2017 UZ5),50788061,0.9177,0.1748,6.03,26.5,134.65,0.757,1.08,0.879,321.05475,2461200.5,177.58,0.0111,False,26.6,,,,2.0,7,23,,
(2017 UP6),50788098,0.8225,0.4558,5.61,200.57,337.52,0.448,1.2,0.746,272.4765,2461200.5,93.56,0.0303,False,26.1,,,,3.0,7,35,,
(2017 UQ6),50788096,0.9439,0.11,0.59,333.3,229.95,0.84,1.05,0.917,334.93425,2461200.5,335.05,0.000773,False,27.2,,,,19.0,6,26,,
(2017 UL44),50788188,0.8775,0.3032,27.95,39.65,138.05,0.611,1.14,0.822,300.2355,2461200.5,55.74,0.0316,False,23.8,,,,4.0,7,94,,
(2017 UA45),50788914,0.9226,0.1671,4.21,201.86,50.54,0.768,1.08,0.886,323.6115,2461200.5,31.43,0.00236,False,26.1,,,,45.0,4,39,,
(2017 UL52),50791329,0.863,0.17,10.54,27.22,191.69,0.716,1.01,0.802,292.9305,2458047.5,164.46,0.00928,False,28.29,,,,,9,5,,
(2017 VL1),50789122,0.9505,0.3136,4.34,229.01,58.51,0.652,1.25,0.927,338.58675,2461200.5,171.29,0.00746,False,26.5,,,,11.0,7,24,,
(2017 VD2),50789147,0.8885,0.3036,24.31,228.52,332.08,0.619,1.16,0.837,305.71425,2461200.5,317.8,0.0992,False,21.49,,,,1839.0,0,259,,
(2017 VN2),50789165,0.8943,0.2055,1.39,251.29,296.48,0.711,1.08,0.846,309.00149999999996,2461200.5,287.19,0.00584,False,27.4,,,,7.0,6,66,,
(2017 VS12),50789245,0.8935,0.3191,11.87,254.4,303.06,0.608,1.18,0.845,308.63625,2461200.5,280.9,0.00778,False,23.0,,,,27.0,6,33,,
(2017 VB13),50789402,0.8803,0.1991,21.38,231.4,325.48,0.705,1.06,0.826,301.69649999999996,2461200.5,1.17,0.0202,False,25.5,,,,4.0,5,45,,
(2017 VU13),50789413,0.8472,0.4687,21.21,153.27,68.88,0.45,1.24,0.78,284.895,2461200.5,212.87,0.128,False,20.89,,,,2526.0,1,45,,
(2017 VE14),50789424,0.9182,0.2765,11.09,232.38,54.34,0.664,1.17,0.88,321.42,2461200.5,357.69,0.0119,False,27.9,,,,1.0,6,22,,
(2017 VG15),50789454,0.8469,0.2878,10.79,231.14,352.17,0.603,1.09,0.779,284.52975000000004,2461200.5,194.7,0.0853,False,24.79,,,,2553.0,2,44,,
(2017 WE),50789455,0.9823,0.3033,26.76,54.7,115.35,0.684,1.28,0.974,355.7535,2461200.5,204.01,0.0295,False,26.7,,,,3.0,7,37,,
(2017 WR),50789478,0.8466,0.5277,5.77,62.13,138.4,0.4,1.29,0.779,284.52975000000004,2461200.5,259.86,0.0037,False,24.84,,,,2561.0,2,52,,
(2017 WQ1),50789502,0.8145,0.3462,4.3,222.3,30.09,0.533,1.1,0.735,268.45875,2461200.5,20.17,0.00799,False,24.98,,,,11.0,7,37,,
(2017 WJ2),50789563,0.9343,0.1611,21.94,44.2,223.08,0.784,1.08,0.903,329.82075000000003,2461200.5,318.88,0.0371,False,22.4,,,,26.0,6,27,,
(2017 WZ12),50789641,0.8653,0.1967,5.86,60.23,192.71,0.695,1.04,0.805,294.02625,2461200.5,25.41,0.0305,False,26.9,,,,19.0,7,29,,
(2017 WG14),50789687,0.6884,0.5412,8.2,42.88,200.04,0.316,1.06,0.571,208.55774999999997,2461200.5,148.73,0.000672,False,24.5,,,,2929.0,1,27,,
(2017 WZ14),50789696,0.965,0.162,4.68,277.73,279.94,0.809,1.12,0.948,346.257,2461200.5,243.57,0.00773,False,25.1,,,,31.0,4,27,,
(2017 WA15),50789699,0.9085,0.5098,19.08,334.97,267.01,0.445,1.37,0.866,316.30649999999997,2461200.5,211.64,0.173,False,18.85,,,,5113.0,0,234,,
(2017 WJ16),50789743,0.8223,0.2148,5.69,58.74,186.92,0.646,1.0,0.746,272.4765,2461200.5,327.61,0.00763,False,24.45,,,,1105.0,0,151,2.0,0.0
(2017 WO16),50789745,0.9362,0.1919,8.96,242.08,300.3,0.757,1.12,0.906,330.9165,2461200.5,55.18,0.00704,False,25.04,,,,16.0,5,28,,
(2017 WD28),50789770,0.9125,0.4222,11.46,64.13,127.45,0.527,1.3,0.872,318.498,2461200.5,201.59,0.00878,False,25.7,,,,2.0,6,92,,
(2017 WT28),50790088,0.8997,0.1315,5.76,242.77,36.11,0.781,1.02,0.853,311.55825,2461200.5,134.25,0.00122,False,28.1,,,,19.0,6,28,,
(2017 WF29),50791339,0.9707,0.4083,4.62,245.35,53.84,0.574,1.37,0.956,349.179,2458084.5,80.04,0.0133,False,26.18,,,,1.0,9,24,,
(2017 XR),50791037,0.9495,0.6979,1.4,219.66,355.98,0.287,1.61,0.925,337.85625,2458095.5,298.15,0.0153,False,23.8,,,,7.0,9,36,,
(2017 XS),50791038,0.793,0.3418,14.86,257.36,27.9,0.522,1.06,0.706,257.8665,2461200.5,140.43,0.0132,False,22.7,,,,60.0,6,246,,
(2017 XS2),50791319,0.942,0.1591,2.33,233.56,56.51,0.792,1.09,0.914,333.8385,2461200.5,239.91,0.00417,False,25.98,,,,62.0,4,35,,
(2017 XQ60),50791365,0.9971,0.215,27.2,269.15,284.41,0.783,1.21,0.996,363.789,2461200.5,95.13,0.0186,False,24.5,,,,2190.0,0,103,,
(2017 YB1),50794985,0.9648,0.2356,2.69,103.3,226.21,0.737,1.19,0.948,346.257,2461200.5,69.23,0.0194,False,26.9,,,,3.0,7,16,,
(2017 YK1),50794991,0.9367,0.2011,27.51,93.8,219.21,0.748,1.13,0.907,331.28175,2458109.5,121.56,0.0765,False,24.9,,,,8.0,8,30,,
(2017 YS1),50795005,0.9897,0.0525,5.55,91.49,87.67,0.938,1.04,0.985,359.77125,2461200.5,126.99,0.000882,False,28.9,,,,4.0,3,34,,
(2017 YD2),50795010,0.8444,0.3165,1.9,277.28,314.09,0.577,1.11,0.776,283.434,2461200.5,209.75,0.00112,False,28.7,,,,1.0,6,26,,
(2017 YO3),50795050,0.7525,0.3489,8.65,267.92,19.58,0.49,1.02,0.653,238.50825,2461200.5,133.18,0.000251,False,28.2,,,,3.0,7,25,,
(2017 YU3),50795049,0.965,0.4435,7.05,98.47,134.43,0.537,1.39,0.948,346.257,2461200.5,240.48,0.0323,False,23.9,,,,24.0,6,49,,
(2017 YQ5),50795109,0.9972,0.1684,16.98,91.84,142.56,0.829,1.17,0.996,363.789,2458113.5,236.1,0.122,False,24.7,,,,2.0,8,17,,
(2017 YM6),50795134,0.9548,0.1623,11.22,307.05,20.75,0.8,1.11,0.933,340.77825,2461200.5,137.81,0.101,False,23.3,,,,72.0,3,60,,
(2017 YG7),50795145,0.8556,0.2246,14.52,284.31,15.21,0.663,1.05,0.791,288.91275,2461200.5,29.09,0.0508,False,24.7,,,,43.0,6,44,,
(2017 YJ7),50795152,0.7833,0.2945,3.29,290.66,351.7,0.553,1.01,0.693,253.11825,2458121.5,180.91,0.0124,False,26.3,,,,19.0,8,39,,
(2017 YK7),50795146,0.7561,0.3996,8.11,282.5,336.31,0.454,1.06,0.657,239.96925000000002,2458115.5,223.75,0.00865,False,24.56,,,,5.0,8,20,,
(2017 YQ8),50796313,0.9887,0.406,17.08,94.21,124.32,0.587,1.39,0.983,359.04075,2458121.5,286.64,0.0471,False,24.6,,,,11.0,8,25,,
(2017 YV8),50796327,0.897,0.2562,3.11,268.37,52.05,0.667,1.13,0.85,310.4625,2461200.5,87.18,0.00235,False,27.3,,,,25.0,5,19,,
(2018 AS2),50797484,0.9717,0.226,5.44,293.01,287.36,0.752,1.19,0.958,349.9095,2461200.5,197.56,0.00187,False,28.6,,,,1.0,6,16,,
(2018 AD4),50797514,0.9289,0.2187,13.57,112.15,199.19,0.726,1.13,0.895,326.89875,2461200.5,293.38,0.115,False,22.72,,,,2930.0,1,83,,
(2018 AU11),50797699,0.977,0.3653,10.36,114.01,114.78,0.62,1.33,0.966,352.8315,2461200.5,175.0,0.00658,False,25.3,,,,6.0,7,32,,
(2018 AM12),50797721,0.9172,0.1162,21.67,288.83,51.05,0.811,1.02,0.878,320.6895,2461200.5,322.2,0.00714,True,21.16,,,,5136.0,0,128,,
(2018 BX),50797738,0.8226,0.2219,6.46,298.48,338.95,0.64,1.01,0.746,272.4765,2461200.5,292.36,0.00169,False,29.1,,,,1.0,6,29,,
(2018 BP1),50797773,0.7375,0.4019,6.39,126.12,180.56,0.441,1.03,0.633,231.20325,2461200.5,251.8,0.0373,False,24.6,,,,24.0,7,48,,
(2018 BT1),50797774,0.8652,0.3095,29.91,121.0,140.69,0.597,1.13,0.805,294.02625,2461200.5,36.87,0.039,False,23.06,,,,2915.0,0,139,0.0,1.0
(2018 BH3),50797881,0.8666,0.3385,1.99,298.86,50.31,0.573,1.16,0.807,294.75675,2461200.5,238.5,0.000515,False,25.4,,,,15.0,3,99,0.0,1.0
(2018 BB5),50797922,0.9563,0.593,7.96,128.84,136.25,0.389,1.52,0.935,341.50875,2461200.5,264.79,0.0176,False,24.4,,,,19.0,7,23,,
(2018 BF5),50797925,0.9751,0.0848,18.94,119.89,243.34,0.892,1.06,0.963,351.73575,2461200.5,1.02,0.0217,False,24.2,,,,6.0,6,99,,
(2018 BM5),50797928,0.765,0.3922,3.15,304.01,333.98,0.465,1.07,0.669,244.35225000000003,2461200.5,58.49,0.00285,False,27.42,,,,732.0,0,67,1.0,1.0
(2018 CH),50799021,0.8176,0.4011,1.56,109.92,241.41,0.49,1.15,0.739,269.91975,2461200.5,211.12,0.00941,False,26.4,,,,9.0,7,36,,
(2018 CL),50799024,0.8543,0.2412,11.85,136.26,141.7,0.648,1.06,0.79,288.5475,2461200.5,78.85,0.00477,False,25.5,,,,2.0,6,64,,
(2018 CW),50799265,0.938,0.138,29.31,131.38,171.97,0.809,1.07,0.908,331.647,2461200.5,246.13,0.0803,False,21.39,,,,388.0,3,45,,
(2018 CX1),50799292,0.8182,0.3955,33.97,0.88,295.91,0.495,1.14,0.74,270.285,2461200.5,317.45,0.131,False,20.19,,,,2980.0,2,62,,
(2018 CZ1),50799295,0.983,0.1537,21.49,136.78,125.76,0.832,1.13,0.975,356.11875,2461200.5,90.12,0.0632,False,24.6,,,,2.0,7,40,,
(2018 CB2),50799296,0.8949,0.3611,22.84,140.86,129.45,0.572,1.22,0.847,309.36674999999997,2461200.5,209.36,0.0167,False,25.0,,,,4.0,7,48,,
(2018 CS2),50799322,0.8102,0.2757,4.27,347.26,357.0,0.587,1.03,0.729,266.26725,2461200.5,296.79,0.0256,False,25.5,,,,25.0,7,29,,
(2018 CV2),50799323,0.8952,0.3137,30.16,137.78,226.23,0.614,1.18,0.847,309.36674999999997,2458157.5,104.8,0.0386,False,25.56,,,,6.0,8,22,,
(2018 CW2),50799335,0.7598,0.4226,5.1,331.9,327.74,0.439,1.08,0.662,241.7955,2461200.5,60.48,0.00434,False,25.66,,,,1471.0,0,161,2.0,1.0
(2018 CA14),50799668,0.9466,0.1554,10.6,319.93,6.84,0.8,1.09,0.921,336.39525000000003,2461200.5,190.32,0.105,False,24.4,,,,12.0,6,35,,
(2018 DA),50799704,0.9044,0.4432,4.1,333.85,310.93,0.504,1.31,0.86,314.115,2461200.5,147.75,0.00497,False,24.09,,,,2185.0,2,72,,
(2018 DU1),50799767,0.8875,0.2336,1.16,344.1,309.2,0.68,1.09,0.836,305.349,2461200.5,211.87,0.000625,False,27.7,,,,2.0,7,31,,
(2018 DV1),50799770,0.9855,0.1655,5.15,341.04,281.64,0.822,1.15,0.978,357.2145,2461200.5,80.46,0.000388,False,28.4,,,,1.0,5,28,,
(2018 DX1),50799774,0.9772,0.1284,7.08,345.31,9.45,0.852,1.1,0.966,352.8315,2461200.5,3.58,0.103,False,24.2,,,,401.0,3,74,,
(2018 DZ1),50799773,0.978,0.0957,11.37,150.59,189.36,0.884,1.07,0.967,353.19675,2461200.5,20.54,0.0816,False,24.8,,,,422.0,2,53,,
(2018 DA2),50799771,0.8825,0.4508,18.32,344.24,328.66,0.485,1.28,0.829,302.79224999999997,2461200.5,235.19,0.0837,False,23.28,,,,1833.0,1,56,,
(2018 DC4),50799788,0.9192,0.1308,2.44,332.2,327.11,0.799,1.04,0.881,321.78525,2461200.5,16.4,0.0097,False,27.3,,,,4.0,6,19,,
(2018 ES3),50799899,0.9254,0.244,14.17,351.79,337.9,0.7,1.15,0.89,325.0725,2461200.5,301.56,0.106,False,24.64,,,,35.0,4,29,,
(2018 EO4),50801962,0.8282,0.3121,22.84,167.75,178.09,0.57,1.09,0.754,275.3985,2461200.5,164.38,0.0936,False,23.48,,,,1092.0,2,87,,
(2018 FD),50801968,0.7963,0.326,5.41,171.54,179.54,0.537,1.06,0.711,259.69275,2461200.5,34.46,0.0402,False,24.27,,,,1838.0,1,101,,
(2018 FY),50801988,0.9811,0.1306,11.0,164.45,244.82,0.853,1.11,0.972,355.02299999999997,2461200.5,285.74,0.0252,False,23.3,,,,811.0,2,85,,
(2018 FH1),50802017,0.9381,0.1771,3.55,181.36,232.98,0.772,1.1,0.909,332.01225,2461200.5,123.27,0.00803,False,26.6,,,,5.0,4,46,1.0,1.0
(2018 FM2),50802043,0.9418,0.0947,1.16,143.06,191.87,0.853,1.03,0.914,333.8385,2461200.5,204.65,0.014,False,26.6,,,,37.0,5,18,,
(2018 FE3),50802064,0.884,0.2105,6.86,176.67,224.72,0.698,1.07,0.831,303.52275,2461200.5,76.97,0.000815,False,27.2,,,,23.0,6,58,,
(2018 FT3),50802083,0.902,0.1699,3.11,185.58,173.24,0.749,1.06,0.857,313.01925,2461200.5,34.07,0.0284,False,26.8,,,,6.0,7,26,,
(2018 FB4),50802090,0.9292,0.3872,17.25,181.21,233.85,0.569,1.29,0.896,327.264,2461200.5,145.86,0.0165,False,27.5,,,,1.0,7,31,,
(2018 GB),50802411,0.9068,0.1879,14.36,183.18,152.73,0.736,1.08,0.863,315.21075,2461200.5,41.16,0.0473,False,24.96,,,,1.0,7,22,,
(2018 GE),50802413,0.9215,0.1069,1.24,163.66,243.57,0.823,1.02,0.885,323.24625,2461200.5,219.53,0.00993,False,27.5,,,,18.0,5,44,,
(2018 GQ),50802424,0.8974,0.2032,18.49,187.26,211.35,0.715,1.08,0.85,310.4625,2461200.5,3.25,0.0404,False,23.46,,,,10.0,5,36,,
(2018 GY),50802432,0.7667,0.4062,8.75,176.9,204.98,0.455,1.08,0.671,245.08275,2461200.5,231.42,0.00903,False,24.83,,,,1471.0,1,34,,
(2018 GX1),50802458,0.9584,0.1195,20.42,195.26,147.04,0.844,1.07,0.938,342.6045,2461200.5,117.41,0.0482,False,24.2,,,,6.0,7,42,,
(2018 GU3),50802593,0.9137,0.4467,33.23,26.92,315.11,0.506,1.32,0.873,318.86325,2458221.5,270.41,0.049,False,23.8,,,,2.0,9,11,,
(2018 GR4),50802616,0.936,0.111,1.0,167.59,232.84,0.832,1.04,0.906,330.9165,2461200.5,160.04,0.000304,False,27.11,,,,64.0,5,73,,
(2018 HB),50803918,0.8102,0.5883,22.06,14.37,354.84,0.334,1.29,0.729,266.26725,2461200.5,278.44,0.181,False,22.22,,,,5841.0,1,60,,
(2018 HP),50803933,0.8059,0.4052,7.65,208.6,154.58,0.479,1.13,0.723,264.07574999999997,2461200.5,323.29,0.0215,False,26.27,,,,7.0,7,40,,
(2018 HU),50805289,0.8146,0.3639,10.72,33.28,28.29,0.518,1.11,0.735,268.45875,2461200.5,142.36,0.0201,False,25.7,,,,14.0,6,135,,
(2018 HM2),50819689,0.8374,0.2334,10.88,40.69,6.72,0.642,1.03,0.766,279.7815,2461200.5,18.8,0.0232,False,23.7,,,,18.0,6,115,,
(2018 JH1),50824083,0.8155,0.5214,3.46,206.36,232.87,0.39,1.24,0.737,269.18925,2461200.5,91.0,0.0154,False,25.3,,,,6.0,6,31,,
(2018 JL1),50824082,0.9805,0.1775,5.15,54.68,287.43,0.806,1.15,0.971,354.65774999999996,2461200.5,21.81,0.00326,False,26.7,,,,8.0,5,39,,
(2018 JF2),50824114,0.7862,0.3274,13.38,230.44,179.81,0.529,1.04,0.697,254.57924999999997,2461200.5,30.69,0.0336,False,24.1,,,,24.0,7,134,,
(2018 JM2),50824115,0.8596,0.224,16.71,226.64,203.81,0.667,1.05,0.797,291.10425000000004,2461200.5,195.87,0.017,False,25.55,,,,10.0,6,46,,
(2018 JT2),50824118,0.7569,0.5148,25.77,51.41,348.47,0.367,1.15,0.659,240.69975000000002,2461200.5,294.07,0.0936,False,24.4,,,,733.0,3,20,,
(2018 JK3),50824138,0.954,0.2782,43.23,64.58,305.1,0.689,1.22,0.932,340.413,2461200.5,126.87,0.0323,True,21.69,,,,16.0,7,128,,
(2018 KR),50825004,0.887,0.2096,1.18,127.73,271.04,0.701,1.07,0.835,304.98375,2461200.5,93.15,0.0145,False,26.39,,,,3702.0,0,56,,
(2018 KK1),50825030,0.6398,0.6088,13.92,225.18,192.49,0.25,1.03,0.512,187.008,2461200.5,86.19,0.0101,False,23.55,,,,19.0,7,143,,
(2018 KU1),50825031,0.8312,0.5296,16.87,162.39,271.86,0.391,1.27,0.758,276.8595,2461200.5,346.57,0.203,False,20.95,,,,4748.0,1,78,,
(2018 KX1),50825034,0.8545,0.287,37.53,233.3,181.02,0.609,1.1,0.79,288.5475,2461200.5,252.1,0.0892,False,22.98,,,,17.0,7,42,,
(2018 KD2),50825041,0.8653,0.477,3.31,54.22,48.73,0.453,1.28,0.805,294.02625,2461200.5,86.25,0.00417,False,25.73,,,,2.0,6,31,,
(2018 LB),50825082,0.821,0.322,0.94,78.96,319.89,0.557,1.09,0.744,271.746,2461200.5,145.51,0.0024,False,26.0,,,,1.0,7,33,,
(2018 LM),50825111,0.8693,0.1971,7.09,72.18,20.8,0.698,1.04,0.81,295.8525,2461200.5,109.24,0.00835,False,25.28,,,,28.0,6,103,,
(2018 LV2),50825158,0.9919,0.2992,2.98,197.38,301.16,0.695,1.29,0.988,360.867,2461200.5,119.94,0.0115,False,25.3,,,,14.0,6,44,,
(2018 LS3),50825182,0.8827,0.2194,11.17,83.08,347.36,0.689,1.08,0.829,302.79224999999997,2461200.5,61.26,0.0492,False,25.51,,,,12.0,7,27,,
(2018 LG4),50825191,0.9215,0.3073,1.97,96.6,35.42,0.638,1.2,0.885,323.24625,2461200.5,110.28,0.0114,False,27.0,,,,10.0,5,26,,
(2018 LH5),50825251,0.8079,0.4659,22.78,273.66,168.89,0.431,1.18,0.726,265.1715,2461200.5,191.52,0.124,False,22.11,,,,2960.0,0,107,,
(2018 LM15),50825310,0.9629,0.4123,31.97,79.54,56.57,0.566,1.36,0.945,345.16125,2458278.5,74.76,0.0143,False,25.5,,,,3.0,8,28,,
(2018 MA5),50825451,0.9481,0.1787,4.3,97.33,26.9,0.779,1.12,0.923,337.12575000000004,2461200.5,356.86,0.0366,False,26.3,,,,19.0,5,22,,
(2018 MY6),50825504,0.9051,0.1542,49.99,94.09,351.74,0.766,1.04,0.861,314.48025,2461200.5,268.0,0.0262,True,21.38,,,,2220.0,0,106,,
(2018 MD7),50825509,0.947,0.1098,8.23,134.31,313.56,0.843,1.05,0.922,336.76050000000004,2461200.5,61.21,0.0021,False,22.7,,,,467.0,2,68,0.0,1.0
(2018 MG7),50825512,0.9124,0.3273,25.11,270.54,132.3,0.614,1.21,0.871,318.13275,2461200.5,311.25,0.0227,True,21.35,,,,2564.0,0,171,,
(2018 MH7),50825513,0.8905,0.1778,6.49,95.33,21.87,0.732,1.05,0.84,306.81,2461200.5,304.54,0.0129,False,26.1,,,,17.0,7,22,,
(2018 MN8),50825530,0.8476,0.6875,12.38,104.96,21.86,0.265,1.43,0.78,284.895,2461200.5,150.56,0.05,False,22.88,,,,2562.0,0,36,,
(2018 MR8),50825537,0.9723,0.1782,27.95,288.03,155.5,0.799,1.15,0.959,350.27475,2461200.5,310.48,0.105,False,20.4,,,,1018.0,1,239,,
(2018 NE),50825540,0.9708,0.1941,9.32,244.8,266.38,0.782,1.16,0.957,349.54425,2461200.5,215.72,0.0433,False,23.5,,,,871.0,1,78,,
(2018 NV),50825585,0.9257,0.16,11.67,283.0,145.67,0.778,1.07,0.891,325.43775,2461200.5,189.45,0.0198,False,22.83,,,,2920.0,0,237,0.0,1.0
(2018 NX),50825589,0.8979,0.1464,4.06,284.14,202.82,0.766,1.03,0.851,310.82775,2461200.5,261.19,0.000797,False,27.7,,,,11.0,6,29,,
(2018 NR1),50825607,0.8772,0.2443,4.65,117.22,336.23,0.663,1.09,0.822,300.2355,2461200.5,69.02,0.0212,False,24.6,,,,49.0,6,30,,
(2018 NJ4),50825669,0.956,0.1819,22.93,133.24,331.77,0.782,1.13,0.935,341.50875,2461200.5,344.06,0.0832,False,21.95,,,,419.0,2,69,,
(2018 OQ),50825791,0.7454,0.3712,1.05,268.1,212.09,0.469,1.02,0.644,235.221,2461200.5,264.5,0.00749,False,26.8,,,,6.0,7,31,,
(2018 PR10),50826708,0.7312,0.5234,12.58,319.88,170.43,0.348,1.11,0.625,228.28125,2458339.5,193.67,0.0518,False,24.3,,,,3.0,8,15,,
(2018 PK20),50826783,0.8917,0.2751,10.16,320.38,140.52,0.646,1.14,0.842,307.5405,2461200.5,348.09,0.0203,False,25.9,,,,11.0,6,29,,
(2018 PK21),50826798,0.9832,0.0809,1.22,302.61,227.4,0.904,1.06,0.975,356.11875,2461200.5,147.18,0.00492,False,25.88,,,,833.0,2,132,,
(2018 PZ21),50826818,0.856,0.2569,3.15,308.54,215.22,0.636,1.08,0.792,289.278,2461200.5,94.17,0.000939,False,26.7,,,,25.0,7,19,,
(2018 PD22),50826827,0.7941,0.5433,4.02,122.85,359.49,0.363,1.23,0.708,258.597,2461200.5,250.8,0.0398,False,23.81,,,,4386.0,0,40,,
(2018 PN22),50826830,0.9897,0.0418,4.43,313.38,210.61,0.948,1.03,0.985,359.77125,2461200.5,118.95,0.00942,False,27.5,,,,31.0,3,22,,
(2018 PU23),50826873,0.9635,0.0841,0.83,144.63,330.1,0.883,1.04,0.946,345.5265,2461200.5,306.83,0.00559,False,28.1,,,,8.0,6,16,,
(2018 QS1),50827164,0.9795,0.1417,25.62,150.93,291.55,0.841,1.12,0.969,353.92725,2461200.5,277.26,0.00103,False,27.6,,,,1.0,7,9,,
(2018 QT1),50827166,0.6587,0.5952,7.94,193.89,330.65,0.267,1.05,0.535,195.40875,2461200.5,344.14,0.0333,False,22.1,,,,2583.0,1,173,,
(2018 RC),50827175,0.8826,0.2196,1.72,344.74,140.46,0.689,1.08,0.829,302.79224999999997,2461200.5,3.77,0.000619,False,24.93,,,,8.0,2,232,3.0,2.0
(2018 RW),50827191,0.8941,0.2417,0.7,167.13,311.03,0.678,1.11,0.845,308.63625,2461200.5,310.27,0.000449,False,30.6,,,,1.0,6,48,,
(2018 RQ1),50827328,0.8787,0.1713,0.84,38.34,116.31,0.728,1.03,0.824,300.966,2461200.5,344.29,0.00825,False,24.2,,,,28.0,5,116,,
(2018 RW1),50827333,0.9159,0.2779,8.15,339.67,177.48,0.661,1.17,0.877,320.32425,2461200.5,139.08,0.111,False,23.41,,,,2579.0,1,82,,
(2018 RY1),50827334,0.8228,0.3388,1.17,199.56,325.06,0.544,1.1,0.746,272.4765,2461200.5,315.72,0.00073,False,24.6,,,,2247.0,0,166,,
(2018 RD2),50827344,0.8094,0.3087,10.83,343.61,202.6,0.56,1.06,0.728,265.902,2461200.5,13.59,0.011,False,27.08,,,,6.0,7,32,,
(2018 RN2),50827356,0.8816,0.3495,15.97,340.65,141.01,0.573,1.19,0.828,302.42699999999996,2461200.5,24.92,0.0354,False,24.51,,,,4.0,5,25,,
(2018 RH3),50827378,0.959,0.2733,0.43,302.43,283.98,0.697,1.22,0.939,342.96975,2461200.5,181.88,0.000938,False,26.1,,,,8.0,5,81,,
(2018 RU3),50827450,0.9557,0.252,7.92,171.78,30.38,0.715,1.2,0.934,341.1435,2461200.5,232.39,0.0679,False,23.01,,,,422.0,2,106,,
(2018 RL4),50827595,0.8719,0.4006,5.78,241.71,276.97,0.523,1.22,0.814,297.3135,2461200.5,15.1,0.0553,False,22.74,,,,1417.0,3,37,,
(2018 RO5),50829447,0.9916,0.2317,2.68,347.7,251.97,0.762,1.22,0.987,360.50175,2461200.5,25.28,0.000597,False,25.61,,,,24.0,6,102,,
(2018 RH6),50829464,0.9865,0.2289,2.97,345.5,122.16,0.761,1.21,0.98,357.945,2461200.5,227.92,0.0128,False,27.5,,,,5.0,6,33,,
(2018 RH7),50829485,0.9656,0.2761,30.63,349.51,148.91,0.699,1.23,0.949,346.62225,2458375.5,232.97,0.15,False,24.3,,,,4.0,8,32,,
(2018 SD2),50830905,0.9302,0.1113,3.68,1.77,138.19,0.827,1.03,0.897,327.62925,2461200.5,81.92,0.00121,False,28.6,,,,17.0,6,18,,
(2018 SN2),50830909,0.8377,0.217,13.08,186.71,0.99,0.656,1.02,0.767,280.14675,2461200.5,187.46,0.0172,False,24.4,,,,16.0,7,59,,
(2018 SO2),50830910,0.8357,0.3214,5.42,5.08,145.0,0.567,1.1,0.764,279.051,2461200.5,265.85,0.00531,False,25.9,,,,2.0,6,51,,
(2018 SP2),50830913,0.9246,0.2055,26.83,187.2,303.38,0.735,1.11,0.889,324.70725,2461200.5,131.02,0.00331,False,24.8,,,,2.0,7,59,,
(2018 SY2),50831099,0.7736,0.3839,26.77,277.48,246.1,0.477,1.07,0.68,248.37,2461200.5,315.08,0.184,False,20.8,,,,681.0,3,35,,
(2018 TA2),50831236,0.9781,0.1729,5.29,6.35,120.34,0.809,1.15,0.967,353.19675,2461200.5,239.62,0.0191,False,27.1,,,,10.0,5,29,,
(2018 TD2),50831241,0.843,0.4155,10.54,193.11,323.75,0.493,1.19,0.774,282.7035,2461200.5,220.9,0.021,False,26.5,,,,5.0,7,16,,
(2018 TB3),50831498,0.8293,0.4312,7.43,11.09,216.68,0.472,1.19,0.755,275.76375,2461200.5,163.67,0.00896,False,26.7,,,,6.0,6,26,,
(2018 TJ3),50831635,0.9516,0.3488,10.28,11.68,138.48,0.62,1.28,0.928,338.952,2461200.5,351.44,0.0588,False,24.8,,,,12.0,7,27,,
(2018 TU4),50831751,0.9705,0.2128,19.38,199.49,298.56,0.764,1.18,0.956,349.179,2461200.5,265.67,0.0284,False,25.5,,,,5.0,7,48,,
(2018 TF5),50831758,0.9048,0.368,7.6,196.44,47.58,0.572,1.24,0.861,314.48025,2461200.5,64.82,0.0132,False,25.4,,,,10.0,5,31,,
(2018 TY5),50831877,0.9296,0.5113,18.96,26.07,132.98,0.454,1.4,0.896,327.264,2458407.5,283.8,0.0283,False,22.24,,,,18.0,8,89,,
(2018 TS6),50835528,0.898,0.2139,8.92,189.6,46.1,0.706,1.09,0.851,310.82775,2461200.5,121.72,0.00305,False,28.18,,,,2.0,7,6,,
(2018 UC),50831899,0.9919,0.3337,0.23,123.3,23.09,0.661,1.32,0.988,360.867,2461200.5,179.53,0.00276,False,25.9,,,,13.0,6,47,,
(2018 UV1),50835524,0.9355,0.247,22.82,209.32,8.5,0.704,1.17,0.905,330.55125,2461200.5,321.92,0.163,False,24.4,,,,14.0,7,31,,
(2018 UY1),50835525,0.8826,0.3029,7.21,219.07,313.4,0.615,1.15,0.829,302.79224999999997,2461200.5,315.37,0.00802,False,24.15,,,,20.0,6,153,,
(2018 VG),50835901,0.766,0.3613,2.83,217.85,338.06,0.489,1.04,0.67,244.7175,2461200.5,345.95,0.00198,False,27.4,,,,2.0,6,41,,
(2018 VB1),50835985,0.7548,0.4145,6.79,48.33,185.19,0.442,1.07,0.656,239.604,2461200.5,2.84,0.0394,False,23.69,,,,761.0,1,149,,
(2018 VR3),50836111,0.971,0.2302,8.97,46.52,108.31,0.747,1.19,0.957,349.54425,2461200.5,249.52,9.71e-05,False,26.9,,,,3.0,5,20,,
(2018 VS3),50836121,0.9114,0.4193,24.57,34.89,207.77,0.529,1.29,0.87,317.7675,2461200.5,22.31,0.142,False,22.38,,,,2578.0,0,80,,
(2018 VU4),50836131,0.7524,0.4599,22.77,46.54,161.31,0.406,1.1,0.653,238.50825,2461200.5,75.44,0.0486,False,23.9,,,,4.0,7,35,,
(2018 VP5),50836147,0.9124,0.4083,12.27,227.88,46.11,0.54,1.28,0.872,318.498,2461200.5,338.85,0.0297,False,25.3,,,,4.0,7,39,,
(2018 VZ5),50836161,0.8052,0.4845,15.59,45.64,212.14,0.415,1.2,0.723,264.07574999999997,2461200.5,280.11,0.0259,False,24.8,,,,8.0,6,16,,
(2018 VV6),50836203,0.9587,0.281,14.12,226.38,58.62,0.689,1.23,0.939,342.96975,2461200.5,119.14,0.027,False,26.8,,,,3.0,7,18,,
(2018 VB7),50836202,0.8161,0.2821,8.5,221.2,26.87,0.586,1.05,0.737,269.18925,2461200.5,246.72,0.00695,False,25.1,,,,32.0,7,43,,
(2018 VC7),50836201,0.8729,0.19,0.8,60.23,132.14,0.707,1.04,0.816,298.044,2461200.5,335.81,0.00237,False,27.4,,,,1.0,6,28,,
(2018 VT7),50836218,0.9824,0.0882,2.54,53.85,113.13,0.896,1.07,0.974,355.7535,2461200.5,170.35,0.0103,False,27.9,,,,24.0,5,23,,
(2018 VB10),50836274,0.9908,0.1832,11.59,230.65,70.94,0.809,1.17,0.986,360.1365,2461200.5,331.38,0.02,False,25.8,,,,5.0,6,66,,
(2018 WC),50836284,0.7905,0.3064,40.84,237.48,9.71,0.548,1.03,0.703,256.77074999999996,2461200.5,70.95,0.0373,False,23.1,,,,33.0,7,120,,
(2018 WK),50836298,0.8974,0.3271,4.22,53.32,228.44,0.604,1.19,0.85,310.4625,2461200.5,60.45,0.00713,False,27.1,,,,2.0,6,22,,
(2018 WU),50836309,0.6911,0.459,14.81,237.46,0.48,0.374,1.01,0.575,210.01874999999998,2461200.5,228.75,0.0196,False,24.7,,,,10.0,7,103,,
(2018 WA1),50836314,0.8724,0.1391,1.81,233.39,8.34,0.751,0.99,0.815,297.67875,2461200.5,269.8,0.00162,False,30.1,,,,6.0,6,14,,
(2018 WH1),50836319,0.8645,0.157,4.75,64.31,198.05,0.729,1.0,0.804,293.661,2461200.5,291.61,0.00289,False,28.6,,,,16.0,5,70,,
(2018 WC2),50836434,0.846,0.3356,7.22,250.1,317.93,0.562,1.13,0.778,284.16450000000003,2461200.5,129.37,0.00517,False,25.13,,,,2559.0,2,41,,
(2018 WE2),50836436,0.8071,0.3414,23.08,247.2,335.34,0.532,1.08,0.725,264.80625,2461200.5,359.95,0.0412,False,25.85,,,,6.0,7,22,,
(2018 WL2),50836683,0.8837,0.6766,34.94,65.26,149.26,0.286,1.48,0.831,303.52275,2461200.5,293.53,0.0833,False,21.86,,,,1869.0,1,62,,
(2018 XC),50836732,0.7901,0.4035,21.33,69.8,212.26,0.471,1.11,0.702,256.40549999999996,2461200.5,9.67,0.0128,False,25.7,,,,7.0,6,48,,
(2018 XQ2),50836880,0.8563,0.178,0.08,113.33,146.53,0.704,1.01,0.792,289.278,2461200.5,339.63,8.61e-05,False,28.2,,,,28.0,6,44,,
(2018 XW2),50836882,0.9968,0.3019,19.74,78.12,249.72,0.696,1.3,0.995,363.42375,2461200.5,265.15,0.0191,False,25.45,,,,4.0,7,42,,
(2018 XD5),50836936,0.8193,0.2936,4.52,271.71,356.47,0.579,1.06,0.742,271.0155,2461200.5,205.91,0.0393,False,24.7,,,,26.0,7,45,,
(2018 XM5),50836950,0.8358,0.3026,10.17,92.74,152.75,0.583,1.09,0.764,279.051,2461200.5,133.93,0.0345,False,24.4,,,,21.0,7,44,,
(2018 YG),50836964,0.7704,0.4376,29.44,266.7,342.57,0.433,1.11,0.676,246.90900000000002,2461200.5,243.47,0.0754,False,24.3,,,,728.0,3,18,,
(2018 YA1),50836995,0.7773,0.2775,1.8,71.03,204.79,0.562,0.99,0.685,250.19625000000002,2461200.5,127.31,0.00644,False,23.48,,,,31.0,7,53,,
(2018 YF2),50837538,0.8756,0.3146,48.67,264.87,328.31,0.6,1.15,0.819,299.13975,2461200.5,254.16,0.0885,False,20.85,,,,1822.0,0,98,,
(2019 AQ2),50837616,0.9568,0.1685,1.67,97.81,247.54,0.796,1.12,0.936,341.874,2461200.5,75.43,0.00163,False,25.6,,,,469.0,3,81,,
(2019 AD3),50837626,0.8412,0.2314,11.0,284.28,0.85,0.647,1.04,0.772,281.973,2461200.5,45.76,0.0523,False,26.0,,,,5.0,7,18,,
(2019 AE3),50837628,0.9945,0.0996,14.82,101.66,268.26,0.895,1.09,0.992,362.328,2461200.5,255.82,0.00378,False,27.4,,,,2.0,6,23,,
(2019 AR3),50837661,0.8669,0.5855,29.65,286.05,36.64,0.359,1.37,0.807,294.75675,2461200.5,151.45,0.0522,False,22.43,,,,25.0,7,116,,
(2019 AY4),50837676,0.978,0.3496,42.58,272.61,52.12,0.636,1.32,0.967,353.19675,2461200.5,340.8,0.0954,False,22.5,,,,364.0,1,53,,
(2019 AX5),50837709,0.9074,0.2148,17.18,286.73,309.31,0.712,1.1,0.864,315.576,2461200.5,101.67,0.0153,False,26.0,,,,7.0,3,46,1.0,2.0
(2019 AP6),50837742,0.7397,0.4111,7.08,327.2,325.13,0.436,1.04,0.636,232.299,2461200.5,32.59,0.0216,True,20.98,,,,2597.0,0,194,,
(2019 AU6),50837741,0.9835,0.2819,0.35,301.84,278.27,0.706,1.26,0.975,356.11875,2461200.5,137.35,0.000879,False,26.61,,,,10.0,6,37,,
(2019 AG7),50837744,0.7453,0.3518,0.32,182.16,98.93,0.483,1.01,0.643,234.85575,2461200.5,24.57,0.00494,False,25.5,,,,19.0,6,96,,
(2019 AR7),50837768,0.9215,0.0971,6.69,287.2,35.69,0.832,1.01,0.885,323.24625,2461200.5,276.69,0.00657,False,26.7,,,,9.0,6,51,,
(2019 AM8),50837806,0.9679,0.3634,2.23,85.93,142.69,0.616,1.32,0.952,347.71799999999996,2461200.5,205.44,0.0185,False,27.0,,,,2.0,7,17,,
(2019 AR8),50837807,0.8947,0.3007,2.69,84.3,157.18,0.626,1.16,0.846,309.00149999999996,2461200.5,169.86,0.0244,False,25.61,,,,7.0,5,32,,
(2019 AN11),50837882,0.8785,0.2258,7.81,302.9,319.63,0.68,1.08,0.823,300.60075,2461200.5,226.2,0.0131,False,25.3,,,,4.0,7,12,,
(2019 AP11),50837881,0.8949,0.2145,11.06,306.2,313.7,0.703,1.09,0.847,309.36674999999997,2461200.5,136.79,0.0124,False,25.18,,,,21.0,2,49,2.0,2.0
(2019 AX11),50837890,0.7678,0.4276,15.01,295.06,6.31,0.439,1.1,0.673,245.81325,2458496.5,164.7,0.0903,False,25.0,,,,7.0,8,14,,
(2019 AO12),50837906,0.7718,0.3489,4.54,103.82,202.11,0.502,1.04,0.678,247.63950000000003,2461200.5,128.63,0.00626,False,25.6,,,,16.0,7,22,,
(2019 AF13),50837926,0.9449,0.3085,5.37,53.7,278.98,0.653,1.24,0.919,335.66475,2461200.5,140.41,0.031,False,23.8,,,,438.0,4,24,,
(2019 AR13),50837941,0.9777,0.1767,2.54,96.51,163.86,0.805,1.15,0.967,353.19675,2461200.5,105.97,0.0378,False,24.1,,,,389.0,1,73,,
(2019 AY13),50837955,0.9484,0.5126,4.77,263.48,82.59,0.462,1.43,0.924,337.49100000000004,2461200.5,93.54,0.0366,False,22.65,,,,1210.0,1,52,,
(2019 BS2),50838017,0.7522,0.3396,16.45,306.57,348.75,0.497,1.01,0.652,238.143,2461200.5,305.44,0.0122,False,27.3,,,,1.0,7,26,,
(2019 BT3),50838061,0.9277,0.2492,26.09,128.11,181.53,0.697,1.16,0.894,326.5335,2461200.5,261.89,0.174,False,23.2,,,,13.0,7,35,,
(2019 BU3),50838062,0.8591,0.1754,5.69,127.22,202.54,0.708,1.01,0.796,290.73900000000003,2461200.5,235.24,0.00689,False,29.1,,,,4.0,7,23,,
(2019 BV3),50838064,0.8824,0.5684,20.88,306.61,42.38,0.381,1.38,0.829,302.79224999999997,2458512.5,79.95,0.021,False,25.1,,,,2.0,8,15,,
(2019 BW3),50838065,0.9303,0.4416,17.97,312.89,34.38,0.519,1.34,0.897,327.62925,2458510.5,91.16,0.104,False,23.5,,,,4.0,8,24,,
(2019 BB5),50838097,0.8363,0.2756,1.54,334.67,308.79,0.606,1.07,0.765,279.41625,2461200.5,87.32,0.00598,False,26.7,,,,8.0,7,62,,
(2019 BE5),50838101,0.61,0.6592,1.43,308.93,9.86,0.208,1.01,0.476,173.85899999999998,2461200.5,306.14,5.81e-05,False,25.1,,,,363.0,2,82,,
(2019 CN2),50838209,0.9134,0.2242,8.05,320.75,304.61,0.709,1.12,0.873,318.86325,2461200.5,36.72,0.00394,False,28.4,,,,5.0,4,26,0.0,1.0
(2019 CR4),50838277,0.7552,0.4014,5.78,320.14,352.96,0.452,1.06,0.656,239.604,2458520.5,189.99,0.031,False,26.4,,,,7.0,9,17,,
(2019 CQ5),50838802,0.8802,0.3588,11.78,143.5,228.99,0.564,1.2,0.826,301.69649999999996,2461200.5,43.94,0.00802,False,27.5,,,,2.0,5,33,,
(2019 DA),50838810,0.9288,0.2003,8.44,132.83,248.98,0.743,1.11,0.895,326.89875,2461200.5,164.23,0.0153,False,23.17,,,,2881.0,1,146,,
(2019 DQ),50838862,0.8228,0.3855,3.13,159.72,210.75,0.506,1.14,0.746,272.4765,2461200.5,25.17,0.00947,False,26.8,,,,2.0,7,26,,
(2019 DV),50838868,0.9588,0.1362,30.1,343.76,354.15,0.828,1.09,0.939,342.96975,2461200.5,90.24,0.0969,False,22.4,,,,20.0,7,130,,
(2019 DW),50838867,0.9369,0.1662,10.03,338.7,47.94,0.781,1.09,0.907,331.28175,2461200.5,124.81,0.0276,False,27.0,,,,6.0,5,43,,
(2019 DB1),50838874,0.9347,0.4065,40.91,157.3,234.71,0.555,1.31,0.904,330.18600000000004,2458542.5,82.67,0.0247,False,24.9,,,,8.0,8,57,,
(2019 DL1),50838881,0.875,0.1629,6.51,347.09,3.47,0.733,1.02,0.819,299.13975,2461200.5,127.98,0.0248,False,26.6,,,,10.0,6,49,,
(2019 DN1),50838883,0.8642,0.3781,8.09,159.76,133.7,0.537,1.19,0.803,293.29575,2461200.5,285.87,0.00406,False,28.8,,,,1.0,5,19,,
(2019 DY1),50838893,0.9442,0.4394,11.02,337.74,46.72,0.529,1.36,0.917,334.93425,2458542.5,88.15,0.0366,False,25.46,,,,4.0,8,24,,
(2019 ED),50838902,0.8912,0.1241,1.15,136.1,215.72,0.781,1.0,0.841,307.17525,2461200.5,35.66,0.00309,False,26.9,,,,33.0,6,74,,
(2019 EO),50838911,0.9939,0.5325,9.35,130.25,255.54,0.465,1.52,0.991,361.96274999999997,2461200.5,193.54,0.0456,False,23.18,,,,1092.0,1,48,,
(2019 ER),50838915,0.908,0.1871,10.9,158.08,226.25,0.738,1.08,0.865,315.94125,2461200.5,263.66,0.0129,False,27.1,,,,1.0,7,14,,
(2019 ED1),50838927,0.9001,0.3285,5.33,341.48,53.89,0.604,1.2,0.854,311.9235,2461200.5,270.26,0.00135,False,27.63,,,,9.0,5,49,,
(2019 EE1),50838926,0.9439,0.092,17.48,350.18,351.76,0.857,1.03,0.917,334.93425,2461200.5,154.43,0.0363,False,26.1,,,,7.0,6,31,,
(2019 EM1),50838936,0.6709,0.5509,28.45,159.69,196.73,0.301,1.04,0.55,200.88750000000002,2461200.5,217.16,0.00117,False,22.29,,,,1837.0,1,135,,
(2019 EW1),50838952,0.9611,0.3463,7.21,351.65,293.47,0.628,1.29,0.942,344.0655,2461200.5,172.44,0.00383,False,27.1,,,,2.0,6,53,,
(2019 EA2),50838953,0.8416,0.1982,6.53,0.32,341.9,0.675,1.01,0.772,281.973,2461200.5,332.12,0.000252,False,25.8,,,,12.0,5,168,0.0,1.0
(2019 FD),50840146,0.9512,0.2444,8.53,167.81,254.07,0.719,1.18,0.928,338.952,2461200.5,13.53,0.0182,False,23.3,,,,471.0,2,259,,
(2019 FF),50840147,0.8638,0.2646,9.09,0.92,318.98,0.635,1.09,0.803,293.29575,2461200.5,242.22,0.0043,False,26.3,,,,2.0,7,23,,
(2019 FJ),50840159,0.7623,0.6128,44.44,156.89,150.21,0.295,1.23,0.666,243.25650000000002,2461200.5,176.41,0.0194,True,19.1,,,,2184.0,1,106,,
(2019 FO),50840712,0.8501,0.2041,14.79,179.08,197.33,0.677,1.02,0.784,286.356,2461200.5,232.17,0.0159,False,24.7,,,,33.0,6,101,,
(2019 FR),50840713,0.7794,0.3459,4.21,142.43,200.49,0.51,1.05,0.688,251.29199999999997,2461200.5,32.49,0.00964,False,24.0,,,,4.0,7,48,,
(2019 FZ),50840724,0.8775,0.6287,27.66,192.43,139.95,0.326,1.43,0.822,300.2355,2461200.5,190.9,0.0117,True,21.36,,,,1424.0,2,180,,
(2019 FQ1),50840750,0.7871,0.3556,10.93,188.17,157.42,0.507,1.07,0.698,254.94449999999998,2461200.5,327.86,0.016,False,27.2,,,,2.0,7,73,,
(2019 FB2),50840752,0.9237,0.3615,11.29,188.3,237.51,0.59,1.26,0.888,324.342,2461200.5,119.58,0.000726,False,26.5,,,,7.0,6,74,,
(2019 FM2),50840768,0.9739,0.269,27.99,358.83,75.37,0.712,1.24,0.961,351.00525,2461200.5,254.97,0.0229,True,20.61,,,,658.0,2,78,,
(2019 FN2),50840761,0.8321,0.2141,13.75,29.02,343.26,0.654,1.01,0.759,277.22475000000003,2461200.5,350.84,0.00509,False,23.7,,,,23.0,2,107,1.0,1.0
(2019 FS2),50840762,0.9894,0.1818,3.36,189.97,112.44,0.81,1.17,0.984,359.406,2461200.5,17.42,0.00814,False,27.3,,,,7.0,5,49,,
(2019 FY2),50840776,0.8994,0.1773,2.79,2.43,351.18,0.74,1.06,0.853,311.55825,2461200.5,351.02,0.0252,False,27.4,,,,4.0,7,25,,
(2019 GA),50840781,0.8727,0.5375,1.55,51.96,1.69,0.404,1.34,0.815,297.67875,2461200.5,12.31,0.0186,False,23.59,,,,1870.0,1,159,,
(2019 GJ),50840788,0.9804,0.1675,8.06,11.08,65.03,0.816,1.14,0.971,354.65774999999996,2461200.5,238.31,0.0179,False,24.33,,,,37.0,5,75,,
(2019 GF1),50840807,0.9898,0.0485,1.24,4.14,326.23,0.942,1.04,0.985,359.77125,2461200.5,328.73,0.0115,False,27.5,,,,1142.0,0,80,,
(2019 GK1),50840812,0.8801,0.1921,8.74,16.3,357.07,0.711,1.05,0.826,301.69649999999996,2461200.5,70.55,0.0468,False,26.4,,,,11.0,7,26,,
(2019 GS1),50840823,0.7972,0.4118,6.04,21.57,337.53,0.469,1.13,0.712,260.058,2461200.5,239.15,0.0204,False,24.46,,,,1841.0,2,59,,
(2019 GW1),50840824,0.9344,0.1146,13.3,194.6,221.54,0.827,1.04,0.903,329.82075000000003,2461200.5,109.59,0.00842,False,26.1,,,,12.0,4,117,,
(2019 GS2),50840833,0.9419,0.3321,6.26,193.41,233.52,0.629,1.25,0.914,333.8385,2461200.5,39.69,0.014,False,27.4,,,,4.0,6,9,,
(2019 GX3),50840878,0.9505,0.1377,6.36,11.62,53.91,0.82,1.08,0.927,338.58675,2461200.5,24.96,0.0112,False,27.66,,,,7.0,6,22,,
(2019 GJ4),50840889,0.9861,0.1678,6.98,196.09,252.55,0.821,1.15,0.979,357.57975,2461200.5,203.55,0.00548,False,26.02,,,,32.0,2,57,1.0,1.0
(2019 GV5),50840909,0.9212,0.1267,3.36,197.22,144.43,0.804,1.04,0.884,322.88100000000003,2461200.5,266.11,0.00484,False,29.4,,,,4.0,5,34,,
(2019 GP19),50841201,0.9413,0.149,4.63,25.08,48.82,0.801,1.08,0.913,333.47325,2461200.5,56.93,0.0101,False,26.6,,,,25.0,5,45,,
(2019 GK20),50841222,0.9616,0.165,7.38,38.59,319.5,0.803,1.12,0.943,344.43075,2461200.5,65.25,0.0401,False,24.7,,,,31.0,4,53,,
(2019 GK21),50841528,0.8607,0.3406,5.92,19.46,46.61,0.568,1.15,0.799,291.83475000000004,2461200.5,90.25,0.00266,False,25.7,,,,1475.0,0,82,,
(2019 HM),50841555,0.9856,0.0098,5.76,201.51,194.94,0.976,1.0,0.979,357.57975,2461200.5,270.06,0.00697,False,25.9,,,,158.0,1,35,,
(2019 HQ),50841557,0.7662,0.3475,10.99,35.44,14.61,0.5,1.03,0.671,245.08275,2461200.5,17.19,0.00761,False,26.25,,,,8.0,6,96,,
(2019 HS),50841558,0.8084,0.2867,9.75,37.24,19.0,0.577,1.04,0.727,265.53675,2461200.5,70.81,0.00933,False,27.2,,,,6.0,7,47,,
(2019 HS2),50841568,0.9949,0.2155,19.55,36.15,289.35,0.78,1.21,0.992,362.328,2461200.5,335.42,0.0127,False,26.6,,,,1.0,7,19,,
(2019 HF3),50841639,0.961,0.3315,31.33,335.89,93.5,0.642,1.28,0.942,344.0655,2461200.5,357.61,0.118,False,19.95,,,,845.0,2,167,,
(2019 HH3),50841642,0.7215,0.5133,13.56,32.02,15.93,0.351,1.09,0.613,223.89825,2461200.5,4.93,0.0267,False,25.5,,,,2.0,7,42,,
(2019 HP3),50841645,0.9615,0.0843,10.96,217.12,175.98,0.88,1.04,0.943,344.43075,2461200.5,21.52,0.0357,False,25.68,,,,13.0,4,73,,
(2019 HV3),50841653,0.7903,0.4352,7.77,34.69,337.88,0.446,1.13,0.703,256.77074999999996,2461200.5,281.87,0.0246,False,24.1,,,,2571.0,1,78,,
(2019 HN4),50841697,0.8573,0.221,7.27,216.99,208.98,0.668,1.05,0.794,290.0085,2461200.5,121.88,0.00334,False,28.6,,,,4.0,6,63,,
(2019 JV1),50841744,0.8226,0.3781,32.9,42.43,32.56,0.512,1.13,0.746,272.4765,2461200.5,301.09,0.0237,False,22.97,,,,3259.0,1,164,,
(2019 JH5),50841857,0.9557,0.458,20.27,223.82,234.76,0.518,1.39,0.934,341.1435,2458611.5,76.84,0.0103,False,25.51,,,,6.0,8,12,,
(2019 JH7),50841930,0.9885,0.2913,0.86,58.74,286.78,0.701,1.28,0.983,359.04075,2461200.5,345.58,0.00108,False,29.6,,,,3.0,5,78,,
(2019 KD),50841984,0.8735,0.2007,5.75,254.45,188.71,0.698,1.05,0.816,298.044,2461200.5,13.95,0.0284,False,23.48,,,,38.0,6,87,,
(2019 KW),50842000,0.9362,0.2222,8.46,240.03,235.11,0.728,1.14,0.906,330.9165,2461200.5,24.64,0.00457,False,26.87,,,,8.0,5,39,,
(2019 KN2),50842620,0.8732,0.1851,2.73,231.81,213.07,0.712,1.03,0.816,298.044,2461200.5,16.44,0.00525,False,27.1,,,,6.0,6,51,,
(2019 KJ4),50842680,0.8207,0.2644,0.18,357.14,58.5,0.604,1.04,0.744,271.746,2461200.5,1.88,0.00185,False,27.4,,,,8.0,7,29,,
(2019 KD7),54050955,0.9452,0.4616,9.12,282.74,112.73,0.509,1.38,0.919,335.66475,2458632.5,217.19,0.0341,False,21.7,,,,7.0,8,10,,
(2019 LB1),50842775,0.9888,0.1177,5.46,73.97,64.0,0.872,1.11,0.983,359.04075,2461200.5,145.52,0.00914,False,27.0,,,,5.0,5,61,,
(2019 LR1),50842790,0.8817,0.2697,13.66,249.71,165.01,0.644,1.12,0.828,302.42699999999996,2461200.5,13.98,0.0794,False,24.45,,,,3.0,7,26,,
(2019 LD5),50842902,0.898,0.3284,5.49,237.48,178.98,0.603,1.19,0.851,310.82775,2461200.5,313.18,0.0721,False,23.39,,,,3989.0,0,56,,
(2019 LL5),50842910,0.6646,0.5032,29.89,146.57,22.72,0.33,1.0,0.542,197.96550000000002,2461200.5,48.95,0.072,False,18.56,,,,4771.0,1,61,,
(2019 LK6),50842921,0.9825,0.1924,25.39,257.26,242.81,0.793,1.17,0.974,355.7535,2461200.5,165.3,0.0206,False,24.03,,,,15.0,7,60,,
(2019 MH1),50842963,0.8271,0.5691,17.65,93.46,27.46,0.356,1.3,0.752,274.668,2458659.5,98.09,0.0505,False,24.71,,,,4.0,8,19,,
(2019 MG2),50843074,0.9266,0.4554,12.14,96.12,348.18,0.505,1.35,0.892,325.803,2461200.5,146.18,0.135,False,22.08,,,,5821.0,1,47,,
(2019 NF1),50843133,0.9462,0.1362,18.77,112.75,327.05,0.817,1.08,0.92,336.03000000000003,2461200.5,44.23,0.0309,False,24.1,,,,11.0,7,20,,
(2019 NG2),50843159,0.7883,0.5654,8.78,105.81,339.72,0.343,1.23,0.7,255.67499999999998,2461200.5,201.34,0.0341,False,24.09,,,,2568.0,1,43,,
(2019 NW3),50843200,0.9238,0.2675,22.21,127.25,335.04,0.677,1.17,0.888,324.342,2461200.5,105.49,0.107,False,23.1,,,,20.0,6,16,,
(2019 NY4),50843234,0.9502,0.3083,38.79,283.0,231.57,0.657,1.24,0.926,338.2215,2458673.5,96.6,0.0421,False,22.4,,,,2.0,8,30,,
(2019 NB5),50843231,0.8937,0.4938,22.16,126.95,21.83,0.452,1.34,0.845,308.63625,2461200.5,198.8,0.142,False,20.48,,,,4092.0,0,162,,
(2019 NP5),50843247,0.7958,0.2935,2.71,279.88,188.8,0.562,1.03,0.71,259.3275,2461200.5,82.4,0.00402,False,27.6,,,,8.0,7,22,,
(2019 NQ5),50843248,0.9553,0.3229,3.16,135.99,274.26,0.647,1.26,0.934,341.1435,2461200.5,62.81,0.0234,False,25.1,,,,2.0,6,18,,
(2019 NX5),50843301,0.9175,0.1161,0.46,112.29,355.17,0.811,1.02,0.879,321.05475,2461200.5,133.64,0.00219,False,29.1,,,,7.0,6,24,,
(2019 NL6),50843318,0.886,0.3189,14.4,207.16,281.25,0.604,1.17,0.834,304.6185,2461200.5,248.84,0.0948,False,22.18,,,,5514.0,1,80,,
(2019 NC7),50843341,0.9585,0.4898,13.25,303.06,219.53,0.489,1.43,0.938,342.6045,2461200.5,212.49,0.057,False,22.12,,,,1176.0,2,77,,
(2019 OM),50843363,0.8741,0.3283,10.11,141.58,325.62,0.587,1.16,0.817,298.40925,2461200.5,2.92,0.0305,False,22.56,,,,4699.0,0,99,,
(2019 ON),50843365,0.9896,0.1267,5.71,121.89,299.35,0.864,1.11,0.984,359.406,2461200.5,246.76,0.0144,False,25.15,,,,1119.0,2,70,,
(2019 OR1),50843394,0.9598,0.3801,18.28,236.83,297.66,0.595,1.32,0.94,343.335,2461200.5,203.16,0.00511,True,21.07,,,,1542.0,1,463,,
(2019 OS1),50843392,0.9469,0.3145,16.07,266.45,182.06,0.649,1.24,0.921,336.39525000000003,2461200.5,32.63,0.214,False,22.37,,,,53.0,4,25,,
(2019 OP3),50843445,0.9672,0.1947,3.96,120.56,330.78,0.779,1.16,0.951,347.35274999999996,2461200.5,305.99,0.0403,False,25.6,,,,4.0,6,19,,
(2019 OV3),50843450,0.9818,0.408,0.7,263.42,278.71,0.581,1.38,0.973,355.38824999999997,2461200.5,101.25,0.00339,False,24.26,,,,2298.0,2,51,,
(2019 PM2),50843559,0.9729,0.5175,17.99,167.27,358.5,0.469,1.48,0.96,350.64,2461200.5,155.58,0.25,False,21.79,,,,2638.0,1,93,,
(2019 PZ2),50843578,0.9697,0.394,46.28,146.21,52.46,0.588,1.35,0.955,348.81374999999997,2461200.5,130.92,0.0561,False,19.81,,,,2341.0,0,255,1.0,1.0
(2019 QG),50843595,0.8218,0.2386,12.63,290.19,216.12,0.626,1.02,0.745,272.11125,2461200.5,227.6,0.0458,True,21.38,,,,5442.0,0,79,,
(2019 QU1),50843634,0.8914,0.2808,23.09,335.89,151.89,0.641,1.14,0.842,307.5405,2461200.5,249.16,0.0735,False,23.79,,,,26.0,6,47,,
(2019 QU2),50843645,0.8238,0.7047,11.33,145.67,355.88,0.243,1.4,0.748,273.207,2461200.5,275.02,0.0961,False,22.21,,,,7688.0,0,66,,
(2019 QW2),50843646,0.9658,0.1129,6.53,291.64,269.11,0.857,1.07,0.949,346.62225,2461200.5,173.95,0.0226,False,24.8,,,,481.0,3,31,,
(2019 QC4),50843661,0.791,0.3796,3.87,140.71,40.78,0.491,1.09,0.704,257.13599999999997,2461200.5,1.59,0.0131,False,23.48,,,,25.0,7,62,,
(2019 QQ6),50843738,0.902,0.4202,26.7,333.07,228.15,0.523,1.28,0.857,313.01925,2461200.5,58.48,0.0148,False,25.37,,,,2191.0,1,34,,
(2019 QK7),50843756,0.918,0.2129,4.55,328.01,210.65,0.723,1.11,0.88,321.42,2461200.5,44.31,0.025,False,25.5,,,,53.0,4,34,,
(2019 RL),50843791,0.9236,0.1383,25.2,159.36,5.79,0.796,1.05,0.888,324.342,2458730.5,172.0,0.0413,False,25.0,,,,2.0,8,9,,
(2019 RY),50843800,0.9884,0.0739,7.08,342.43,165.04,0.915,1.06,0.983,359.04075,2461200.5,148.95,0.0496,False,24.8,,,,383.0,2,184,,
(2019 RO1),50843818,0.9813,0.3073,21.45,162.59,64.05,0.68,1.28,0.972,355.02299999999997,2458732.5,82.11,0.0135,False,26.8,,,,2.0,8,17,,
(2019 RD2),50843842,0.9545,0.4679,17.65,166.87,16.26,0.508,1.4,0.933,340.77825,2458732.5,133.7,0.182,False,23.6,,,,3.0,8,15,,
(2019 RF2),50843841,0.8952,0.2129,2.06,321.33,233.44,0.705,1.09,0.847,309.36674999999997,2458734.5,136.83,0.00622,False,26.6,,,,1.0,8,12,,
(2019 SO1),50843933,0.9769,0.2353,8.77,177.67,301.3,0.747,1.21,0.966,352.8315,2461200.5,248.21,0.0261,False,26.8,,,,2.0,7,15,,
(2019 SM2),50844025,0.9795,0.5503,15.08,174.65,51.02,0.44,1.52,0.969,353.92725,2458747.5,68.22,0.014,False,26.1,,,,5.0,8,13,,
(2019 SG4),50856733,0.8251,0.4887,15.27,3.31,147.25,0.422,1.23,0.75,273.9375,2461200.5,230.65,0.0309,False,24.84,,,,2192.0,1,37,,
(2019 SF6),50869359,0.7623,0.4165,2.19,200.83,3.38,0.445,1.08,0.666,243.25650000000002,2461200.5,157.59,0.015,False,26.28,,,,3647.0,0,55,,
(2019 SV6),50869369,0.7912,0.5027,6.17,4.3,173.92,0.393,1.19,0.704,257.13599999999997,2461200.5,26.83,0.0531,False,23.8,,,,21.0,7,31,,
(2019 SY6),50869372,0.798,0.5367,11.19,183.34,31.43,0.37,1.23,0.713,260.42325,2461200.5,245.37,0.0147,False,25.07,,,,1833.0,2,28,,
(2019 SK7),50872646,0.9644,0.2753,17.82,196.35,332.43,0.699,1.23,0.947,345.89175,2461200.5,234.2,0.148,False,22.9,,,,31.0,5,72,,
(2019 TA2),50878595,0.9438,0.2094,9.5,28.33,127.04,0.746,1.14,0.917,334.93425,2461200.5,334.69,0.0245,False,24.94,,,,33.0,4,42,,
(2019 TE3),50878611,0.8381,0.2348,23.12,11.87,169.36,0.641,1.03,0.767,280.14675,2461200.5,88.22,0.0286,False,25.5,,,,6.0,6,48,,
(2019 TF3),50878612,0.8135,0.265,3.65,14.76,157.32,0.598,1.03,0.734,268.0935,2461200.5,247.18,0.000691,False,28.0,,,,2.0,6,20,,
(2019 TL6),50879161,0.8107,0.5083,25.32,203.63,344.58,0.399,1.22,0.73,266.6325,2461200.5,254.46,0.137,False,22.59,,,,4712.0,0,79,,
(2019 TA7),50879190,0.756,0.4538,4.03,13.17,159.31,0.413,1.1,0.657,239.96925000000002,2461200.5,287.24,0.0095,False,26.3,,,,4.0,7,21,,
(2019 TB7),50879189,0.8942,0.1309,10.0,18.57,191.6,0.777,1.01,0.846,309.00149999999996,2461200.5,120.06,0.00917,False,26.8,,,,14.0,6,30,,
(2019 UD),50879248,0.8825,0.1648,1.68,28.06,161.08,0.737,1.03,0.829,302.79224999999997,2461200.5,200.32,0.00803,False,26.94,,,,27.0,6,58,,
(2019 UK),50879250,0.8829,0.3841,21.7,206.38,318.84,0.544,1.22,0.83,303.15749999999997,2461200.5,237.26,0.0444,True,21.64,,,,1838.0,1,65,,
(2019 UL),50879251,0.8329,0.2066,1.35,17.39,197.4,0.661,1.0,0.76,277.59,2461200.5,69.63,0.00161,False,29.1,,,,9.0,6,55,,
(2019 UV),50879264,0.8996,0.1709,22.7,22.53,207.6,0.746,1.05,0.853,311.55825,2461200.5,66.06,0.0304,False,26.1,,,,5.0,6,25,,
(2019 UZ),50879261,0.8804,0.3469,7.52,207.88,312.15,0.575,1.19,0.826,301.69649999999996,2461200.5,272.14,0.00496,False,27.8,,,,3.0,6,17,,
(2019 UN1),50879297,0.8512,0.4291,20.82,215.69,344.89,0.486,1.22,0.785,286.72125,2461200.5,347.72,0.148,False,23.24,,,,1480.0,3,23,,
(2019 UR1),50879296,0.9258,0.2544,11.23,208.91,41.92,0.69,1.16,0.891,325.43775,2461200.5,273.75,0.0445,False,25.8,,,,11.0,6,19,,
(2019 UX1),50879303,0.9692,0.2426,14.06,205.86,67.8,0.734,1.2,0.954,348.44849999999997,2461200.5,67.92,0.00517,False,24.09,,,,14.0,6,124,,
(2019 UY1),50879301,0.8982,0.2642,6.05,47.51,199.01,0.661,1.14,0.851,310.82775,2461200.5,43.73,0.0539,False,23.95,,,,2255.0,1,76,,
(2019 UG2),50879308,0.9106,0.2031,23.72,21.5,208.35,0.726,1.1,0.869,317.40225,2461200.5,9.81,0.0616,False,24.3,,,,14.0,7,32,,
(2019 UO2),50879319,0.8533,0.2621,23.08,205.8,31.16,0.63,1.08,0.788,287.817,2461200.5,279.71,0.0249,False,25.8,,,,2.0,6,25,,
(2019 UN3),50879337,0.9837,0.2032,32.18,24.49,119.55,0.784,1.18,0.976,356.484,2458778.5,265.33,0.0488,False,24.39,,,,5.0,8,40,,
(2019 UO5),50879570,0.9164,0.1405,20.41,32.16,171.9,0.788,1.05,0.877,320.32425,2461200.5,26.99,0.0485,False,25.6,,,,12.0,6,25,,
(2019 UU7),50883119,0.8089,0.3174,0.88,149.69,82.04,0.552,1.07,0.728,265.902,2461200.5,177.34,0.0118,False,26.03,,,,15.0,7,34,,
(2019 UT8),50884035,0.9184,0.5257,3.77,40.97,124.01,0.436,1.4,0.88,321.42,2461200.5,115.4,0.00566,False,27.2,,,,4.0,7,33,,
(2019 UY8),50884038,0.869,0.4141,7.42,36.02,145.11,0.509,1.23,0.81,295.8525,2461200.5,308.99,0.0295,False,24.96,,,,11.0,6,37,,
(2019 UM9),50884046,0.9861,0.155,12.36,33.16,104.77,0.833,1.14,0.979,357.57975,2461200.5,184.76,0.0062,False,27.3,,,,2.0,5,81,,
(2019 UK12),50888775,0.9218,0.1253,5.53,35.67,170.69,0.806,1.04,0.885,323.24625,2461200.5,358.41,0.041,False,25.8,,,,4.0,7,28,,
(2019 UE13),50892033,0.8043,0.3607,7.45,216.69,333.34,0.514,1.09,0.721,263.34524999999996,2461200.5,290.13,0.0176,False,25.75,,,,13.0,7,36,,
(2019 UP13),50892189,0.9341,0.5119,15.81,220.24,49.61,0.456,1.41,0.903,329.82075000000003,2461200.5,186.74,0.0158,False,23.45,,,,36.0,6,66,,
(2019 UL130),54286247,0.9804,0.3219,3.15,53.08,113.29,0.665,1.3,0.971,354.65774999999996,2458788.5,269.39,0.00297,False,25.78,,,,5.0,8,9,,
(2019 VT),50892294,0.8763,0.6143,4.55,17.69,241.09,0.338,1.41,0.82,299.505,2458789.5,72.46,0.0246,False,24.45,,,,2.0,8,51,,
(2019 VV),50892303,0.9383,0.2955,0.34,250.28,31.33,0.661,1.22,0.909,332.01225,2461200.5,176.34,0.00312,False,25.33,,,,3640.0,0,106,,
(2019 VW),50892300,0.8801,0.1482,5.22,219.41,14.69,0.75,1.01,0.826,301.69649999999996,2461200.5,157.32,0.00977,False,26.75,,,,17.0,6,57,,
(2019 VJ2),50892680,0.865,0.3319,5.44,227.91,32.01,0.578,1.15,0.804,293.661,2461200.5,186.11,0.0237,False,26.1,,,,6.0,7,18,,
(2019 VU2),50892702,0.9385,0.1688,9.33,32.27,150.76,0.78,1.1,0.909,332.01225,2461200.5,321.86,0.0627,False,25.8,,,,14.0,6,25,,
(2019 VO3),50892720,0.6778,0.5161,26.46,42.06,178.09,0.328,1.03,0.558,203.8095,2461200.5,120.06,0.0347,False,25.9,,,,1.0,7,41,,
(2019 VA4),50892732,0.822,0.2434,9.02,221.89,354.13,0.622,1.02,0.745,272.11125,2461200.5,132.46,0.0278,False,27.8,,,,2.0,7,18,,
(2019 VM4),50892769,0.9683,0.1068,26.82,222.54,319.8,0.865,1.07,0.953,348.08324999999996,2458794.5,229.74,0.0502,False,26.7,,,,3.0,8,18,,
(2019 VL5),50892836,0.9969,0.279,1.78,277.84,239.49,0.719,1.28,0.995,363.42375,2461200.5,133.18,0.0058,False,25.86,,,,1827.0,0,39,,
(2019 VS5),50893236,0.8434,0.4313,10.89,73.5,137.85,0.48,1.21,0.775,283.06875,2461200.5,42.14,0.00948,False,23.21,,,,3649.0,0,40,,
(2019 WJ),50893297,0.7114,0.5075,4.71,12.67,204.32,0.35,1.07,0.6,219.15,2461200.5,207.07,0.00376,False,22.49,,,,2203.0,0,60,,
(2019 WT1),50893428,0.8466,0.2639,11.02,62.26,211.86,0.623,1.07,0.779,284.52975000000004,2461200.5,270.43,0.0188,False,26.8,,,,8.0,6,36,,
(2019 WU1),50893470,0.9124,0.1161,17.47,61.46,200.94,0.807,1.02,0.872,318.498,2461200.5,335.08,0.0214,False,26.4,,,,10.0,3,58,,
(2019 WC4),50893661,0.9303,0.4877,9.83,289.82,272.8,0.477,1.38,0.897,327.62925,2461200.5,3.97,0.0858,False,22.4,,,,2470.0,2,42,,
(2019 WP4),50893743,0.9796,0.3477,20.69,66.24,241.75,0.639,1.32,0.97,354.2925,2461200.5,341.95,0.0296,False,24.41,,,,9.0,7,57,,
(2019 WB7),50939991,0.8017,0.2936,1.62,260.52,340.11,0.566,1.04,0.718,262.2495,2461200.5,230.34,0.00455,False,24.75,,,,1821.0,0,40,,
(2019 XB),50893793,0.7279,0.4028,6.13,269.63,344.45,0.435,1.02,0.621,226.82025,2461200.5,350.23,0.00605,False,23.53,,,,1851.0,0,153,,
(2019 XD),50893795,0.9475,0.163,20.4,67.82,238.36,0.793,1.1,0.922,336.76050000000004,2461200.5,131.2,0.0197,False,27.4,,,,5.0,7,13,,
(2019 XL),50893879,0.7902,0.3084,7.74,252.89,10.1,0.547,1.03,0.702,256.40549999999996,2461200.5,256.14,0.0301,False,26.6,,,,1.0,7,26,,
(2019 XQ),50893885,0.7179,0.4272,7.04,50.43,208.18,0.411,1.02,0.608,222.072,2461200.5,62.66,0.019,False,23.8,,,,33.0,7,65,,
(2019 XO1),50906020,0.7077,0.4003,6.62,71.96,180.02,0.424,0.99,0.595,217.32375,2461200.5,161.48,0.0049,False,24.35,,,,13.0,7,27,,
(2019 XQ1),50906022,0.9954,0.282,8.46,69.06,119.46,0.715,1.28,0.993,362.69325,2461200.5,109.04,0.0344,False,25.34,,,,366.0,1,35,,
(2019 XW1),50906652,0.9159,0.2029,5.6,49.77,241.4,0.73,1.1,0.877,320.32425,2458821.5,119.49,0.0074,False,25.7,,,,4.0,9,12,,
(2019 XT2),50909786,0.925,0.1599,13.47,255.56,56.19,0.777,1.07,0.89,325.0725,2461200.5,218.15,0.0033,False,26.4,,,,6.0,4,42,,
(2019 XL3),50933041,0.8714,0.1443,23.63,262.81,19.48,0.746,1.0,0.813,296.94825,2461200.5,143.07,0.00296,False,27.0,,,,3.0,5,31,,
(2019 YC2),50943388,0.9606,0.0623,9.99,88.15,238.0,0.901,1.02,0.941,343.70025,2461200.5,69.64,0.00508,False,26.8,,,,3.0,5,29,,
(2019 YG2),50943392,0.862,0.214,16.07,93.16,174.74,0.677,1.05,0.8,292.2,2461200.5,209.82,0.0612,False,25.27,,,,1476.0,1,46,,
(2019 YA3),50949032,0.9402,0.2683,1.54,257.17,62.73,0.688,1.19,0.912,333.108,2461200.5,136.79,0.000957,False,26.42,,,,17.0,5,18,,
(2019 YA4),50959245,0.923,0.4704,2.82,119.7,206.64,0.489,1.36,0.887,323.97675,2461200.5,174.18,0.0229,False,23.4,,,,3347.0,0,163,,
(2019 YB4),50959246,0.9935,0.1924,0.54,324.36,236.84,0.802,1.18,0.99,361.5975,2461200.5,98.1,0.0026,False,26.8,,,,4.0,6,37,,
(2019 YL4),50959254,0.9714,0.1697,8.1,107.71,176.47,0.807,1.14,0.957,349.54425,2461200.5,77.68,0.125,False,24.4,,,,776.0,2,52,,
(2019 YP5),50968783,0.9766,0.3842,10.36,318.16,299.02,0.601,1.35,0.965,352.46625,2461200.5,115.87,0.0142,False,22.46,,,,406.0,1,111,,
(2019 YL6),50971160,0.9327,0.0957,7.64,268.19,347.3,0.843,1.02,0.901,329.09025,2461200.5,263.74,0.0347,False,25.3,,,,20.0,6,16,,
(2020 AC),50968785,0.954,0.1106,9.38,280.03,295.76,0.848,1.06,0.932,340.413,2461200.5,222.09,0.0053,False,26.7,,,,3.0,4,93,,
(2020 AE),50968788,0.943,0.2359,2.18,67.04,159.57,0.721,1.17,0.916,334.569,2461200.5,268.53,0.0268,False,25.7,,,,12.0,5,62,,
(2020 AT),50972442,0.9861,0.2459,14.66,102.76,244.6,0.744,1.23,0.979,357.57975,2461200.5,291.98,0.0365,False,25.2,,,,12.0,7,86,,
(2020 AW),50972445,0.8083,0.234,0.36,321.11,315.83,0.619,1.0,0.727,265.53675,2461200.5,134.21,0.00278,False,28.73,,,,3.0,7,24,,
(2020 AC1),50973565,0.8602,0.2203,5.98,282.3,38.09,0.671,1.05,0.798,291.46950000000004,2461200.5,144.84,0.00351,False,28.39,,,,10.0,6,70,,
(2020 AY1),50976565,0.8816,0.2222,1.02,31.62,294.85,0.686,1.08,0.828,302.42699999999996,2461200.5,34.32,0.00645,False,25.3,,,,1884.0,0,151,,
(2020 AZ1),50976566,0.9161,0.0965,6.29,289.16,348.49,0.828,1.0,0.877,320.32425,2461200.5,307.5,0.0183,False,26.6,,,,13.0,7,30,,
(2020 AB2),50976568,0.8043,0.3264,2.62,102.2,156.15,0.542,1.07,0.721,263.34524999999996,2461200.5,195.41,0.00813,False,27.0,,,,7.0,7,27,,
(2020 AO2),50978249,0.9169,0.4602,18.09,301.41,300.02,0.495,1.34,0.878,320.6895,2458853.5,278.22,0.0236,False,23.2,,,,3.0,9,28,,
(2020 AE3),50986660,0.82,0.2893,28.1,108.51,214.07,0.583,1.06,0.743,271.38075,2461200.5,1.24,0.00419,False,23.25,,,,1110.0,1,45,,
(2020 AH3),50986700,0.9473,0.0686,27.67,109.99,208.19,0.882,1.01,0.922,336.76050000000004,2461200.5,130.15,0.0198,False,24.3,,,,3.0,7,44,,
(2020 AK3),50986702,0.9884,0.1401,10.93,301.92,283.25,0.85,1.13,0.983,359.04075,2461200.5,87.0,0.0133,False,26.13,,,,14.0,6,51,,
(2020 AL3),50986703,0.9811,0.394,8.48,114.11,115.51,0.595,1.37,0.972,355.02299999999997,2461200.5,140.67,0.00464,False,26.2,,,,4.0,7,52,,
(2020 AP3),50986708,0.903,0.1892,2.34,77.42,255.34,0.732,1.07,0.858,313.3845,2461200.5,296.22,0.0152,False,26.6,,,,11.0,7,19,,
(2020 AQ24),54293876,0.9933,0.0397,31.93,293.73,288.06,0.954,1.03,0.99,361.5975,2458861.5,254.47,0.0205,False,24.98,,,,5.0,8,35,,
(2020 BE),50986724,0.9372,0.1155,47.66,119.15,176.15,0.829,1.05,0.907,331.28175,2458868.5,181.86,0.0612,False,21.95,,,,15.0,8,170,,
(2020 BW),50986762,0.9311,0.3278,3.38,10.21,249.29,0.626,1.24,0.899,328.35975,2461200.5,288.15,0.0101,False,24.3,,,,19.0,4,42,,
(2020 BZ),50986765,0.9478,0.2723,14.9,300.56,58.34,0.69,1.21,0.923,337.12575000000004,2461200.5,61.44,0.0271,False,27.1,,,,5.0,6,23,,
(2020 BF1),50986768,0.9621,0.1326,1.37,342.23,247.58,0.835,1.09,0.944,344.796,2461200.5,180.64,0.00224,False,26.2,,,,5.0,5,21,,
(2020 BK1),50986785,0.7811,0.568,21.08,116.08,178.08,0.337,1.22,0.69,252.02249999999998,2461200.5,283.9,0.179,False,22.9,,,,739.0,2,42,,
(2020 BM1),50986787,0.8679,0.3288,15.43,304.54,27.89,0.583,1.15,0.809,295.48725,2461200.5,81.56,0.076,False,25.6,,,,2.0,6,20,,
(2020 BT2),50986855,0.7236,0.4202,4.09,168.47,133.24,0.42,1.03,0.615,224.62875,2458872.5,170.41,0.0312,False,23.67,,,,16.0,8,34,,
(2020 BT3),50986871,0.8309,0.2868,13.98,298.89,8.21,0.593,1.07,0.757,276.49425,2458869.5,168.29,0.077,False,25.56,,,,5.0,8,28,,
(2020 BZ4),50989106,0.9454,0.2809,6.07,124.88,121.28,0.68,1.21,0.919,335.66475,2461200.5,243.66,0.0118,False,27.6,,,,7.0,5,24,,
(2020 BF5),50989111,0.9798,0.2599,7.27,130.39,130.77,0.725,1.23,0.97,354.2925,2461200.5,92.96,0.0468,False,25.0,,,,23.0,5,45,,
(2020 BN7),50989192,0.9527,0.1244,8.24,97.82,198.1,0.834,1.07,0.93,339.6825,2461200.5,146.52,0.0729,False,23.8,,,,42.0,4,29,,
(2020 BF8),50989208,0.9617,0.0995,7.56,124.96,230.81,0.866,1.06,0.943,344.43075,2461200.5,30.42,0.0268,False,28.3,,,,3.0,5,19,,
(2020 BJ8),50989211,0.8691,0.204,29.31,124.42,194.1,0.692,1.05,0.81,295.8525,2461200.5,113.98,0.0535,False,24.14,,,,6.0,7,34,,
(2020 BO8),50989216,0.9542,0.2687,30.16,311.4,322.45,0.698,1.21,0.932,340.413,2461200.5,176.35,0.126,False,23.7,,,,30.0,6,42,,
(2020 BP8),50989217,0.8549,0.5771,10.42,120.72,224.34,0.362,1.35,0.79,288.5475,2458873.5,79.73,0.00343,False,25.5,,,,2.0,8,28,,
(2020 BV9),50989243,0.9909,0.253,3.33,300.42,318.07,0.74,1.24,0.986,360.1365,2461200.5,52.8,0.0316,False,26.1,,,,766.0,2,42,,
(2020 BN10),50989265,0.9278,0.3443,20.52,185.74,69.02,0.608,1.25,0.894,326.5335,2461200.5,298.29,0.0479,True,20.99,,,,3750.0,2,57,,
(2020 BL11),50989282,0.9889,0.0089,5.91,307.98,290.57,0.98,1.0,0.983,359.04075,2461200.5,54.17,0.00694,False,27.8,,,,7.0,3,25,,
(2020 BP11),50989286,0.7369,0.376,7.35,304.37,3.8,0.46,1.01,0.633,231.20325,2458874.5,176.8,0.0248,False,26.8,,,,6.0,8,18,,
(2020 BQ12),50989303,0.9085,0.21,8.76,313.34,307.56,0.718,1.1,0.866,316.30649999999997,2461200.5,5.75,0.00627,False,24.5,,,,16.0,6,39,,
(2020 BW12),50989307,0.9903,0.042,18.76,124.18,251.02,0.949,1.03,0.985,359.77125,2461200.5,268.74,0.0177,False,26.1,,,,4.0,6,35,,
(2020 BW13),50989331,0.946,0.0944,0.48,297.98,349.32,0.857,1.04,0.92,336.03000000000003,2461200.5,174.55,0.0058,False,27.4,,,,28.0,6,42,,
(2020 BX15),50989700,0.7656,0.4502,24.0,334.93,339.12,0.421,1.11,0.67,244.7175,2461200.5,32.05,0.0503,False,21.21,,,,2220.0,1,81,,
(2020 CA),50989372,0.8817,0.4394,1.22,136.46,125.74,0.494,1.27,0.828,302.42699999999996,2461200.5,158.56,0.00128,False,29.6,,,,,6,13,,
(2020 CB),50989378,0.9925,0.2851,3.7,134.17,248.08,0.71,1.28,0.989,361.23225,2461200.5,226.56,0.00741,False,27.7,,,,2.0,6,25,,
(2020 CG),50989423,0.9384,0.2593,4.33,128.22,240.8,0.695,1.18,0.909,332.01225,2461200.5,93.73,0.00482,False,25.16,,,,20.0,6,35,,
(2020 CD1),50989671,0.9322,0.2511,29.04,132.17,238.39,0.698,1.17,0.9,328.725,2458883.5,96.33,0.0183,False,26.1,,,,1.0,8,16,,
(2020 CH1),50989675,0.9061,0.2254,11.43,319.92,43.37,0.702,1.11,0.862,314.8455,2461200.5,239.1,0.0304,False,25.5,,,,22.0,6,41,,
(2020 CL1),50989694,0.7245,0.392,45.48,325.89,9.72,0.441,1.01,0.617,225.35925,2461200.5,266.33,0.0115,True,19.96,,,,6946.0,0,141,,
(2020 CB2),50991577,0.8556,0.2807,27.14,1.01,50.17,0.615,1.1,0.791,288.91275,2458885.5,95.4,0.0308,True,20.2,,,,3.0,9,13,,
(2020 CQ2),50991611,0.9527,0.2531,5.03,144.52,247.48,0.712,1.19,0.93,339.6825,2461200.5,8.98,1e-05,False,28.6,,,,3.0,4,88,,
(2020 CE3),54006018,0.98,0.5131,16.42,122.29,250.55,0.477,1.48,0.97,354.2925,2458885.5,66.16,0.0516,False,24.5,,,,1.0,9,10,,
(2020 DF),50991633,0.7608,0.3351,13.09,322.53,18.51,0.506,1.02,0.664,242.526,2458896.5,151.79,0.00254,False,26.18,,,,3.0,8,22,,
(2020 DK),50991636,0.6893,0.4995,2.81,323.03,13.37,0.345,1.03,0.572,208.92299999999997,2461200.5,167.94,0.00372,False,26.06,,,,17.0,7,53,,
(2020 DO),50991642,0.9471,0.0706,8.29,148.5,177.01,0.88,1.01,0.922,336.76050000000004,2461200.5,126.01,0.0256,False,27.0,,,,9.0,6,37,,
(2020 DW),50991673,0.858,0.1689,0.06,92.56,213.73,0.713,1.0,0.795,290.37375000000003,2461200.5,179.86,0.000204,False,30.4,,,,3.0,5,51,,
(2020 DX1),50991722,0.9934,0.1402,11.29,153.55,242.02,0.854,1.13,0.99,361.5975,2461200.5,229.28,0.0446,False,26.5,,,,12.0,7,33,,
(2020 DB3),54000955,0.7449,0.3895,11.28,43.03,264.23,0.455,1.04,0.643,234.85575,2461200.5,160.88,0.152,False,20.52,,,,5198.0,1,88,,
(2020 DO3),54005659,0.8091,0.5619,6.81,155.95,216.67,0.354,1.26,0.728,265.902,2461200.5,315.3,0.0035,False,27.5,,,,1.0,6,21,,
(2020 DO4),54006020,0.9114,0.2079,1.17,170.64,213.87,0.722,1.1,0.87,317.7675,2461200.5,190.66,0.00741,False,27.5,,,,6.0,6,33,,
(2020 DR4),54006023,0.8153,0.2924,4.36,336.44,32.3,0.577,1.05,0.736,268.824,2461200.5,317.34,0.000239,False,29.75,,,,3.0,6,24,,
(2020 DP16),54293316,0.9189,0.0976,27.01,146.05,174.68,0.829,1.01,0.881,321.78525,2461200.5,245.66,0.0205,False,25.58,,,,6.0,7,29,,
(2020 EF),54013540,0.9595,0.115,6.85,352.53,319.39,0.849,1.07,0.94,343.335,2461200.5,99.08,0.0325,False,26.2,,,,18.0,6,30,,
(2020 FL),54016203,0.8712,0.3968,5.9,358.02,309.84,0.526,1.22,0.813,296.94825,2461200.5,147.07,0.00257,False,24.81,,,,1423.0,3,82,,
(2020 FM),54016204,0.9922,0.3125,21.61,173.03,246.29,0.682,1.3,0.988,360.867,2461200.5,187.68,0.0228,False,24.1,,,,369.0,2,72,,
(2020 FK1),54016226,0.9514,0.0896,8.97,174.97,234.87,0.866,1.04,0.928,338.952,2461200.5,14.06,0.000656,False,27.4,,,,1.0,6,58,,
(2020 FJ3),54016321,0.83,0.2842,13.3,3.29,19.5,0.594,1.07,0.756,276.129,2461200.5,228.41,0.0394,False,23.93,,,,1099.0,1,31,,
(2020 FV4),54016361,0.7136,0.4417,3.65,18.84,335.64,0.398,1.03,0.603,220.24575,2461200.5,309.85,0.00899,False,25.39,,,,7.0,7,64,,
(2020 FM5),54016375,0.9125,0.1893,3.49,178.7,138.77,0.74,1.09,0.872,318.498,2461200.5,288.48,0.00997,False,28.6,,,,2.0,6,25,,
(2020 GB),54016430,0.9409,0.3333,6.31,192.67,122.22,0.627,1.25,0.913,333.47325,2461200.5,193.08,0.00505,False,25.7,,,,12.0,6,90,,
(2020 GE),54016433,0.9873,0.0495,1.67,171.73,68.14,0.938,1.04,0.981,358.31025,2461200.5,23.92,0.00125,False,28.17,,,,1699.0,1,58,3.0,4.0
(2020 GF),54016434,0.8373,0.236,3.95,5.26,348.66,0.64,1.03,0.766,279.7815,2461200.5,234.29,0.0168,False,26.0,,,,13.0,7,16,,
(2020 GQ),54016448,0.8985,0.1707,6.14,187.69,206.73,0.745,1.05,0.852,311.193,2461200.5,244.36,0.0241,False,26.4,,,,12.0,7,30,,
(2020 GE1),54016464,0.9936,0.0844,7.77,17.04,71.13,0.91,1.08,0.99,361.5975,2461200.5,178.91,0.0122,False,27.1,,,,12.0,4,90,,
(2020 GX2),54016520,0.9105,0.1969,17.14,204.95,218.99,0.731,1.09,0.869,317.40225,2461200.5,152.71,0.0276,False,26.5,,,,7.0,5,48,,
(2020 GZ2),54016528,0.8068,0.3758,2.55,30.65,324.71,0.504,1.11,0.725,264.80625,2461200.5,53.49,0.000636,False,27.9,,,,4.0,6,41,,
(2020 GE3),54016533,0.9024,0.2345,1.46,171.99,189.16,0.691,1.11,0.857,313.01925,2461200.5,283.44,0.0179,False,26.11,,,,4431.0,0,50,,
(2020 HF),54016545,0.8818,0.2782,0.31,267.67,74.1,0.637,1.13,0.828,302.42699999999996,2461200.5,42.36,0.00203,False,25.2,,,,2.0,6,24,,
(2020 HT),54016563,0.9358,0.1702,9.54,209.06,214.26,0.777,1.1,0.905,330.55125,2461200.5,54.57,0.0444,False,26.7,,,,10.0,7,27,,
(2020 HY),54016576,0.8988,0.5525,18.27,207.13,224.51,0.402,1.4,0.852,311.193,2461200.5,156.29,0.0119,False,22.91,,,,2225.0,0,120,,
(2020 HP1),54016590,0.9832,0.1329,4.5,203.53,255.74,0.852,1.11,0.975,356.11875,2461200.5,199.04,0.00223,False,28.6,,,,8.0,4,29,,
(2020 HU1),54016608,0.8011,0.349,43.44,207.74,189.58,0.522,1.08,0.717,261.88425,2458960.5,162.15,0.0682,False,23.5,,,,12.0,8,78,,
(2020 HY1),54016613,0.8786,0.3304,2.52,186.7,223.84,0.588,1.17,0.824,300.966,2461200.5,307.89,0.00438,False,24.31,,,,1898.0,2,58,,
(2020 HW2),54016641,0.8138,0.3746,3.28,91.49,271.32,0.509,1.12,0.734,268.0935,2458958.5,235.21,0.0444,False,24.89,,,,7.0,8,30,,
(2020 HX2),54016642,0.8693,0.313,9.26,98.42,266.29,0.597,1.14,0.81,295.8525,2461200.5,79.97,0.0857,False,22.11,,,,1461.0,1,54,,
(2020 HQ3),54016671,0.9874,0.3232,3.64,212.57,123.57,0.668,1.31,0.981,358.31025,2461200.5,359.16,0.0122,False,25.36,,,,18.0,6,78,,
(2020 HL4),54016687,0.7958,0.3927,6.39,46.73,2.1,0.483,1.11,0.71,259.3275,2461200.5,18.75,0.0558,False,24.6,,,,23.0,7,42,,
(2020 HM5),54016732,0.8702,0.6223,11.58,41.03,27.94,0.329,1.41,0.812,296.583,2458964.5,77.09,0.0446,False,23.6,,,,7.0,8,65,,
(2020 HO5),54016734,0.9891,0.024,4.71,211.81,131.42,0.965,1.01,0.984,359.406,2461200.5,308.84,0.000407,False,28.5,,,,3.0,4,47,,
(2020 HY6),54016771,0.738,0.4312,9.37,36.43,16.4,0.42,1.06,0.634,231.5685,2461200.5,17.15,0.0112,False,26.9,,,,4.0,7,58,,
(2020 HE7),54016778,0.8726,0.171,3.68,214.6,184.41,0.723,1.02,0.815,297.67875,2461200.5,359.11,0.0156,False,28.8,,,,3.0,7,24,,
(2020 HK7),54016780,0.9142,0.6293,13.77,207.62,206.11,0.339,1.49,0.874,319.2285,2461200.5,125.17,0.0738,False,21.86,,,,4761.0,0,73,,
(2020 HR8),54016817,0.8902,0.3497,4.65,39.62,316.03,0.579,1.2,0.84,306.81,2461200.5,355.68,0.0083,False,26.9,,,,6.0,6,35,,
(2020 HG9),54016914,0.864,0.4184,1.74,64.44,308.86,0.502,1.23,0.803,293.29575,2461200.5,97.89,0.00316,False,23.38,,,,1470.0,1,199,,
(2020 JG),54016955,0.8651,0.467,6.1,220.17,225.78,0.461,1.27,0.805,294.02625,2461200.5,297.15,0.000808,False,25.8,,,,9.0,6,45,,
(2020 JU),54016975,0.9389,0.0862,10.7,259.03,167.1,0.858,1.02,0.91,332.3775,2461200.5,53.9,0.00219,True,20.83,,,,184.0,3,303,,
(2020 JG1),54016993,0.9725,0.1033,9.96,229.55,156.43,0.872,1.07,0.959,350.27475,2461200.5,331.01,0.0498,False,25.95,,,,14.0,4,43,,
(2020 JQ1),54017003,0.7724,0.5396,7.32,230.68,212.42,0.356,1.19,0.679,248.00475000000003,2461200.5,83.99,0.000981,False,26.1,,,,8.0,7,41,,
(2020 JK2),54017041,0.9389,0.2475,6.09,235.57,227.69,0.707,1.17,0.91,332.3775,2461200.5,347.43,0.02,False,27.31,,,,2.0,6,14,,
(2020 JZ2),54017076,0.9456,0.199,9.32,69.25,21.03,0.757,1.13,0.92,336.03000000000003,2461200.5,343.95,0.0823,False,25.7,,,,15.0,6,32,,
(2020 KK),54017063,0.8892,0.6909,20.79,56.51,31.93,0.275,1.5,0.838,306.0795,2458985.5,71.92,0.0392,False,24.65,,,,5.0,9,19,,
(2020 KT),54017086,0.8023,0.3938,5.78,171.64,230.58,0.486,1.12,0.719,262.61475,2461200.5,8.09,0.0249,False,24.05,,,,1824.0,1,54,,
(2020 KV),54017088,0.9654,0.1701,23.73,66.15,300.47,0.801,1.13,0.949,346.62225,2461200.5,26.59,0.0118,False,25.0,,,,15.0,6,68,,
(2020 KA1),54017094,0.8914,0.1678,14.67,233.03,199.93,0.742,1.04,0.842,307.5405,2461200.5,231.6,0.0177,False,26.7,,,,5.0,6,24,,
(2020 KR2),54017162,0.957,0.1643,3.03,199.17,262.87,0.8,1.11,0.936,341.874,2461200.5,288.43,0.0172,False,26.6,,,,5.0,6,17,,
(2020 KS2),54017163,0.8772,0.205,29.84,233.57,173.63,0.697,1.06,0.822,300.2355,2458990.5,194.6,0.0444,False,24.4,,,,4.0,8,34,,
(2020 KS3),54017198,0.9684,0.2798,11.25,61.82,313.09,0.697,1.24,0.953,348.08324999999996,2458991.5,259.38,0.0507,False,23.5,,,,6.0,8,19,,
(2020 KF4),54017216,0.8625,0.3587,13.82,61.13,13.26,0.553,1.17,0.801,292.56525,2458991.5,153.05,0.107,False,24.4,,,,10.0,8,15,,
(2020 KJ4),54017225,0.9748,0.1335,2.86,67.58,293.9,0.845,1.1,0.962,351.3705,2461200.5,355.56,0.000351,False,29.9,,,,7.0,5,44,,
(2020 KK5),54017258,0.9321,0.6337,15.15,83.24,325.08,0.341,1.52,0.9,328.725,2461200.5,131.07,0.0429,True,21.84,,,,2512.0,1,50,,
(2020 KS5),54017264,0.8447,0.4303,13.41,63.15,326.95,0.481,1.21,0.776,283.434,2461200.5,167.87,0.0314,False,25.4,,,,2.0,7,19,,
(2020 KF6),54017282,0.9242,0.1714,21.83,248.87,131.21,0.766,1.08,0.889,324.70725,2461200.5,169.08,0.00219,False,23.8,,,,2.0,7,27,,
(2020 KR6),54017292,0.9821,0.4824,24.03,33.95,77.33,0.508,1.46,0.973,355.38824999999997,2461200.5,131.3,0.105,False,20.06,,,,2167.0,1,60,,
(2020 KP7),54017323,0.9067,0.3532,22.68,259.69,192.5,0.586,1.23,0.863,315.21075,2461200.5,159.65,0.179,False,21.81,,,,4712.0,0,58,,
(2020 KQ7),54017324,0.9711,0.1122,2.15,112.01,284.09,0.862,1.08,0.957,349.54425,2461200.5,327.28,0.0101,False,26.5,,,,29.0,4,29,0.0,1.0
(2020 LE),54017369,0.7916,0.3961,21.5,255.47,196.02,0.478,1.11,0.704,257.13599999999997,2461200.5,334.53,0.0556,False,22.19,,,,1846.0,1,164,,
(2020 LO),54017403,0.9605,0.166,9.95,253.46,241.62,0.801,1.12,0.941,343.70025,2461200.5,240.44,0.00021,False,26.8,,,,15.0,5,51,,
(2020 LV),54017418,0.9146,0.1528,5.51,91.85,319.26,0.775,1.05,0.875,319.59375,2461200.5,166.62,0.00398,False,25.3,,,,9.0,4,40,2.0,1.0
(2020 ME),54017455,0.8428,0.2697,16.66,99.91,351.8,0.615,1.07,0.774,282.7035,2461200.5,71.21,0.0481,False,23.6,,,,31.0,6,46,,
(2020 MX),54017559,0.8329,0.2776,4.45,282.49,177.03,0.602,1.06,0.76,277.59,2461200.5,118.14,0.0317,False,23.95,,,,1093.0,1,170,,
(2020 MA1),54017563,0.8883,0.2044,4.9,101.66,9.92,0.707,1.07,0.837,305.71425,2461200.5,210.37,0.0354,False,25.4,,,,15.0,7,29,,
(2020 MS1),54017580,0.9629,0.1176,24.96,271.2,151.03,0.85,1.08,0.945,345.16125,2461200.5,329.4,0.0416,False,23.3,,,,23.0,7,118,,
(2020 MP2),54017615,0.9806,0.2932,13.84,127.87,303.12,0.693,1.27,0.971,354.65774999999996,2461200.5,243.18,0.0325,False,22.23,,,,1512.0,1,92,,
(2020 MK3),54017652,0.8087,0.3602,2.36,94.54,334.3,0.517,1.1,0.727,265.53675,2461200.5,298.89,0.00407,False,25.8,,,,13.0,7,42,,
(2020 MO3),54017662,0.9479,0.2094,1.57,53.85,77.97,0.749,1.15,0.923,337.12575000000004,2461200.5,293.14,0.00881,False,24.6,,,,448.0,4,28,,
(2020 MR3),54017665,0.8184,0.606,8.3,276.81,175.16,0.322,1.31,0.74,270.285,2461200.5,225.53,0.0752,False,22.7,,,,3346.0,1,44,,
(2020 MA4),54017687,0.8609,0.4914,15.33,287.5,171.29,0.438,1.28,0.799,291.83475000000004,2461200.5,4.62,0.144,False,22.06,,,,2937.0,0,72,,
(2020 NC),54017783,0.8262,0.2913,6.13,101.65,29.64,0.585,1.07,0.751,274.30275,2461200.5,92.69,0.00222,False,22.16,,,,2184.0,1,89,,
(2020 NJ1),54048814,0.9349,0.2751,7.72,295.48,197.64,0.678,1.19,0.904,330.18600000000004,2461200.5,346.98,0.0817,False,22.7,,,,35.0,5,54,,
(2020 OM),54048865,0.7112,0.4612,11.9,117.17,3.85,0.383,1.04,0.6,219.15,2461200.5,104.39,0.0195,False,26.93,,,,1.0,7,23,,
(2020 OP),54048867,0.8275,0.4102,29.11,299.13,191.7,0.488,1.17,0.753,275.03325,2461200.5,89.8,0.126,False,23.38,,,,1095.0,2,47,,
(2020 OC1),54048881,0.9312,0.1213,6.59,301.8,163.62,0.818,1.04,0.899,328.35975,2461200.5,35.93,0.0211,False,26.4,,,,27.0,5,49,,
(2020 OQ3),54049357,0.7948,0.5056,12.53,107.14,39.5,0.393,1.2,0.709,258.96225,2461200.5,229.02,0.0186,False,22.72,,,,21.0,6,17,,
(2020 OA5),54049796,0.9006,0.1854,20.03,303.49,165.02,0.734,1.07,0.855,312.28875,2461200.5,153.73,0.0429,False,26.9,,,,1.0,5,36,,
(2020 OJ5),54049807,0.9679,0.1949,22.24,313.54,147.74,0.779,1.16,0.952,347.71799999999996,2461200.5,283.2,0.0948,False,22.6,,,,33.0,6,25,,
(2020 OA6),54049856,0.9237,0.3774,1.54,164.73,273.16,0.575,1.27,0.888,324.342,2461200.5,124.88,0.0146,False,26.1,,,,11.0,6,43,,
(2020 OT6),54049873,0.9425,0.3781,22.27,121.93,60.81,0.586,1.3,0.915,334.20375,2461200.5,238.95,0.0176,True,20.1,,,,4508.0,0,66,,
(2020 PC),54049890,0.9333,0.0958,0.32,227.9,241.56,0.844,1.02,0.902,329.45550000000003,2461200.5,21.68,0.0037,False,28.0,,,,7.0,6,20,,
(2020 PK),54049904,0.9487,0.6455,33.22,150.92,17.03,0.336,1.56,0.924,337.49100000000004,2461200.5,182.72,0.238,False,21.58,,,,1905.0,1,61,,
(2020 PO),54049905,0.9564,0.2121,26.76,139.6,300.64,0.754,1.16,0.935,341.50875,2461200.5,343.57,0.00951,False,26.1,,,,3.0,7,63,,
(2020 PL2),54051038,0.9933,0.4378,34.61,320.4,239.61,0.558,1.43,0.99,361.5975,2461200.5,27.01,0.0133,False,23.06,,,,366.0,2,112,,
(2020 PU2),54051046,0.8676,0.2373,25.58,320.48,166.63,0.662,1.07,0.808,295.122,2461200.5,276.64,0.0504,False,25.5,,,,2.0,7,25,,
(2020 PK3),54051068,0.9527,0.169,6.09,161.78,348.89,0.792,1.11,0.93,339.6825,2461200.5,261.95,0.0788,False,24.7,,,,32.0,5,33,,
(2020 PH5),54051126,0.9882,0.3269,19.64,162.23,347.01,0.665,1.31,0.982,358.6755,2461200.5,150.88,0.241,False,22.37,,,,1875.0,1,61,,
(2020 PJ6),54051166,0.9615,0.099,0.81,141.37,314.27,0.866,1.06,0.943,344.43075,2461200.5,298.32,0.00185,False,25.6,,,,8.0,6,23,,
(2020 PK6),54051167,0.882,0.4928,12.09,124.25,0.12,0.447,1.32,0.828,302.42699999999996,2461200.5,238.3,0.15,False,23.56,,,,3.0,6,10,,
(2020 QU),54051168,0.9695,0.4172,16.62,142.22,330.7,0.565,1.37,0.955,348.81374999999997,2461200.5,278.29,0.134,False,23.4,,,,4.0,7,23,,
(2020 QY),54051175,0.8557,0.3886,26.41,325.7,137.27,0.523,1.19,0.792,289.278,2461200.5,21.46,0.00324,False,25.1,,,,2.0,7,48,,
(2020 QL1),54051183,0.8055,0.4251,29.98,148.55,350.16,0.463,1.15,0.723,264.07574999999997,2461200.5,207.89,0.118,False,24.1,,,,7.0,6,38,,
(2020 QN1),54051185,0.9302,0.2409,7.2,287.35,233.67,0.706,1.15,0.897,327.62925,2461200.5,333.58,0.00258,False,23.2,,,,3416.0,0,68,,
(2020 QQ2),54051286,0.814,0.2957,6.8,334.76,158.33,0.573,1.05,0.734,268.0935,2459080.5,204.04,0.00878,False,26.7,,,,2.0,8,10,,
(2020 QW2),54051291,0.7876,0.4172,19.74,211.96,307.23,0.459,1.12,0.699,255.30974999999998,2461200.5,260.85,0.0823,False,20.6,,,,742.0,1,100,,
(2020 QD3),54051298,0.8534,0.3289,5.34,150.75,332.43,0.573,1.13,0.788,287.817,2461200.5,353.4,0.022,False,26.2,,,,13.0,7,26,,
(2020 QR4),54051346,0.8458,0.3181,17.98,328.32,160.74,0.577,1.11,0.778,284.16450000000003,2461200.5,16.7,0.0656,False,24.4,,,,12.0,7,19,,
(2020 QU5),54051399,0.7229,0.5801,0.77,68.82,100.93,0.304,1.14,0.615,224.62875,2461200.5,279.22,0.0107,False,25.65,,,,1871.0,2,23,,
(2020 QV6),54053707,0.9317,0.6588,11.23,162.22,36.54,0.318,1.55,0.899,328.35975,2461200.5,213.49,0.0233,False,22.38,,,,3257.0,1,181,,
(2020 QX6),54053711,0.8231,0.3502,11.23,157.61,324.7,0.535,1.11,0.747,272.84175,2459090.5,242.4,0.00103,False,28.8,,,,1.0,9,9,,
(2020 RL),54053733,0.864,0.2048,14.24,337.06,195.46,0.687,1.04,0.803,293.29575,2461200.5,229.71,0.0201,False,25.1,,,,1.0,7,28,,
(2020 RS),54053743,0.8812,0.1865,9.74,162.94,18.46,0.717,1.05,0.827,302.06174999999996,2461200.5,136.86,0.0217,False,25.4,,,,15.0,6,22,,
(2020 RY2),54053855,0.9301,0.3752,3.08,165.62,53.98,0.581,1.28,0.897,327.62925,2461200.5,232.7,0.0023,False,26.6,,,,2.0,7,18,,
(2020 RF3),54053916,0.9618,0.5552,7.53,351.84,127.36,0.428,1.5,0.943,344.43075,2461200.5,324.69,0.000549,False,28.5,,,,2.0,6,42,,
(2020 RS3),54053928,0.8652,0.6048,9.31,355.27,158.78,0.342,1.39,0.805,294.02625,2461200.5,284.62,0.0559,False,22.81,,,,4378.0,0,65,,
(2020 RG6),54054314,0.9808,0.5747,1.12,310.74,266.86,0.417,1.54,0.971,354.65774999999996,2461200.5,29.71,0.0111,False,23.75,,,,748.0,2,80,,
(2020 RV6),54054327,0.8702,0.3623,2.08,182.42,321.92,0.555,1.19,0.812,296.583,2459107.5,228.03,0.00597,False,24.8,,,,9.0,8,16,,
(2020 RA7),54054332,0.9687,0.1968,2.12,181.44,54.9,0.778,1.16,0.953,348.08324999999996,2461200.5,98.43,0.00803,False,27.0,,,,11.0,4,84,,
(2020 RT8),54054404,0.9459,0.3259,3.23,23.28,176.69,0.638,1.25,0.92,336.03000000000003,2461200.5,215.81,0.0485,False,24.4,,,,12.0,6,17,,
(2020 RS9),54054459,0.9732,0.3378,20.55,162.38,42.95,0.644,1.3,0.96,350.64,2461200.5,110.53,0.0953,False,23.9,,,,8.0,7,16,,
(2020 SB),54054405,0.7255,0.3617,5.75,292.58,249.86,0.463,0.99,0.618,225.7245,2461200.5,258.41,0.0895,False,20.31,,,,1130.0,1,213,,
(2020 SW),54054455,0.9414,0.2112,2.32,1.8,118.96,0.743,1.14,0.913,333.47325,2461200.5,352.09,0.000326,False,29.06,,,,6.0,4,227,,
(2020 SK2),54054528,0.9349,0.341,22.15,179.28,312.81,0.616,1.25,0.904,330.18600000000004,2461200.5,16.88,0.0534,False,24.7,,,,9.0,7,46,,
(2020 SA3),54054562,0.9495,0.1745,8.2,183.13,49.7,0.784,1.12,0.925,337.85625,2461200.5,171.48,0.0219,False,25.4,,,,26.0,4,150,,
(2020 SS3),54054595,0.9128,0.3779,14.52,176.06,306.15,0.568,1.26,0.872,318.498,2461200.5,116.22,0.000948,False,28.47,,,,1.0,7,16,,
(2020 SW3),54054597,0.7774,0.3478,4.68,356.6,180.65,0.507,1.05,0.685,250.19625000000002,2459115.5,184.89,0.0274,False,26.9,,,,4.0,8,15,,
(2020 SN4),54054624,0.9431,0.2279,7.33,0.8,234.19,0.728,1.16,0.916,334.569,2461200.5,185.11,0.0132,False,26.6,,,,3.0,5,30,,
(2020 SV5),54054687,0.7218,0.5317,14.45,5.7,156.78,0.338,1.11,0.613,223.89825,2461200.5,343.85,0.00532,False,26.2,,,,1.0,7,16,,
(2020 SC6),54054692,0.9241,0.1641,11.28,359.47,169.52,0.773,1.08,0.888,324.342,2461200.5,349.81,0.0674,False,26.1,,,,9.0,7,18,,
(2020 SR6),54054711,0.8761,0.237,1.2,233.6,279.06,0.668,1.08,0.82,299.505,2461200.5,209.6,0.0128,False,25.7,,,,24.0,6,71,,
(2020 TK),54054774,0.9321,0.152,29.51,11.15,219.58,0.79,1.07,0.9,328.725,2461200.5,238.24,0.0296,False,24.8,,,,5.0,7,30,,
(2020 TJ1),54055040,0.9074,0.2144,29.91,195.64,337.67,0.713,1.1,0.864,315.576,2459131.5,208.92,0.0794,False,24.4,,,,8.0,8,35,,
(2020 TS1),54055062,0.8878,0.1706,3.05,17.23,145.25,0.736,1.04,0.837,305.71425,2461200.5,144.86,0.00168,False,29.2,,,,5.0,5,37,,
(2020 TE2),54055076,0.9863,0.2144,1.58,349.08,139.62,0.775,1.2,0.98,357.945,2461200.5,192.6,0.0155,False,26.25,,,,13.0,5,54,,
(2020 TL2),54055085,0.8661,0.2153,19.65,14.51,193.04,0.68,1.05,0.806,294.3915,2461200.5,167.41,0.044,False,24.5,,,,9.0,6,27,,
(2020 TV2),54055102,0.9286,0.2651,22.16,197.9,54.85,0.682,1.17,0.895,326.89875,2461200.5,213.82,0.0162,False,26.05,,,,4.0,7,36,,
(2020 TA3),54055107,0.8923,0.1588,11.59,20.72,167.81,0.751,1.03,0.843,307.90575,2461200.5,89.7,0.0313,False,26.4,,,,9.0,7,27,,
(2020 TQ3),54055119,0.8727,0.2449,1.51,347.85,172.48,0.659,1.09,0.815,297.67875,2461200.5,199.07,0.0154,False,26.5,,,,7.0,7,41,,
(2020 TK4),54057206,0.8571,0.3381,7.57,205.7,320.22,0.567,1.15,0.794,290.0085,2461200.5,287.22,0.0119,False,26.3,,,,11.0,6,58,,
(2020 TK5),54065896,0.7555,0.5375,3.45,197.71,30.23,0.349,1.16,0.657,239.96925000000002,2461200.5,335.2,0.000519,False,23.68,,,,1511.0,1,130,,
(2020 UA),54073339,0.8584,0.2726,1.92,27.49,137.79,0.624,1.09,0.795,290.37375000000003,2461200.5,274.07,1.33e-05,False,28.44,,,,4.0,4,68,,
(2020 UN1),54075312,0.8719,0.3148,11.16,33.72,133.72,0.597,1.15,0.814,297.3135,2461200.5,220.72,0.0055,False,25.4,,,,18.0,5,48,,
(2020 UE2),54075551,0.8776,0.2105,2.48,27.51,207.17,0.693,1.06,0.822,300.2355,2461200.5,82.34,0.00932,False,26.6,,,,4.0,7,16,,
(2020 UM2),54075581,0.9595,0.1233,2.62,198.45,328.35,0.841,1.08,0.94,343.335,2461200.5,228.59,0.0258,False,27.1,,,,17.0,6,27,,
(2020 UA3),54075596,0.9078,0.2391,0.65,0.87,165.55,0.691,1.12,0.865,315.94125,2461200.5,67.29,0.00735,False,26.7,,,,20.0,5,41,,
(2020 UF3),54075978,0.967,0.5742,27.49,29.64,127.45,0.412,1.52,0.951,347.35274999999996,2461200.5,269.98,0.000277,False,28.38,,,,2.0,7,36,,
(2020 UT3),54075991,0.9294,0.3186,28.52,205.96,307.98,0.633,1.23,0.896,327.264,2459143.5,267.49,0.0358,False,25.4,,,,2.0,8,21,,
(2020 UC4),54076013,0.9593,0.2981,0.61,291.18,217.16,0.673,1.25,0.94,343.335,2461200.5,271.19,0.00457,False,26.09,,,,6.0,6,30,,
(2020 UE4),54076015,0.9281,0.3702,3.81,56.44,132.02,0.585,1.27,0.894,326.5335,2461200.5,337.9,0.0129,False,23.53,,,,45.0,3,67,,
(2020 UO4),54076022,0.9736,0.0915,1.46,210.43,64.11,0.884,1.06,0.961,351.00525,2461200.5,54.01,0.00252,False,28.64,,,,494.0,2,82,,
(2020 UM5),54076927,0.6834,0.5595,9.22,33.32,170.19,0.301,1.07,0.565,206.36624999999998,2459145.5,201.43,0.0255,False,26.0,,,,7.0,8,22,,
(2020 UK6),54079787,0.9708,0.3541,24.7,28.95,133.5,0.627,1.31,0.956,349.179,2459145.5,260.84,0.0963,False,24.18,,,,10.0,8,13,,
(2020 VB),54087376,0.932,0.1735,27.99,224.11,330.95,0.77,1.09,0.9,328.725,2461200.5,291.77,0.0724,False,23.1,,,,32.0,6,134,,
(2020 VF),54087416,0.8459,0.3066,16.8,231.29,341.65,0.587,1.11,0.778,284.16450000000003,2461200.5,262.75,0.0797,False,24.1,,,,17.0,6,83,,
(2020 VH),54087418,0.8661,0.1871,2.3,40.35,154.2,0.704,1.03,0.806,294.3915,2461200.5,196.92,0.0049,False,28.5,,,,4.0,6,60,,
(2020 VL),54087420,0.9881,0.0799,5.59,229.29,29.3,0.909,1.07,0.982,358.6755,2461200.5,21.56,0.0525,False,25.12,,,,793.0,2,81,,
(2020 VW),54087438,0.8418,0.3467,3.05,221.49,41.56,0.55,1.13,0.772,281.973,2461200.5,193.32,0.00128,False,28.36,,,,15.0,6,23,,
(2020 VN1),54087576,0.9802,0.0633,3.51,43.92,255.06,0.918,1.04,0.97,354.2925,2461200.5,9.54,0.000372,False,27.93,,,,500.0,2,146,,
(2020 VY2),54087741,0.7962,0.4725,24.42,231.12,342.91,0.42,1.17,0.71,259.3275,2461200.5,162.31,0.108,False,23.85,,,,14.0,6,64,,
(2020 VA4),54087767,0.9823,0.1432,0.37,350.48,304.72,0.842,1.12,0.974,355.7535,2461200.5,353.26,0.00224,False,27.43,,,,1188.0,2,69,,
(2020 VP4),54087806,0.9342,0.1277,3.5,233.68,309.07,0.815,1.05,0.903,329.82075000000003,2461200.5,299.88,0.00519,False,27.6,,,,9.0,5,106,,
(2020 VT4),54087809,0.908,0.203,10.17,231.38,53.71,0.724,1.09,0.865,315.94125,2461200.5,262.21,0.000269,False,28.61,,,,5.0,5,34,,
(2020 VY4),54087812,0.782,0.4224,6.08,243.3,4.1,0.452,1.11,0.692,252.753,2459168.5,149.74,0.0499,False,25.0,,,,10.0,8,36,,
(2020 VU5),54087855,0.8319,0.2217,4.96,55.05,163.9,0.647,1.02,0.759,277.22475000000003,2461200.5,322.45,0.0118,False,27.4,,,,8.0,6,83,,
(2020 VZ5),54087860,0.8889,0.2932,22.63,246.14,44.66,0.628,1.15,0.838,306.0795,2461200.5,341.3,0.0321,True,21.02,,,,3676.0,0,183,,
(2020 VD6),54087863,0.8462,0.5673,18.21,231.03,334.04,0.366,1.33,0.778,284.16450000000003,2459170.5,265.57,0.0808,False,23.97,,,,10.0,8,33,,
(2020 WM),54088813,0.7968,0.41,3.43,71.51,133.31,0.47,1.12,0.711,259.69275,2461200.5,170.5,0.0101,False,25.0,,,,10.0,6,117,,
(2020 WR),54088817,0.9234,0.1584,3.9,52.46,224.05,0.777,1.07,0.887,323.97675,2461200.5,219.83,0.0109,False,27.5,,,,9.0,6,30,,
(2020 WR1),54091635,0.8425,0.3196,10.79,46.2,207.77,0.573,1.11,0.773,282.33825,2461200.5,215.0,0.0374,False,24.45,,,,18.0,7,48,,
(2020 WJ3),54092917,0.9159,0.3234,48.79,239.31,317.66,0.62,1.21,0.877,320.32425,2459176.5,255.47,0.0837,False,23.16,,,,12.0,8,112,,
(2020 WO3),54093080,0.7504,0.4775,27.62,244.96,348.69,0.392,1.11,0.65,237.4125,2461200.5,29.36,0.0926,False,23.01,,,,44.0,5,115,,
(2020 WU3),54093091,0.8768,0.3506,35.18,61.15,211.15,0.569,1.18,0.821,299.87025,2459176.5,127.05,0.0989,False,23.3,,,,2.0,8,32,,
(2020 WW3),54093093,0.9477,0.0865,17.25,61.98,216.18,0.866,1.03,0.923,337.12575000000004,2461200.5,138.54,0.0229,False,25.6,,,,9.0,6,52,,
(2020 WT4),54095170,0.8685,0.1723,0.8,77.36,169.67,0.719,1.02,0.809,295.48725,2461200.5,117.05,0.00549,False,27.79,,,,16.0,7,33,,
(2020 XC),54097863,0.9364,0.1093,2.53,68.78,234.15,0.834,1.04,0.906,330.9165,2461200.5,148.77,0.000713,False,29.04,,,,11.0,5,53,,
(2020 XF),54097866,0.9149,0.0958,4.38,71.21,211.82,0.827,1.0,0.875,319.59375,2461200.5,250.08,0.000464,False,26.84,,,,31.0,5,113,,
(2020 XG),54097868,0.9202,0.3636,1.27,254.96,53.23,0.586,1.25,0.883,322.51575,2461200.5,170.44,0.00203,False,28.14,,,,7.0,6,33,,
(2020 XM1),54098020,0.8235,0.3306,34.4,56.3,202.17,0.551,1.1,0.747,272.84175,2461200.5,280.02,0.0641,False,21.52,,,,1104.0,1,59,,
(2020 XR1),54098026,0.8112,0.4658,35.3,74.63,150.95,0.433,1.19,0.731,266.99775,2459192.5,244.37,0.0702,False,23.8,,,,13.0,8,27,,
(2020 XH2),54098712,0.9522,0.1921,1.04,218.23,101.31,0.769,1.14,0.929,339.31725,2461200.5,66.99,0.00476,False,27.1,,,,9.0,5,32,,
(2020 XJ3),54099613,0.8071,0.2652,5.56,277.9,326.21,0.593,1.02,0.725,264.80625,2461200.5,54.35,0.0104,False,25.7,,,,12.0,7,62,,
(2020 XK3),54099614,0.9244,0.2701,57.29,254.02,349.55,0.675,1.17,0.889,324.70725,2461200.5,261.41,0.181,False,21.73,,,,34.0,7,75,,
(2020 XV3),54099636,0.9909,0.197,31.33,82.19,196.79,0.796,1.19,0.986,360.1365,2461200.5,348.77,0.186,False,22.87,,,,1456.0,1,65,,
(2020 XY4),54099950,0.8631,0.3495,1.12,261.34,319.07,0.561,1.16,0.802,292.9305,2461200.5,199.86,0.00258,False,26.93,,,,1468.0,1,83,,
(2020 XA5),54100190,0.8208,0.3837,4.4,146.73,118.64,0.506,1.14,0.744,271.746,2461200.5,307.52,0.0256,False,24.29,,,,2245.0,1,53,,
(2020 XQ6),54100579,0.9634,0.6623,5.31,312.77,278.29,0.325,1.6,0.946,345.5265,2461200.5,212.06,0.0514,False,22.79,,,,21.0,7,72,,
(2020 XX6),54100584,0.8392,0.6894,12.54,88.04,205.21,0.261,1.42,0.769,280.87725,2459199.5,89.6,0.0416,False,24.0,,,,4.0,8,20,,
(2020 YB),54100616,0.9343,0.1668,0.98,80.53,126.76,0.779,1.09,0.903,329.82075000000003,2461200.5,277.79,0.00277,False,28.9,,,,5.0,5,55,,
(2020 YC),54100615,0.9366,0.2422,3.99,263.61,308.5,0.71,1.16,0.906,330.9165,2461200.5,271.83,0.015,False,25.87,,,,6.0,6,47,,
(2020 YF),54100620,0.8711,0.1376,2.54,266.05,346.94,0.751,0.99,0.813,296.94825,2461200.5,100.84,0.00201,False,28.82,,,,6.0,5,74,,
(2020 YH),54100624,0.742,0.4201,7.17,28.28,248.78,0.43,1.05,0.639,233.39475000000002,2461200.5,337.95,0.0807,False,21.98,,,,754.0,2,47,,
(2020 YP),54100692,0.8836,0.1412,19.34,270.38,330.2,0.759,1.01,0.831,303.52275,2461200.5,67.83,0.00288,False,24.6,,,,6.0,5,28,,
(2020 YT),54100694,0.8013,0.3701,5.58,271.47,2.74,0.505,1.1,0.717,261.88425,2459200.5,159.28,0.0511,False,25.51,,,,12.0,8,25,,
(2020 YU),54100696,0.7701,0.4045,31.57,268.12,330.25,0.459,1.08,0.676,246.90900000000002,2461200.5,274.4,0.00732,False,25.5,,,,3.0,6,44,,
(2020 YA1),54100904,0.9329,0.111,2.38,281.96,303.98,0.829,1.04,0.901,329.09025,2461200.5,257.54,0.000529,False,26.75,,,,16.0,6,65,,
(2020 YH1),54101344,0.9393,0.1231,11.29,271.89,314.46,0.824,1.05,0.91,332.3775,2461200.5,234.43,0.0255,False,27.2,,,,3.0,6,24,,
(2020 YM1),54101656,0.9047,0.1152,2.6,276.96,317.25,0.8,1.01,0.861,314.48025,2461200.5,349.78,0.00423,False,29.7,,,,2.0,7,15,,
(2020 YR1),54101661,0.7311,0.4214,8.32,54.8,235.94,0.423,1.04,0.625,228.28125,2461200.5,49.72,0.0712,False,22.76,,,,1856.0,1,52,,
(2020 YA2),54101667,0.8087,0.2398,2.56,263.01,13.46,0.615,1.0,0.727,265.53675,2461200.5,353.17,0.00412,False,28.2,,,,6.0,7,16,,
(2020 YK3),54101721,0.8204,0.2203,2.59,102.96,169.38,0.64,1.0,0.743,271.38075,2461200.5,300.12,0.00689,False,27.17,,,,16.0,7,25,,
(2020 YM3),54102018,0.9673,0.1159,4.92,98.9,102.28,0.855,1.08,0.951,347.35274999999996,2461200.5,170.14,0.00304,False,26.1,,,,13.0,5,23,,
(2020 YN3),54102019,0.9795,0.3176,3.69,287.37,47.66,0.668,1.29,0.969,353.92725,2461200.5,312.57,0.0245,False,23.38,,,,2276.0,1,119,,
(2020 YW3),54102026,0.9624,0.4056,5.56,251.06,75.23,0.572,1.35,0.944,344.796,2461200.5,0.06,0.0195,False,25.73,,,,12.0,7,21,,
(2020 YP4),54102521,0.9563,0.2122,1.11,81.37,131.49,0.753,1.16,0.935,341.50875,2461200.5,204.55,0.00711,False,26.05,,,,20.0,6,25,,
(2021 AN),54104254,0.8042,0.3628,30.14,282.92,329.49,0.512,1.1,0.721,263.34524999999996,2461200.5,64.61,0.0283,False,24.59,,,,12.0,6,49,,
(2021 AR),54104267,0.9539,0.4387,20.11,103.38,225.72,0.535,1.37,0.932,340.413,2459218.5,84.03,0.0718,False,23.95,,,,8.0,8,29,,
(2021 AA1),54104276,0.9805,0.1527,17.26,285.99,303.58,0.831,1.13,0.971,354.65774999999996,2461200.5,101.33,0.0559,False,26.1,,,,8.0,7,32,,
(2021 AB1),54104278,0.7317,0.463,9.06,101.38,201.68,0.393,1.07,0.626,228.6465,2459219.5,134.08,0.0111,False,26.7,,,,2.0,8,21,,
(2021 AG1),54104542,0.9393,0.1886,26.54,104.71,162.5,0.762,1.12,0.91,332.3775,2461200.5,192.84,0.119,False,24.25,,,,8.0,7,34,,
(2021 AC2),54104721,0.8712,0.2435,0.85,100.09,231.3,0.659,1.08,0.813,296.94825,2461200.5,351.9,0.00118,False,27.89,,,,3.0,6,35,,
(2021 AM2),54104844,0.9752,0.0141,8.4,107.54,138.52,0.961,0.99,0.963,351.73575,2461200.5,86.48,0.00187,False,27.18,,,,5.0,3,95,,
(2021 AP3),54104905,0.957,0.1128,8.45,304.57,8.41,0.849,1.06,0.936,341.874,2461200.5,70.76,0.0783,False,24.9,,,,32.0,4,60,,
(2021 AD4),54105103,0.9072,0.0881,9.46,106.55,194.25,0.827,0.99,0.864,315.576,2461200.5,262.05,0.000736,False,25.66,,,,9.0,6,42,,
(2021 AV4),54105261,0.9103,0.2031,13.3,105.9,81.78,0.725,1.1,0.868,317.037,2461200.5,351.16,0.0893,False,20.94,,,,2544.0,1,29,,
(2021 AZ4),54105263,0.9634,0.5082,44.52,115.89,201.28,0.474,1.45,0.946,345.5265,2461200.5,24.43,0.302,False,21.45,,,,1094.0,1,76,,
(2021 AF5),54105488,0.936,0.0714,4.25,112.29,208.52,0.869,1.0,0.906,330.9165,2461200.5,133.18,0.00883,False,24.82,,,,26.0,6,81,,
(2021 AU5),54105516,0.92,0.165,15.66,118.13,125.25,0.768,1.07,0.882,322.1505,2461200.5,283.38,0.00453,False,24.03,,,,6.0,6,32,,
(2021 AA6),54105522,0.8994,0.3922,14.38,295.77,307.04,0.547,1.25,0.853,311.55825,2461200.5,31.2,0.00643,False,26.89,,,,5.0,7,39,,
(2021 AG6),54105558,0.7558,0.3288,7.0,117.0,186.33,0.507,1.0,0.657,239.96925000000002,2461200.5,240.61,0.0152,False,26.88,,,,4.0,7,34,,
(2021 AM6),54105561,0.8289,0.2277,3.03,106.65,206.17,0.64,1.02,0.755,275.76375,2461200.5,209.24,0.00154,False,26.62,,,,36.0,7,52,,
(2021 AQ6),54105990,0.8901,0.2381,23.49,289.59,33.27,0.678,1.1,0.84,306.81,2461200.5,293.17,0.0594,False,24.8,,,,2.0,7,20,,
(2021 AX6),54105994,0.7829,0.3171,3.26,99.41,204.61,0.535,1.03,0.693,253.11825,2461200.5,88.38,0.00162,False,26.89,,,,34.0,7,25,,
(2021 BB),54106084,0.9324,0.1192,8.05,296.49,50.54,0.821,1.04,0.9,328.725,2461200.5,114.54,0.0087,False,28.02,,,,,6,27,,
(2021 BC),54106085,0.7061,0.4347,21.25,300.48,346.0,0.399,1.01,0.593,216.59324999999998,2461200.5,235.94,0.00552,False,24.3,,,,16.0,7,59,,
(2021 BD),54106087,0.8633,0.785,2.49,113.22,151.29,0.186,1.54,0.802,292.9305,2459230.5,302.26,0.00274,False,26.89,,,,3.0,8,33,,
(2021 BO),54106298,0.9468,0.1432,5.3,118.08,113.45,0.811,1.08,0.921,336.39525000000003,2461200.5,206.82,0.000288,False,32.95,,,,1.0,4,40,,
(2021 BZ),54106310,0.9945,0.3044,19.29,126.53,109.56,0.692,1.3,0.992,362.328,2461200.5,71.73,0.0142,False,24.76,,,,728.0,1,62,0.0,1.0
(2021 BJ1),54106343,0.8371,0.4446,11.48,120.45,145.04,0.465,1.21,0.766,279.7815,2461200.5,262.43,0.0294,False,24.4,,,,20.0,6,57,,
(2021 BP1),54106530,0.9685,0.1734,5.76,113.64,253.69,0.801,1.14,0.953,348.08324999999996,2461200.5,325.17,0.00184,False,29.6,,,,4.0,5,12,,
(2021 BW1),54106538,0.8843,0.1872,0.91,98.71,219.03,0.719,1.05,0.832,303.888,2461200.5,330.04,0.00154,False,26.5,,,,1883.0,0,46,,
(2021 BF2),54106569,0.927,0.2558,8.82,283.82,66.68,0.69,1.16,0.893,326.16825,2461200.5,113.26,0.00998,False,26.19,,,,3.0,6,13,,
(2021 BT2),54106586,0.9217,0.5098,23.38,306.91,39.24,0.452,1.39,0.885,323.24625,2459234.5,81.26,0.0791,False,24.05,,,,18.0,8,21,,
(2021 BJ3),54107791,0.6672,0.5207,9.69,312.64,352.89,0.32,1.01,0.545,199.06125,2461200.5,129.96,0.0143,False,25.1,,,,23.0,7,111,,
(2021 BS3),54110047,0.7821,0.3768,13.48,142.99,160.23,0.487,1.08,0.692,252.753,2461200.5,109.24,0.0365,False,23.71,,,,4010.0,0,143,,
(2021 CC),54109175,0.9141,0.2094,8.57,312.27,48.45,0.723,1.11,0.874,319.2285,2461200.5,155.84,0.0186,False,25.43,,,,20.0,5,119,,
(2021 CD),54109177,0.74,0.4215,4.71,129.2,202.74,0.428,1.05,0.637,232.66425,2461200.5,282.46,0.00303,False,27.23,,,,18.0,7,32,,
(2021 CF),54109178,0.7781,0.3524,9.22,129.26,192.71,0.504,1.05,0.686,250.56150000000002,2459248.5,162.99,0.0377,False,25.8,,,,8.0,8,31,,
(2021 CX),54110059,0.9873,0.2723,5.38,134.26,113.6,0.718,1.26,0.981,358.31025,2461200.5,78.15,0.0121,False,28.0,,,,5.0,7,20,,
(2021 CD1),54110065,0.8961,0.358,25.25,320.66,319.07,0.575,1.22,0.848,309.73199999999997,2461200.5,357.03,0.0646,False,24.13,,,,14.0,7,45,,
(2021 CE1),54110066,0.9813,0.2083,6.69,129.32,244.52,0.777,1.19,0.972,355.02299999999997,2461200.5,278.35,0.0223,False,26.0,,,,2.0,7,15,,
(2021 CH1),54110070,0.7506,0.5333,30.22,134.79,202.64,0.35,1.15,0.65,237.4125,2461200.5,196.62,0.0542,False,24.58,,,,3.0,7,19,,
(2021 CR1),54110077,0.872,0.444,12.63,137.06,144.78,0.485,1.26,0.814,297.3135,2461200.5,96.75,0.0472,False,25.1,,,,10.0,7,40,,
(2021 CT1),54110078,0.9851,0.153,8.84,130.99,235.52,0.834,1.14,0.978,357.2145,2461200.5,282.5,0.0493,False,25.33,,,,1559.0,2,35,,
(2021 CU1),54110079,0.9498,0.2599,2.35,321.9,293.16,0.703,1.2,0.926,338.2215,2461200.5,183.27,6.25e-05,False,28.6,,,,5.0,5,32,,
(2021 CC2),54110087,0.9298,0.0918,7.29,142.36,185.1,0.844,1.02,0.897,327.62925,2461200.5,153.39,0.0279,False,22.95,,,,3339.0,0,285,,
(2021 CP2),54110691,0.9708,0.2797,8.4,336.12,339.67,0.699,1.24,0.956,349.179,2461200.5,41.57,0.103,False,23.0,,,,417.0,2,78,,
(2021 CZ2),54110699,0.8207,0.4132,20.26,295.82,42.1,0.482,1.16,0.743,271.38075,2461200.5,178.19,0.00152,False,22.45,,,,1102.0,2,88,,
(2021 CY5),54115835,0.8546,0.2922,4.79,152.38,208.28,0.605,1.1,0.79,288.5475,2461200.5,22.0,0.0224,False,25.65,,,,1507.0,1,57,,
(2021 CL7),54117579,0.8887,0.1823,7.32,327.34,25.73,0.727,1.05,0.838,306.0795,2461200.5,267.87,0.0313,False,25.67,,,,22.0,6,55,,
(2021 CF8),54117604,0.9596,0.4018,2.05,353.31,288.74,0.574,1.35,0.94,343.335,2461200.5,142.22,0.00564,False,24.05,,,,23.0,6,135,,
(2021 CP9),54122196,0.7761,0.3097,14.85,332.06,5.73,0.536,1.02,0.684,249.83100000000002,2459262.5,163.5,0.025,False,26.97,,,,6.0,8,28,,
(2021 CR9),54122198,0.9156,0.2366,10.7,332.17,14.36,0.699,1.13,0.876,319.959,2461200.5,174.25,0.108,False,24.9,,,,28.0,6,39,,
(2021 CS9),54122200,0.9825,0.1801,14.98,139.25,258.91,0.806,1.16,0.974,355.7535,2461200.5,252.75,0.00141,False,24.29,,,,28.0,6,41,,
(2021 CT10),54125413,0.9193,0.3333,12.81,350.66,315.36,0.613,1.23,0.881,321.78525,2459259.5,217.8,0.0415,False,24.39,,,,2.0,9,11,,
(2021 DR),54123261,0.8948,0.1484,1.48,143.02,217.84,0.762,1.03,0.846,309.00149999999996,2461200.5,234.39,0.00109,False,27.78,,,,17.0,6,66,,
(2021 DK1),54123428,0.8496,0.3751,26.73,149.72,141.89,0.531,1.17,0.783,285.99075,2461200.5,171.88,0.0372,False,23.63,,,,6.0,7,66,,
(2021 DO1),54123429,0.8509,0.2399,10.95,337.14,0.82,0.647,1.06,0.785,286.72125,2461200.5,78.97,0.065,False,25.31,,,,16.0,7,35,,
(2021 DU1),54123627,0.994,0.2803,25.48,328.84,303.39,0.715,1.27,0.991,361.96274999999997,2459266.5,268.1,0.0772,False,23.89,,,,14.0,8,72,,
(2021 DA2),54124622,0.8983,0.21,8.58,152.84,230.92,0.71,1.09,0.851,310.82775,2461200.5,186.54,0.000491,False,29.17,,,,8.0,5,74,,
(2021 ER),54130036,0.8825,0.1572,5.45,161.64,213.31,0.744,1.02,0.829,302.79224999999997,2461200.5,254.13,3.59e-05,False,27.01,,,,1828.0,0,84,,
(2021 EX),54130072,0.9598,0.1527,2.45,165.82,122.8,0.813,1.11,0.94,343.335,2461200.5,105.22,0.00757,False,26.02,,,,27.0,6,69,,
(2021 EC1),54130076,0.9253,0.1736,8.16,350.61,42.4,0.765,1.09,0.89,325.0725,2461200.5,85.16,0.0266,False,26.45,,,,12.0,6,59,,
(2021 EM1),54130485,0.9051,0.1631,17.36,164.71,171.6,0.757,1.05,0.861,314.48025,2461200.5,229.87,0.0582,False,24.89,,,,5.0,6,92,,
(2021 EO1),54130488,0.7676,0.3133,14.64,165.72,175.49,0.527,1.01,0.672,245.448,2461200.5,124.88,0.0143,False,26.21,,,,4.0,6,111,,
(2021 EY1),54130498,0.9954,0.4553,6.02,165.96,121.5,0.542,1.45,0.993,362.69325,2461200.5,35.02,0.0083,False,26.68,,,,1.0,7,29,,
(2021 EH2),54130507,0.865,0.2675,3.37,348.04,30.42,0.634,1.1,0.804,293.661,2461200.5,321.29,0.0145,False,26.16,,,,12.0,7,34,,
(2021 EP2),54130762,0.9623,0.2118,0.69,261.57,104.66,0.759,1.17,0.944,344.796,2461200.5,354.36,0.00251,False,24.06,,,,476.0,2,112,,
(2021 EZ2),54131214,0.93,0.2799,4.44,146.44,234.29,0.67,1.19,0.897,327.62925,2461200.5,78.29,0.01,False,24.61,,,,17.0,6,30,,
(2021 EB3),54131319,0.7852,0.4518,2.77,4.07,315.3,0.43,1.14,0.696,254.21399999999997,2461200.5,79.31,0.00823,False,25.18,,,,7.0,7,29,,
(2021 EJ3),54131326,0.9239,0.0852,1.59,4.22,326.99,0.845,1.0,0.888,324.342,2461200.5,169.14,0.00378,False,27.72,,,,10.0,4,77,,
(2021 EL3),54131345,0.8155,0.2571,3.8,167.79,203.31,0.606,1.03,0.737,269.18925,2461200.5,189.86,0.00217,False,28.81,,,,4.0,7,18,,
(2021 EU3),54131354,0.8599,0.197,5.13,166.07,203.41,0.69,1.03,0.797,291.10425000000004,2461200.5,355.63,0.0118,False,27.2,,,,7.0,7,17,,
(2021 EC4),54131391,0.9503,0.5031,7.34,1.61,304.0,0.472,1.43,0.926,338.2215,2461200.5,153.19,0.00179,False,24.15,,,,37.0,6,46,,
(2021 EL4),54131528,0.9174,0.2987,1.66,180.17,230.21,0.643,1.19,0.879,321.05475,2461200.5,76.63,0.00381,False,25.78,,,,469.0,3,156,,
(2021 ER4),54131587,0.8636,0.4596,1.96,353.95,43.49,0.467,1.26,0.803,293.29575,2461200.5,277.14,0.00197,False,27.12,,,,3.0,6,19,,
(2021 FA),54131737,0.9259,0.1123,22.71,175.39,223.23,0.822,1.03,0.891,325.43775,2461200.5,81.63,0.00112,False,25.29,,,,15.0,6,55,,
(2021 FB),54131738,0.8428,0.2545,9.75,358.43,28.71,0.628,1.06,0.774,282.7035,2461200.5,44.07,0.0145,False,26.02,,,,6.0,6,151,,
(2021 FC),54131739,0.9563,0.1952,3.37,355.66,67.35,0.77,1.14,0.935,341.50875,2461200.5,305.44,1.19e-06,False,28.25,,,,5.0,4,79,,
(2021 FP),54132072,0.7591,0.5493,40.28,176.32,171.19,0.342,1.18,0.661,241.43025,2461200.5,177.31,0.152,False,22.84,,,,2933.0,1,69,,
(2021 FW2),54132514,0.9163,0.2512,2.56,10.51,304.04,0.686,1.15,0.877,320.32425,2461200.5,233.04,7.07e-05,False,25.31,,,,10.0,6,14,,
(2021 FY2),54132968,0.8687,0.1748,10.24,181.86,183.4,0.717,1.02,0.81,295.8525,2461200.5,335.5,0.0239,False,25.78,,,,12.0,7,32,,
(2021 FD50),54231706,0.9639,0.2407,9.01,357.55,59.07,0.732,1.2,0.946,345.5265,2461200.5,281.48,0.0231,False,26.89,,,,2.0,7,10,,
(2021 GB),54134094,0.9822,0.0361,7.51,16.95,8.29,0.947,1.02,0.973,355.38824999999997,2461200.5,282.11,0.0166,False,27.01,,,,13.0,3,49,,
(2021 GM1),54134666,0.978,0.0255,1.18,176.22,226.15,0.953,1.0,0.967,353.19675,2461200.5,276.79,0.000231,False,30.4,,,,344.0,1,113,,
(2021 GN1),54134665,0.9988,0.1893,26.9,14.12,68.64,0.81,1.19,0.998,364.5195,2459308.5,90.32,0.0318,False,26.42,,,,3.0,8,31,,
(2021 GK2),54134948,0.7489,0.6096,10.55,28.43,10.61,0.292,1.21,0.648,236.68200000000002,2461200.5,105.89,0.0584,False,23.3,,,,4754.0,0,110,,
(2021 GT2),54135136,0.9549,0.2328,3.07,239.75,134.47,0.733,1.18,0.933,340.77825,2461200.5,13.69,0.0148,False,24.27,,,,428.0,3,94,,
(2021 GP3),54135427,0.8475,0.2823,6.94,33.18,344.02,0.608,1.09,0.78,284.895,2461200.5,47.65,0.0375,False,24.11,,,,58.0,5,77,,
(2021 GU3),54135432,0.7482,0.3753,7.71,15.34,15.24,0.467,1.03,0.647,236.31675,2459312.5,152.11,0.00492,False,26.9,,,,1.0,8,21,,
(2021 GK4),54135546,0.9404,0.3031,47.95,19.97,344.05,0.655,1.23,0.912,333.108,2459313.5,201.86,0.199,False,23.11,,,,11.0,8,36,,
(2021 GD5),54135787,0.9904,0.221,36.73,18.9,71.74,0.771,1.21,0.986,360.1365,2461200.5,169.74,0.0102,False,27.2,,,,2.0,7,62,,
(2021 GQ5),54136185,0.8231,0.2801,4.06,20.93,330.88,0.593,1.05,0.747,272.84175,2461200.5,192.14,0.000866,False,28.51,,,,1.0,6,45,,
(2021 GK6),54136198,0.948,0.2262,29.08,193.59,153.12,0.734,1.16,0.923,337.12575000000004,2459314.5,228.2,0.121,False,23.9,,,,7.0,8,19,,
(2021 GU6),54136473,0.7199,0.4759,15.44,19.94,346.79,0.377,1.06,0.611,223.16774999999998,2461200.5,16.46,0.0263,False,26.42,,,,3.0,7,31,,
(2021 GL7),54136479,0.9612,0.5538,4.43,341.0,350.23,0.429,1.49,0.942,344.0655,2459315.5,288.0,0.0527,False,24.0,,,,4.0,8,39,,
(2021 GG8),54136770,0.9302,0.5767,23.3,23.2,42.41,0.394,1.47,0.897,327.62925,2459316.5,71.48,0.0385,False,25.67,,,,2.0,9,21,,
(2021 GN9),54137141,0.9418,0.4043,9.63,31.25,342.33,0.561,1.32,0.914,333.8385,2461200.5,69.99,0.103,False,23.26,,,,24.0,6,17,,
(2021 GQ10),54137454,0.9798,0.059,11.9,204.03,242.75,0.922,1.04,0.97,354.2925,2461200.5,222.7,0.000806,False,26.6,,,,6.0,4,105,,
(2021 GS12),54137509,0.9418,0.2351,2.48,227.63,204.96,0.72,1.16,0.914,333.8385,2461200.5,334.88,0.026,False,25.6,,,,25.0,4,20,,
(2021 GL16),54137806,0.99,0.1889,4.72,18.65,75.56,0.803,1.18,0.985,359.77125,2461200.5,171.16,0.000249,False,26.28,,,,19.0,6,17,,
(2021 GY23),54138696,0.9336,0.4244,13.71,30.54,327.39,0.537,1.33,0.902,329.45550000000003,2461200.5,134.22,0.0845,False,24.32,,,,24.0,6,23,,
(2021 HD),54138304,0.9137,0.3275,14.08,208.36,127.65,0.615,1.21,0.873,318.86325,2461200.5,223.92,0.00906,False,26.27,,,,4.0,6,22,,
(2021 HZ),54138707,0.8576,0.315,5.46,42.9,322.46,0.587,1.13,0.794,290.0085,2461200.5,27.61,0.00704,False,25.37,,,,4.0,7,21,,
(2021 HG1),54138714,0.9295,0.2995,10.52,209.67,128.27,0.651,1.21,0.896,327.264,2461200.5,167.11,0.0173,False,27.05,,,,7.0,6,56,,
(2021 HB2),54139093,0.9413,0.1276,10.38,207.1,227.67,0.821,1.06,0.913,333.47325,2461200.5,348.57,0.00849,False,28.34,,,,1.0,5,27,,
(2021 HO2),54139318,0.9522,0.1045,11.65,207.89,137.28,0.853,1.05,0.929,339.31725,2461200.5,63.34,0.0148,False,27.9,,,,2.0,5,23,,
(2021 HP2),54139319,0.9085,0.2681,13.52,30.8,311.94,0.665,1.15,0.866,316.30649999999997,2461200.5,229.01,0.015,False,27.43,,,,1.0,6,14,,
(2021 JB),54142828,0.931,0.2874,6.68,42.73,51.97,0.663,1.2,0.898,327.9945,2461200.5,342.2,0.0118,False,26.69,,,,7.0,4,41,,
(2021 JF),54142832,0.9579,0.1344,10.43,219.18,227.56,0.829,1.09,0.938,342.6045,2461200.5,282.92,0.0242,False,26.29,,,,10.0,5,36,,
(2021 JX),54143413,0.7681,0.369,1.62,63.74,358.93,0.485,1.05,0.673,245.81325,2461200.5,348.76,0.00933,False,27.35,,,,7.0,7,39,,
(2021 JR1),54143556,0.8925,0.2718,15.55,60.54,348.18,0.65,1.14,0.843,307.90575,2461200.5,181.97,0.104,False,23.36,,,,37.0,5,52,,
(2021 JK2),54144105,0.8848,0.2971,3.69,145.39,281.3,0.622,1.15,0.832,303.888,2461200.5,181.86,0.0346,False,24.76,,,,5495.0,0,40,,
(2021 JO2),54144230,0.9621,0.1096,14.15,53.11,318.26,0.857,1.07,0.944,344.796,2461200.5,4.41,0.0232,False,26.44,,,,7.0,6,30,,
(2021 JQ2),54144233,0.9652,0.203,9.76,47.8,294.04,0.769,1.16,0.948,346.257,2461200.5,39.03,0.000121,False,30.01,,,,1.0,4,36,,
(2021 JW2),54144237,0.8343,0.2505,0.39,53.48,4.34,0.625,1.04,0.762,278.3205,2461200.5,64.97,0.0027,False,27.63,,,,31.0,7,41,,
(2021 JX3),54144372,0.8222,0.4727,14.43,224.05,150.36,0.434,1.21,0.746,272.4765,2461200.5,189.02,0.036,False,25.34,,,,1.0,6,29,,
(2021 JY3),54144373,0.8586,0.1954,2.37,58.14,336.49,0.691,1.03,0.796,290.73900000000003,2461200.5,337.72,0.00196,False,28.45,,,,12.0,5,68,,
(2021 JJ4),54144921,0.8538,0.3477,4.49,228.87,206.91,0.557,1.15,0.789,288.18225,2459343.5,124.61,0.0215,False,26.13,,,,3.0,8,9,,
(2021 JT4),54144927,0.9449,0.2118,37.52,227.17,236.92,0.745,1.15,0.919,335.66475,2461200.5,294.17,0.011,False,25.71,,,,3.0,7,19,,
(2021 JZ5),54145088,0.8706,0.514,15.99,230.47,224.36,0.423,1.32,0.812,296.583,2461200.5,171.02,0.00141,False,28.35,,,,8.0,6,27,,
(2021 JL7),54145577,0.9285,0.4511,29.0,230.18,136.54,0.51,1.35,0.895,326.89875,2459347.5,264.27,0.0621,False,22.52,,,,13.0,8,57,,
(2021 JM7),54145576,0.9558,0.1854,36.42,228.48,160.57,0.779,1.13,0.935,341.50875,2459349.5,214.5,0.108,False,23.91,,,,4.0,8,20,,
(2021 JN10),54146233,0.7126,0.5734,10.84,57.87,334.68,0.304,1.12,0.602,219.88049999999998,2461200.5,35.31,0.00642,False,25.14,,,,1099.0,1,50,,
(2021 KC),54145785,0.9664,0.079,15.19,61.3,35.72,0.89,1.04,0.95,346.9875,2461200.5,250.23,0.0138,False,23.46,,,,25.0,5,123,,
(2021 KM),54146671,0.8893,0.3373,6.82,210.84,244.68,0.589,1.19,0.839,306.44475,2461200.5,122.56,0.0291,False,25.58,,,,2.0,7,23,,
(2021 KA1),54146683,0.9656,0.3181,2.55,211.32,152.33,0.658,1.27,0.949,346.62225,2461200.5,26.68,0.026,False,26.08,,,,13.0,6,23,,
(2021 KJ1),54147133,0.7374,0.5251,6.75,115.96,303.7,0.35,1.12,0.633,231.20325,2461200.5,173.7,0.0593,False,24.0,,,,18.0,7,32,,
(2021 KS1),54147140,0.8898,0.1562,5.82,234.6,184.4,0.751,1.03,0.839,306.44475,2461200.5,188.51,0.0175,False,28.28,,,,2.0,7,18,,
(2021 KF2),54147685,0.8814,0.3359,11.96,262.19,122.35,0.585,1.18,0.828,302.42699999999996,2461200.5,284.23,0.0328,False,22.93,,,,4.0,6,18,,
(2021 KO2),54149827,0.9953,0.4246,16.86,68.99,62.11,0.573,1.42,0.993,362.69325,2461200.5,87.58,0.0023,False,28.02,,,,2.0,7,20,,
(2021 KQ2),54150701,0.9129,0.1128,3.28,248.07,173.78,0.81,1.02,0.872,318.498,2461200.5,103.05,0.00142,False,29.96,,,,2.0,5,62,,
(2021 KD16),54231708,0.732,0.4957,3.66,125.2,286.46,0.369,1.09,0.626,228.6465,2461200.5,233.7,0.0494,False,24.76,,,,1833.0,1,31,,
(2021 KA17),54297314,0.9611,0.3662,6.11,45.19,81.18,0.609,1.31,0.942,344.0655,2461200.5,202.43,0.0362,True,21.91,,,,1212.0,2,108,,
(2021 LK),54153124,0.945,0.2141,7.2,76.67,300.22,0.743,1.15,0.919,335.66475,2461200.5,62.91,0.00209,False,26.75,,,,18.0,4,25,,
(2021 LC1),54154695,0.9529,0.4581,14.76,75.24,303.52,0.516,1.39,0.93,339.6825,2461200.5,66.69,0.00292,False,26.53,,,,1.0,6,45,,
(2021 LD2),54156746,0.8247,0.6382,12.84,84.08,345.05,0.298,1.35,0.749,273.57225,2461200.5,120.23,0.0775,False,22.0,,,,2900.0,0,45,,
(2021 LA3),54157358,0.9043,0.2274,23.79,84.57,350.06,0.699,1.11,0.86,314.115,2461200.5,124.48,0.0882,False,23.65,,,,27.0,6,33,,
(2021 LO3),54157826,0.7887,0.4884,3.96,181.17,254.63,0.404,1.17,0.701,256.04024999999996,2461200.5,235.25,0.0446,False,23.91,,,,11.0,7,25,,
(2021 LW3),54158069,0.8237,0.303,16.4,254.45,213.8,0.574,1.07,0.748,273.207,2461200.5,12.65,0.0118,False,23.07,,,,1128.0,0,134,,
(2021 LA6),54159398,0.9916,0.2046,11.61,257.31,129.13,0.789,1.19,0.987,360.50175,2461200.5,271.71,0.0531,False,25.73,,,,17.0,6,19,,
(2021 LD6),54159401,0.9882,0.1,0.77,100.65,288.77,0.889,1.09,0.982,358.6755,2461200.5,267.07,0.000763,False,27.2,,,,37.0,3,41,,
(2021 LE6),54159402,0.9635,0.4669,26.83,249.86,169.52,0.514,1.41,0.946,345.5265,2459377.5,222.84,0.29,False,22.31,,,,8.0,8,23,,
(2021 LF6),54159403,0.9809,0.038,2.7,257.95,176.87,0.944,1.02,0.972,355.02299999999997,2461200.5,235.42,0.00299,False,28.54,,,,16.0,4,28,,
(2021 LJ6),54159406,0.9612,0.5135,16.56,80.29,52.05,0.468,1.45,0.942,344.0655,2459377.5,69.69,0.00818,False,25.95,,,,4.0,8,22,,
(2021 LK6),54159407,0.933,0.3754,13.86,258.96,235.67,0.583,1.28,0.901,329.09025,2461200.5,279.77,0.000879,False,28.39,,,,5.0,7,13,,
(2021 LQ6),54160166,0.9051,0.6266,7.01,341.54,104.05,0.338,1.47,0.861,314.48025,2461200.5,124.29,0.0666,False,21.23,,,,4313.0,1,30,,
(2021 LK9),54161066,0.9698,0.3303,11.16,271.16,115.58,0.649,1.29,0.955,348.81374999999997,2459380.5,274.79,0.00423,False,25.47,,,,3.0,8,13,,
(2021 LL15),54161317,0.9726,0.3443,3.98,245.05,244.19,0.638,1.31,0.959,350.27475,2461200.5,166.64,0.000803,False,26.47,,,,5.0,7,13,,
(2021 MJ),54161318,0.8924,0.1956,40.11,122.83,20.79,0.718,1.07,0.843,307.90575,2461200.5,85.13,0.034,True,20.45,,,,5881.0,0,88,,
(2021 MK1),54161861,0.8077,0.288,19.24,273.98,199.0,0.575,1.04,0.726,265.1715,2461200.5,88.89,0.00119,True,21.32,,,,1896.0,2,316,,
(2021 MU2),54166590,0.631,0.6213,8.56,80.61,358.1,0.239,1.02,0.501,182.99025,2461200.5,65.75,0.00601,True,19.73,,,,3643.0,2,32,,
(2021 NM),54165800,0.9462,0.5102,2.14,273.55,236.19,0.463,1.43,0.92,336.03000000000003,2461200.5,202.67,0.00248,False,26.23,,,,2.0,7,17,,
(2021 NO1),54166592,0.9557,0.0997,18.79,276.93,212.62,0.86,1.05,0.934,341.1435,2459403.5,149.36,0.0161,False,25.08,,,,2.0,8,17,,
(2021 NR1),54166595,0.917,0.2309,10.42,272.7,221.36,0.705,1.13,0.878,320.6895,2461200.5,349.03,0.0231,False,25.75,,,,6.0,6,12,,
(2021 NR3),54167176,0.7743,0.3417,9.93,103.76,17.46,0.51,1.04,0.681,248.73525,2461200.5,229.28,0.00173,False,24.97,,,,7.0,7,16,,
(2021 NF90),54499717,0.8161,0.4401,17.84,293.3,216.56,0.457,1.18,0.737,269.18925,2459410.5,102.32,0.000886,False,30.5,,,,,8,6,,
(2021 OJ),54171755,0.8646,0.3983,42.81,303.89,167.03,0.52,1.21,0.804,293.661,2461200.5,232.32,0.168,False,22.54,,,,2895.0,1,31,,
(2021 OS),54172000,0.8107,0.4326,15.45,294.31,218.1,0.46,1.16,0.73,266.6325,2461200.5,1.03,0.00971,False,22.04,,,,4093.0,0,197,,
(2021 OT),54171999,0.9947,0.3003,16.49,117.14,66.29,0.696,1.29,0.992,362.328,2461200.5,52.15,0.00849,False,26.24,,,,1.0,6,53,,
(2021 OZ),54174525,0.9753,0.0788,17.86,310.55,206.1,0.898,1.05,0.963,351.73575,2461200.5,162.79,0.0277,False,23.39,,,,39.0,6,154,,
(2021 OC1),54175298,0.7505,0.4482,9.84,304.27,204.3,0.414,1.09,0.65,237.4125,2461200.5,299.68,0.000884,False,26.91,,,,2.0,7,22,,
(2021 OD1),54175300,0.8347,0.27,11.36,127.8,332.41,0.609,1.06,0.763,278.68575,2461200.5,357.87,0.00146,False,28.27,,,,1.0,5,29,,
(2021 PH2),54178640,0.8726,0.6006,10.07,315.28,214.69,0.348,1.4,0.815,297.67875,2461200.5,55.95,0.0202,True,21.56,,,,1925.0,1,124,,
(2021 PK2),54178643,0.9798,0.2148,6.59,294.77,134.07,0.769,1.19,0.97,354.2925,2461200.5,260.3,0.0401,False,23.84,,,,3.0,7,22,,
(2021 PW2),54178995,0.8555,0.2721,5.52,126.85,350.9,0.623,1.09,0.791,288.91275,2461200.5,252.38,0.0422,False,25.68,,,,8.0,7,18,,
(2021 PC7),54184281,0.83,0.3133,35.37,352.96,145.39,0.57,1.09,0.756,276.129,2461200.5,16.26,0.00243,True,19.39,,,,3307.0,1,55,,
(2021 PF7),54184284,0.9827,0.2148,1.93,119.15,78.69,0.772,1.19,0.974,355.7535,2461200.5,80.55,0.00568,False,27.81,,,,4.0,6,10,,
(2021 PE9),54184710,0.9514,0.398,22.28,281.63,244.21,0.573,1.33,0.928,338.952,2459441.5,106.69,0.0324,False,22.06,,,,23.0,8,16,,
(2021 PZ9),54185132,0.99,0.1942,5.3,137.58,57.97,0.798,1.18,0.985,359.77125,2461200.5,65.72,0.0198,False,26.94,,,,3.0,6,11,,
(2021 PB17),54185791,0.9395,0.1699,9.6,148.93,318.0,0.78,1.1,0.911,332.74275,2461200.5,334.14,0.0258,False,25.39,,,,2.0,7,17,,
(2021 PN26),54186663,0.7292,0.5775,20.34,133.69,37.69,0.308,1.15,0.623,227.55075,2461200.5,22.41,0.061,False,20.35,,,,1843.0,1,66,,
(2021 QC),54186658,0.9217,0.3414,23.97,147.23,316.47,0.607,1.24,0.885,323.24625,2459444.5,256.87,0.0552,False,22.85,,,,13.0,8,37,,
(2021 QF),54186666,0.8055,0.3989,8.64,328.72,167.55,0.484,1.13,0.723,264.07574999999997,2461200.5,77.93,0.0533,False,24.12,,,,23.0,6,41,,
(2021 QF1),54189959,0.874,0.3207,30.47,287.45,262.07,0.594,1.15,0.817,298.40925,2461200.5,58.26,0.168,False,20.85,,,,1814.0,2,47,,
(2021 QL1),54190077,0.9908,0.0958,19.78,336.93,162.29,0.896,1.09,0.986,360.1365,2461200.5,141.15,0.07,False,24.04,,,,374.0,2,50,,
(2021 QV1),54190303,0.8653,0.4075,5.97,331.5,227.94,0.513,1.22,0.805,294.02625,2461200.5,72.84,0.00454,False,26.61,,,,10.0,5,27,,
(2021 QE2),54190785,0.7551,0.4879,3.83,324.72,214.03,0.387,1.12,0.656,239.604,2461200.5,222.71,0.00712,False,24.49,,,,749.0,2,105,,
(2021 QK2),54190790,0.8736,0.3318,3.3,270.5,227.94,0.584,1.16,0.817,298.40925,2461200.5,159.23,0.00304,False,24.39,,,,16.0,7,26,,
(2021 QD3),54191245,0.8662,0.3087,5.68,166.27,342.41,0.599,1.13,0.806,294.3915,2461200.5,168.39,0.0441,False,24.59,,,,24.0,6,38,,
(2021 QR3),54191334,0.9358,0.4403,9.44,356.51,119.66,0.524,1.35,0.905,330.55125,2461200.5,9.8,0.0135,False,23.92,,,,13.0,7,36,,
(2021 RH),54191845,0.9554,0.0876,15.49,162.11,28.13,0.872,1.04,0.934,341.1435,2461200.5,181.06,0.0181,False,25.78,,,,5.0,5,136,,
(2021 RS),54192165,0.9044,0.1711,2.16,347.04,173.45,0.75,1.06,0.86,314.115,2461200.5,16.16,0.0233,False,24.94,,,,43.0,6,148,,
(2021 RF2),54192215,0.8837,0.2315,4.19,5.08,139.98,0.679,1.09,0.831,303.52275,2461200.5,112.7,0.00549,False,25.75,,,,29.0,6,46,,
(2021 RG2),54192216,0.8826,0.2136,14.78,165.87,30.73,0.694,1.07,0.829,302.79224999999997,2461200.5,36.54,0.0205,False,25.38,,,,4.0,5,193,,
(2021 RQ2),54192746,0.9681,0.1271,1.27,349.47,111.65,0.845,1.09,0.953,348.08324999999996,2461200.5,253.15,0.00152,False,29.54,,,,3.0,3,19,,
(2021 RU2),54192752,0.9148,0.3655,6.71,258.67,262.99,0.58,1.25,0.875,319.59375,2459464.5,186.69,0.0571,False,23.28,,,,1.0,8,18,,
(2021 RF3),54192756,0.8996,0.2481,19.92,166.54,321.04,0.676,1.12,0.853,311.55825,2461200.5,83.38,0.0335,False,26.26,,,,2.0,6,31,,
(2021 RY3),54193344,0.7696,0.4204,13.52,344.32,160.28,0.446,1.09,0.675,246.54375000000002,2461200.5,242.12,0.0275,False,25.66,,,,5.0,7,26,,
(2021 RA4),54193347,0.8966,0.2618,17.66,165.01,33.65,0.662,1.13,0.849,310.09725,2461200.5,338.9,0.0487,False,24.32,,,,16.0,5,41,,
(2021 RW6),54194965,0.9641,0.2742,19.81,336.44,197.59,0.7,1.23,0.947,345.89175,2461200.5,170.03,0.174,False,23.75,,,,11.0,7,24,,
(2021 RK7),54194972,0.8827,0.5511,6.52,311.16,243.46,0.396,1.37,0.829,302.79224999999997,2459467.5,97.13,0.0365,False,24.25,,,,5.0,8,15,,
(2021 RL7),54194973,0.967,0.1675,0.52,273.91,305.04,0.805,1.13,0.951,347.35274999999996,2461200.5,106.92,0.00295,False,28.27,,,,1.0,7,15,,
(2021 RU7),54194978,0.9919,0.112,21.93,347.34,240.37,0.881,1.1,0.988,360.867,2461200.5,39.36,0.0279,False,23.47,,,,360.0,2,107,,
(2021 RE12),54195880,0.9958,0.3672,21.91,167.03,358.64,0.63,1.36,0.994,363.0585,2461200.5,96.9,0.326,False,23.24,,,,2200.0,2,27,,
(2021 RK12),54195885,0.9179,0.3078,8.82,341.5,228.55,0.635,1.2,0.879,321.05475,2461200.5,252.12,0.0151,False,26.09,,,,4.0,6,17,,
(2021 RS100),54209479,0.9153,0.6359,7.17,344.69,223.62,0.333,1.5,0.876,319.959,2459465.5,63.97,0.000386,False,28.76,,,,1.0,8,9,,
(2021 SO),54198830,0.7913,0.3103,4.13,194.65,343.57,0.546,1.04,0.704,257.13599999999997,2461200.5,70.79,0.00871,False,25.35,,,,22.0,7,50,,
(2021 SG1),54200007,0.9641,0.199,9.6,180.15,65.43,0.772,1.16,0.947,345.89175,2461200.5,81.72,0.00336,False,25.56,,,,5.0,7,20,,
(2021 SU1),54200305,0.8507,0.2494,1.11,349.88,223.63,0.638,1.06,0.785,286.72125,2461200.5,127.64,0.00312,False,26.57,,,,64.0,5,62,,
(2021 SA2),54200435,0.937,0.3627,17.66,1.95,234.63,0.597,1.28,0.907,331.28175,2459486.5,91.08,0.0164,False,26.21,,,,1.0,8,15,,
(2021 SC2),54200438,0.971,0.2673,21.71,189.53,309.57,0.711,1.23,0.957,349.54425,2461200.5,219.04,0.0705,False,24.73,,,,15.0,7,25,,
(2021 SD3),54200470,0.9769,0.1658,6.29,185.83,37.67,0.815,1.14,0.966,352.8315,2461200.5,76.6,0.0505,False,25.12,,,,9.0,5,23,,
(2021 SY3),54201807,0.8603,0.2585,5.0,3.92,219.61,0.638,1.08,0.798,291.46950000000004,2461200.5,77.66,0.000222,False,27.0,,,,11.0,7,25,,
(2021 SP5),54203037,0.8376,0.2404,6.42,16.88,167.43,0.636,1.04,0.767,280.14675,2461200.5,225.54,0.0266,False,26.51,,,,10.0,7,19,,
(2021 SJ88),54419700,0.6449,0.5606,8.79,186.35,356.78,0.283,1.01,0.518,189.1995,2459486.5,188.63,0.00259,False,30.92,,,,,8,5,,
(2021 TL),54201812,0.9247,0.2672,3.22,251.49,336.14,0.678,1.17,0.889,324.70725,2461200.5,212.68,0.0334,False,23.52,,,,456.0,3,106,,
(2021 TE1),54202333,0.9885,0.4413,2.26,21.91,124.92,0.552,1.42,0.983,359.04075,2461200.5,187.02,0.00546,False,24.44,,,,21.0,7,75,,
(2021 TQ1),54202343,0.9727,0.1989,1.14,176.17,310.3,0.779,1.17,0.959,350.27475,2461200.5,222.23,0.0071,False,28.09,,,,4.0,4,15,,
(2021 TU1),54202993,0.8989,0.4585,6.75,151.2,74.03,0.487,1.31,0.852,311.193,2461200.5,296.47,0.0466,False,22.54,,,,446.0,2,45,,
(2021 TM2),54203005,0.8797,0.3136,11.38,8.06,205.12,0.604,1.16,0.825,301.33125,2461200.5,21.39,0.0643,False,24.3,,,,9.0,7,22,,
(2021 TE3),54203026,0.9449,0.191,5.83,5.96,238.22,0.764,1.13,0.918,335.2995,2461200.5,140.79,0.00444,False,28.03,,,,5.0,5,14,,
(2021 TN3),54203035,0.9885,0.1959,4.18,20.45,137.26,0.795,1.18,0.983,359.04075,2461200.5,137.08,0.0405,False,25.26,,,,768.0,2,35,,
(2021 TQ3),54203701,0.7865,0.2849,12.45,12.69,189.73,0.562,1.01,0.698,254.94449999999998,2461200.5,55.46,0.0041,False,27.1,,,,3.0,6,72,,
(2021 TR3),54203700,0.8489,0.1902,19.71,12.07,191.57,0.687,1.01,0.782,285.6255,2461200.5,155.88,0.00484,False,25.43,,,,1.0,6,72,,
(2021 TV3),54203705,0.7384,0.4246,21.14,25.59,167.18,0.425,1.05,0.634,231.5685,2461200.5,321.67,0.0331,False,24.33,,,,20.0,7,61,,
(2021 TC4),54203710,0.9847,0.0575,9.93,195.53,22.34,0.928,1.04,0.977,356.84925,2461200.5,71.16,0.036,False,26.54,,,,13.0,5,34,,
(2021 TD5),54204657,0.9612,0.3705,16.48,7.59,201.48,0.605,1.32,0.942,344.0655,2461200.5,132.51,0.163,False,23.72,,,,8.0,6,14,,
(2021 TT6),54205441,0.9212,0.3906,25.76,14.11,227.4,0.561,1.28,0.884,322.88100000000003,2459495.5,94.16,0.0442,False,25.6,,,,1.0,8,19,,
(2021 TO8),54206544,0.891,0.1512,19.48,195.71,13.4,0.756,1.03,0.841,307.17525,2461200.5,358.68,0.021,False,27.89,,,,,5,14,,
(2021 TQ9),54207048,0.9279,0.3734,19.4,201.62,331.65,0.581,1.27,0.894,326.5335,2461200.5,302.2,0.135,False,22.08,,,,45.0,4,123,,
(2021 TH13),54209221,0.9653,0.2947,4.72,23.84,113.43,0.681,1.25,0.948,346.257,2461200.5,241.68,0.00041,False,28.14,,,,8.0,5,18,,
(2021 TK13),54209222,0.9845,0.1582,5.17,217.51,26.65,0.829,1.14,0.977,356.84925,2461200.5,35.11,0.0618,False,25.41,,,,1564.0,1,49,,
(2021 TN14),54209307,0.9476,0.2709,13.19,200.18,63.21,0.691,1.2,0.922,336.76050000000004,2461200.5,102.45,0.00125,False,28.51,,,,2.0,6,23,,
(2021 TB15),54209314,0.9848,0.2377,29.51,26.54,149.49,0.751,1.22,0.977,356.84925,2461200.5,132.71,0.163,False,23.32,,,,1087.0,1,56,,
(2021 TS15),54209492,0.8663,0.192,1.26,56.16,161.59,0.7,1.03,0.806,294.3915,2461200.5,66.19,0.00685,False,26.83,,,,14.0,7,20,,
(2021 TR21),54210295,0.853,0.2038,2.08,230.95,349.62,0.679,1.03,0.788,287.817,2461200.5,114.4,0.0133,False,26.36,,,,17.0,7,29,,
(2021 UG1),54212589,0.8665,0.2095,12.31,36.55,154.62,0.685,1.05,0.807,294.75675,2461200.5,113.61,0.0255,False,25.16,,,,12.0,6,126,,
(2021 UO1),54212682,0.9246,0.58,7.06,31.76,228.5,0.388,1.46,0.889,324.70725,2461200.5,135.88,0.000213,False,28.03,,,,3.0,7,33,,
(2021 UX1),54212691,0.8748,0.1679,1.58,215.17,330.09,0.728,1.02,0.818,298.7745,2461200.5,88.24,0.00025,False,29.27,,,,3.0,6,56,,
(2021 UH2),54212701,0.9812,0.1723,0.28,313.11,321.69,0.812,1.15,0.972,355.02299999999997,2461200.5,9.55,0.00302,False,25.08,,,,1582.0,1,146,,
(2021 UL2),54212926,0.907,0.7103,9.06,33.54,144.94,0.263,1.55,0.864,315.576,2459516.5,298.45,0.0123,False,26.52,,,,5.0,8,36,,
(2021 US2),54212934,0.9742,0.0683,38.37,35.62,153.76,0.908,1.04,0.962,351.3705,2461200.5,134.77,0.039,False,23.7,,,,13.0,7,138,,
(2021 UY3),54213610,0.9745,0.1497,9.31,38.35,213.69,0.829,1.12,0.962,351.3705,2461200.5,60.82,0.073,False,24.07,,,,37.0,3,64,,
(2021 UL4),54213623,0.9566,0.2794,9.81,227.58,11.59,0.689,1.22,0.936,341.874,2461200.5,114.52,0.129,False,24.19,,,,13.0,5,26,,
(2021 UQ4),54213628,0.9796,0.3209,14.22,212.66,31.95,0.665,1.29,0.97,354.2925,2459516.5,126.49,0.125,False,24.3,,,,2.0,8,13,,
(2021 UK6),54214066,0.8774,0.2652,8.66,24.89,194.85,0.645,1.11,0.822,300.2355,2461200.5,37.8,0.0658,False,25.04,,,,11.0,7,17,,
(2021 UZ9),54215640,0.8409,0.6314,11.65,66.9,122.67,0.31,1.37,0.771,281.60775,2461200.5,251.76,0.06,False,22.77,,,,3651.0,2,41,,
(2021 VC),54215199,0.7901,0.3518,5.51,40.85,157.59,0.512,1.07,0.702,256.40549999999996,2461200.5,58.72,0.0136,False,26.54,,,,10.0,7,32,,
(2021 VH),54215205,0.9937,0.1733,0.61,217.32,81.32,0.821,1.17,0.991,361.96274999999997,2461200.5,309.06,0.000145,False,29.64,,,,6.0,4,66,,
(2021 VH1),54216180,0.7151,0.401,20.63,222.49,352.19,0.428,1.0,0.605,220.97625,2461200.5,50.95,0.00344,False,26.42,,,,2.0,7,37,,
(2021 VR1),54216189,0.9727,0.1225,2.11,231.46,279.5,0.854,1.09,0.959,350.27475,2461200.5,188.01,0.00394,False,29.67,,,,6.0,4,23,,
(2021 VA2),54216276,0.9699,0.0479,25.76,223.79,8.37,0.923,1.02,0.955,348.81374999999997,2461200.5,98.46,0.024,False,25.08,,,,10.0,7,49,,
(2021 VU2),54216326,0.9,0.1235,3.93,224.63,355.32,0.789,1.01,0.854,311.9235,2461200.5,319.61,0.0191,False,27.75,,,,7.0,6,37,,
(2021 VN3),54216339,0.8191,0.3634,0.58,221.44,325.34,0.521,1.12,0.741,270.65024999999997,2461200.5,315.82,0.000679,False,30.59,,,,2.0,6,26,,
(2021 VQ3),54216343,0.7468,0.4607,4.33,46.18,167.23,0.403,1.09,0.645,235.58625,2459526.5,209.85,0.0201,False,26.17,,,,7.0,8,21,,
(2021 VC4),54216376,0.8855,0.3675,2.36,240.18,32.21,0.56,1.21,0.833,304.25325,2461200.5,274.22,0.0136,False,26.88,,,,1.0,6,14,,
(2021 VY4),54217199,0.887,0.4037,16.58,50.36,127.85,0.529,1.25,0.835,304.98375,2461200.5,85.03,0.00184,False,26.43,,,,3.0,6,25,,
(2021 VS5),54217959,0.9206,0.2521,9.84,52.52,124.2,0.688,1.15,0.883,322.51575,2461200.5,322.69,0.00871,False,26.37,,,,8.0,4,67,,
(2021 VW5),54217962,0.9267,0.1428,3.42,53.46,145.11,0.794,1.06,0.892,325.803,2461200.5,264.82,0.0197,False,26.62,,,,22.0,6,46,,
(2021 VZ6),54217973,0.7618,0.3688,10.74,55.13,179.66,0.481,1.04,0.665,242.89125,2461200.5,126.09,0.0531,False,25.15,,,,1482.0,0,57,,
(2021 VP8),54218583,0.8578,0.2529,2.2,64.42,131.49,0.641,1.07,0.795,290.37375000000003,2461200.5,142.22,0.00411,False,26.29,,,,15.0,6,40,,
(2021 VT8),54218584,0.929,0.2078,26.59,225.75,314.98,0.736,1.12,0.895,326.89875,2461200.5,284.43,0.0474,False,25.46,,,,12.0,7,29,,
(2021 VX11),54219790,0.9367,0.1643,2.5,36.02,249.44,0.783,1.09,0.907,331.28175,2461200.5,122.88,0.00655,False,26.2,,,,18.0,5,53,,
(2021 VL12),54219793,0.7779,0.2986,4.25,291.53,315.29,0.546,1.01,0.686,250.56150000000002,2461200.5,28.7,0.0274,False,22.62,,,,4733.0,1,83,,
(2021 VP12),54219796,0.7744,0.3541,11.67,60.46,164.62,0.5,1.05,0.681,248.73525,2461200.5,83.97,0.0316,False,24.61,,,,21.0,7,45,,
(2021 VF19),54220006,0.8121,0.4062,14.05,247.31,327.03,0.482,1.14,0.732,267.363,2461200.5,300.39,0.0238,False,24.02,,,,23.0,7,31,,
(2021 VN22),54220857,0.8863,0.3258,4.49,303.53,236.36,0.598,1.18,0.834,304.6185,2459527.5,274.73,0.0118,True,21.5,,,,22.0,9,17,,
(2021 VR22),54220861,0.9317,0.4312,19.87,51.75,229.62,0.53,1.33,0.899,328.35975,2461200.5,110.02,0.0356,False,24.27,,,,11.0,7,32,,
(2021 WG),54222541,0.7533,0.327,3.31,241.31,351.0,0.507,1.0,0.654,238.8735,2461200.5,176.4,0.00342,False,28.77,,,,1.0,6,57,,
(2021 WO),54223982,0.8376,0.2789,12.48,208.13,59.82,0.604,1.07,0.767,280.14675,2461200.5,98.87,0.0606,False,20.92,,,,1211.0,2,83,,
(2021 WA1),54224159,0.9929,0.436,3.26,65.21,243.9,0.56,1.43,0.989,361.23225,2461200.5,272.73,0.00083,False,27.7,,,,7.0,6,74,,
(2021 WF1),54224161,0.6802,0.6019,39.01,250.64,346.7,0.271,1.09,0.561,204.90525000000002,2461200.5,225.88,0.0526,False,21.86,,,,3294.0,1,101,,
(2021 WO1),54224167,0.9685,0.2639,21.09,66.49,131.59,0.713,1.22,0.953,348.08324999999996,2461200.5,151.45,0.0862,False,22.44,,,,371.0,2,62,,
(2021 WY1),54224421,0.8993,0.3939,21.54,64.53,227.47,0.545,1.25,0.853,311.55825,2461200.5,205.72,0.0316,False,24.49,,,,9.0,7,26,,
(2021 WF2),54224426,0.9487,0.323,18.26,68.46,117.38,0.642,1.26,0.924,337.49100000000004,2461200.5,238.22,0.00787,False,25.04,,,,4.0,7,48,,
(2021 WH2),54224428,0.9467,0.1724,10.86,65.46,121.18,0.783,1.11,0.921,336.39525000000003,2461200.5,227.92,0.0166,False,28.0,,,,1.0,5,24,,
(2021 WO2),54224990,0.9593,0.5423,16.93,66.98,227.53,0.439,1.48,0.94,343.335,2459549.5,71.22,0.0324,False,24.67,,,,10.0,8,44,,
(2021 WD3),54225004,0.9895,0.1067,8.89,242.8,55.12,0.884,1.1,0.984,359.406,2461200.5,332.45,0.0439,False,25.55,,,,8.0,6,28,,
(2021 WE3),54225006,0.889,0.2518,21.42,62.16,231.0,0.665,1.11,0.838,306.0795,2461200.5,253.52,0.00141,False,25.18,,,,11.0,7,19,,
(2021 WH3),54225009,0.8789,0.3014,4.68,237.77,55.61,0.614,1.14,0.824,300.966,2461200.5,280.19,0.00658,False,25.9,,,,13.0,6,41,,
(2021 WV3),54225487,0.9241,0.301,8.03,55.59,164.04,0.646,1.2,0.888,324.342,2461200.5,266.24,0.0936,False,25.2,,,,15.0,6,21,,
(2021 XF),54225726,0.8154,0.3215,4.37,249.48,327.24,0.553,1.08,0.736,268.824,2461200.5,287.11,0.00467,False,28.35,,,,2.0,7,21,,
(2021 XG),54225732,0.9543,0.1742,3.73,258.46,292.16,0.788,1.12,0.932,340.413,2461200.5,201.74,0.00185,False,27.93,,,,5.0,6,21,,
(2021 XM),54226110,0.7474,0.3632,8.58,66.19,199.86,0.476,1.02,0.646,235.9515,2459550.5,146.23,0.000692,False,27.2,,,,4.0,8,25,,
(2021 XZ),54226123,0.8237,0.2993,6.42,248.52,34.82,0.577,1.07,0.748,273.207,2461200.5,136.37,0.00328,False,28.21,,,,2.0,7,14,,
(2021 XA1),54226400,0.7228,0.4097,6.31,65.28,191.9,0.427,1.02,0.615,224.62875,2459550.5,166.47,0.00908,False,26.98,,,,6.0,8,30,,
(2021 XB2),54226792,0.8961,0.5376,10.85,317.16,281.59,0.414,1.38,0.848,309.73199999999997,2461200.5,333.68,0.0868,False,22.02,,,,25.0,5,26,,
(2021 XH3),54228591,0.9297,0.1392,4.25,268.78,32.37,0.8,1.06,0.896,327.264,2461200.5,130.09,0.0269,False,25.06,,,,32.0,5,113,,
(2021 XO3),54228654,0.7247,0.4836,4.94,110.13,149.3,0.374,1.08,0.617,225.35925,2459555.5,166.15,0.00702,False,24.85,,,,4.0,8,24,,
(2021 XP3),54228655,0.7952,0.3912,3.01,232.07,51.1,0.484,1.11,0.709,258.96225,2459554.5,117.91,0.0134,False,25.71,,,,1.0,8,19,,
(2021 XS4),54229474,0.9956,0.1895,14.63,257.8,289.34,0.807,1.18,0.993,362.69325,2461200.5,99.07,0.0311,False,25.98,,,,4.0,7,24,,
(2021 XF5),54229751,0.748,0.3515,3.38,260.11,344.46,0.485,1.01,0.647,236.31675,2461200.5,187.58,0.00235,False,27.7,,,,5.0,7,38,,
(2021 XZ5),54230028,0.9336,0.1601,11.62,77.8,241.05,0.784,1.08,0.902,329.45550000000003,2461200.5,95.87,0.000647,False,28.29,,,,1.0,6,18,,
(2021 XA6),54230029,0.8903,0.1604,6.74,79.35,223.08,0.747,1.03,0.84,306.81,2461200.5,247.34,0.00176,False,24.83,,,,21.0,5,146,,
(2021 XC6),54230077,0.8883,0.3169,9.94,263.87,306.92,0.607,1.17,0.837,305.71425,2461200.5,32.96,0.00114,False,28.3,,,,3.0,5,39,,
(2021 XF6),54230081,0.8736,0.2564,9.78,281.39,1.82,0.65,1.1,0.817,298.40925,2461200.5,325.39,0.103,False,24.34,,,,27.0,6,40,,
(2021 YL),54231689,0.9437,0.1103,14.71,275.23,317.4,0.84,1.05,0.917,334.93425,2461200.5,178.04,0.0294,False,25.45,,,,11.0,5,56,,
(2022 AB),54232321,0.9726,0.1459,7.11,292.47,296.6,0.831,1.11,0.959,350.27475,2461200.5,111.29,0.0222,False,23.6,,,,22.0,4,480,,
(2022 AC),54232322,0.7166,0.4367,4.0,281.49,14.49,0.404,1.03,0.607,221.70675,2461200.5,255.67,0.00637,False,25.32,,,,6.0,7,71,,
(2022 AD),54234943,0.9855,0.0588,12.85,109.82,177.48,0.928,1.04,0.978,357.2145,2461200.5,3.76,0.0598,False,24.33,,,,750.0,1,101,,
(2022 AG),54235406,0.8592,0.1727,3.91,302.48,334.07,0.711,1.01,0.796,290.73900000000003,2461200.5,28.52,0.00142,False,25.14,,,,1476.0,0,193,,
(2022 AX),54235466,0.9134,0.2828,1.99,289.25,47.44,0.655,1.17,0.873,318.86325,2461200.5,125.17,0.00683,False,26.77,,,,5.0,7,22,,
(2022 AD1),54235472,0.8334,0.3366,5.16,107.58,208.51,0.553,1.11,0.761,277.95525,2461200.5,57.07,0.0203,False,25.7,,,,5.0,7,50,,
(2022 AG1),54235475,0.9547,0.1518,23.33,106.04,151.02,0.81,1.1,0.933,340.77825,2461200.5,125.43,0.0895,False,25.14,,,,5.0,7,29,,
(2022 AP1),54235525,0.7331,0.4483,2.9,102.98,204.47,0.404,1.06,0.628,229.377,2461200.5,145.08,0.000908,False,28.39,,,,5.0,7,19,,
(2022 AK2),54235541,0.7919,0.4508,8.25,101.88,212.67,0.435,1.15,0.705,257.50124999999997,2461200.5,210.81,0.0108,False,26.2,,,,3.0,7,19,,
(2022 AO2),54235663,0.983,0.0389,32.5,107.54,227.02,0.945,1.02,0.975,356.11875,2459586.5,132.07,0.0248,False,24.19,,,,2.0,8,28,,
(2022 AD4),54236432,0.8837,0.1438,9.09,109.58,152.4,0.757,1.01,0.831,303.52275,2461200.5,327.44,0.00738,False,27.56,,,,4.0,6,49,,
(2022 AM5),54236574,0.8163,0.4669,12.41,118.65,188.83,0.435,1.2,0.738,269.5545,2461200.5,119.76,0.107,False,23.36,,,,5113.0,0,53,,
(2022 AT5),54236581,0.8323,0.2624,15.22,290.78,328.28,0.614,1.05,0.759,277.22475000000003,2461200.5,159.69,0.0115,False,27.7,,,,1.0,7,30,,
(2022 BA),54239541,0.8079,0.4022,28.45,111.19,223.41,0.483,1.13,0.726,265.1715,2461200.5,117.52,0.0211,True,21.37,,,,4085.0,0,160,,
(2022 BQ),54239779,0.9413,0.215,13.03,303.92,57.44,0.739,1.14,0.913,333.47325,2461200.5,23.44,0.0228,False,25.93,,,,4.0,6,52,,
(2022 BE1),54239838,0.9301,0.1141,4.44,302.79,44.27,0.824,1.04,0.897,327.62925,2461200.5,82.2,0.0102,False,28.36,,,,3.0,6,18,,
(2022 BB2),54239894,0.7324,0.5668,8.01,127.85,204.54,0.317,1.15,0.627,229.01175,2461200.5,96.6,0.0107,False,26.54,,,,4.0,7,30,,
(2022 BL2),54240284,0.9256,0.0889,8.04,307.94,339.38,0.843,1.01,0.891,325.43775,2461200.5,167.49,0.0161,False,28.11,,,,3.0,6,36,,
(2022 BV3),54240412,0.8974,0.2872,14.01,305.87,320.05,0.64,1.16,0.85,310.4625,2461200.5,285.48,0.0477,False,22.96,,,,16.0,6,45,,
(2022 BP4),54240511,0.9146,0.1666,13.78,310.39,308.44,0.762,1.07,0.875,319.59375,2461200.5,239.23,0.00571,False,27.75,,,,2.0,5,66,,
(2022 BU4),54240514,0.7737,0.3605,1.43,132.57,204.98,0.495,1.05,0.681,248.73525,2461200.5,272.05,0.00151,False,27.2,,,,3.0,6,82,,
(2022 BL5),54243524,0.7236,0.5304,12.22,127.15,165.61,0.34,1.11,0.616,224.994,2461200.5,259.05,0.0416,False,25.35,,,,9.0,7,31,,
(2022 BM5),54243523,0.8213,0.2148,14.7,312.74,353.52,0.645,1.0,0.744,271.746,2461200.5,133.11,0.0104,False,25.63,,,,1.0,7,21,,
(2022 BN5),54243522,0.91,0.1601,8.42,131.43,166.96,0.764,1.06,0.868,317.037,2461200.5,202.49,0.0587,False,26.33,,,,16.0,6,34,,
(2022 BA6),54243726,0.9024,0.1221,1.65,133.03,183.07,0.792,1.01,0.857,313.01925,2461200.5,204.26,0.0155,False,26.42,,,,30.0,5,103,,
(2022 BU6),54244180,0.9468,0.3376,3.77,324.63,294.02,0.627,1.27,0.921,336.39525000000003,2461200.5,168.63,0.00263,False,25.95,,,,10.0,7,23,,
(2022 BV6),54244181,0.7095,0.5208,8.37,124.4,206.18,0.34,1.08,0.598,218.4195,2461200.5,231.2,0.00457,False,25.51,,,,1104.0,2,40,,
(2022 BX6),54244183,0.8248,0.3142,26.44,310.52,26.18,0.566,1.08,0.749,273.57225,2461200.5,65.19,0.0458,False,25.86,,,,1095.0,2,32,,
(2022 BY39),54266166,0.9848,0.0659,3.37,124.68,265.27,0.92,1.05,0.977,356.84925,2461200.5,251.22,0.000974,False,29.93,,,,5.0,4,9,,
(2022 CD),54244187,0.7244,0.6827,6.67,136.28,154.42,0.23,1.22,0.617,225.35925,2461200.5,279.65,0.003,False,26.11,,,,9.0,5,52,,
(2022 CA1),54244778,0.9093,0.1514,0.49,39.77,318.79,0.772,1.05,0.867,316.67175,2461200.5,126.21,0.000243,False,27.31,,,,32.0,5,90,,
(2022 CB1),54244779,0.7451,0.3555,16.86,318.39,355.66,0.48,1.01,0.643,234.85575,2461200.5,94.35,0.0218,False,26.26,,,,9.0,7,33,,
(2022 CC1),54244780,0.7877,0.2782,2.62,142.11,179.99,0.569,1.01,0.699,255.30974999999998,2461200.5,245.21,0.0123,False,27.12,,,,9.0,7,40,,
(2022 CG1),54244784,0.8768,0.198,6.17,311.48,37.56,0.703,1.05,0.821,299.87025,2461200.5,234.96,0.0084,False,27.6,,,,8.0,6,27,,
(2022 CQ1),54245557,0.8962,0.6041,24.18,340.22,307.51,0.355,1.44,0.848,309.73199999999997,2461200.5,303.57,0.044,True,20.7,,,,4060.0,0,176,,
(2022 CU1),54245560,0.9033,0.2718,2.66,127.55,242.3,0.658,1.15,0.859,313.74975,2461200.5,118.13,0.00478,False,27.38,,,,4.0,6,32,,
(2022 CX1),54245563,0.9933,0.3097,14.16,318.76,290.37,0.686,1.3,0.99,361.5975,2461200.5,59.02,0.0118,False,27.05,,,,12.0,7,46,,
(2022 CB2),54245568,0.9111,0.2684,21.17,125.83,157.84,0.667,1.16,0.87,317.7675,2461200.5,229.61,0.126,False,25.06,,,,6.0,7,15,,
(2022 CQ2),54245582,0.688,0.5399,5.51,346.3,339.49,0.317,1.06,0.571,208.55774999999997,2461200.5,5.75,0.0014,False,24.87,,,,1472.0,1,47,,
(2022 CF3),54245809,0.8731,0.1508,5.38,327.41,5.11,0.741,1.0,0.816,298.044,2461200.5,273.79,0.0162,False,25.43,,,,21.0,5,268,,
(2022 CW4),54246382,0.9811,0.3313,19.2,135.16,160.48,0.656,1.31,0.972,355.02299999999997,2461200.5,29.03,0.211,False,23.36,,,,740.0,2,34,,
(2022 CH5),54246391,0.9286,0.3076,20.19,139.65,131.6,0.643,1.21,0.895,326.89875,2461200.5,205.35,0.0515,False,24.39,,,,5.0,7,30,,
(2022 CO6),54246946,0.8131,0.3012,11.2,146.13,146.99,0.568,1.06,0.733,267.72825,2461200.5,192.91,0.000977,False,26.05,,,,5.0,6,128,,
(2022 CP7),54247992,0.8107,0.3625,13.98,118.6,240.0,0.517,1.1,0.73,266.6325,2461200.5,66.8,0.0716,False,20.5,,,,4026.0,0,140,,
(2022 DJ1),54248340,0.8724,0.1803,2.81,332.41,38.47,0.715,1.03,0.815,297.67875,2461200.5,224.15,0.00243,False,27.57,,,,4.0,5,51,,
(2022 DK1),54248341,0.9647,0.0529,12.21,342.18,5.46,0.914,1.02,0.948,346.257,2461200.5,355.3,0.0244,False,26.05,,,,13.0,4,111,,
(2022 DV1),54248451,0.7485,0.4045,2.99,12.78,337.11,0.446,1.05,0.648,236.68200000000002,2461200.5,17.49,0.000254,False,24.94,,,,27.0,7,96,,
(2022 DW1),54248454,0.8226,0.3213,21.04,154.82,148.1,0.558,1.09,0.746,272.4765,2461200.5,145.09,0.0205,False,25.26,,,,6.0,6,34,,
(2022 DD3),54248562,0.8713,0.1512,5.83,156.33,176.99,0.74,1.0,0.813,296.94825,2461200.5,280.56,0.0127,False,28.02,,,,7.0,6,69,,
(2022 DH3),54248565,0.9358,0.0973,24.03,158.34,155.72,0.845,1.03,0.905,330.55125,2461200.5,110.86,0.0267,False,25.1,,,,5.0,6,130,,
(2022 DQ3),54248571,0.9488,0.1177,3.28,342.33,339.41,0.837,1.06,0.924,337.49100000000004,2461200.5,66.69,0.0312,False,26.84,,,,11.0,7,28,,
(2022 DJ4),54248642,0.8523,0.3298,13.83,139.96,186.71,0.571,1.13,0.787,287.45175,2459639.5,205.92,0.125,False,24.04,,,,8.0,8,24,,
(2022 DM4),54248645,0.9878,0.2688,4.71,161.84,105.55,0.722,1.25,0.982,358.6755,2461200.5,50.2,0.000938,False,29.21,,,,1.0,6,12,,
(2022 DT4),54248796,0.8286,0.3072,0.55,7.23,9.36,0.574,1.08,0.754,275.3985,2461200.5,359.4,0.00455,False,26.19,,,,34.0,5,144,,
(2022 DO8),54262976,0.8812,0.4997,23.15,17.41,348.57,0.441,1.32,0.827,302.06174999999996,2459637.5,107.16,0.201,False,22.95,,,,3.0,9,14,,
(2022 DF26),54362907,0.8219,0.2216,9.91,158.64,184.61,0.64,1.0,0.745,272.11125,2461200.5,79.19,0.0128,False,27.2,,,,4.0,7,14,,
(2022 EV1),54248976,0.9454,0.1833,12.62,346.59,306.54,0.772,1.12,0.919,335.66475,2461200.5,118.53,0.0254,False,26.06,,,,8.0,5,96,,
(2022 ET2),54249335,0.9603,0.2122,5.73,188.82,136.23,0.757,1.16,0.941,343.70025,2461200.5,42.94,0.0348,False,25.07,,,,32.0,5,39,,
(2022 ED3),54251535,0.8976,0.1633,3.45,179.68,194.73,0.751,1.04,0.85,310.4625,2461200.5,143.78,0.027,False,25.64,,,,33.0,6,141,,
(2022 EW3),54252593,0.8839,0.4494,10.77,346.5,45.93,0.487,1.28,0.831,303.52275,2461200.5,132.13,0.0125,False,25.62,,,,2.0,7,41,,
(2022 EH4),54253543,0.8475,0.2884,1.89,250.08,82.97,0.603,1.09,0.78,284.895,2461200.5,6.2,0.0205,False,24.93,,,,11.0,7,42,,
(2022 EV4),54254426,0.7819,0.3174,9.01,348.44,4.25,0.534,1.03,0.691,252.38774999999998,2461200.5,226.47,0.0352,False,26.74,,,,11.0,7,31,,
(2022 EW4),54254427,0.9257,0.2901,6.58,165.74,239.27,0.657,1.19,0.891,325.43775,2461200.5,10.32,0.00131,False,26.39,,,,3.0,5,44,,
(2022 EL5),54254975,0.9444,0.1093,1.55,10.71,308.28,0.841,1.05,0.918,335.2995,2461200.5,84.21,0.000545,False,27.11,,,,33.0,5,99,,
(2022 EK6),54256784,0.8341,0.4222,5.46,155.17,232.96,0.482,1.19,0.762,278.3205,2461200.5,309.03,0.0159,False,26.05,,,,6.0,7,16,,
(2022 EQ6),54256791,0.8568,0.3266,1.41,50.13,264.47,0.577,1.14,0.793,289.64325,2461200.5,11.52,0.0147,False,26.21,,,,5.0,7,25,,
(2022 EZ6),54257607,0.8653,0.2756,6.35,157.43,220.7,0.627,1.1,0.805,294.02625,2461200.5,242.22,0.00917,False,23.52,,,,2946.0,0,228,,
(2022 FN),54262978,0.7704,0.4862,8.28,3.92,27.19,0.396,1.14,0.676,246.90900000000002,2461200.5,196.11,0.0131,False,26.78,,,,5.0,7,49,,
(2022 FP),54262980,0.8568,0.3051,28.21,181.54,212.87,0.595,1.12,0.793,289.64325,2461200.5,234.21,0.0441,False,24.44,,,,4.0,7,89,,
(2022 FT),54264228,0.912,0.3428,10.08,2.22,48.75,0.599,1.22,0.871,318.13275,2461200.5,38.65,0.0202,False,25.19,,,,18.0,5,48,,
(2022 FY),54264233,0.8635,0.2348,7.44,183.6,143.38,0.661,1.07,0.802,292.9305,2461200.5,327.18,0.00475,False,27.8,,,,1458.0,1,71,,
(2022 FQ1),54265631,0.8425,0.3061,8.25,2.96,0.3,0.585,1.1,0.773,282.33825,2461200.5,340.94,0.0813,False,25.35,,,,15.0,7,40,,
(2022 FX1),54265773,0.9915,0.0583,18.52,10.34,44.58,0.934,1.05,0.987,360.50175,2461200.5,215.84,0.0321,False,25.78,,,,13.0,6,69,,
(2022 FZ1),54265775,0.9003,0.2545,8.04,190.28,207.72,0.671,1.13,0.854,311.9235,2461200.5,100.17,0.0529,False,25.57,,,,16.0,6,46,,
(2022 FE2),54265780,0.9238,0.3557,6.52,14.57,300.48,0.595,1.25,0.888,324.342,2461200.5,171.34,0.00429,False,25.31,,,,8.0,6,115,,
(2022 FF2),54265872,0.9826,0.4296,2.81,241.89,178.05,0.561,1.4,0.974,355.7535,2461200.5,192.02,0.0425,False,23.29,,,,1482.0,1,83,,
(2022 FM2),54265877,0.9701,0.0562,11.84,9.95,349.04,0.916,1.02,0.956,349.179,2461200.5,330.24,0.0247,False,26.32,,,,11.0,5,57,,
(2022 FP2),54265880,0.8931,0.1951,1.03,170.65,223.71,0.719,1.07,0.844,308.271,2461200.5,130.6,0.000869,False,28.38,,,,9.0,7,22,,
(2022 FF3),54265894,0.8549,0.209,4.42,15.12,325.88,0.676,1.03,0.79,288.5475,2461200.5,331.32,0.00518,False,27.77,,,,4.0,6,40,,
(2022 FA4),54266165,0.981,0.1683,8.67,18.76,40.73,0.816,1.15,0.972,355.02299999999997,2461200.5,225.31,0.0678,False,25.71,,,,14.0,5,52,,
(2022 GK),54268442,0.896,0.4208,10.96,191.55,230.78,0.519,1.27,0.848,309.73199999999997,2461200.5,61.11,0.00231,False,27.41,,,,3.0,6,49,,
(2022 GO),54268446,0.695,0.501,3.37,38.24,328.58,0.347,1.04,0.579,211.47975,2459672.5,197.2,0.015,False,25.74,,,,9.0,8,49,,
(2022 GM1),54269054,0.9706,0.1602,2.84,18.65,46.33,0.815,1.13,0.956,349.179,2461200.5,249.15,0.0207,False,25.66,,,,39.0,5,60,,
(2022 GU1),54269063,0.982,0.1426,33.3,193.15,124.25,0.842,1.12,0.973,355.38824999999997,2459674.5,248.36,0.0447,False,24.22,,,,4.0,8,49,,
(2022 GQ2),54269585,0.7736,0.325,9.98,10.2,0.67,0.522,1.02,0.68,248.37,2461200.5,237.56,0.0262,False,25.82,,,,5.0,7,42,,
(2022 GX2),54269647,0.9099,0.3458,1.83,186.6,237.87,0.595,1.22,0.868,317.037,2461200.5,26.66,0.00146,False,29.34,,,,1.0,7,13,,
(2022 HA),54275937,0.7914,0.3654,17.12,206.15,155.24,0.502,1.08,0.704,257.13599999999997,2461200.5,188.74,0.0173,False,24.39,,,,3.0,6,105,,
(2022 HE),54276132,0.7545,0.601,26.29,42.15,321.33,0.301,1.21,0.655,239.23875,2461200.5,357.54,0.0552,False,22.24,,,,734.0,1,74,,
(2022 HK),54276148,0.8765,0.6654,6.35,37.6,24.38,0.293,1.46,0.821,299.87025,2461200.5,89.78,0.0288,False,23.15,,,,19.0,7,50,,
(2022 HA1),54276249,0.8751,0.3096,9.66,37.91,309.89,0.604,1.15,0.819,299.13975,2461200.5,267.29,0.0093,False,24.7,,,,17.0,7,46,,
(2022 HG1),54276253,0.9064,0.3157,9.61,211.61,228.6,0.62,1.19,0.863,315.21075,2461200.5,23.19,0.0132,False,26.59,,,,9.0,5,45,,
(2022 HH1),54276255,0.7934,0.2943,1.05,211.14,174.78,0.56,1.03,0.707,258.23175,2461200.5,134.55,0.00377,False,27.61,,,,6.0,7,52,,
(2022 HU1),54276390,0.8967,0.326,26.43,36.89,353.65,0.604,1.19,0.849,310.09725,2461200.5,141.62,0.176,False,22.65,,,,33.0,5,55,,
(2022 HC2),54276471,0.927,0.1528,8.62,50.24,350.51,0.785,1.07,0.892,325.803,2461200.5,37.48,0.0529,False,25.06,,,,23.0,6,84,,
(2022 HL2),54276655,0.9842,0.123,11.01,41.25,297.83,0.863,1.11,0.976,356.484,2461200.5,328.69,0.0172,False,26.07,,,,10.0,5,45,,
(2022 HR3),54276985,0.7684,0.3997,4.94,213.87,208.15,0.461,1.08,0.674,246.1785,2461200.5,170.29,0.00255,False,27.34,,,,6.0,7,49,,
(2022 JP),54278174,0.8387,0.2609,17.13,42.73,26.24,0.62,1.06,0.768,280.512,2461200.5,263.63,0.0113,False,23.43,,,,20.0,7,33,,
(2022 JT),54278223,0.9192,0.1879,3.2,233.83,207.32,0.747,1.09,0.881,321.78525,2461200.5,359.89,0.0218,False,25.7,,,,29.0,6,35,,
(2022 JA1),54278307,0.8315,0.281,3.42,198.15,234.25,0.598,1.07,0.758,276.8595,2461200.5,277.55,0.0221,False,25.37,,,,12.0,7,57,,
(2022 JL1),54278317,0.9649,0.367,15.35,222.3,244.7,0.611,1.32,0.948,346.257,2461200.5,191.37,0.0101,False,26.53,,,,1.0,7,24,,
(2022 JU1),54278445,0.9723,0.2028,6.77,66.58,292.6,0.775,1.17,0.959,350.27475,2461200.5,341.37,0.000944,False,24.98,,,,28.0,4,67,,
(2022 JV1),54278443,0.8287,0.2794,3.43,54.96,326.67,0.597,1.06,0.754,275.3985,2461200.5,13.55,0.00394,False,27.52,,,,2.0,6,43,,
(2022 JG2),54278663,0.756,0.6597,7.14,144.29,285.97,0.257,1.25,0.657,239.96925000000002,2461200.5,188.93,0.0892,False,22.21,,,,1501.0,1,98,,
(2022 JJ2),54278698,0.9717,0.2569,30.21,55.74,311.12,0.722,1.22,0.958,349.9095,2461200.5,334.79,0.0722,False,23.65,,,,16.0,7,49,,
(2022 JP2),54279034,0.9011,0.4021,13.49,253.94,150.16,0.539,1.26,0.855,312.28875,2461200.5,96.04,0.0741,False,21.56,,,,378.0,3,51,,
(2022 JW2),54279459,0.9445,0.1894,8.25,224.52,234.47,0.766,1.12,0.918,335.2995,2461200.5,274.86,0.00991,False,25.2,,,,20.0,5,35,,
(2022 KO),54279840,0.9284,0.2027,14.35,59.13,347.86,0.74,1.12,0.895,326.89875,2461200.5,28.48,0.0936,False,24.89,,,,16.0,6,27,,
(2022 KW),54279924,0.928,0.323,4.78,230.59,201.66,0.628,1.23,0.894,326.5335,2461200.5,345.63,0.0492,False,23.09,,,,3338.0,0,99,,
(2022 KG1),54279934,0.9121,0.2397,11.72,241.0,230.86,0.693,1.13,0.871,318.13275,2461200.5,338.51,0.000601,False,28.87,,,,7.0,5,27,,
(2022 KX4),54280679,0.8212,0.4402,19.82,238.3,209.46,0.46,1.18,0.744,271.746,2461200.5,270.73,0.0417,False,23.82,,,,1091.0,2,44,,
(2022 LW),54281974,0.9353,0.1794,2.67,196.96,242.9,0.767,1.1,0.905,330.55125,2461200.5,328.25,0.00427,False,25.59,,,,51.0,5,26,,
(2022 LK1),54282205,0.9478,0.4156,3.64,176.5,304.53,0.554,1.34,0.923,337.12575000000004,2461200.5,206.56,0.00292,False,23.16,,,,1181.0,2,58,,
(2022 LA3),54282890,0.8357,0.2664,9.54,261.91,160.02,0.613,1.06,0.764,279.051,2461200.5,294.91,0.0154,False,26.0,,,,18.0,6,21,,
(2022 MA),54285149,0.9159,0.1306,7.63,84.68,24.25,0.796,1.04,0.877,320.32425,2461200.5,342.8,0.00566,False,26.33,,,,3.0,6,42,,
(2022 MC),54285294,0.8075,0.3799,26.42,86.68,31.73,0.501,1.11,0.726,265.1715,2461200.5,291.36,0.00394,False,23.77,,,,3.0,5,30,,
(2022 MP),54288264,0.8591,0.2024,14.54,95.45,349.21,0.685,1.03,0.796,290.73900000000003,2461200.5,179.92,0.0115,False,24.01,,,,2927.0,0,206,,
(2022 MQ),54288265,0.9458,0.1299,23.58,94.54,321.97,0.823,1.07,0.92,336.03000000000003,2461200.5,335.05,0.0187,False,22.84,,,,9.0,7,113,,
(2022 MM1),54288619,0.9935,0.3371,5.6,91.77,298.95,0.659,1.33,0.99,361.5975,2461200.5,272.91,0.0093,False,24.81,,,,1861.0,1,39,,
(2022 MO1),54288621,0.9457,0.3486,4.04,256.66,136.49,0.616,1.28,0.92,336.03000000000003,2461200.5,26.52,0.0181,False,25.32,,,,1.0,7,19,,
(2022 MU1),54288746,0.8878,0.2337,16.62,267.66,213.07,0.68,1.1,0.837,305.71425,2461200.5,40.47,0.0241,False,24.63,,,,11.0,6,40,,
(2022 MF2),54289135,0.9013,0.2614,9.74,271.41,218.52,0.666,1.14,0.856,312.654,2461200.5,345.05,0.0242,False,26.13,,,,2.0,6,15,,
(2022 MP2),54289177,0.9848,0.185,1.07,162.92,351.05,0.803,1.17,0.977,356.84925,2461200.5,116.35,0.0172,False,25.95,,,,1191.0,3,56,,
(2022 MS2),54289174,0.9234,0.236,26.51,102.27,352.47,0.706,1.14,0.887,323.97675,2461200.5,354.94,0.121,False,23.21,,,,2935.0,1,27,,
(2022 ML3),54289574,0.9725,0.0782,1.15,307.55,133.66,0.896,1.05,0.959,350.27475,2461200.5,239.58,0.00212,False,27.32,,,,36.0,4,36,,
(2022 NA),54289645,0.902,0.4089,5.99,287.08,218.49,0.533,1.27,0.857,313.01925,2461200.5,308.85,0.0212,False,24.95,,,,3.0,6,30,,
(2022 NV),54289752,0.9073,0.1919,31.37,283.78,219.61,0.733,1.08,0.864,315.576,2459767.5,129.17,0.00843,False,24.73,,,,2.0,9,18,,
(2022 NX),54289751,0.8445,0.2288,6.04,118.34,338.22,0.651,1.04,0.776,283.434,2461200.5,211.63,0.000142,False,26.66,,,,23.0,6,32,,
(2022 NZ),54289923,0.9053,0.1613,8.57,281.48,214.49,0.759,1.05,0.861,314.48025,2461200.5,338.65,0.000137,False,26.32,,,,15.0,6,44,,
(2022 NU1),54290058,0.8353,0.3142,9.63,116.92,338.3,0.573,1.1,0.763,278.68575,2461200.5,255.98,0.0309,False,24.44,,,,20.0,6,29,,
(2022 OF),54290521,0.978,0.0461,24.76,294.08,165.88,0.933,1.02,0.967,353.19675,2459779.5,197.2,0.0052,False,26.31,,,,2.0,8,13,,
(2022 OK),54290698,0.911,0.1826,4.42,119.0,41.01,0.745,1.08,0.87,317.7675,2461200.5,291.02,0.00236,False,28.31,,,,10.0,5,89,,
(2022 OQ),54290859,0.9749,0.2738,6.19,104.66,74.33,0.708,1.24,0.963,351.73575,2461200.5,99.44,0.0155,False,24.92,,,,3.0,7,14,,
(2022 OS),54290862,0.8567,0.4195,27.02,297.3,206.89,0.497,1.22,0.793,289.64325,2461200.5,99.61,0.0882,False,21.77,,,,4347.0,1,100,,
(2022 OX),54291044,0.755,0.4575,13.92,110.2,27.02,0.41,1.1,0.656,239.604,2461200.5,111.16,0.00523,False,22.58,,,,12.0,7,28,,
(2022 OZ1),54291608,0.8563,0.4085,10.06,292.09,225.45,0.506,1.21,0.792,289.278,2461200.5,63.87,0.00662,False,23.57,,,,1479.0,2,56,,
(2022 OD2),54291612,0.9611,0.4145,9.38,137.73,292.81,0.563,1.36,0.942,344.0655,2461200.5,309.64,0.0231,False,22.94,,,,9.0,7,19,,
(2022 OK3),54292223,0.8943,0.2918,12.44,288.59,230.12,0.633,1.16,0.846,309.00149999999996,2461200.5,321.3,0.0064,False,23.1,,,,22.0,7,21,,
(2022 OW3),54292324,0.9905,0.2191,10.18,127.23,292.02,0.773,1.21,0.986,360.1365,2461200.5,241.72,0.00754,False,26.44,,,,3.0,6,24,,
(2022 OQ5),54292841,0.9753,0.7662,9.6,72.88,55.66,0.228,1.72,0.963,351.73575,2461200.5,165.38,0.0509,False,20.81,,,,2217.0,2,42,,
(2022 OB10),54293323,0.969,0.3301,7.87,8.65,94.66,0.649,1.29,0.954,348.44849999999997,2461200.5,244.51,0.0457,False,22.98,,,,11.0,5,12,,
(2022 OY78),54418796,0.9542,0.1853,13.24,296.81,240.38,0.777,1.13,0.932,340.413,2461200.5,161.96,0.00163,False,26.38,,,,9.0,6,12,,
(2022 PC),54292858,0.8675,0.2214,1.29,318.48,201.38,0.675,1.06,0.808,295.122,2461200.5,55.1,0.00424,False,23.74,,,,78.0,5,307,,
(2022 PE),54292860,0.9084,0.1497,5.05,310.72,151.93,0.772,1.04,0.866,316.30649999999997,2461200.5,17.42,0.00613,False,28.29,,,,6.0,5,81,,
(2022 PX),54293660,0.8063,0.3431,15.22,134.0,26.66,0.53,1.08,0.724,264.441,2461200.5,240.1,0.0085,False,24.29,,,,10.0,6,85,,
(2022 PE1),54293877,0.9198,0.2653,10.57,317.18,198.42,0.676,1.16,0.882,322.1505,2461200.5,268.89,0.0904,False,24.67,,,,8.0,6,19,,
(2022 QQ),54296368,0.7857,0.4103,5.75,146.64,344.66,0.463,1.11,0.697,254.57924999999997,2461200.5,18.29,0.0258,False,25.72,,,,4.0,7,21,,
(2022 QE1),54296533,0.8167,0.2611,7.33,327.45,197.9,0.603,1.03,0.738,269.5545,2461200.5,203.98,0.000233,False,28.33,,,,4.0,6,62,,
(2022 QN1),54296536,0.9531,0.4309,15.24,325.16,147.39,0.542,1.36,0.931,340.04775,2461200.5,286.58,0.102,False,23.43,,,,28.0,6,37,,
(2022 QQ3),54297317,0.8511,0.5894,10.04,278.22,248.73,0.349,1.35,0.785,286.72125,2461200.5,69.96,0.083,False,22.31,,,,1482.0,2,38,,
(2022 QU3),54297321,0.7273,0.439,5.18,152.65,9.95,0.408,1.05,0.62,226.455,2461200.5,192.23,0.0102,False,26.84,,,,2.0,7,39,,
(2022 QK4),54297618,0.9635,0.4928,2.16,149.54,43.46,0.489,1.44,0.946,345.5265,2459820.5,95.42,0.00782,False,23.79,,,,10.0,8,27,,
(2022 QX4),54297628,0.6808,0.5046,0.13,337.74,173.84,0.337,1.02,0.562,205.27050000000003,2461200.5,90.58,0.000167,False,24.7,,,,3321.0,2,200,,
(2022 QW5),54297805,0.9359,0.1819,26.39,151.57,333.44,0.766,1.11,0.905,330.55125,2461200.5,286.19,0.068,False,23.81,,,,2.0,7,29,,
(2022 QM6),54298612,0.8832,0.1742,6.27,38.11,122.21,0.729,1.04,0.83,303.15749999999997,2461200.5,14.9,0.0311,False,23.74,,,,38.0,7,23,,
(2022 QO6),54298614,0.8791,0.183,0.9,53.82,109.29,0.718,1.04,0.824,300.966,2461200.5,16.78,0.00897,False,25.24,,,,5.0,7,29,,
(2022 QT6),54298618,0.9183,0.1385,2.76,165.92,350.61,0.791,1.05,0.88,321.42,2461200.5,283.42,0.0257,False,26.61,,,,15.0,6,40,,
(2022 QT7),54298775,0.8944,0.2637,7.67,337.55,133.05,0.659,1.13,0.846,309.00149999999996,2461200.5,57.38,0.00255,False,28.59,,,,3.0,5,40,,
(2022 QU7),54298776,0.8057,0.321,11.79,333.17,186.7,0.547,1.06,0.723,264.07574999999997,2461200.5,254.78,0.0456,False,24.88,,,,14.0,7,81,,
(2022 QP31),54299573,0.9688,0.1683,4.78,338.7,240.7,0.806,1.13,0.954,348.44849999999997,2461200.5,83.3,0.00686,False,26.53,,,,23.0,4,82,,
(2022 QJ50),54301299,0.9422,0.3512,7.55,6.08,109.07,0.611,1.27,0.915,334.20375,2461200.5,303.47,0.0246,False,25.11,,,,3.0,7,8,,
(2022 RA),54300305,0.9936,0.3471,7.58,338.99,243.91,0.649,1.34,0.99,361.5975,2461200.5,5.27,0.007,False,27.89,,,,1.0,7,22,,
(2022 RK),54300597,0.8608,0.2738,10.94,157.79,328.83,0.625,1.1,0.799,291.83475000000004,2461200.5,131.09,0.0214,False,25.89,,,,1.0,6,23,,
(2022 RW),54300839,0.8488,0.1915,21.97,163.13,7.54,0.686,1.01,0.782,285.6255,2461200.5,97.63,0.000684,False,23.42,,,,15.0,4,106,,
(2022 RC2),54301304,0.9733,0.1279,5.22,140.58,335.83,0.849,1.1,0.96,350.64,2461200.5,207.88,0.0538,False,25.5,,,,4.0,6,10,,
(2022 RC7),54305227,0.8591,0.2956,1.93,102.6,106.17,0.605,1.11,0.796,290.73900000000003,2461200.5,4.44,0.0152,False,23.36,,,,37.0,5,29,,
(2022 RE9),54305654,0.8962,0.1686,9.03,166.65,352.66,0.745,1.05,0.848,309.73199999999997,2459838.5,196.65,0.0382,False,25.22,,,,4.0,8,12,,
(2022 SE),54304125,0.8834,0.2026,16.96,173.64,25.42,0.704,1.06,0.83,303.15749999999997,2461200.5,318.84,0.0285,False,26.96,,,,1.0,7,17,,
(2022 SW),54304629,0.9517,0.4579,20.58,352.76,236.83,0.516,1.39,0.929,339.31725,2461200.5,76.89,0.00138,False,25.14,,,,12.0,7,125,,
(2022 SW3),54305247,0.7659,0.344,12.92,359.01,193.59,0.502,1.03,0.67,244.7175,2461200.5,351.14,0.00853,False,24.89,,,,734.0,1,120,,
(2022 SF4),54305648,0.7813,0.4292,13.91,355.34,208.88,0.446,1.12,0.691,252.38774999999998,2461200.5,258.07,0.00874,False,26.96,,,,2.0,6,21,,
(2022 SK4),54305651,0.8385,0.3087,15.18,176.57,37.59,0.58,1.1,0.768,280.512,2461200.5,59.52,0.000495,False,30.35,,,,1.0,5,18,,
(2022 SD5),54305669,0.8808,0.1679,2.26,177.28,10.95,0.733,1.03,0.827,302.06174999999996,2461200.5,342.88,0.00935,False,28.58,,,,1.0,7,19,,
(2022 SK5),54305672,0.9203,0.2794,17.37,192.79,351.57,0.663,1.18,0.883,322.51575,2461200.5,242.4,0.166,False,23.69,,,,8.0,6,14,,
(2022 SE6),54306604,0.8767,0.1575,6.22,359.61,163.58,0.739,1.01,0.821,299.87025,2461200.5,30.05,0.00277,False,25.81,,,,27.0,5,88,,
(2022 SS6),54306612,0.9724,0.24,21.45,23.69,155.35,0.739,1.21,0.959,350.27475,2461200.5,134.1,0.162,False,22.35,,,,422.0,1,117,,
(2022 SA8),54307204,0.9394,0.3243,8.81,354.71,241.04,0.635,1.24,0.91,332.3775,2461200.5,115.2,0.00341,False,28.01,,,,1.0,7,14,,
(2022 SY10),54308040,0.9445,0.1291,3.05,190.23,318.43,0.823,1.07,0.918,335.2995,2461200.5,236.0,0.0136,False,26.87,,,,28.0,5,53,,
(2022 SM11),54308052,0.8634,0.2349,18.4,183.97,356.83,0.661,1.07,0.802,292.9305,2461200.5,43.11,0.0628,False,26.18,,,,6.0,7,19,,
(2022 SW20),54309248,0.6917,0.5679,15.19,0.26,199.51,0.299,1.08,0.575,210.01874999999998,2461200.5,284.75,0.00224,False,26.48,,,,3.0,7,14,,
(2022 SF25),54310126,0.9838,0.3975,5.39,5.99,236.84,0.593,1.37,0.976,356.484,2461200.5,359.21,0.0112,False,26.3,,,,3.0,7,22,,
(2022 SL48),54311855,0.8463,0.3314,2.31,359.17,222.89,0.566,1.13,0.779,284.52975000000004,2461200.5,21.76,0.00124,False,26.82,,,,4.0,6,18,,
(2022 SX55),54312938,0.8363,0.3983,10.91,354.39,221.03,0.503,1.17,0.765,279.41625,2461200.5,54.26,6.08e-05,False,30.19,,,,1.0,7,7,,
(2022 TU),54312933,0.9591,0.1906,11.26,218.04,331.11,0.776,1.14,0.939,342.96975,2461200.5,145.77,0.0961,False,23.71,,,,413.0,3,48,,
(2022 TW),54312935,0.9672,0.1188,18.74,190.07,11.52,0.852,1.08,0.951,347.35274999999996,2461200.5,120.03,0.0772,False,25.56,,,,2.0,7,16,,
(2022 TF1),54313610,0.901,0.176,3.29,149.98,74.05,0.742,1.06,0.855,312.28875,2461200.5,245.02,0.0287,False,24.7,,,,47.0,5,35,,
(2022 TX1),54314207,0.9269,0.2708,11.08,171.74,59.12,0.676,1.18,0.892,325.803,2461200.5,164.03,0.00491,False,23.66,,,,18.0,5,26,,
(2022 TS2),54316566,0.9481,0.4875,0.97,90.64,59.84,0.486,1.41,0.923,337.12575000000004,2461200.5,269.88,0.00191,False,24.56,,,,17.0,7,60,,
(2022 TT2),54316567,0.9408,0.3597,14.4,26.52,120.8,0.602,1.28,0.913,333.47325,2461200.5,272.43,0.00431,False,25.03,,,,5.0,6,39,,
(2022 TW2),54316645,0.9153,0.1364,2.61,21.41,220.01,0.79,1.04,0.876,319.959,2461200.5,189.46,0.00183,False,28.56,,,,11.0,5,59,,
(2022 UQ),54316692,0.8015,0.3503,15.44,204.71,23.11,0.521,1.08,0.718,262.2495,2461200.5,161.89,0.0301,False,26.54,,,,6.0,7,24,,
(2022 UY),54316897,0.9968,0.1143,15.6,18.08,141.76,0.883,1.11,0.995,363.42375,2461200.5,108.47,0.0794,False,25.49,,,,2570.0,1,39,,
(2022 UA1),54316895,0.9672,0.0984,3.08,204.74,351.4,0.872,1.06,0.951,347.35274999999996,2461200.5,128.84,0.0466,False,25.61,,,,53.0,4,51,,
(2022 UJ1),54316904,0.9517,0.0663,8.28,24.69,196.89,0.889,1.01,0.929,339.31725,2461200.5,132.56,0.0143,False,27.91,,,,8.0,6,16,,
(2022 UM1),54316911,0.8381,0.2919,6.78,22.57,214.55,0.593,1.08,0.767,280.14675,2461200.5,33.07,0.00515,False,27.21,,,,11.0,6,42,,
(2022 UR1),54316913,0.9591,0.2821,25.21,16.71,223.87,0.689,1.23,0.939,342.96975,2459870.5,116.83,0.0911,False,24.04,,,,4.0,8,24,,
(2022 UE3),54317205,0.974,0.3166,6.33,20.95,246.89,0.666,1.28,0.961,351.00525,2461200.5,5.9,0.000745,False,24.61,,,,373.0,2,124,,
(2022 UY3),54317870,0.824,0.3165,2.4,194.21,41.47,0.563,1.08,0.748,273.207,2461200.5,75.09,0.00416,False,26.86,,,,1101.0,2,34,,
(2022 UO4),54317887,0.9439,0.2573,3.15,349.45,255.75,0.701,1.19,0.917,334.93425,2461200.5,104.6,0.013,False,25.23,,,,3.0,5,19,,
(2022 US5),54318596,0.8666,0.1871,15.77,26.09,162.46,0.705,1.03,0.807,294.75675,2461200.5,27.84,0.0209,False,26.64,,,,4.0,7,19,,
(2022 UD6),54319153,0.8463,0.2729,8.73,208.43,24.43,0.615,1.08,0.779,284.52975000000004,2461200.5,19.32,0.0287,False,26.19,,,,10.0,7,25,,
(2022 UF6),54319154,0.7608,0.4467,10.67,171.67,40.98,0.421,1.1,0.664,242.526,2459869.5,149.26,0.0358,False,23.18,,,,9.0,8,14,,
(2022 UD8),54319881,0.9381,0.1723,10.82,194.3,5.67,0.777,1.1,0.909,332.01225,2461200.5,191.89,0.0948,False,24.32,,,,61.0,4,21,,
(2022 UT8),54320181,0.8485,0.1882,1.64,8.54,212.81,0.689,1.01,0.782,285.6255,2461200.5,41.2,0.00714,False,23.58,,,,37.0,6,68,,
(2022 UT10),54320713,0.8927,0.1559,6.42,215.37,328.92,0.754,1.03,0.843,307.90575,2461200.5,322.15,0.00906,False,26.75,,,,4.0,6,101,,
(2022 UB11),54320718,0.9428,0.1781,12.71,35.81,144.35,0.775,1.11,0.915,334.20375,2461200.5,210.51,0.0642,False,25.27,,,,25.0,4,34,,
(2022 UD11),54320720,0.9338,0.1283,31.22,36.71,139.4,0.814,1.05,0.902,329.45550000000003,2461200.5,229.3,0.0237,False,24.87,,,,8.0,7,74,,
(2022 UL11),54320727,0.6693,0.4901,3.62,212.19,0.76,0.341,1.0,0.548,200.157,2461200.5,37.96,0.00208,False,29.15,,,,3.0,7,46,,
(2022 UM11),54320728,0.9487,0.3352,5.17,209.37,63.51,0.631,1.27,0.924,337.49100000000004,2461200.5,53.11,0.00125,False,24.67,,,,824.0,2,113,,
(2022 UO11),54320730,0.897,0.3418,2.67,22.0,142.56,0.59,1.2,0.85,310.4625,2461200.5,355.21,0.0129,False,26.51,,,,12.0,6,34,,
(2022 UU11),54321077,0.9132,0.2501,14.23,345.33,224.17,0.685,1.14,0.873,318.86325,2461200.5,256.29,0.0253,True,21.05,,,,682.0,2,29,,
(2022 UL12),54321081,0.8677,0.2177,14.74,212.13,7.76,0.679,1.06,0.808,295.122,2461200.5,345.43,0.0574,False,23.05,,,,19.0,6,75,,
(2022 UP12),54321085,0.7383,0.3971,12.73,32.33,197.09,0.445,1.03,0.634,231.5685,2461200.5,37.78,0.0054,False,26.4,,,,3.0,7,50,,
(2022 UA13),54321095,0.7237,0.5854,8.25,213.12,26.98,0.3,1.15,0.616,224.994,2461200.5,59.17,5.78e-05,False,26.37,,,,5.0,6,139,,
(2022 UC14),54321461,0.9886,0.187,3.2,212.57,77.31,0.804,1.17,0.983,359.04075,2461200.5,326.43,9.74e-05,False,29.67,,,,1.0,5,36,,
(2022 UU15),54321819,0.7139,0.5796,10.03,16.41,215.85,0.3,1.13,0.603,220.24575,2459880.5,126.95,0.0301,False,25.07,,,,1.0,8,16,,
(2022 UV15),54321820,0.6908,0.5172,0.17,251.5,341.89,0.333,1.05,0.574,209.65349999999998,2461200.5,237.48,2.58e-05,False,26.0,,,,16.0,6,167,,
(2022 UB16),54322224,0.9106,0.6264,11.61,217.3,320.45,0.34,1.48,0.869,317.40225,2459880.5,287.88,0.0188,False,24.56,,,,3.0,8,28,,
(2022 UN20),54322243,0.9447,0.1781,12.16,212.81,51.83,0.776,1.11,0.918,335.2995,2461200.5,88.92,0.0253,False,27.51,,,,5.0,6,18,,
(2022 UQ20),54322246,0.7952,0.3617,3.21,46.42,143.05,0.508,1.08,0.709,258.96225,2461200.5,266.56,0.00369,False,27.34,,,,2.0,7,23,,
(2022 UM21),54322719,0.9683,0.4568,11.4,36.34,127.46,0.526,1.41,0.953,348.08324999999996,2459883.5,285.57,0.0245,False,26.55,,,,6.0,8,17,,
(2022 US21),54322868,0.9326,0.3893,22.87,26.33,230.95,0.57,1.3,0.901,329.09025,2461200.5,92.35,0.0347,True,21.86,,,,385.0,2,69,,
(2022 UK24),54322883,0.8031,0.502,16.39,218.27,37.64,0.4,1.21,0.72,262.98,2461200.5,95.75,0.00185,False,28.14,,,,2.0,5,110,,
(2022 UN24),54322884,0.8483,0.4611,20.36,53.88,186.08,0.457,1.24,0.781,285.26025,2461200.5,346.59,0.189,False,22.22,,,,39.0,4,41,,
(2022 UG28),54322907,0.948,0.3099,6.47,41.77,227.98,0.654,1.24,0.923,337.12575000000004,2461200.5,60.32,0.028,False,26.3,,,,3.0,7,15,,
(2022 UM28),54323520,0.72,0.5075,12.42,52.61,180.28,0.355,1.09,0.611,223.16774999999998,2461200.5,111.36,0.0771,False,24.28,,,,27.0,7,42,,
(2022 VG),54323527,0.9812,0.2961,0.31,347.77,300.64,0.691,1.27,0.972,355.02299999999997,2461200.5,330.46,0.00106,False,27.72,,,,1.0,6,36,,
(2022 VU),54324412,0.9682,0.1173,15.68,226.62,15.81,0.855,1.08,0.953,348.08324999999996,2461200.5,73.46,0.0836,False,24.96,,,,20.0,6,26,,
(2022 VR1),54326659,0.9938,0.1677,5.83,242.55,270.61,0.827,1.16,0.991,361.96274999999997,2461200.5,130.36,0.011,False,24.79,,,,377.0,0,98,2.0,1.0
(2022 VP2),54326960,0.89,0.2058,23.06,232.57,43.16,0.707,1.07,0.84,306.81,2461200.5,205.67,0.012,False,26.52,,,,6.0,6,40,,
(2022 VA3),54327486,0.9774,0.3195,13.13,241.75,12.97,0.665,1.29,0.966,352.8315,2461200.5,11.81,0.175,False,22.65,,,,1128.0,2,61,,
(2022 WQ),54327477,0.9114,0.1536,22.57,233.56,320.58,0.771,1.05,0.87,317.7675,2461200.5,265.44,0.0195,False,27.03,,,,2.0,7,16,,
(2022 WE1),54327494,0.9544,0.09,7.31,237.62,42.19,0.869,1.04,0.932,340.413,2461200.5,60.8,0.0217,False,27.2,,,,12.0,5,50,,
(2022 WF2),54327895,0.9728,0.3749,1.67,250.85,49.8,0.608,1.34,0.96,350.64,2461200.5,325.64,0.0079,False,26.33,,,,6.0,7,53,,
(2022 WL2),54327900,0.8398,0.2619,11.37,59.62,147.54,0.62,1.06,0.77,281.2425,2461200.5,89.67,0.0119,False,27.44,,,,5.0,7,36,,
(2022 WO2),54327903,0.7148,0.4871,1.93,103.11,122.44,0.367,1.06,0.604,220.611,2459902.5,211.09,0.0185,False,25.9,,,,8.0,8,27,,
(2022 WR2),54327904,0.9801,0.0894,14.27,59.57,114.63,0.893,1.07,0.97,354.2925,2461200.5,129.19,0.0208,False,26.63,,,,6.0,6,43,,
(2022 WW2),54327909,0.963,0.3648,1.0,222.4,56.61,0.612,1.31,0.945,345.16125,2461200.5,15.37,0.00228,False,25.57,,,,10.0,7,19,,
(2022 WE3),54328005,0.9045,0.1643,7.17,56.47,175.08,0.756,1.05,0.86,314.115,2461200.5,232.82,0.0631,False,26.7,,,,11.0,7,20,,
(2022 WM3),54328012,0.8563,0.2225,4.14,57.92,217.0,0.666,1.05,0.792,289.278,2461200.5,297.72,0.000438,False,28.43,,,,4.0,6,53,,
(2022 WP3),54328016,0.9462,0.2625,20.16,238.21,306.93,0.698,1.19,0.92,336.03000000000003,2461200.5,205.56,0.0464,False,23.99,,,,6.0,7,61,,
(2022 WX3),54328064,0.923,0.226,7.31,226.22,324.6,0.714,1.13,0.887,323.97675,2461200.5,247.02,0.0464,False,25.8,,,,18.0,7,21,,
(2022 WH4),54328073,0.9671,0.1699,14.22,65.63,132.67,0.803,1.13,0.951,347.35274999999996,2461200.5,131.4,0.0641,False,23.89,,,,10.0,6,28,,
(2022 WU4),54328943,0.8771,0.3239,25.23,241.42,314.14,0.593,1.16,0.821,299.87025,2461200.5,7.79,0.0212,False,25.18,,,,5.0,6,64,,
(2022 WJ5),54329161,0.9531,0.2253,12.06,247.28,304.43,0.738,1.17,0.931,340.04775,2461200.5,179.26,0.0348,False,24.41,,,,19.0,5,47,,
(2022 WO6),54329635,0.8311,0.2657,6.32,61.04,213.68,0.61,1.05,0.758,276.8595,2461200.5,8.82,0.00177,False,29.02,,,,1.0,6,20,,
(2022 WP9),54330580,0.8999,0.2094,7.0,65.1,222.94,0.711,1.09,0.854,311.9235,2461200.5,167.58,0.0156,False,28.4,,,,3.0,7,15,,
(2022 WR9),54330583,0.9721,0.4082,9.86,246.06,302.01,0.575,1.37,0.959,350.27475,2461200.5,169.55,0.0167,False,27.2,,,,3.0,7,18,,
(2022 WA10),54330724,0.8658,0.4112,1.4,73.89,213.44,0.51,1.22,0.806,294.3915,2461200.5,234.13,0.00621,False,26.45,,,,7.0,5,20,,
(2022 WJ10),54330726,0.9298,0.2566,9.8,61.22,235.72,0.691,1.17,0.897,327.62925,2461200.5,78.43,0.0147,False,27.57,,,,4.0,6,17,,
(2022 WQ10),54330736,0.9387,0.3969,16.98,68.91,121.45,0.566,1.31,0.909,332.01225,2461200.5,236.28,0.00624,False,27.36,,,,2.0,7,37,,
(2022 XK),54331629,0.9108,0.3688,6.08,246.51,58.88,0.575,1.25,0.869,317.40225,2461200.5,101.71,0.00375,False,26.19,,,,4.0,7,18,,
(2022 XT),54332005,0.692,0.5567,10.34,254.72,22.48,0.307,1.08,0.576,210.384,2461200.5,150.9,0.000784,False,25.82,,,,6.0,7,52,,
(2022 XO2),54336807,0.6972,0.7417,23.07,248.46,347.61,0.18,1.21,0.582,212.57549999999998,2459914.5,253.46,0.0676,False,23.84,,,,1.0,9,9,,
(2022 YE),54334589,0.8019,0.5858,9.45,266.97,322.15,0.332,1.27,0.718,262.2495,2461200.5,212.87,0.00106,False,24.8,,,,687.0,4,42,,
(2022 YH),54335008,0.7851,0.3507,8.63,263.72,352.34,0.51,1.06,0.696,254.21399999999997,2459930.5,191.48,0.0515,False,24.8,,,,5.0,8,28,,
(2022 YM1),54335459,0.8697,0.1373,1.13,267.25,352.43,0.75,0.99,0.811,296.21775,2461200.5,289.82,0.00217,False,29.2,,,,6.0,5,25,,
(2022 YD2),54336059,0.9176,0.2166,28.58,92.33,169.1,0.719,1.12,0.879,321.05475,2459935.5,187.81,0.126,False,24.42,,,,7.0,8,27,,
(2022 YF2),54336061,0.9718,0.2541,19.88,103.58,145.23,0.725,1.22,0.958,349.9095,2461200.5,70.17,0.138,False,23.03,,,,386.0,2,44,,
(2022 YM2),54336234,0.7399,0.3801,10.09,261.94,356.54,0.459,1.02,0.636,232.299,2459934.5,198.36,0.034,False,26.28,,,,4.0,8,19,,
(2022 YW2),54336526,0.8831,0.2725,2.44,31.96,269.91,0.642,1.12,0.83,303.15749999999997,2459935.5,128.63,0.0261,False,26.2,,,,2.0,8,14,,
(2022 YD3),54336614,0.9381,0.2389,18.37,84.9,123.78,0.714,1.16,0.909,332.01225,2459935.5,269.71,0.029,False,22.66,,,,3.0,8,23,,
(2022 YJ3),54336619,0.9199,0.1489,10.8,86.85,143.06,0.783,1.06,0.882,322.1505,2461200.5,205.6,0.0322,False,27.4,,,,2.0,6,16,,
(2022 YL4),54336644,0.9369,0.0724,1.6,271.18,342.76,0.869,1.0,0.907,331.28175,2461200.5,133.75,0.0108,False,27.64,,,,20.0,5,50,,
(2022 YO4),54336802,0.9322,0.295,20.19,76.82,204.98,0.657,1.21,0.9,328.725,2461200.5,107.06,0.146,False,24.12,,,,4.0,7,12,,
(2022 YK5),54336907,0.9211,0.1541,9.33,104.04,156.23,0.779,1.06,0.884,322.88100000000003,2461200.5,162.35,0.0554,False,23.83,,,,27.0,6,78,,
(2022 YL5),54336908,0.9745,0.1768,11.52,282.53,66.45,0.802,1.15,0.962,351.3705,2461200.5,299.92,0.024,False,24.19,,,,39.0,5,47,,
(2022 YD6),54336963,0.9708,0.2818,13.13,270.69,318.14,0.697,1.24,0.957,349.54425,2461200.5,112.42,0.0912,False,24.18,,,,18.0,7,37,,
(2022 YP6),54337033,0.9007,0.2978,30.51,97.33,227.54,0.632,1.17,0.855,312.28875,2459942.5,105.55,0.0382,False,23.95,,,,6.0,8,48,,
(2022 YS6),54337425,0.6838,0.4874,2.64,283.91,342.97,0.351,1.02,0.565,206.36624999999998,2461200.5,239.53,0.00131,False,26.86,,,,9.0,7,61,,
(2022 YN7),54338282,0.6886,0.6152,27.08,92.66,223.38,0.265,1.11,0.571,208.55774999999997,2461200.5,105.23,0.121,False,20.53,,,,1536.0,3,47,,
(2023 AK),54338671,0.804,0.4166,5.41,111.07,144.96,0.469,1.14,0.721,263.34524999999996,2461200.5,152.4,0.00597,False,27.75,,,,3.0,6,41,,
(2023 AW),54338714,0.9879,0.2652,3.12,268.62,86.47,0.726,1.25,0.982,358.6755,2461200.5,253.59,0.00991,False,25.68,,,,369.0,2,30,,
(2023 AE1),54338828,0.9312,0.1727,4.88,118.81,122.18,0.77,1.09,0.899,328.35975,2461200.5,171.63,0.00498,False,27.15,,,,7.0,5,61,,
(2023 BG),54339214,0.9812,0.3041,11.08,141.59,100.21,0.683,1.28,0.972,355.02299999999997,2461200.5,78.38,0.0234,False,23.29,,,,2633.0,1,71,,
(2023 BW),54339760,0.9509,0.1435,5.51,141.36,209.14,0.814,1.09,0.927,338.58675,2461200.5,351.41,0.052,False,24.47,,,,37.0,5,42,,
(2023 BY),54339762,0.8317,0.4295,0.9,59.47,202.37,0.474,1.19,0.758,276.8595,2461200.5,63.87,0.00529,False,26.45,,,,3.0,7,24,,
(2023 BB1),54339765,0.7226,0.5899,10.8,302.72,20.99,0.296,1.15,0.614,224.2635,2461200.5,288.95,0.0213,False,23.34,,,,5.0,7,37,,
(2023 BC2),54339966,0.7429,0.3952,2.64,123.62,183.38,0.449,1.04,0.64,233.76,2459968.5,174.2,0.0153,False,25.43,,,,7.0,8,45,,
(2023 BL2),54339976,0.9681,0.2745,11.67,125.36,109.78,0.702,1.23,0.953,348.08324999999996,2461200.5,114.45,0.00131,False,29.12,,,,1.0,6,15,,
(2023 BA4),54340101,0.7496,0.3776,7.29,131.71,184.79,0.466,1.03,0.649,237.04725000000002,2461200.5,228.7,0.0344,False,24.78,,,,7.0,7,68,,
(2023 BM4),54340154,0.9784,0.2062,1.52,186.55,174.25,0.777,1.18,0.968,353.562,2461200.5,279.49,0.0238,False,23.65,,,,1224.0,1,397,,
(2023 BR5),54340268,0.8961,0.2209,10.69,308.92,318.09,0.698,1.09,0.848,309.73199999999997,2461200.5,226.17,0.0242,False,27.5,,,,2.0,7,25,,
(2023 BS5),54340269,0.8864,0.1446,11.73,307.3,19.52,0.758,1.01,0.835,304.98375,2461200.5,169.66,0.0194,False,24.12,,,,29.0,7,50,,
(2023 BP6),54340314,0.9777,0.1491,16.77,131.68,98.48,0.832,1.12,0.967,353.19675,2461200.5,85.17,0.0069,False,23.85,,,,5.0,6,50,,
(2023 BJ7),54340322,0.781,0.3313,5.0,310.01,333.01,0.522,1.04,0.69,252.02249999999998,2461200.5,178.93,0.000523,False,28.76,,,,2.0,6,80,,
(2023 BT7),54340429,0.9507,0.3212,18.52,293.64,67.21,0.645,1.26,0.927,338.58675,2461200.5,315.05,0.00681,False,23.58,,,,21.0,7,35,,
(2023 BW9),54340712,0.6621,0.5858,30.13,114.45,216.06,0.274,1.05,0.539,196.86975,2461200.5,221.38,0.106,False,21.68,,,,382.0,3,36,,
(2023 BK17),54417773,0.6214,0.7119,4.57,91.64,220.85,0.179,1.06,0.49,178.9725,2459973.5,156.8,0.0342,False,24.98,,,,1.0,9,10,,
(2023 CC),54340474,0.8662,0.3138,3.62,325.5,302.83,0.594,1.14,0.806,294.3915,2461200.5,309.82,0.00923,False,25.99,,,,4.0,6,45,,
(2023 CD),54340710,0.9815,0.119,9.91,328.51,22.33,0.865,1.1,0.972,355.02299999999997,2461200.5,293.55,0.0945,False,24.07,,,,379.0,2,79,,
(2023 CN1),54341484,0.7893,0.3483,8.45,136.98,212.8,0.514,1.06,0.701,256.04024999999996,2461200.5,34.24,0.0027,False,26.22,,,,11.0,7,74,,
(2023 CL2),54341549,0.9793,0.1513,1.19,158.21,230.49,0.831,1.13,0.969,353.92725,2461200.5,249.22,0.00969,False,25.0,,,,854.0,2,101,,
(2023 CC3),54341593,0.7817,0.3229,1.03,132.94,203.65,0.529,1.03,0.691,252.38774999999998,2459992.5,162.07,0.000816,False,26.94,,,,5.0,8,38,,
(2023 CE3),54341595,0.9955,0.2408,28.49,139.49,239.54,0.756,1.24,0.993,362.69325,2459988.5,97.78,0.073,False,25.2,,,,1.0,9,17,,
(2023 CR3),54341643,0.7965,0.2937,7.17,319.17,17.59,0.563,1.03,0.711,259.69275,2461200.5,38.98,0.0166,False,25.79,,,,11.0,7,82,,
(2023 DH),54342171,0.8531,0.1852,7.14,331.48,11.48,0.695,1.01,0.788,287.817,2461200.5,229.6,0.017,False,27.47,,,,7.0,6,49,,
(2023 DO),54342224,0.7737,0.3289,2.86,4.59,338.1,0.519,1.03,0.681,248.73525,2461200.5,103.85,0.000971,False,25.6,,,,41.0,7,52,,
(2023 DW),54342500,0.82,0.3962,5.8,326.07,40.46,0.495,1.14,0.743,271.38075,2461200.5,272.87,0.000543,False,24.32,,,,1118.0,1,133,,
(2023 DH1),54342517,0.9311,0.2478,3.55,150.13,248.46,0.7,1.16,0.899,328.35975,2461200.5,326.51,0.00686,False,26.72,,,,14.0,5,74,,
(2023 DJ1),54342518,0.8965,0.1746,7.87,338.59,318.74,0.74,1.05,0.849,310.09725,2461200.5,186.01,0.00694,False,28.16,,,,1.0,6,56,,
(2023 DK1),54342519,0.8311,0.2923,12.36,337.97,330.71,0.588,1.07,0.758,276.8595,2461200.5,348.06,0.021,False,26.86,,,,3.0,7,36,,
(2023 EC),54342584,0.7567,0.3629,8.61,346.26,344.35,0.482,1.03,0.658,240.33450000000002,2461200.5,188.81,0.0114,False,25.53,,,,5.0,7,53,,
(2023 EF),54342587,0.9925,0.1808,4.67,345.95,58.13,0.813,1.17,0.989,361.23225,2461200.5,207.35,0.0292,False,26.18,,,,381.0,2,37,,
(2023 EM),54346962,0.935,0.1077,14.19,166.6,215.15,0.834,1.04,0.904,330.18600000000004,2461200.5,353.21,0.0207,False,25.47,,,,7.0,4,81,,
(2023 EN),54346963,0.9385,0.3811,12.47,168.28,239.75,0.581,1.3,0.909,332.01225,2461200.5,284.35,0.000149,False,28.09,,,,11.0,6,37,,
(2023 EJ1),54347924,0.9516,0.1804,9.33,352.28,60.26,0.78,1.12,0.928,338.952,2461200.5,276.79,0.0124,False,28.77,,,,2.0,4,19,,
(2023 FA),54349047,0.8725,0.282,7.84,359.93,317.22,0.626,1.12,0.815,297.67875,2461200.5,231.07,0.0078,False,26.5,,,,6.0,6,43,,
(2023 FE),54349051,0.9507,0.093,17.39,172.83,164.61,0.862,1.04,0.927,338.58675,2461200.5,17.42,0.0411,False,24.68,,,,13.0,6,68,,
(2023 FK),54349263,0.972,0.1551,1.58,88.6,248.47,0.821,1.12,0.958,349.9095,2461200.5,339.74,0.0036,False,25.08,,,,464.0,3,62,,
(2023 FN),54349267,0.7796,0.4854,16.46,175.27,206.58,0.401,1.16,0.688,251.29199999999997,2461200.5,11.73,0.0333,False,24.46,,,,6.0,7,32,,
(2023 FZ2),54351263,0.9087,0.2951,17.6,5.31,307.11,0.641,1.18,0.866,316.30649999999997,2461200.5,155.14,0.00851,False,26.66,,,,8.0,6,40,,
(2023 FO4),54352302,0.9175,0.1932,3.76,179.19,213.36,0.74,1.09,0.879,321.05475,2461200.5,13.11,0.0237,False,26.26,,,,3.0,7,30,,
(2023 FR5),54352567,0.8773,0.3478,27.37,9.27,13.79,0.572,1.18,0.822,300.2355,2461200.5,112.24,0.158,False,23.12,,,,27.0,6,35,,
(2023 FT10),54353141,0.9458,0.2203,10.08,2.79,58.88,0.737,1.15,0.92,336.03000000000003,2461200.5,272.54,0.0124,False,25.98,,,,2.0,7,13,,
(2023 FW10),54353143,0.875,0.2607,8.55,181.36,226.76,0.647,1.1,0.818,298.7745,2461200.5,85.27,0.00189,False,25.23,,,,14.0,7,39,,
(2023 FZ10),54353146,0.9402,0.0672,4.69,12.38,5.99,0.877,1.0,0.912,333.108,2461200.5,350.37,0.00366,False,28.57,,,,5.0,6,40,,
(2023 FN13),54353611,0.9884,0.1355,2.12,201.5,107.3,0.854,1.12,0.983,359.04075,2461200.5,339.14,0.00207,False,27.21,,,,376.0,1,76,,
(2023 FQ13),54353613,0.7587,0.5649,29.73,19.23,352.77,0.33,1.19,0.661,241.43025,2461200.5,104.93,0.149,False,22.83,,,,2943.0,1,44,,
(2023 FW13),54353620,0.999,0.1774,2.75,68.83,355.28,0.822,1.18,0.998,364.5195,2461200.5,177.36,0.0458,False,26.03,,,,4687.0,0,50,,
(2023 GF),54353707,0.7865,0.3864,4.3,193.6,206.76,0.483,1.09,0.697,254.57924999999997,2461200.5,329.36,0.00589,False,24.62,,,,14.0,7,96,,
(2023 GX),54354276,0.7898,0.3317,1.17,17.49,23.34,0.528,1.05,0.702,256.40549999999996,2461200.5,323.82,0.00105,False,26.71,,,,18.0,7,63,,
(2023 GQ1),54354355,0.9829,0.0436,2.73,24.8,304.24,0.94,1.03,0.974,355.7535,2461200.5,323.23,0.0019,False,30.27,,,,2.0,4,28,,
(2023 GR1),54354356,0.7185,0.4275,3.1,202.09,189.03,0.411,1.03,0.609,222.43725,2461200.5,227.57,0.00534,False,25.35,,,,12.0,7,117,,
(2023 GA2),54354395,0.814,0.6179,19.82,30.03,30.58,0.311,1.32,0.734,268.0935,2461200.5,185.06,0.0306,False,23.39,,,,11.0,7,140,,
(2023 GJ2),54354403,0.7428,0.3774,9.06,198.89,179.23,0.462,1.02,0.64,233.76,2460049.5,187.76,0.0212,False,25.62,,,,2.0,8,15,,
(2023 HM),54354505,0.8342,0.6698,2.22,30.62,28.58,0.275,1.39,0.762,278.3205,2461200.5,121.98,0.00503,False,27.82,,,,2.0,7,18,,
(2023 HL1),54354665,0.8473,0.2158,4.99,53.68,333.0,0.664,1.03,0.78,284.895,2461200.5,189.68,0.00579,False,25.25,,,,37.0,6,45,,
(2023 HR1),54354673,0.9761,0.3997,20.47,207.28,120.71,0.586,1.37,0.964,352.101,2461200.5,18.64,0.0164,False,26.22,,,,2.0,7,39,,
(2023 HO2),54354865,0.8793,0.4822,24.55,205.58,198.34,0.455,1.3,0.825,301.33125,2461200.5,81.44,0.171,False,22.74,,,,24.0,5,38,,
(2023 HU2),54354971,0.8922,0.5538,17.8,205.34,229.24,0.398,1.39,0.843,307.90575,2461200.5,333.9,0.0149,False,24.78,,,,7.0,7,43,,
(2023 HC3),54355033,0.9508,0.2507,3.84,245.19,195.0,0.712,1.19,0.927,338.58675,2461200.5,240.57,0.0501,False,23.94,,,,409.0,3,69,,
(2023 HG3),54355037,0.8812,0.3987,1.81,13.56,60.46,0.53,1.23,0.827,302.06174999999996,2461200.5,19.93,0.00626,False,26.63,,,,6.0,5,30,,
(2023 HT3),54356031,0.8143,0.3301,25.73,33.58,20.56,0.546,1.08,0.735,268.45875,2461200.5,230.35,0.0418,False,24.05,,,,18.0,5,78,,
(2023 HU3),54356032,0.995,0.4293,31.91,210.81,241.09,0.568,1.42,0.992,362.328,2461200.5,124.99,0.0147,False,25.01,,,,734.0,1,63,,
(2023 HB4),54356038,0.7138,0.4614,5.33,211.42,165.97,0.384,1.04,0.603,220.24575,2461200.5,284.02,0.00443,False,26.84,,,,1.0,6,71,,
(2023 HD4),54356041,0.9447,0.4713,9.53,212.17,233.69,0.499,1.39,0.918,335.2995,2461200.5,220.59,0.00442,False,26.04,,,,6.0,7,64,,
(2023 HU5),54356994,0.9788,0.2252,7.15,207.94,252.73,0.758,1.2,0.968,353.562,2461200.5,169.12,0.00403,False,27.58,,,,3.0,6,19,,
(2023 HX6),54357208,0.952,0.3545,19.89,216.95,241.25,0.615,1.29,0.929,339.31725,2461200.5,206.51,0.00189,False,26.02,,,,10.0,6,56,,
(2023 HB7),54357253,0.9521,0.186,1.54,130.54,302.57,0.775,1.13,0.929,339.31725,2461200.5,255.69,0.00101,False,25.29,,,,463.0,3,48,,
(2023 HQ7),54357277,0.8576,0.2717,12.58,217.4,208.13,0.625,1.09,0.794,290.0085,2461200.5,106.34,0.0302,False,24.73,,,,18.0,6,60,,
(2023 JD),54357397,0.9364,0.1673,16.83,49.2,304.0,0.78,1.09,0.906,330.9165,2461200.5,36.66,0.00459,False,26.72,,,,2.0,6,31,,
(2023 JJ),54357454,0.882,0.1716,6.57,228.25,198.57,0.731,1.03,0.828,302.42699999999996,2461200.5,54.16,0.0118,False,26.84,,,,13.0,6,47,,
(2023 JT),54357465,0.9265,0.17,14.84,228.51,221.05,0.769,1.08,0.892,325.803,2461200.5,289.05,0.0206,False,25.71,,,,12.0,4,52,,
(2023 JA1),54357787,0.8987,0.2329,1.45,210.61,236.93,0.689,1.11,0.852,311.193,2461200.5,345.14,0.00388,False,26.57,,,,16.0,6,30,,
(2023 JX1),54358249,0.9529,0.3806,10.04,70.67,32.28,0.59,1.32,0.93,339.6825,2461200.5,197.45,0.0763,False,24.71,,,,13.0,7,32,,
(2023 JB3),54358574,0.9405,0.2517,5.47,88.75,289.61,0.704,1.18,0.912,333.108,2461200.5,8.64,0.0188,False,24.2,,,,30.0,4,77,,
(2023 JK3),54358582,0.8055,0.2711,1.67,55.16,353.03,0.587,1.02,0.723,264.07574999999997,2461200.5,279.19,0.00361,False,25.35,,,,12.0,5,45,,
(2023 JA4),54358767,0.9289,0.3333,29.65,227.44,202.08,0.619,1.24,0.895,326.89875,2461200.5,301.92,0.17,False,23.2,,,,12.0,7,28,,
(2023 JC4),54358769,0.8709,0.2141,2.38,190.26,211.16,0.684,1.06,0.813,296.94825,2461200.5,118.39,0.00559,False,25.42,,,,19.0,6,56,,
(2023 KO),54359249,0.7393,0.4144,14.13,236.09,194.87,0.433,1.05,0.636,232.299,2461200.5,82.73,0.0085,False,27.04,,,,6.0,7,20,,
(2023 KQ),54359251,0.8573,0.2255,10.42,240.25,166.63,0.664,1.05,0.794,290.0085,2461200.5,142.52,0.0273,False,24.9,,,,13.0,6,77,,
(2023 KC1),54359392,0.9336,0.2856,19.8,59.99,303.84,0.667,1.2,0.902,329.45550000000003,2461200.5,44.38,0.00581,False,26.62,,,,7.0,6,16,,
(2023 KL2),54359836,0.9223,0.2465,12.05,232.34,221.87,0.695,1.15,0.886,323.6115,2461200.5,284.88,0.0363,False,25.76,,,,4.0,6,21,,
(2023 KT2),54359844,0.9104,0.1451,3.51,236.3,215.01,0.778,1.04,0.869,317.40225,2461200.5,323.55,0.000243,False,28.14,,,,22.0,5,64,,
(2023 KX3),54360089,0.9762,0.109,3.14,67.17,60.53,0.87,1.08,0.965,352.46625,2461200.5,159.23,0.00302,False,25.77,,,,21.0,3,80,,
(2023 KH4),54360099,0.8235,0.3252,8.23,240.46,215.28,0.556,1.09,0.747,272.84175,2461200.5,143.8,0.00483,False,26.93,,,,1100.0,2,33,,
(2023 KJ4),54360101,0.9516,0.2335,14.52,239.62,240.19,0.729,1.17,0.928,338.952,2461200.5,198.9,0.00457,False,27.01,,,,17.0,7,19,,
(2023 KL4),54360192,0.9074,0.14,28.13,243.83,161.89,0.78,1.03,0.864,315.576,2461200.5,36.13,0.0133,False,22.91,,,,20.0,6,26,,
(2023 KF5),54360724,0.9567,0.1965,24.91,243.49,240.24,0.769,1.14,0.936,341.874,2461200.5,188.82,0.00606,False,26.45,,,,5.0,7,15,,
(2023 LA1),54372962,0.8903,0.1812,2.83,259.57,207.66,0.729,1.05,0.84,306.81,2461200.5,344.5,0.00467,False,28.87,,,,9.0,5,51,,
(2023 LN1),54373190,0.821,0.2954,5.64,274.53,182.61,0.578,1.06,0.744,271.746,2461200.5,168.46,0.0376,False,23.84,,,,2211.0,0,172,,
(2023 LV1),54373236,0.8075,0.6,12.25,273.74,205.87,0.323,1.29,0.726,265.1715,2461200.5,125.27,0.033,True,21.37,,,,8803.0,0,100,,
(2023 LG2),54373337,0.9693,0.0777,3.81,90.0,328.46,0.894,1.04,0.954,348.44849999999997,2461200.5,255.69,0.0123,False,25.74,,,,16.0,5,70,,
(2023 MC),54373437,0.8938,0.3932,1.68,246.48,244.18,0.542,1.25,0.845,308.63625,2461200.5,283.85,0.00751,False,25.65,,,,11.0,5,62,,
(2023 MD),54373438,0.8514,0.219,4.16,268.42,174.69,0.665,1.04,0.786,287.0865,2461200.5,109.69,0.0168,False,25.53,,,,20.0,6,171,,
(2023 MH),54373541,0.93,0.3452,18.13,256.96,203.5,0.609,1.25,0.897,327.62925,2461200.5,261.94,0.138,False,23.45,,,,13.0,7,20,,
(2023 ML),54373546,0.7791,0.4054,7.69,132.81,306.4,0.463,1.09,0.688,251.29199999999997,2461200.5,305.62,0.0551,False,23.0,,,,38.0,6,36,,
(2023 MP),54373550,0.8085,0.4741,9.26,261.57,219.63,0.425,1.19,0.727,265.53675,2461200.5,135.71,0.00936,False,25.09,,,,11.0,6,124,,
(2023 MF1),54373709,0.871,0.5644,14.46,92.26,319.38,0.379,1.36,0.813,296.94825,2461200.5,152.26,0.00784,False,24.9,,,,6.0,7,39,,
(2023 MA2),54373913,0.9388,0.1355,18.48,264.29,219.4,0.812,1.07,0.91,332.3775,2461200.5,229.58,0.013,False,26.58,,,,5.0,7,14,,
(2023 MB3),54373932,0.8794,0.3181,5.92,268.73,225.14,0.6,1.16,0.825,301.33125,2461200.5,320.01,0.00101,False,30.0,,,,2.0,5,13,,
(2023 MU3),54374055,0.8685,0.549,12.15,265.5,213.57,0.392,1.35,0.809,295.48725,2461200.5,2.46,0.033,False,22.38,,,,23.0,5,35,,
(2023 MH4),54374207,0.8088,0.4276,15.3,273.63,146.72,0.463,1.15,0.727,265.53675,2461200.5,272.28,0.00693,False,26.83,,,,4.0,6,38,,
(2023 NK),54374719,0.9399,0.1192,4.03,106.23,34.35,0.828,1.05,0.911,332.74275,2461200.5,210.51,0.00717,False,27.16,,,,5.0,5,52,,
(2023 NP),54374775,0.898,0.2152,13.92,107.3,331.2,0.705,1.09,0.851,310.82775,2461200.5,17.09,0.0336,False,26.16,,,,2.0,6,35,,
(2023 NT),54374822,0.9412,0.2845,21.07,283.04,134.09,0.673,1.21,0.913,333.47325,2461200.5,325.29,0.0494,False,23.96,,,,5.0,7,38,,
(2023 NY),54374881,0.9683,0.083,3.03,113.28,18.01,0.888,1.05,0.953,348.08324999999996,2461200.5,174.09,0.0218,False,27.15,,,,9.0,6,39,,
(2023 NM1),54375123,0.718,0.4565,9.68,123.14,354.13,0.39,1.05,0.608,222.072,2461200.5,88.18,0.021,False,25.02,,,,10.0,7,61,,
(2023 OU),54375649,0.9732,0.2021,4.08,116.23,297.5,0.777,1.17,0.96,350.64,2461200.5,268.12,0.00445,False,26.09,,,,12.0,5,21,,
(2023 OR1),54375769,0.9106,0.384,7.01,124.73,306.95,0.561,1.26,0.869,317.40225,2461200.5,22.41,0.00192,False,26.45,,,,4.0,6,48,,
(2023 OH2),54375851,0.9523,0.4575,20.28,131.89,41.15,0.517,1.39,0.929,339.31725,2460151.5,82.5,0.0742,False,23.36,,,,15.0,8,50,,
(2023 OQ2),54375898,0.8471,0.2157,3.21,306.62,170.01,0.664,1.03,0.78,284.895,2461200.5,75.43,0.00723,False,27.23,,,,13.0,6,30,,
(2023 OX4),54376436,0.9764,0.2912,13.09,308.36,132.56,0.692,1.26,0.965,352.46625,2461200.5,245.38,0.06,False,23.93,,,,22.0,6,40,,
(2023 OD5),54376458,0.8213,0.4547,31.49,307.04,147.67,0.448,1.19,0.744,271.746,2461200.5,195.96,0.0336,False,24.2,,,,4.0,7,39,,
(2023 OR5),54376464,0.7979,0.3274,9.01,307.5,164.46,0.537,1.06,0.713,260.42325,2461200.5,213.43,0.0187,False,25.2,,,,19.0,6,84,,
(2023 PC),54376648,0.9799,0.1825,5.55,125.91,311.6,0.801,1.16,0.97,354.2925,2461200.5,228.63,0.0311,False,24.55,,,,41.0,4,57,,
(2023 PX),54376893,0.7608,0.3993,4.95,325.47,161.4,0.457,1.06,0.664,242.526,2461200.5,297.79,0.00611,False,25.91,,,,6.0,7,47,,
(2023 PZ),54376898,0.9673,0.0597,1.1,319.29,148.76,0.91,1.03,0.951,347.35274999999996,2461200.5,203.0,0.00119,False,29.12,,,,11.0,3,51,,
(2023 PH1),54376903,0.9046,0.1812,9.52,141.99,324.32,0.741,1.07,0.86,314.115,2461200.5,327.22,0.0103,False,27.68,,,,5.0,6,51,,
(2023 QE),54376987,0.9601,0.0859,12.67,146.93,335.67,0.878,1.04,0.941,343.70025,2461200.5,200.71,0.0214,False,27.38,,,,2.0,5,36,,
(2023 QU),54377380,0.9406,0.3172,9.37,328.26,134.21,0.642,1.24,0.912,333.108,2461200.5,283.54,0.0346,False,25.11,,,,10.0,6,21,,
(2023 QH1),54377393,0.9791,0.1977,8.12,331.2,125.01,0.786,1.17,0.969,353.92725,2461200.5,212.02,0.0305,False,25.93,,,,7.0,6,22,,
(2023 QR1),54377563,0.9928,0.1543,4.63,329.11,110.64,0.84,1.15,0.989,361.23225,2461200.5,203.45,0.00643,False,27.26,,,,5.0,6,21,,
(2023 QD2),54377576,0.9838,0.2676,1.29,348.88,98.14,0.721,1.25,0.976,356.484,2461200.5,223.89,0.00504,False,26.88,,,,4.0,6,19,,
(2023 QL7),54378880,0.972,0.2172,25.09,334.9,233.78,0.761,1.18,0.958,349.9095,2461200.5,77.02,0.046,True,20.71,,,,891.0,2,191,,
(2023 QM7),54378882,0.9219,0.3449,8.88,315.21,248.94,0.604,1.24,0.885,323.24625,2461200.5,148.01,0.0344,False,22.8,,,,469.0,2,88,,
(2023 QN7),54378881,0.9482,0.5673,37.17,151.69,48.74,0.41,1.49,0.923,337.12575000000004,2460183.5,67.47,0.0108,False,23.44,,,,2.0,8,19,,
(2023 QS7),54378891,0.7259,0.7005,30.55,327.7,212.65,0.217,1.23,0.618,225.7245,2461200.5,269.98,0.057,False,21.19,,,,758.0,4,78,,
(2023 RA),54379679,0.8915,0.3493,0.55,222.35,332.61,0.58,1.2,0.842,307.5405,2461200.5,213.89,0.00411,False,25.14,,,,5.0,6,22,,
(2023 RC),54379768,0.9838,0.2351,12.64,168.15,34.61,0.752,1.22,0.976,356.484,2461200.5,53.86,0.101,False,23.42,,,,742.0,1,99,,
(2023 RL),54379930,0.8271,0.2603,4.35,343.46,158.27,0.612,1.04,0.752,274.668,2461200.5,94.14,0.00453,False,28.45,,,,3.0,6,44,,
(2023 RC1),54380206,0.9074,0.1974,4.49,344.55,138.37,0.728,1.09,0.864,315.576,2461200.5,304.84,0.00696,False,28.77,,,,5.0,6,23,,
(2023 RH1),54380211,0.8174,0.2809,10.84,342.46,196.94,0.588,1.05,0.739,269.91975,2461200.5,54.96,0.0168,False,26.61,,,,1.0,7,31,,
(2023 RX1),54380881,0.9933,0.0366,1.69,155.36,19.4,0.957,1.03,0.99,361.5975,2461200.5,86.73,0.012,False,30.25,,,,3.0,4,31,,
(2023 RS2),54380898,0.9785,0.106,4.0,201.67,330.59,0.875,1.08,0.968,353.562,2461200.5,116.91,0.0473,False,24.03,,,,432.0,2,115,,
(2023 RG3),54381323,0.8175,0.3774,7.25,354.07,201.09,0.509,1.13,0.739,269.91975,2461200.5,25.62,0.0307,False,24.88,,,,12.0,7,39,,
(2023 RF4),54381665,0.9359,0.349,7.78,169.22,54.45,0.609,1.26,0.905,330.55125,2460200.5,88.33,0.00826,False,25.26,,,,10.0,5,202,,
(2023 RR5),54382075,0.8662,0.4886,5.39,169.61,315.43,0.443,1.29,0.806,294.3915,2461200.5,58.97,0.000804,False,28.76,,,,2.0,5,36,,
(2023 RR7),54382564,0.9409,0.1333,14.33,359.0,191.47,0.816,1.07,0.913,333.47325,2461200.5,154.83,0.0575,False,24.89,,,,26.0,4,42,,
(2023 RC8),54382892,0.7036,0.7324,26.95,161.35,19.5,0.188,1.22,0.59,215.4975,2461200.5,5.69,0.0209,True,21.88,,,,5847.0,1,27,,
(2023 RN9),54382905,0.8555,0.2348,1.0,331.39,225.87,0.655,1.06,0.791,288.91275,2460200.5,136.73,0.00404,False,28.17,,,,3.0,6,18,,
(2023 RA10),54383282,0.9904,0.0438,8.03,170.0,302.15,0.947,1.03,0.986,360.1365,2461200.5,159.39,0.00514,False,28.8,,,,5.0,4,20,,
(2023 RV12),54383301,0.7518,0.3781,0.69,307.88,217.61,0.468,1.04,0.652,238.143,2461200.5,263.12,0.00443,False,26.2,,,,10.0,7,91,,
(2023 RA13),54383306,0.9601,0.1216,2.13,255.01,279.11,0.843,1.08,0.941,343.70025,2461200.5,144.1,0.00676,False,25.26,,,,51.0,4,58,,
(2023 RG13),54383796,0.7824,0.3264,8.39,350.07,193.03,0.527,1.04,0.692,252.753,2461200.5,142.27,0.0132,False,24.46,,,,10.0,7,169,,
(2023 RD15),54383801,0.9742,0.1849,2.12,156.62,314.36,0.794,1.15,0.962,351.3705,2461200.5,203.67,0.0151,False,26.89,,,,3.0,4,23,,
(2023 RE15),54383802,0.9044,0.1606,2.15,147.01,12.65,0.759,1.05,0.86,314.115,2461200.5,260.82,0.0134,False,25.88,,,,3.0,7,25,,
(2023 RX36),54386833,0.9129,0.2669,2.95,240.2,333.78,0.669,1.16,0.872,318.498,2461200.5,164.83,0.0269,False,24.39,,,,37.0,5,38,,
(2023 SG),54384215,0.9094,0.1906,13.62,173.88,36.43,0.736,1.08,0.867,316.67175,2461200.5,179.69,0.0245,False,26.6,,,,2.0,6,26,,
(2023 SQ),54384228,0.8151,0.2636,5.73,177.44,17.38,0.6,1.03,0.736,268.824,2461200.5,39.36,0.00535,False,25.03,,,,19.0,5,216,,
(2023 SW),54384756,0.9292,0.365,14.46,177.22,303.74,0.59,1.27,0.896,327.264,2461200.5,288.26,0.00296,False,26.97,,,,8.0,5,53,,
(2023 SZ),54384760,0.9902,0.0524,8.04,181.92,275.67,0.938,1.04,0.985,359.77125,2461200.5,175.32,0.0106,False,25.87,,,,3.0,6,25,,
(2023 SC1),54384767,0.9717,0.2474,12.0,187.94,11.36,0.731,1.21,0.958,349.9095,2461200.5,87.8,0.154,False,23.79,,,,1188.0,2,41,,
(2023 SP2),54385785,0.9954,0.1497,3.58,353.41,249.29,0.846,1.14,0.993,362.69325,2461200.5,1.86,0.00756,False,28.23,,,,1.0,7,13,,
(2023 SD3),54385798,0.877,0.19,0.75,167.15,10.53,0.71,1.04,0.821,299.87025,2461200.5,290.84,0.00435,False,26.78,,,,26.0,6,66,,
(2023 SK3),54385807,0.9807,0.1928,15.4,359.31,230.49,0.792,1.17,0.971,354.65774999999996,2461200.5,37.34,0.0578,False,25.87,,,,2.0,7,23,,
(2023 SE4),54386827,0.9507,0.1532,5.96,182.99,303.35,0.805,1.1,0.927,338.58675,2461200.5,220.36,0.0067,False,26.98,,,,4.0,5,21,,
(2023 SL5),54387140,0.9818,0.4222,3.32,356.39,242.63,0.567,1.4,0.973,355.38824999999997,2461200.5,354.47,0.000501,False,28.79,,,,3.0,7,14,,
(2023 SM5),54387141,0.9509,0.3603,10.7,0.33,118.56,0.608,1.29,0.927,338.58675,2461200.5,253.61,0.00194,False,26.36,,,,4.0,6,15,,
(2023 SU5),54387148,0.8465,0.2467,12.24,177.98,30.34,0.638,1.06,0.779,284.52975000000004,2461200.5,309.1,0.00424,False,23.61,,,,8.0,6,29,,
(2023 SU7),54389206,0.8727,0.2787,9.84,10.5,216.07,0.629,1.12,0.815,297.67875,2461200.5,233.38,0.0216,False,22.85,,,,61.0,4,60,,
(2023 SO11),54392060,0.9823,0.0877,2.82,29.92,105.07,0.896,1.07,0.974,355.7535,2461200.5,154.62,0.00122,False,26.73,,,,44.0,2,111,,
(2023 SL43),54397155,0.8499,0.6292,28.22,354.08,144.62,0.315,1.38,0.784,286.356,2460203.5,281.26,0.0259,False,25.7,,,,1.0,8,9,,
(2023 TA),54390614,0.8985,0.1188,4.44,5.81,186.1,0.792,1.01,0.852,311.193,2461200.5,230.61,0.00196,False,27.92,,,,5.0,6,142,,
(2023 TD),54390630,0.9669,0.2871,2.38,9.78,114.73,0.689,1.24,0.951,347.35274999999996,2461200.5,212.66,0.00108,False,27.1,,,,1.0,5,62,,
(2023 TW),54390825,0.8493,0.2871,7.64,197.29,318.03,0.605,1.09,0.783,285.99075,2461200.5,30.83,0.00427,False,27.28,,,,5.0,6,34,,
(2023 TB1),54391006,0.8889,0.3393,3.26,12.13,130.51,0.587,1.19,0.838,306.0795,2461200.5,333.7,0.00153,False,29.3,,,,1.0,5,25,,
(2023 TF1),54391010,0.9928,0.2225,19.48,10.83,247.67,0.772,1.21,0.989,361.23225,2461200.5,341.05,0.024,False,25.13,,,,362.0,1,72,,
(2023 TM1),54391016,0.9089,0.1879,12.19,12.93,162.47,0.738,1.08,0.867,316.67175,2461200.5,236.57,0.0648,False,25.87,,,,7.0,7,26,,
(2023 TB2),54391031,0.7891,0.2987,8.64,338.99,194.49,0.553,1.02,0.701,256.04024999999996,2461200.5,143.41,0.00115,False,23.85,,,,57.0,5,73,,
(2023 TM3),54392067,0.7488,0.4856,1.61,198.78,329.37,0.385,1.11,0.648,236.68200000000002,2461200.5,285.92,0.00116,False,26.94,,,,2.0,5,82,,
(2023 TX6),54392653,0.9435,0.2701,1.04,21.48,236.3,0.689,1.2,0.916,334.569,2461200.5,55.34,0.00187,False,29.16,,,,2.0,5,22,,
(2023 TC7),54392658,0.9641,0.1609,10.28,20.28,113.39,0.809,1.12,0.947,345.89175,2461200.5,192.99,0.00392,False,26.89,,,,4.0,4,115,,
(2023 TD7),54392659,0.929,0.3515,1.71,198.33,303.69,0.603,1.26,0.895,326.89875,2461200.5,263.58,0.00101,False,29.21,,,,3.0,5,39,,
(2023 TG8),54392942,0.8971,0.4087,6.73,18.8,230.08,0.53,1.26,0.85,310.4625,2461200.5,131.6,0.00357,False,28.1,,,,3.0,6,43,,
(2023 TX8),54393142,0.8736,0.2091,6.67,29.32,142.49,0.691,1.06,0.817,298.40925,2461200.5,312.17,0.00381,False,26.55,,,,12.0,6,89,,
(2023 TX9),54393151,0.746,0.4494,2.47,166.96,39.55,0.411,1.08,0.644,235.221,2461200.5,215.14,0.0106,False,22.82,,,,744.0,1,129,,
(2023 TG14),54393696,0.9949,0.214,4.52,35.72,98.12,0.782,1.21,0.992,362.328,2461200.5,150.89,0.00539,False,25.83,,,,365.0,0,62,,
(2023 TT19),54394001,0.9683,0.4653,16.57,25.59,211.14,0.518,1.42,0.953,348.08324999999996,2460232.5,106.51,0.121,False,23.18,,,,5.0,8,15,,
(2023 TM22),54395020,0.9624,0.4071,24.38,27.76,120.31,0.571,1.35,0.944,344.796,2461200.5,205.72,0.01,False,24.05,,,,5.0,7,22,,
(2023 TD167),54417775,0.8459,0.187,1.36,196.32,2.45,0.688,1.0,0.778,284.16450000000003,2461200.5,329.93,0.00249,False,29.37,,,,4.0,7,15,,
(2023 UG),54395028,0.97,0.1485,2.83,354.93,249.39,0.826,1.11,0.955,348.81374999999997,2461200.5,41.28,0.00136,False,26.57,,,,24.0,5,17,,
(2023 UJ),54395027,0.9128,0.2189,1.99,337.36,265.45,0.713,1.11,0.872,318.498,2461200.5,131.78,0.0186,False,26.31,,,,2.0,7,16,,
(2023 UW),54395896,0.9046,0.1796,8.39,24.18,138.87,0.742,1.07,0.86,314.115,2461200.5,262.87,0.0116,False,27.97,,,,1.0,6,27,,
(2023 UY),54395898,0.9389,0.2515,0.45,18.98,243.4,0.703,1.18,0.91,332.3775,2461200.5,61.34,0.000272,False,29.96,,,,5.0,4,25,,
(2023 UH1),54395901,0.8512,0.199,7.35,26.55,179.16,0.682,1.02,0.785,286.72125,2461200.5,309.82,0.0239,False,27.08,,,,15.0,6,31,,
(2023 UV1),54396398,0.9659,0.2729,11.15,206.25,293.34,0.702,1.23,0.949,346.62225,2461200.5,197.53,0.0034,False,26.61,,,,2.0,6,31,,
(2023 UZ1),54396402,0.9633,0.8134,18.77,205.21,31.5,0.18,1.75,0.945,345.16125,2460235.5,56.8,0.0146,False,22.81,,,,11.0,8,48,,
(2023 UJ2),54397126,0.8739,0.1599,4.01,231.26,312.54,0.734,1.01,0.817,298.40925,2461200.5,290.89,0.0199,False,24.36,,,,7.0,7,31,,
(2023 US2),54397135,0.8431,0.2807,20.11,22.94,210.73,0.606,1.08,0.774,282.7035,2461200.5,279.1,0.0223,False,27.02,,,,1.0,7,21,,
(2023 UO3),54397157,0.8855,0.2797,8.78,211.75,307.89,0.638,1.13,0.833,304.25325,2461200.5,314.06,0.00498,False,25.78,,,,2.0,6,43,,
(2023 UR3),54397455,0.9651,0.178,12.67,25.45,245.75,0.793,1.14,0.948,346.257,2461200.5,16.9,0.00863,False,26.27,,,,2.0,6,20,,
(2023 UG4),54397467,0.9408,0.1516,0.53,89.11,74.11,0.798,1.08,0.912,333.108,2461200.5,196.49,0.00375,False,26.45,,,,20.0,5,43,,
(2023 UN9),54399995,0.9773,0.173,18.28,64.43,191.35,0.808,1.15,0.966,352.8315,2461200.5,9.5,0.151,False,20.68,,,,1816.0,1,394,,
(2023 UO9),54399994,0.8496,0.2101,4.3,348.77,260.87,0.671,1.03,0.783,285.99075,2461200.5,263.8,0.0546,False,22.31,,,,81.0,5,41,,
(2023 VS),54402369,0.9925,0.1188,0.11,108.88,30.48,0.875,1.11,0.989,361.23225,2461200.5,137.92,0.0013,False,29.84,,,,3.0,5,22,,
(2023 VC1),54402456,0.9083,0.1354,5.51,217.1,23.46,0.785,1.03,0.866,316.30649999999997,2461200.5,152.65,0.0183,False,26.36,,,,6.0,6,27,,
(2023 VH1),54402461,0.8653,0.2377,30.88,37.21,212.63,0.66,1.07,0.805,294.02625,2461200.5,211.47,0.0258,False,23.22,,,,18.0,7,54,,
(2023 VW1),54402638,0.706,0.4131,26.01,40.7,178.6,0.414,1.0,0.593,216.59324999999998,2461200.5,318.27,0.0048,False,24.68,,,,3.0,7,84,,
(2023 VC2),54402642,0.7819,0.2841,0.54,310.35,273.87,0.56,1.0,0.691,252.38774999999998,2461200.5,85.57,0.00875,False,26.97,,,,7.0,7,32,,
(2023 VJ2),54402649,0.8014,0.3333,12.31,40.12,166.71,0.534,1.07,0.717,261.88425,2460254.5,207.33,0.0523,False,25.63,,,,6.0,8,21,,
(2023 VZ2),54402980,0.9424,0.1819,19.89,224.85,301.42,0.771,1.11,0.915,334.20375,2461200.5,194.82,0.0137,False,26.89,,,,2.0,6,101,,
(2023 VF3),54402986,0.8257,0.3442,5.58,216.33,333.97,0.541,1.11,0.75,273.9375,2461200.5,44.62,0.0215,False,26.38,,,,2.0,7,19,,
(2023 VK3),54402991,0.8551,0.1865,2.81,217.58,355.75,0.696,1.01,0.791,288.91275,2461200.5,293.8,0.0172,False,28.2,,,,8.0,7,27,,
(2023 VL3),54402990,0.8819,0.2088,15.31,0.73,264.78,0.698,1.07,0.828,302.42699999999996,2461200.5,161.26,0.111,False,21.73,,,,32.0,5,18,,
(2023 VP3),54403397,0.8088,0.2675,3.66,44.99,204.38,0.592,1.03,0.727,265.53675,2461200.5,339.1,0.000442,False,29.49,,,,3.0,5,41,,
(2023 VT3),54403791,0.7532,0.3567,8.19,44.94,175.73,0.485,1.02,0.654,238.8735,2461200.5,172.54,0.0272,False,26.31,,,,15.0,7,46,,
(2023 VR4),54403808,0.8678,0.2119,18.94,54.25,199.0,0.684,1.05,0.808,295.122,2461200.5,210.17,0.0449,False,22.97,,,,34.0,5,220,,
(2023 VS4),54403809,0.9055,0.347,4.52,226.41,52.45,0.591,1.22,0.862,314.8455,2461200.5,88.82,0.004,False,28.58,,,,1.0,6,29,,
(2023 VF5),54403822,0.7991,0.4031,2.12,122.01,87.2,0.477,1.12,0.714,260.7885,2461200.5,76.98,0.0297,False,24.34,,,,14.0,7,41,,
(2023 VP5),54404087,0.8993,0.1303,1.09,187.3,53.74,0.782,1.02,0.853,311.55825,2461200.5,170.52,0.0072,False,28.2,,,,4.0,7,25,,
(2023 VQ5),54404086,0.7378,0.3542,5.64,228.39,2.41,0.476,1.0,0.634,231.5685,2461200.5,198.15,0.00732,False,27.72,,,,5.0,7,48,,
(2023 VW5),54404091,0.8574,0.4161,1.56,237.19,313.81,0.501,1.21,0.794,290.0085,2461200.5,345.47,0.000405,False,25.45,,,,12.0,5,114,,
(2023 VF6),54404095,0.9211,0.117,8.97,227.99,32.66,0.813,1.03,0.884,322.88100000000003,2461200.5,108.05,0.0149,False,27.16,,,,4.0,6,25,,
(2023 VO6),54404103,0.9618,0.0879,8.82,227.66,53.66,0.877,1.05,0.943,344.43075,2461200.5,21.46,0.0138,False,28.11,,,,3.0,4,27,,
(2023 VA7),54404387,0.7983,0.2973,3.71,42.23,208.94,0.561,1.04,0.713,260.42325,2461200.5,0.2,0.00267,False,27.17,,,,29.0,6,45,,
(2023 VH7),54404393,0.9601,0.082,13.72,229.19,348.99,0.881,1.04,0.941,343.70025,2461200.5,99.19,0.0467,False,25.73,,,,8.0,6,36,,
(2023 VN7),54404633,0.8555,0.1931,4.84,57.58,196.79,0.69,1.02,0.791,288.91275,2461200.5,234.64,0.0143,False,25.51,,,,23.0,6,99,,
(2023 VW7),54404637,0.8688,0.3415,8.88,48.78,138.68,0.572,1.17,0.81,295.8525,2461200.5,318.92,0.0186,False,26.41,,,,8.0,6,31,,
(2023 VY7),54404640,0.9328,0.3444,16.44,233.08,306.14,0.612,1.25,0.901,329.09025,2461200.5,218.76,0.0265,False,23.29,,,,6.0,7,73,,
(2023 VT10),54406287,0.9029,0.6936,39.27,232.52,326.71,0.277,1.53,0.858,313.3845,2460264.5,293.32,0.0683,False,22.21,,,,7.0,8,93,,
(2023 WB1),54406861,0.8561,0.4503,33.15,228.57,39.38,0.471,1.24,0.792,289.278,2461200.5,192.99,0.0427,False,22.52,,,,16.0,7,43,,
(2023 WG1),54407111,0.9236,0.2492,5.34,222.2,65.18,0.693,1.15,0.888,324.342,2461200.5,59.84,0.00824,False,26.7,,,,4.0,6,17,,
(2023 WJ1),54407112,0.8844,0.156,7.24,65.41,190.2,0.746,1.02,0.832,303.888,2461200.5,180.11,0.0297,False,26.29,,,,16.0,6,30,,
(2023 WP2),54408085,0.9094,0.3748,27.88,57.79,227.97,0.569,1.25,0.867,316.67175,2460270.5,96.12,0.0421,False,25.36,,,,1.0,9,18,,
(2023 WF3),54408328,0.797,0.4157,14.92,62.0,207.51,0.466,1.13,0.712,260.058,2461200.5,332.75,0.0335,False,24.78,,,,18.0,7,18,,
(2023 WV23),54416848,0.8367,0.2674,1.65,110.59,113.39,0.613,1.06,0.765,279.41625,2461200.5,329.82,0.0135,False,23.68,,,,27.0,7,17,,
(2023 XK),54412462,0.7921,0.3066,14.15,252.82,349.35,0.549,1.04,0.705,257.50124999999997,2461200.5,39.48,0.0389,False,25.19,,,,13.0,7,61,,
(2023 XL),54412463,0.7933,0.3521,6.5,67.14,159.98,0.514,1.07,0.707,258.23175,2461200.5,65.21,0.0237,False,25.61,,,,10.0,7,30,,
(2023 XN),54412465,0.7931,0.4721,8.21,68.1,199.83,0.419,1.17,0.706,257.8665,2461200.5,326.0,0.04,False,23.57,,,,4398.0,0,40,,
(2023 XP),54412467,0.9034,0.2047,13.03,67.41,141.07,0.719,1.09,0.859,313.74975,2461200.5,213.82,0.0353,False,26.1,,,,2.0,6,18,,
(2023 XQ),54412468,0.8508,0.3378,9.82,69.79,219.48,0.563,1.14,0.785,286.72125,2461200.5,182.93,0.0157,False,25.29,,,,10.0,6,24,,
(2023 XW1),54413294,0.943,0.1449,5.02,251.74,55.82,0.806,1.08,0.916,334.569,2461200.5,15.98,0.00983,False,27.51,,,,3.0,6,22,,
(2023 XH2),54414131,0.984,0.3426,2.65,71.95,116.97,0.647,1.32,0.976,356.484,2461200.5,128.04,0.00538,False,26.33,,,,5.0,6,47,,
(2023 XJ2),54414132,0.803,0.2689,4.15,72.09,203.67,0.587,1.02,0.72,262.98,2461200.5,317.78,0.000955,False,24.3,,,,65.0,1,375,3.0,3.0
(2023 XL2),54414134,0.8755,0.2524,4.14,71.72,227.53,0.655,1.1,0.819,299.13975,2461200.5,132.04,0.000543,False,30.17,,,,2.0,6,27,,
(2023 XK4),54414592,0.8898,0.1632,1.49,98.18,121.14,0.745,1.04,0.839,306.44475,2461200.5,223.23,0.00703,False,26.96,,,,6.0,6,45,,
(2023 XW5),54415298,0.936,0.1379,5.12,256.02,60.68,0.807,1.07,0.906,330.9165,2461200.5,18.93,0.000377,False,28.69,,,,5.0,5,33,,
(2023 XU7),54415867,0.9486,0.1295,5.72,281.6,305.76,0.826,1.07,0.924,337.49100000000004,2461200.5,106.12,0.0163,False,24.91,,,,33.0,6,30,,
(2023 XM10),54415889,0.8982,0.1913,11.33,89.79,197.12,0.726,1.07,0.851,310.82775,2461200.5,107.63,0.0674,False,23.63,,,,21.0,6,17,,
(2023 XP10),54415891,0.7582,0.438,30.58,263.33,345.42,0.426,1.09,0.66,241.065,2461200.5,121.91,0.0728,False,24.57,,,,738.0,2,32,,
(2023 XD13),54416843,0.7378,0.4183,8.78,253.72,1.61,0.429,1.05,0.634,231.5685,2460291.5,188.7,0.0485,False,25.08,,,,1.0,8,12,,
(2023 XJ13),54416844,0.7034,0.4352,9.86,79.12,178.41,0.397,1.01,0.59,215.4975,2460291.5,188.9,0.0242,False,27.01,,,,1.0,8,12,,
(2023 XS13),54416853,0.8781,0.3009,1.37,196.69,75.96,0.614,1.14,0.823,300.60075,2461200.5,179.11,0.0104,False,24.27,,,,34.0,6,31,,
(2023 XR14),54416960,0.8855,0.3467,3.24,262.09,51.34,0.578,1.19,0.833,304.25325,2461200.5,84.83,0.00158,False,28.34,,,,6.0,4,50,,
(2023 XM15),54417170,0.7566,0.3054,5.78,273.28,357.12,0.525,0.99,0.658,240.33450000000002,2460295.5,165.34,0.00354,False,24.21,,,,16.0,8,21,,
(2023 YF),54417546,0.8678,0.2082,12.85,268.13,2.38,0.687,1.05,0.808,295.122,2461200.5,196.81,0.0638,False,25.69,,,,15.0,7,20,,
(2023 YR),54417653,0.9221,0.4051,5.72,97.46,125.78,0.549,1.3,0.885,323.24625,2461200.5,192.48,0.00588,False,24.9,,,,15.0,6,76,,
(2023 YT),54417655,0.9487,0.0547,8.0,270.54,335.88,0.897,1.0,0.924,337.49100000000004,2461200.5,86.25,0.0115,False,26.22,,,,8.0,5,44,,
(2023 YX),54417658,0.9005,0.2802,5.33,64.04,236.09,0.648,1.15,0.855,312.28875,2461200.5,98.48,0.00123,False,23.34,,,,52.0,5,43,,
(2023 YU1),54418440,0.8797,0.6278,20.42,320.15,291.79,0.327,1.43,0.825,301.33125,2461200.5,257.94,0.132,False,21.33,,,,1813.0,2,23,,
(2023 YA2),54418653,0.9349,0.1222,13.03,94.91,182.23,0.821,1.05,0.904,330.18600000000004,2461200.5,74.27,0.0652,False,25.21,,,,16.0,5,22,,
(2023 YH2),54419181,0.8973,0.2827,9.41,283.26,49.66,0.644,1.15,0.85,310.4625,2461200.5,61.15,0.0138,False,22.45,,,,48.0,5,31,,
(2024 AV),54419019,0.9535,0.112,1.25,168.77,162.17,0.847,1.06,0.931,340.04775,2461200.5,339.44,0.0135,False,26.53,,,,13.0,5,28,,
(2024 AW),54419021,0.8501,0.2739,9.68,98.43,149.25,0.617,1.08,0.784,286.356,2461200.5,273.28,0.0284,False,25.53,,,,7.0,6,32,,
(2024 AP2),54419694,0.9663,0.1367,8.29,118.94,103.34,0.834,1.1,0.95,346.9875,2461200.5,95.32,0.00345,False,24.63,,,,10.0,3,64,,
(2024 AV2),54419698,0.9962,0.2532,5.77,101.81,256.03,0.744,1.25,0.994,363.0585,2461200.5,233.37,0.00334,False,26.64,,,,1069.0,0,47,,
(2024 AB4),54420281,0.9317,0.0941,3.83,305.69,357.02,0.844,1.02,0.899,328.35975,2461200.5,48.71,0.0326,False,26.05,,,,34.0,6,54,,
(2024 AD4),54420441,0.8555,0.2179,25.32,293.59,8.71,0.669,1.04,0.791,288.91275,2461200.5,177.21,0.0546,False,24.81,,,,4.0,6,69,,
(2024 AM4),54420624,0.9129,0.0873,0.1,333.95,340.6,0.833,0.99,0.872,318.498,2461200.5,65.03,7.11e-05,False,28.71,,,,16.0,5,55,,
(2024 AF6),54421648,0.7255,0.4073,15.06,183.09,119.88,0.43,1.02,0.618,225.7245,2461200.5,122.81,0.133,False,20.67,,,,51.0,6,43,,
(2024 BF),54421069,0.9687,0.1139,2.74,222.06,115.6,0.858,1.08,0.953,348.08324999999996,2461200.5,314.05,0.000823,False,24.51,,,,470.0,2,82,,
(2024 BH),54421074,0.9635,0.1599,12.75,133.8,128.74,0.809,1.12,0.946,345.5265,2461200.5,60.19,0.047,False,23.22,,,,29.0,5,127,,
(2024 BR2),54422161,0.8566,0.176,1.43,116.82,211.35,0.706,1.01,0.793,289.64325,2461200.5,143.25,0.00175,False,27.08,,,,5.0,5,89,,
(2024 BU2),54422164,0.7761,0.363,6.84,89.81,229.45,0.494,1.06,0.684,249.83100000000002,2461200.5,321.54,0.0361,False,23.18,,,,22.0,7,44,,
(2024 BA3),54422948,0.97,0.1112,8.55,309.02,285.89,0.862,1.08,0.955,348.81374999999997,2461200.5,74.82,0.00243,False,28.86,,,,3.0,4,45,,
(2024 BC3),54422950,0.9256,0.3078,32.56,307.71,51.0,0.641,1.21,0.89,325.0725,2461200.5,332.08,0.0474,False,22.21,,,,19.0,7,211,,
(2024 BH3),54423041,0.8302,0.2509,11.23,305.4,12.76,0.622,1.04,0.756,276.129,2460331.5,158.73,0.0417,False,24.86,,,,3.0,8,11,,
(2024 BN3),54423046,0.8515,0.2476,8.31,310.09,326.91,0.641,1.06,0.786,287.0865,2461200.5,230.11,0.0142,False,27.47,,,,2.0,7,32,,
(2024 BO3),54423050,0.7807,0.4305,13.8,308.93,332.16,0.445,1.12,0.69,252.02249999999998,2461200.5,30.13,0.0232,False,26.73,,,,,7,23,,
(2024 BD4),54423141,0.9567,0.0502,1.35,296.75,58.39,0.909,1.0,0.936,341.874,2461200.5,315.87,0.00195,False,26.52,,,,21.0,5,71,,
(2024 BU4),54423315,0.9346,0.2579,14.81,324.37,46.92,0.694,1.18,0.904,330.18600000000004,2461200.5,309.53,0.0523,False,23.56,,,,29.0,5,101,,
(2024 BA5),54423318,0.9547,0.3086,1.56,276.7,95.72,0.66,1.25,0.933,340.77825,2461200.5,272.52,0.0108,False,26.02,,,,15.0,6,12,,
(2024 BX5),54423505,0.926,0.1287,0.32,302.32,30.06,0.807,1.05,0.891,325.43775,2461200.5,23.13,0.00234,False,27.51,,,,13.0,6,17,,
(2024 CC),54423509,0.9332,0.2266,1.91,287.02,81.05,0.722,1.14,0.902,329.45550000000003,2461200.5,318.91,0.00968,False,25.18,,,,14.0,6,42,,
(2024 CH),54423784,0.7686,0.4522,37.76,315.7,328.18,0.421,1.12,0.674,246.1785,2461200.5,59.93,0.00598,False,25.94,,,,1.0,7,31,,
(2024 CU1),54425755,0.7297,0.4407,8.73,326.22,335.3,0.408,1.05,0.623,227.55075,2461200.5,128.51,0.00305,False,26.72,,,,6.0,7,20,,
(2024 CA2),54425950,0.9867,0.2749,13.48,331.36,278.36,0.715,1.26,0.98,357.945,2460347.5,278.29,0.0242,False,24.35,,,,3.0,8,16,,
(2024 CL3),54426461,0.9315,0.1247,5.2,148.17,140.44,0.815,1.05,0.899,328.35975,2461200.5,72.29,0.017,False,26.34,,,,11.0,6,50,,
(2024 CN3),54426465,0.7169,0.4464,7.03,321.65,354.12,0.397,1.04,0.607,221.70675,2460353.5,198.21,0.0267,False,26.21,,,,1.0,8,16,,
(2024 CG4),54426474,0.9946,0.0571,36.7,322.94,325.9,0.938,1.05,0.992,362.328,2461200.5,338.68,0.0534,False,23.67,,,,740.0,1,92,,
(2024 CW6),54426893,0.9426,0.0995,1.07,162.87,137.08,0.849,1.04,0.915,334.20375,2461200.5,41.16,0.00296,False,27.59,,,,18.0,6,26,,
(2024 CC7),54427163,0.9897,0.1864,6.53,151.61,111.14,0.805,1.17,0.985,359.77125,2461200.5,27.2,0.0172,False,26.36,,,,9.0,6,17,,
(2024 CS7),54427167,0.9058,0.1529,24.39,147.7,143.86,0.767,1.04,0.862,314.8455,2461200.5,110.86,0.0205,False,25.11,,,,5.0,6,141,,
(2024 CK8),54427183,0.9145,0.1491,3.39,149.11,147.7,0.778,1.05,0.875,319.59375,2461200.5,92.84,0.0153,False,25.29,,,,23.0,5,77,,
(2024 DM),54427465,0.9328,0.4647,7.66,130.13,243.19,0.499,1.37,0.901,329.09025,2461200.5,286.75,0.0154,False,24.96,,,,14.0,7,26,,
(2024 DQ),54427469,0.9783,0.0306,4.58,16.6,277.73,0.948,1.01,0.968,353.562,2461200.5,354.29,0.0165,False,24.87,,,,35.0,5,71,,
(2024 DV),54427941,0.857,0.2371,3.35,323.65,42.83,0.654,1.06,0.793,289.64325,2461200.5,89.2,0.00253,False,26.25,,,,12.0,6,51,,
(2024 DV1),54429268,0.8676,0.3831,22.99,172.12,123.58,0.535,1.2,0.808,295.122,2461200.5,200.83,0.0377,True,20.27,,,,1780.0,1,27,,
(2024 DW1),54429269,0.9798,0.636,3.62,342.7,314.79,0.357,1.6,0.97,354.2925,2461200.5,60.29,0.00484,False,23.87,,,,27.0,6,121,,
(2024 ES),54429483,0.9138,0.1934,9.08,347.07,9.02,0.737,1.09,0.874,319.2285,2461200.5,15.66,0.0897,False,25.05,,,,36.0,5,38,,
(2024 EX),54429639,0.8108,0.3293,5.88,159.03,211.57,0.544,1.08,0.73,266.6325,2461200.5,165.75,0.00573,False,27.67,,,,2.0,7,11,,
(2024 EK1),54429759,0.894,0.3039,18.77,25.16,312.06,0.622,1.17,0.845,308.63625,2461200.5,84.8,0.0115,True,21.93,,,,49.0,3,129,,
(2024 EW1),54429992,0.9416,0.116,6.34,345.99,13.25,0.832,1.05,0.914,333.8385,2461200.5,332.36,0.0537,False,26.77,,,,5.0,6,32,,
(2024 EY1),54429994,0.8116,0.3108,5.38,345.74,331.8,0.559,1.06,0.731,266.99775,2461200.5,260.77,0.00675,False,28.32,,,,3.0,7,28,,
(2024 ES2),54430150,0.7571,0.4309,11.22,165.43,203.84,0.431,1.08,0.659,240.69975000000002,2461200.5,282.87,0.0142,False,26.4,,,,2.0,7,40,,
(2024 EB3),54430476,0.8062,0.3922,33.04,170.35,210.97,0.49,1.12,0.724,264.441,2461200.5,155.28,0.0303,False,24.54,,,,4.0,7,107,,
(2024 ET3),54430725,0.9629,0.2353,8.59,168.23,247.67,0.736,1.19,0.945,345.16125,2461200.5,223.2,0.0035,False,28.39,,,,4.0,6,13,,
(2024 EW3),54430726,0.9248,0.1407,1.42,156.91,239.66,0.795,1.05,0.889,324.70725,2461200.5,310.29,0.00301,False,28.41,,,,5.0,6,39,,
(2024 EY3),54430729,0.9307,0.3655,5.47,18.59,282.01,0.59,1.27,0.898,327.9945,2461200.5,90.15,0.0305,False,24.56,,,,7.0,7,53,,
(2024 EZ3),54430730,0.9468,0.1627,7.77,356.57,305.41,0.793,1.1,0.921,336.39525000000003,2461200.5,40.32,0.0144,False,25.8,,,,16.0,5,80,,
(2024 EH4),54430777,0.9598,0.6588,3.79,46.31,348.68,0.328,1.59,0.94,343.335,2460383.5,64.87,0.0373,False,23.81,,,,4.0,8,52,,
(2024 ER4),54430947,0.8299,0.3054,2.75,177.3,142.49,0.576,1.08,0.756,276.129,2461200.5,223.53,0.000389,False,27.35,,,,2.0,5,47,,
(2024 FR),54431486,0.9256,0.4926,27.24,183.18,145.41,0.47,1.38,0.89,325.0725,2460388.5,268.76,0.114,False,22.26,,,,19.0,8,23,,
(2024 FC1),54431496,0.8954,0.1912,6.14,350.97,45.19,0.724,1.07,0.847,309.36674999999997,2461200.5,351.1,0.00221,False,27.66,,,,8.0,6,18,,
(2024 FE1),54431498,0.9867,0.2205,5.51,175.46,237.99,0.769,1.2,0.98,357.945,2461200.5,198.05,0.0278,False,26.13,,,,2.0,7,10,,
(2024 FH1),54431500,0.9543,0.1774,4.86,162.04,243.94,0.785,1.12,0.932,340.413,2461200.5,254.57,0.00526,False,25.72,,,,25.0,5,26,,
(2024 FK1),54431502,0.9333,0.162,10.99,180.93,126.09,0.782,1.08,0.902,329.45550000000003,2461200.5,55.26,0.00652,False,26.14,,,,5.0,4,67,,
(2024 FN1),54431582,0.974,0.1453,9.55,178.34,129.66,0.832,1.12,0.961,351.00525,2461200.5,357.92,0.0412,False,26.1,,,,4.0,6,22,,
(2024 FC2),54431622,0.9171,0.2296,26.65,176.54,192.87,0.707,1.13,0.878,320.6895,2461200.5,358.8,0.123,False,22.33,,,,27.0,6,81,,
(2024 FH2),54431627,0.9174,0.553,16.01,23.74,305.39,0.41,1.42,0.879,321.05475,2460402.5,287.67,0.0255,False,22.33,,,,17.0,8,44,,
(2024 FP2),54431700,0.9701,0.2526,31.1,28.69,313.52,0.725,1.22,0.955,348.81374999999997,2461200.5,321.24,0.0858,False,21.29,,,,759.0,1,129,,
(2024 FZ2),54431807,0.9367,0.3334,8.95,158.05,254.71,0.624,1.25,0.907,331.28175,2461200.5,249.45,0.0332,False,22.41,,,,451.0,3,83,,
(2024 FA3),54431806,0.8848,0.2375,6.6,16.24,33.35,0.675,1.09,0.832,303.888,2461200.5,347.59,0.0231,False,26.16,,,,15.0,6,46,,
(2024 FR4),54432336,0.9537,0.3441,10.94,186.9,231.25,0.626,1.28,0.931,340.04775,2461200.5,221.06,0.0352,False,25.86,,,,5.0,7,15,,
(2024 GE2),54433331,0.9722,0.1537,4.53,24.71,60.8,0.823,1.12,0.959,350.27475,2461200.5,190.04,0.0117,False,27.97,,,,4.0,4,35,,
(2024 GG2),54433333,0.8927,0.3551,25.79,31.9,26.35,0.576,1.21,0.843,307.90575,2461200.5,313.73,0.119,False,24.23,,,,11.0,7,32,,
(2024 GU3),54433733,0.946,0.0881,14.7,201.08,166.85,0.863,1.03,0.92,336.03000000000003,2461200.5,321.25,0.0246,False,25.79,,,,6.0,4,144,,
(2024 GD5),54434074,0.9053,0.198,1.07,190.02,158.13,0.726,1.08,0.861,314.48025,2461200.5,49.22,0.00788,False,26.93,,,,16.0,7,36,,
(2024 GJ5),54434078,0.908,0.2126,13.65,202.13,225.7,0.715,1.1,0.865,315.94125,2461200.5,293.23,0.0131,False,26.73,,,,6.0,6,35,,
(2024 GK5),54434079,0.9047,0.2009,3.98,199.41,158.8,0.723,1.09,0.861,314.48025,2461200.5,39.51,0.028,False,24.84,,,,23.0,6,88,,
(2024 GM5),54434081,0.927,0.1962,3.65,197.25,233.51,0.745,1.11,0.892,325.803,2461200.5,263.2,0.00303,False,27.81,,,,22.0,6,44,,
(2024 HC),54434768,0.9416,0.0904,0.86,141.51,263.1,0.857,1.03,0.914,333.8385,2461200.5,283.29,0.00855,False,27.44,,,,57.0,5,83,,
(2024 HM),54435203,0.9602,0.1855,13.71,27.94,28.35,0.782,1.14,0.941,343.70025,2461200.5,241.54,0.0942,False,24.1,,,,25.0,4,46,,
(2024 HT),54435538,0.8024,0.3746,9.38,205.63,163.83,0.502,1.1,0.719,262.61475,2461200.5,212.63,0.0414,False,25.43,,,,8.0,7,30,,
(2024 HY),54435948,0.7927,0.3202,14.04,212.59,159.02,0.539,1.05,0.706,257.8665,2461200.5,222.58,0.00768,False,23.67,,,,6.0,6,92,,
(2024 HF1),54436402,0.9363,0.3291,7.29,41.24,297.76,0.628,1.24,0.906,330.9165,2461200.5,35.74,0.00718,False,25.78,,,,6.0,7,22,,
(2024 HJ1),54437048,0.8235,0.375,9.66,86.13,298.72,0.515,1.13,0.747,272.84175,2461200.5,94.54,0.0637,False,20.59,,,,25.0,6,31,,
(2024 HO2),54438673,0.7359,0.4088,5.63,39.31,16.9,0.435,1.04,0.631,230.47275,2461200.5,267.04,0.00022,False,29.47,,,,3.0,7,26,,
(2024 JH),54439324,0.9724,0.1094,11.71,40.38,48.87,0.866,1.08,0.959,350.27475,2461200.5,190.42,0.0262,False,25.63,,,,12.0,6,35,,
(2024 JP),54439419,0.8839,0.1981,3.2,49.43,21.87,0.709,1.06,0.831,303.52275,2461200.5,328.68,0.0147,False,27.16,,,,15.0,6,65,,
(2024 JQ),54439420,0.9183,0.1541,9.68,50.23,355.67,0.777,1.06,0.88,321.42,2461200.5,313.94,0.0486,False,25.19,,,,29.0,6,44,,
(2024 JF1),54439435,0.9491,0.1588,1.94,61.94,34.41,0.798,1.1,0.925,337.85625,2461200.5,208.51,0.014,False,27.89,,,,10.0,6,25,,
(2024 JQ1),54439716,0.9854,0.08,3.25,45.8,311.58,0.907,1.06,0.978,357.2145,2461200.5,285.11,0.0144,False,27.09,,,,14.0,4,32,,
(2024 JD2),54439891,0.9667,0.1035,21.14,220.26,164.76,0.867,1.07,0.951,347.35274999999996,2460434.5,199.69,0.0546,False,24.63,,,,3.0,8,21,,
(2024 JM2),54439998,0.9942,0.1999,19.98,223.47,253.79,0.795,1.19,0.991,361.96274999999997,2461200.5,123.04,0.00247,False,23.8,,,,736.0,1,161,,
(2024 JO10),54441265,0.93,0.4354,4.56,62.59,39.2,0.525,1.33,0.897,327.62925,2461200.5,194.75,0.0208,False,25.08,,,,7.0,6,157,,
(2024 JB15),54441865,0.9564,0.2399,12.75,234.27,174.93,0.727,1.19,0.935,341.50875,2461200.5,265.54,0.158,False,22.51,,,,5495.0,1,131,,
(2024 JE15),54441869,0.8282,0.3325,0.8,188.61,255.88,0.553,1.1,0.754,275.3985,2461200.5,31.82,0.00906,False,26.78,,,,6.0,6,67,,
(2024 JN16),54441874,0.9317,0.2402,3.88,53.38,303.07,0.708,1.16,0.899,328.35975,2461200.5,9.51,4.66e-05,False,29.59,,,,6.0,5,49,,
(2024 JB17),54442112,0.9421,0.1251,17.46,60.02,343.52,0.824,1.06,0.914,333.8385,2461200.5,279.27,0.0412,False,22.26,,,,26.0,6,74,,
(2024 JF17),54442144,0.9288,0.1306,32.48,230.8,207.02,0.807,1.05,0.895,326.89875,2461200.5,262.53,0.0232,False,24.25,,,,6.0,7,72,,
(2024 JP17),54442250,0.6793,0.5187,9.98,56.96,349.4,0.327,1.03,0.56,204.54000000000002,2461200.5,89.98,0.00112,False,26.77,,,,3.0,7,37,,
(2024 JQ17),54442252,0.9939,0.248,10.85,230.29,117.94,0.747,1.24,0.991,361.96274999999997,2461200.5,304.47,0.026,False,25.57,,,,5.0,7,63,,
(2024 JX17),54442322,0.76,0.5141,28.86,205.96,214.45,0.369,1.15,0.663,242.16075,2461200.5,169.03,0.0233,True,20.37,,,,1468.0,1,122,,
(2024 JZ64),54552669,0.7095,0.534,1.16,97.87,329.18,0.331,1.09,0.598,218.4195,2460440.5,133.67,0.00372,False,25.77,,,,4.0,8,26,,
(2024 KL),54444916,0.8929,0.3185,9.6,94.45,293.7,0.609,1.18,0.844,308.271,2461200.5,31.3,0.0447,False,23.82,,,,14.0,6,41,,
(2024 KX),54444996,0.9187,0.2289,10.22,69.43,308.62,0.708,1.13,0.881,321.78525,2461200.5,1.26,0.0013,False,27.67,,,,2.0,5,23,,
(2024 KJ1),54445206,0.9605,0.0983,7.54,77.76,338.52,0.866,1.05,0.941,343.70025,2461200.5,247.87,0.0298,False,26.21,,,,12.0,5,52,,
(2024 KT1),54445312,0.9841,0.2455,1.29,85.26,278.58,0.742,1.23,0.976,356.484,2461200.5,298.7,0.00486,False,26.99,,,,2.0,6,40,,
(2024 KB2),54445454,0.9799,0.5243,16.29,233.03,238.0,0.466,1.49,0.97,354.2925,2461200.5,112.55,0.0113,False,23.53,,,,15.0,7,31,,
(2024 LW),54445623,0.9845,0.4117,23.29,117.29,266.31,0.579,1.39,0.977,356.84925,2461200.5,291.46,0.101,False,22.24,,,,4109.0,2,43,,
(2024 LB1),54445843,0.9646,0.5013,25.53,80.74,38.21,0.481,1.45,0.947,345.89175,2461200.5,125.21,0.105,False,23.59,,,,14.0,7,28,,
(2024 LJ1),54445920,0.9561,0.2652,12.45,253.01,240.07,0.703,1.21,0.935,341.50875,2461200.5,146.01,0.00648,False,25.7,,,,5.0,6,126,,
(2024 LK1),54445919,0.8742,0.2509,27.64,252.94,171.46,0.655,1.09,0.817,298.40925,2461200.5,1.55,0.0745,False,24.05,,,,10.0,6,49,,
(2024 LQ1),54445922,0.9558,0.1418,8.7,258.04,225.75,0.82,1.09,0.934,341.1435,2461200.5,170.24,0.0197,False,25.51,,,,19.0,4,48,,
(2024 LU4),54447405,0.9119,0.2422,24.21,258.62,222.34,0.691,1.13,0.871,318.13275,2461200.5,222.2,0.0275,False,25.4,,,,15.0,7,14,,
(2024 LQ5),54447958,0.7527,0.5159,11.14,262.78,206.93,0.364,1.14,0.653,238.50825,2461200.5,127.07,0.003,False,24.89,,,,761.0,1,74,,
(2024 LS5),54447960,0.7042,0.4678,33.32,262.79,186.5,0.375,1.03,0.591,215.86274999999998,2461200.5,295.38,0.0119,False,26.03,,,,3.0,7,35,,
(2024 MC),54448114,0.811,0.2979,28.05,268.17,161.43,0.569,1.05,0.73,266.6325,2461200.5,104.64,0.0132,False,24.01,,,,7.0,4,61,,
(2024 MD),54448115,0.8968,0.2008,5.65,86.99,317.6,0.717,1.08,0.849,310.09725,2461200.5,355.41,0.00285,False,28.0,,,,4.0,6,15,,
(2024 MB1),54454238,0.8691,0.2275,1.21,92.86,20.04,0.671,1.07,0.81,295.8525,2461200.5,298.01,0.00514,False,27.23,,,,6.0,7,16,,
(2024 MS2),54458197,0.9335,0.2832,14.41,271.89,237.38,0.669,1.2,0.902,329.45550000000003,2461200.5,153.17,0.00205,False,25.93,,,,6.0,7,12,,
(2024 NC),54456243,0.8364,0.2694,6.13,97.45,21.47,0.611,1.06,0.765,279.41625,2461200.5,342.22,0.011,False,24.94,,,,12.0,7,44,,
(2024 NB1),54458186,0.8406,0.2217,18.99,106.29,4.69,0.654,1.03,0.771,281.60775,2461200.5,352.07,0.00908,False,23.79,,,,10.0,7,48,,
(2024 NJ3),54460877,0.9405,0.1832,9.08,114.53,306.35,0.768,1.11,0.912,333.108,2461200.5,279.31,0.00217,False,26.9,,,,4.0,5,46,,
(2024 NM3),54462805,0.7946,0.2845,12.25,294.39,173.55,0.568,1.02,0.708,258.597,2461200.5,74.89,0.00145,False,25.06,,,,10.0,5,124,,
(2024 NP3),54462807,0.7464,0.6078,3.18,12.33,120.33,0.293,1.2,0.645,235.58625,2461200.5,99.86,0.0288,False,22.56,,,,760.0,2,43,,
(2024 OD),54465178,0.9273,0.3186,30.09,132.53,327.86,0.632,1.22,0.893,326.16825,2461200.5,255.93,0.112,False,22.26,,,,43.0,6,82,,
(2024 OO),54465210,0.9234,0.393,1.56,151.24,284.16,0.561,1.29,0.887,323.97675,2461200.5,309.07,0.0102,False,25.52,,,,2.0,6,68,,
(2024 OS1),54465243,0.8995,0.1706,28.36,306.89,162.41,0.746,1.05,0.853,311.55825,2461200.5,270.13,0.0272,False,24.44,,,,5.0,7,63,,
(2024 ON2),54465291,0.9833,0.4502,14.28,132.81,308.27,0.541,1.43,0.975,356.11875,2460523.5,277.19,0.0318,False,24.62,,,,9.0,8,27,,
(2024 OY2),54465303,0.8655,0.2467,2.06,311.06,156.08,0.652,1.08,0.805,294.02625,2461200.5,326.71,0.00795,False,25.14,,,,18.0,6,109,,
(2024 PE),54465301,0.8215,0.4036,27.17,133.62,323.79,0.49,1.15,0.745,272.11125,2461200.5,62.68,0.00403,False,25.66,,,,4.0,7,29,,
(2024 PJ1),54465521,0.9433,0.2282,5.71,155.1,313.68,0.728,1.16,0.916,334.569,2461200.5,224.17,0.0225,False,24.56,,,,30.0,5,45,,
(2024 PT1),54465531,0.8939,0.2965,5.63,183.06,300.67,0.629,1.16,0.845,308.63625,2461200.5,264.7,0.0145,False,24.62,,,,4.0,7,19,,
(2024 PK3),54465827,0.9097,0.2045,5.49,321.82,214.22,0.724,1.1,0.868,317.037,2461200.5,163.61,0.018,False,26.73,,,,5.0,6,24,,
(2024 PV3),54465952,0.7279,0.5384,14.04,140.6,347.45,0.336,1.12,0.621,226.82025,2460535.5,212.31,0.0458,False,24.52,,,,4.0,8,21,,
(2024 PR4),54466132,0.9723,0.1517,8.25,315.76,141.7,0.825,1.12,0.959,350.27475,2461200.5,201.57,0.0501,False,24.51,,,,32.0,4,37,,
(2024 PS5),54466136,0.9562,0.2447,14.88,324.67,223.66,0.722,1.19,0.935,341.50875,2461200.5,95.21,0.0586,False,22.35,,,,438.0,2,183,,
(2024 QH),54467103,0.8373,0.342,10.25,152.96,27.31,0.551,1.12,0.766,279.7815,2461200.5,246.69,0.0282,False,24.95,,,,10.0,7,55,,
(2024 QQ),54467126,0.7954,0.2913,0.31,190.72,311.47,0.564,1.03,0.709,258.96225,2461200.5,24.88,0.00289,False,27.58,,,,3.0,7,97,,
(2024 QU),54467167,0.8112,0.3012,6.66,330.99,171.04,0.567,1.06,0.731,266.99775,2461200.5,1.71,0.0301,False,24.87,,,,24.0,6,115,,
(2024 QL1),54467193,0.885,0.171,4.19,332.72,205.61,0.734,1.04,0.833,304.25325,2461200.5,197.3,0.00268,False,27.57,,,,13.0,6,141,,
(2024 QR1),54467481,0.9878,0.1222,30.62,332.77,185.93,0.867,1.11,0.982,358.6755,2461200.5,107.71,0.0965,False,23.59,,,,366.0,1,73,,
(2024 QH2),54467564,0.8654,0.2794,35.33,336.72,221.69,0.624,1.11,0.805,294.02625,2461200.5,186.76,0.00181,False,26.87,,,,2.0,7,20,,
(2024 RE),54467604,0.9358,0.1847,6.03,319.93,251.7,0.763,1.11,0.905,330.55125,2461200.5,90.58,0.0262,False,23.38,,,,8.0,5,70,,
(2024 RM),54467611,0.9618,0.1829,13.08,173.1,335.16,0.786,1.14,0.943,344.43075,2461200.5,149.78,0.0993,False,24.23,,,,31.0,4,28,,
(2024 RQ),54467615,0.9359,0.23,5.71,352.53,122.37,0.721,1.15,0.905,330.55125,2461200.5,229.59,0.00209,False,25.2,,,,16.0,2,160,4.0,2.0
(2024 RB1),54467964,0.9003,0.2227,6.28,172.95,358.4,0.7,1.1,0.854,311.9235,2461200.5,185.98,0.0746,False,25.49,,,,11.0,7,23,,
(2024 RH2),54468276,0.8184,0.2515,2.08,325.06,195.93,0.613,1.02,0.74,270.285,2461200.5,319.27,0.000502,False,25.0,,,,32.0,5,104,,
(2024 RR3),54468763,0.8393,0.4389,25.86,164.69,318.67,0.471,1.21,0.769,280.87725,2461200.5,4.85,0.00178,False,26.96,,,,5.0,6,40,,
(2024 RA5),54468796,0.8655,0.1849,0.33,254.46,272.88,0.705,1.03,0.805,294.02625,2461200.5,239.32,0.00501,False,28.91,,,,8.0,6,41,,
(2024 RT5),54469019,0.8325,0.5086,14.84,327.82,205.72,0.409,1.26,0.76,277.59,2461200.5,267.08,0.0572,False,23.92,,,,2.0,7,13,,
(2024 RD7),54469029,0.9603,0.3069,40.9,172.49,15.45,0.666,1.26,0.941,343.70025,2461200.5,96.48,0.223,False,22.81,,,,27.0,7,35,,
(2024 RP7),54469036,0.9192,0.2412,3.2,159.72,306.94,0.697,1.14,0.881,321.78525,2461200.5,258.96,0.000736,False,30.3,,,,1.0,6,23,,
(2024 RU9),54469548,0.9709,0.3197,9.32,178.08,307.37,0.661,1.28,0.957,349.54425,2461200.5,190.01,0.0343,False,25.26,,,,13.0,7,24,,
(2024 RM10),54470175,0.7713,0.3538,2.48,352.35,161.72,0.498,1.04,0.677,247.27425000000002,2461200.5,53.77,0.00255,False,25.84,,,,6.0,7,73,,
(2024 RY10),54470415,0.8349,0.2562,0.55,279.63,224.93,0.621,1.05,0.763,278.68575,2461200.5,322.24,0.00329,False,26.75,,,,5.0,7,27,,
(2024 RZ10),54470416,0.9199,0.3388,9.92,343.54,134.11,0.608,1.23,0.882,322.1505,2461200.5,258.84,0.0267,False,25.14,,,,2.0,7,31,,
(2024 RP15),54471059,0.8695,0.4056,5.09,190.21,306.95,0.517,1.22,0.811,296.21775,2461200.5,299.25,0.00889,False,25.42,,,,19.0,6,18,,
(2024 RT15),54471061,0.9368,0.2625,13.4,352.44,178.5,0.691,1.18,0.907,331.28175,2461200.5,153.77,0.173,False,22.64,,,,46.0,3,55,,
(2024 RL16),54471078,0.8362,0.2582,4.62,154.98,10.48,0.62,1.05,0.765,279.41625,2461200.5,285.44,0.0207,False,26.01,,,,7.0,7,14,,
(2024 RC42),54473959,0.8233,0.3294,1.2,350.09,145.25,0.552,1.09,0.747,272.84175,2461200.5,358.3,1.24e-05,False,32.38,,,,,6,24,,
(2024 RH45),54480238,0.8997,0.3074,3.14,355.87,140.58,0.623,1.18,0.853,311.55825,2461200.5,254.72,0.0124,False,24.95,,,,20.0,5,97,,
(2024 SX),54480961,0.6861,0.4443,10.81,234.81,312.46,0.381,0.99,0.568,207.462,2461200.5,153.56,0.098,False,21.37,,,,29.0,7,41,,
(2024 SD1),54481738,0.8995,0.3538,8.43,1.5,131.45,0.581,1.22,0.853,311.55825,2461200.5,264.16,0.00954,False,28.64,,,,2.0,5,16,,
(2024 SJ1),54481742,0.9524,0.3329,12.88,181.96,306.72,0.635,1.27,0.929,339.31725,2461200.5,208.11,0.0298,False,26.71,,,,2.0,7,17,,
(2024 SR1),54481750,0.8439,0.2737,2.83,5.94,150.49,0.613,1.07,0.775,283.06875,2461200.5,294.14,0.006,False,27.32,,,,8.0,7,38,,
(2024 SO2),54482429,0.9635,0.1052,4.36,1.81,236.91,0.862,1.06,0.946,345.5265,2461200.5,39.82,0.0041,False,27.9,,,,11.0,5,24,,
(2024 SP2),54482430,0.9308,0.1344,2.47,187.06,38.53,0.806,1.06,0.898,327.9945,2461200.5,87.95,0.00667,False,28.99,,,,1.0,6,22,,
(2024 SJ3),54483146,0.9807,0.3509,5.51,140.56,92.06,0.637,1.32,0.971,354.65774999999996,2461200.5,8.44,0.0298,False,23.18,,,,368.0,3,42,,
(2024 SM3),54483149,0.8932,0.1564,25.58,181.53,8.42,0.753,1.03,0.844,308.271,2461200.5,176.48,0.0271,False,25.69,,,,4.0,6,36,,
(2024 SN3),54483150,0.9149,0.1095,18.53,358.19,191.38,0.815,1.02,0.875,319.59375,2461200.5,151.32,0.00795,False,26.91,,,,5.0,5,18,,
(2024 SS3),54483853,0.9114,0.2784,2.79,112.08,84.95,0.658,1.17,0.87,317.7675,2461200.5,143.02,0.0262,False,24.03,,,,33.0,5,31,,
(2024 SY4),54485060,0.8642,0.2298,3.92,181.71,338.49,0.666,1.06,0.803,293.29575,2461200.5,257.81,0.0181,False,27.86,,,,4.0,7,16,,
(2024 TH),54486543,0.8933,0.2372,19.2,191.11,323.7,0.681,1.11,0.844,308.271,2461200.5,227.12,0.0369,False,24.58,,,,8.0,5,39,,
(2024 TW),54486931,0.9937,0.279,14.08,190.21,289.48,0.716,1.27,0.991,361.96274999999997,2461200.5,172.99,0.00606,False,28.95,,,,1.0,6,19,,
(2024 TY1),54487070,0.8174,0.2907,15.66,189.72,357.37,0.58,1.06,0.739,269.91975,2461200.5,288.31,0.0533,False,23.84,,,,21.0,7,82,,
(2024 TB2),54487071,0.8732,0.1521,1.17,17.45,170.83,0.74,1.01,0.816,298.044,2461200.5,206.69,0.00314,False,24.88,,,,21.0,6,58,,
(2024 TK2),54487273,0.9098,0.4205,17.53,195.94,307.93,0.527,1.29,0.868,317.037,2461200.5,249.05,0.00596,False,25.25,,,,5.0,6,76,,
(2024 TA3),54487290,0.8688,0.255,9.47,10.36,151.13,0.647,1.09,0.81,295.8525,2461200.5,254.44,0.0317,False,26.72,,,,3.0,7,23,,
(2024 TR4),54487958,0.9631,0.1472,28.34,193.91,293.07,0.821,1.1,0.945,345.16125,2461200.5,179.2,0.000178,False,26.88,,,,1.0,6,67,,
(2024 TL5),54488497,0.9927,0.088,10.13,14.21,250.84,0.905,1.08,0.989,361.23225,2461200.5,346.53,0.0124,False,27.59,,,,6.0,5,52,,
(2024 TR6),54489177,0.8325,0.5753,1.09,342.87,188.26,0.354,1.31,0.76,277.59,2461200.5,327.12,0.00971,False,24.5,,,,18.0,6,79,,
(2024 TV6),54489181,0.9802,0.1389,7.18,182.77,79.66,0.844,1.12,0.97,354.2925,2461200.5,359.97,0.0109,False,23.95,,,,466.0,2,58,,
(2024 TM7),54489666,0.8087,0.3268,11.27,190.39,348.74,0.544,1.07,0.727,265.53675,2460590.5,210.34,0.0536,False,25.16,,,,4.0,8,24,,
(2024 TQ9),54490130,0.8977,0.2409,1.6,194.09,50.18,0.681,1.11,0.85,310.4625,2461200.5,92.65,2.53e-05,False,30.76,,,,2.0,6,16,,
(2024 TW9),54490133,0.8816,0.4713,1.49,89.2,148.84,0.466,1.3,0.828,302.42699999999996,2461200.5,93.47,0.00833,False,25.57,,,,3.0,7,14,,
(2024 TX9),54490134,0.9516,0.1544,8.05,183.04,52.67,0.805,1.1,0.928,338.952,2461200.5,52.14,0.0145,False,26.38,,,,6.0,5,13,,
(2024 TC16),54491554,0.9419,0.2421,5.17,35.45,210.24,0.714,1.17,0.914,333.8385,2461200.5,41.26,0.0449,False,24.75,,,,428.0,3,31,,
(2024 TU20),54492950,0.966,0.1334,11.64,32.6,193.58,0.837,1.09,0.949,346.62225,2461200.5,52.03,0.0909,False,24.7,,,,26.0,5,20,,
(2024 TK21),54492953,0.8382,0.2186,16.42,199.51,22.18,0.655,1.02,0.767,280.14675,2461200.5,202.73,0.0021,False,25.14,,,,2.0,7,20,,
(2024 UV),54494475,0.7862,0.4833,2.59,49.88,188.44,0.406,1.17,0.697,254.57924999999997,2461200.5,229.99,0.02,False,24.97,,,,9.0,7,21,,
(2024 UB1),54494481,0.9146,0.215,9.15,205.64,53.54,0.718,1.11,0.875,319.59375,2461200.5,58.46,0.00212,False,28.47,,,,8.0,5,13,,
(2024 UN2),54495421,0.9683,0.2214,16.12,33.08,109.15,0.754,1.18,0.953,348.08324999999996,2461200.5,166.98,0.00127,False,26.2,,,,2.0,6,30,,
(2024 UT2),54495426,0.8506,0.351,4.84,218.09,312.46,0.552,1.15,0.784,286.356,2461200.5,277.06,0.00414,False,26.94,,,,3.0,7,49,,
(2024 UW2),54495687,0.9615,0.1194,22.82,28.02,211.88,0.847,1.08,0.943,344.43075,2461200.5,44.27,0.0572,False,24.93,,,,2.0,7,38,,
(2024 UZ2),54495430,0.8271,0.3824,14.38,209.98,4.41,0.511,1.14,0.752,274.668,2461200.5,226.62,0.121,False,24.31,,,,15.0,7,21,,
(2024 UQ3),54495701,0.8228,0.2772,7.24,209.91,331.05,0.595,1.05,0.746,272.4765,2461200.5,291.77,0.00443,False,29.48,,,,,7,19,,
(2024 UK5),54496029,0.9287,0.4048,2.2,280.19,252.98,0.553,1.3,0.895,326.89875,2461200.5,184.51,0.0124,False,23.99,,,,32.0,4,30,,
(2024 UO5),54496033,0.9169,0.3631,1.5,214.77,303.92,0.584,1.25,0.878,320.6895,2461200.5,217.09,0.000232,False,29.39,,,,2.0,5,21,1.0,1.0
(2024 UV5),54496193,0.8901,0.3961,8.3,18.64,162.89,0.538,1.24,0.84,306.81,2460610.5,239.64,0.0802,False,25.23,,,,2.0,9,14,,
(2024 UL6),54496206,0.9281,0.1188,9.24,215.87,340.04,0.818,1.04,0.894,326.5335,2461200.5,133.68,0.0353,False,26.03,,,,13.0,6,59,,
(2024 UZ6),54496387,0.9041,0.1636,0.45,33.38,225.76,0.756,1.05,0.86,314.115,2461200.5,76.45,0.000125,False,31.16,,,,2.0,5,29,,
(2024 UV7),54496395,0.9321,0.3591,2.62,216.71,57.59,0.597,1.27,0.9,328.725,2461200.5,5.25,0.00142,False,29.37,,,,4.0,6,43,,
(2024 UN8),54496406,0.8721,0.1959,1.95,10.04,213.5,0.701,1.04,0.814,297.3135,2461200.5,158.95,0.000224,False,27.23,,,,13.0,7,28,,
(2024 UU9),54496624,0.961,0.3205,5.6,213.6,308.02,0.653,1.27,0.942,344.0655,2461200.5,163.42,0.0227,False,26.72,,,,7.0,7,30,,
(2024 UX10),54496838,0.7857,0.3611,27.87,37.22,203.81,0.502,1.07,0.696,254.21399999999997,2461200.5,244.35,0.0239,False,26.51,,,,1.0,6,46,,
(2024 UQ11),54496852,0.9481,0.2959,3.12,265.9,2.16,0.668,1.23,0.923,337.12575000000004,2461200.5,2.24,0.0476,False,25.87,,,,3.0,7,20,,
(2024 UP27),54499681,0.6576,0.588,6.24,219.82,339.06,0.271,1.04,0.533,194.67825000000002,2460609.5,226.33,0.0101,False,25.2,,,,1.0,8,19,,
(2024 VB),54497053,0.9138,0.1552,3.0,42.61,220.62,0.772,1.06,0.874,319.2285,2461200.5,61.95,0.00662,False,28.74,,,,1.0,6,42,,
(2024 VY),54497464,0.8553,0.4873,27.06,45.37,135.41,0.439,1.27,0.791,288.91275,2461200.5,276.82,0.00495,False,26.25,,,,5.0,7,42,,
(2024 VZ),54497467,0.7353,0.3635,35.89,225.7,19.91,0.468,1.0,0.631,230.47275,2461200.5,334.77,0.0206,True,20.48,,,,4372.0,1,70,,
(2024 VD1),54497569,0.9905,0.4075,14.64,219.12,66.53,0.587,1.39,0.986,360.1365,2461200.5,290.49,0.00329,False,25.58,,,,9.0,7,27,,
(2024 VK2),54499167,0.881,0.2518,10.11,224.28,47.83,0.659,1.1,0.827,302.06174999999996,2461200.5,79.59,0.000849,False,26.38,,,,23.0,5,51,,
(2024 VR2),54499268,0.9591,0.2087,9.98,51.05,240.2,0.759,1.16,0.939,342.96975,2461200.5,338.68,0.0205,False,25.48,,,,21.0,5,95,,
(2024 VW2),54499272,0.7939,0.3953,10.77,63.22,162.56,0.48,1.11,0.707,258.23175,2461200.5,270.64,0.0518,False,24.55,,,,20.0,7,27,,
(2024 VC3),54499463,0.8101,0.2885,24.28,49.82,195.44,0.576,1.04,0.729,266.26725,2461200.5,210.21,0.0368,False,24.51,,,,9.0,6,91,,
(2024 VK3),54499469,0.9233,0.3801,2.51,57.56,118.23,0.572,1.27,0.887,323.97675,2461200.5,193.92,0.00281,False,27.41,,,,5.0,6,29,,
(2024 VX3),54499610,0.9584,0.227,3.33,230.89,291.63,0.741,1.18,0.938,342.6045,2461200.5,155.72,0.000431,False,28.26,,,,1.0,5,48,,
(2024 VB4),54499613,0.8689,0.2307,21.08,45.59,194.38,0.668,1.07,0.81,295.8525,2461200.5,144.79,0.0657,False,24.51,,,,2.0,7,31,,
(2024 WJ1),54500038,0.9195,0.1545,15.77,53.56,227.37,0.777,1.06,0.882,322.1505,2461200.5,34.99,0.0114,False,26.19,,,,2.0,7,13,,
(2024 WE2),54500325,0.9223,0.1592,8.02,236.97,349.91,0.775,1.07,0.886,323.6115,2461200.5,105.9,0.0741,False,25.97,,,,11.0,7,27,,
(2024 WW2),54500500,0.9813,0.3089,6.24,63.7,107.68,0.678,1.28,0.972,355.02299999999997,2461200.5,135.8,0.00251,False,28.38,,,,1.0,6,17,,
(2024 WB3),54500501,0.8305,0.3019,15.31,239.2,340.37,0.58,1.08,0.757,276.49425,2461200.5,221.08,0.0569,False,24.16,,,,16.0,7,24,,
(2024 WU3),54500712,0.9389,0.2254,9.65,62.07,238.47,0.727,1.15,0.91,332.3775,2461200.5,345.78,0.0131,False,28.17,,,,3.0,5,16,,
(2024 WJ4),54500890,0.8635,0.4951,11.33,26.44,233.49,0.436,1.29,0.802,292.9305,2461200.5,132.67,0.0243,True,21.56,,,,4436.0,1,60,,
(2024 WQ4),54500897,0.8237,0.4502,7.0,237.11,38.16,0.453,1.19,0.748,273.207,2461200.5,125.26,0.00723,False,27.25,,,,6.0,6,15,,
(2024 WJ12),54502146,0.8425,0.182,16.52,246.05,359.42,0.689,1.0,0.773,282.33825,2461200.5,170.59,0.00885,False,26.43,,,,2.0,6,28,,
(2024 WX15),54502459,0.813,0.2771,4.45,237.07,20.86,0.588,1.04,0.733,267.72825,2461200.5,198.92,0.0102,False,24.27,,,,39.0,6,27,,
(2024 XB),54502462,0.9486,0.3458,4.72,69.87,240.95,0.621,1.28,0.924,337.49100000000004,2461200.5,310.39,0.00365,False,26.12,,,,3.0,5,135,,
(2024 XG),54502652,0.9639,0.261,2.7,251.74,289.86,0.712,1.22,0.946,345.5265,2461200.5,134.59,0.000142,False,28.61,,,,1.0,6,43,,
(2024 XD1),54502873,0.8751,0.3024,19.82,70.34,177.79,0.61,1.14,0.819,299.13975,2461200.5,132.91,0.153,False,23.8,,,,17.0,6,36,,
(2024 XZ2),54503190,0.8824,0.3788,26.36,250.3,314.05,0.548,1.22,0.829,302.79224999999997,2460646.5,262.3,0.0306,False,26.39,,,,2.0,8,17,,
(2024 XW3),54503203,0.9477,0.1321,10.13,70.06,134.81,0.822,1.07,0.923,337.12575000000004,2461200.5,107.56,0.035,False,26.69,,,,9.0,6,30,,
(2024 XM4),54503217,0.8838,0.1704,3.67,43.12,218.92,0.733,1.03,0.831,303.52275,2461200.5,104.36,0.0012,False,25.46,,,,25.0,6,27,,
(2024 XA6),54504543,0.8967,0.2092,28.45,254.93,308.23,0.709,1.08,0.849,310.09725,2461200.5,169.8,0.000564,False,26.49,,,,1.0,6,61,,
(2024 XC6),54504540,0.9671,0.3717,32.51,248.66,300.53,0.608,1.33,0.951,347.35274999999996,2460647.5,283.43,0.0332,False,25.39,,,,3.0,8,17,,
(2024 XK6),54504548,0.96,0.0873,4.09,252.85,296.44,0.876,1.04,0.941,343.70025,2461200.5,110.06,0.00366,False,30.55,,,,2.0,5,20,,
(2024 XK7),54504567,0.8926,0.2337,3.65,247.17,49.67,0.684,1.1,0.843,307.90575,2461200.5,38.25,0.00211,False,27.96,,,,5.0,6,15,,
(2024 XQ7),54504571,0.8579,0.2064,7.29,81.45,191.0,0.681,1.03,0.795,290.37375000000003,2461200.5,121.71,0.0381,False,24.59,,,,30.0,6,32,,
(2024 XX9),54505715,0.985,0.0976,9.84,67.9,259.03,0.889,1.08,0.978,357.2145,2461200.5,290.87,0.00622,False,26.14,,,,9.0,6,38,,
(2024 XY10),54505722,0.81,0.3966,13.07,251.83,10.13,0.489,1.13,0.729,266.26725,2460647.5,157.0,0.0929,False,26.66,,,,4.0,9,13,,
(2024 XD11),54505727,0.8927,0.1257,2.98,69.06,209.9,0.78,1.0,0.843,307.90575,2461200.5,70.3,0.000323,False,28.09,,,,26.0,7,18,,
(2024 XS11),54505734,0.9821,0.3328,19.48,79.15,207.37,0.655,1.31,0.973,355.38824999999997,2460651.5,125.3,0.182,False,23.96,,,,2.0,8,12,,
(2024 XB16),54506456,0.7508,0.3725,0.8,356.6,244.2,0.471,1.03,0.651,237.77775,2460653.5,214.92,0.00958,False,26.85,,,,2.0,8,14,,
(2024 XJ16),54506463,0.7981,0.5026,12.91,38.72,229.32,0.397,1.2,0.713,260.42325,2461200.5,220.98,0.0409,True,21.22,,,,3688.0,0,70,,
(2024 XP16),54506551,0.9933,0.1397,2.85,257.71,83.86,0.855,1.13,0.99,361.5975,2461200.5,263.57,0.00114,False,28.28,,,,374.0,2,69,,
(2024 YE),54507431,0.8265,0.487,20.35,305.98,308.11,0.424,1.23,0.751,274.30275,2461200.5,151.96,0.0462,True,20.89,,,,2510.0,2,48,,
(2024 YL),54507525,0.9212,0.1196,0.38,71.38,241.98,0.811,1.03,0.884,322.88100000000003,2461200.5,2.15,0.00147,False,29.24,,,,2.0,6,37,,
(2024 YO),54507528,0.8941,0.2407,4.52,262.72,52.08,0.679,1.11,0.845,308.63625,2461200.5,13.46,0.0013,False,25.53,,,,19.0,6,37,,
(2024 YV),54507535,0.8061,0.4152,26.6,90.5,157.15,0.471,1.14,0.724,264.441,2461200.5,238.06,0.0803,False,24.54,,,,10.0,6,36,,
(2024 YW),54507537,0.9625,0.51,14.68,88.88,216.81,0.472,1.45,0.944,344.796,2461200.5,280.04,0.0811,False,23.22,,,,362.0,2,39,,
(2024 YA1),54507929,0.8219,0.3933,10.87,268.97,336.0,0.499,1.15,0.745,272.11125,2461200.5,213.55,0.051,False,23.6,,,,25.0,7,58,,
(2024 YY1),54508756,0.9419,0.3684,32.23,82.07,239.7,0.595,1.29,0.914,333.8385,2460673.5,90.35,0.0124,False,22.47,,,,16.0,8,71,,
(2024 YZ1),54508757,0.8991,0.2515,11.58,281.19,6.94,0.673,1.13,0.852,311.193,2461200.5,50.29,0.122,False,24.3,,,,24.0,6,29,,
(2024 YQ2),54509026,0.9348,0.5169,4.29,92.85,129.97,0.452,1.42,0.904,330.18600000000004,2461200.5,149.22,0.00515,False,25.75,,,,6.0,3,65,1.0,2.0
(2024 YS2),54509027,0.8753,0.162,3.84,102.72,141.42,0.734,1.02,0.819,299.13975,2461200.5,139.11,0.0039,False,28.1,,,,3.0,6,18,,
(2024 YR3),54509097,0.8935,0.1718,2.06,357.84,258.07,0.74,1.05,0.845,308.63625,2461200.5,103.68,0.0207,False,25.45,,,,10.0,6,26,,
(2024 YX3),54509101,0.9909,0.2426,3.16,84.62,254.46,0.75,1.23,0.986,360.1365,2461200.5,258.23,0.00265,False,26.69,,,,361.0,2,27,,
(2024 YA4),54509162,0.9777,0.299,6.03,96.8,108.19,0.685,1.27,0.967,353.19675,2461200.5,103.08,0.000501,False,26.95,,,,3.0,6,43,,
(2024 YB5),54509631,0.925,0.3511,7.73,275.1,303.11,0.6,1.25,0.89,325.0725,2461200.5,142.59,0.0067,False,27.15,,,,2.0,6,46,,
(2024 YG5),54509635,0.8649,0.2391,14.45,267.26,42.07,0.658,1.07,0.804,293.661,2461200.5,55.92,0.00567,False,25.57,,,,15.0,6,21,,
(2024 YM5),54509639,0.7218,0.4789,21.69,271.81,14.86,0.376,1.07,0.613,223.89825,2461200.5,292.24,0.042,False,24.45,,,,15.0,7,23,,
(2024 YR11),54513033,0.8744,0.1685,1.85,314.46,339.36,0.727,1.02,0.818,298.7745,2461200.5,72.67,0.00702,False,25.45,,,,40.0,6,67,,
(2024 YZ12),54513040,0.8246,0.3147,6.45,109.12,144.85,0.565,1.08,0.749,273.57225,2461200.5,199.74,0.00677,False,26.54,,,,12.0,6,73,,
(2024 YD13),54513044,0.9321,0.1225,12.45,104.3,144.92,0.818,1.05,0.9,328.725,2461200.5,75.23,0.0344,False,25.9,,,,9.0,5,27,,
(2024 YB26),54514890,0.9108,0.159,8.83,295.16,320.82,0.766,1.06,0.869,317.40225,2461200.5,86.13,0.0223,False,26.52,,,,7.0,6,18,,
(2025 AB),54513047,0.954,0.3337,9.97,282.77,294.4,0.636,1.27,0.932,340.413,2461200.5,115.66,0.000111,False,27.13,,,,2.0,5,95,,
(2025 AE),54513657,0.8118,0.4936,22.84,98.83,146.87,0.411,1.21,0.731,266.99775,2461200.5,246.8,0.0391,False,25.74,,,,3.0,7,25,,
(2025 AJ),54513664,0.8752,0.1553,13.63,278.51,342.18,0.739,1.01,0.819,299.13975,2461200.5,117.29,0.0182,False,25.36,,,,7.0,6,27,,
(2025 AX),54514235,0.6832,0.6484,21.52,96.75,219.27,0.24,1.13,0.565,206.36624999999998,2461200.5,306.84,0.0878,False,21.49,,,,45.0,6,44,,
(2025 AA1),54514242,0.9695,0.2596,16.4,99.24,249.51,0.718,1.22,0.955,348.81374999999997,2460678.5,81.63,0.00801,False,25.08,,,,1.0,8,27,,
(2025 AB1),54514243,0.9257,0.2399,6.1,284.86,43.19,0.704,1.15,0.891,325.43775,2461200.5,330.12,0.0308,False,26.16,,,,1.0,7,13,,
(2025 AC1),54514244,0.8523,0.2225,6.4,98.3,215.87,0.663,1.04,0.787,287.45175,2461200.5,67.39,0.00266,False,26.89,,,,19.0,6,40,,
(2025 AU1),54514677,0.8658,0.3351,4.68,308.91,316.3,0.576,1.16,0.806,294.3915,2461200.5,136.77,0.00711,False,24.35,,,,30.0,6,44,,
(2025 AK2),54514905,0.9796,0.3156,18.83,275.48,78.34,0.67,1.29,0.97,354.2925,2461200.5,242.95,0.0292,True,21.82,,,,397.0,2,62,,
(2025 BC),54516130,0.9524,0.0679,5.64,297.24,311.24,0.888,1.02,0.929,339.31725,2461200.5,53.05,0.00731,False,26.73,,,,27.0,4,142,,
(2025 BL),54516185,0.9969,0.1109,11.82,116.44,273.91,0.886,1.11,0.995,363.42375,2461200.5,215.81,0.0059,False,25.56,,,,368.0,0,50,,
(2025 BR),54516260,0.9105,0.1743,8.54,313.45,316.55,0.752,1.07,0.869,317.40225,2461200.5,75.03,0.0175,False,26.49,,,,19.0,6,44,,
(2025 BT1),54516843,0.9054,0.2036,23.42,338.09,301.23,0.721,1.09,0.862,314.8455,2461200.5,78.03,0.0177,True,21.58,,,,30.0,6,76,,
(2025 BJ2),54517087,0.9427,0.4605,15.88,303.56,310.35,0.509,1.38,0.915,334.20375,2461200.5,100.54,0.0337,False,24.72,,,,28.0,6,49,,
(2025 BM2),54517089,0.9797,0.1611,7.83,127.41,125.73,0.822,1.14,0.97,354.2925,2461200.5,34.26,0.0432,False,25.31,,,,46.0,4,30,,
(2025 BU3),54517329,0.7415,0.4369,14.03,309.75,334.84,0.418,1.07,0.638,233.0295,2461200.5,280.89,0.0044,False,24.94,,,,4.0,7,44,,
(2025 BV5),54517642,0.9171,0.1182,3.85,130.11,133.8,0.809,1.03,0.878,320.6895,2461200.5,72.22,0.00014,False,28.33,,,,3.0,5,34,,
(2025 BM6),54517682,0.9552,0.1889,5.71,126.97,249.82,0.775,1.14,0.934,341.1435,2461200.5,255.09,0.000266,False,27.09,,,,28.0,3,73,,
(2025 BZ7),54518040,0.9633,0.1255,2.65,328.43,19.43,0.842,1.08,0.945,345.16125,2461200.5,295.17,0.036,False,24.61,,,,64.0,4,73,,
(2025 CC),54518076,0.9959,0.0674,8.21,130.32,124.9,0.929,1.06,0.994,363.0585,2461200.5,11.84,0.0414,False,27.57,,,,11.0,6,16,,
(2025 CD),54518077,0.9933,0.3414,16.53,314.27,289.88,0.654,1.33,0.99,361.5975,2461200.5,58.1,0.00432,False,28.45,,,,1.0,6,34,,
(2025 CE),54518078,0.9474,0.1381,23.16,314.74,297.77,0.817,1.08,0.922,336.76050000000004,2461200.5,61.11,0.00714,False,27.13,,,,2.0,6,52,,
(2025 CJ),54518081,0.9904,0.1277,4.15,315.72,278.27,0.864,1.12,0.986,360.1365,2461200.5,45.54,0.00305,False,28.28,,,,3.0,5,68,,
(2025 CM),54518085,0.8621,0.2364,1.95,140.4,133.75,0.658,1.07,0.801,292.56525,2461200.5,124.88,0.00219,False,26.96,,,,2.0,6,61,,
(2025 CN),54518622,0.8904,0.1873,16.83,314.13,9.74,0.724,1.06,0.84,306.81,2461200.5,20.87,0.0675,False,26.03,,,,3.0,6,28,,
(2025 CP1),54518711,0.7854,0.4231,2.05,133.12,149.72,0.453,1.12,0.696,254.21399999999997,2461200.5,221.76,0.00296,False,28.72,,,,3.0,6,45,,
(2025 CT1),54518712,0.9777,0.1191,1.67,109.22,174.91,0.861,1.09,0.967,353.19675,2461200.5,0.55,0.027,False,25.37,,,,42.0,4,41,,
(2025 CE2),54518889,0.986,0.3538,2.97,119.27,261.67,0.637,1.33,0.979,357.57975,2461200.5,208.63,0.0107,False,25.19,,,,18.0,6,44,,
(2025 CS2),54519238,0.9471,0.4154,3.85,47.91,315.08,0.554,1.34,0.922,336.76050000000004,2461200.5,257.96,0.0143,False,23.54,,,,4788.0,0,53,,
(2025 CX3),54519355,0.7771,0.5389,9.03,29.25,302.43,0.358,1.2,0.685,250.19625000000002,2461200.5,136.48,0.0604,False,23.41,,,,26.0,6,25,,
(2025 CJ4),54519878,0.6923,0.4333,20.93,145.37,184.28,0.392,0.99,0.576,210.384,2461200.5,271.73,0.00272,False,26.16,,,,1.0,7,57,,
(2025 CB8),54521217,0.9594,0.1588,4.57,130.21,249.93,0.807,1.11,0.94,343.335,2460710.5,96.96,0.00184,False,29.43,,,,1.0,9,11,,
(2025 DC),54519969,0.8569,0.4707,3.61,144.68,228.15,0.454,1.26,0.793,289.64325,2461200.5,318.29,0.00189,False,27.52,,,,1.0,6,34,,
(2025 DQ),54520035,0.9918,0.1993,2.39,330.35,283.37,0.794,1.19,0.988,360.867,2461200.5,29.41,0.0019,False,29.93,,,,2.0,5,30,,
(2025 DU),54520039,0.7876,0.3495,5.57,331.36,333.18,0.512,1.06,0.699,255.30974999999998,2461200.5,178.65,0.00578,False,27.88,,,,3.0,7,51,,
(2025 DB1),54520093,0.788,0.2765,6.74,327.7,2.2,0.57,1.01,0.7,255.67499999999998,2461200.5,129.54,0.0177,False,27.09,,,,7.0,7,50,,
(2025 DO1),54520169,0.9077,0.1762,1.68,326.58,42.19,0.748,1.07,0.865,315.94125,2461200.5,309.5,0.00494,False,27.1,,,,11.0,6,42,,
(2025 DS1),54520173,0.8872,0.1314,2.37,332.38,335.62,0.771,1.0,0.836,305.349,2461200.5,49.05,0.000775,False,30.32,,,,1.0,5,24,,
(2025 DX1),54520177,0.9297,0.3575,19.77,330.55,316.27,0.597,1.26,0.896,327.264,2460727.5,261.28,0.0696,False,25.58,,,,6.0,8,22,,
(2025 DD2),54520183,0.9178,0.3858,14.57,335.89,13.13,0.564,1.27,0.879,321.05475,2461200.5,313.62,0.162,False,23.77,,,,6.0,7,26,,
(2025 DE2),54520302,0.7324,0.4,10.57,155.62,163.76,0.439,1.03,0.627,229.01175,2461200.5,232.5,0.00618,False,26.81,,,,6.0,7,35,,
(2025 DX2),54520317,0.9426,0.4767,13.13,147.76,131.88,0.493,1.39,0.915,334.20375,2461200.5,75.84,0.03,False,25.75,,,,2.0,7,21,,
(2025 DY2),54520318,0.8807,0.3986,25.76,337.21,38.71,0.53,1.23,0.826,301.69649999999996,2461200.5,301.6,0.064,False,24.57,,,,12.0,7,48,,
(2025 DB3),54520321,0.78,0.2911,1.3,325.83,14.98,0.553,1.01,0.689,251.65724999999998,2461200.5,122.16,0.00121,False,27.2,,,,5.0,6,54,,
(2025 DP3),54520333,0.9939,0.2276,10.22,344.41,292.6,0.768,1.22,0.991,361.96274999999997,2461200.5,9.03,0.0238,False,25.53,,,,736.0,1,34,,
(2025 DQ4),54520526,0.8126,0.4284,2.5,122.62,250.9,0.465,1.16,0.733,267.72825,2461200.5,16.91,0.0222,False,24.77,,,,12.0,7,44,,
(2025 DK7),54520806,0.9619,0.2342,3.98,342.84,296.06,0.737,1.19,0.943,344.43075,2461200.5,31.87,0.00588,False,27.43,,,,10.0,6,21,,
(2025 DM7),54520807,0.7995,0.2714,8.21,342.52,340.0,0.583,1.02,0.715,261.15375,2461200.5,131.58,0.00211,False,27.1,,,,7.0,7,34,,
(2025 DE8),54520915,0.9724,0.178,28.35,153.16,250.19,0.799,1.15,0.959,350.27475,2460731.5,92.85,0.0122,False,27.46,,,,1.0,8,11,,
(2025 DP22),54521230,0.9079,0.2704,12.75,355.28,338.95,0.662,1.15,0.865,315.94125,2461200.5,1.64,0.0963,False,23.53,,,,39.0,4,55,,
(2025 DU24),54521610,0.9574,0.1096,3.32,354.22,321.77,0.852,1.06,0.937,342.23925,2461200.5,338.64,0.0197,False,26.4,,,,22.0,6,37,,
(2025 DF25),54521708,0.8897,0.2852,0.21,115.21,272.57,0.636,1.14,0.839,306.44475,2461200.5,290.33,0.0023,False,29.06,,,,2.0,6,22,,
(2025 DJ25),54521711,0.9223,0.1184,13.98,156.14,171.49,0.813,1.03,0.886,323.6115,2461200.5,352.38,0.0399,False,26.59,,,,6.0,6,21,,
(2025 DU25),54521713,0.9848,0.1243,6.54,355.32,286.16,0.862,1.11,0.977,356.84925,2461200.5,1.26,0.00624,False,27.2,,,,20.0,4,78,,
(2025 DJ29),54521724,0.9707,0.1281,2.7,10.68,304.72,0.846,1.1,0.956,349.179,2461200.5,329.0,0.0101,False,26.43,,,,7.0,7,15,,
(2025 EG),54522099,0.9882,0.2083,22.08,341.73,72.42,0.782,1.19,0.982,358.6755,2461200.5,189.87,0.0156,False,24.48,,,,2.0,7,58,,
(2025 EL),54522252,0.8979,0.3797,6.95,342.45,306.68,0.557,1.24,0.851,310.82775,2461200.5,90.58,0.000783,False,29.27,,,,1.0,6,53,,
(2025 EO),54522257,0.8899,0.3469,27.59,169.9,194.75,0.581,1.2,0.839,306.44475,2461200.5,320.14,0.174,False,23.2,,,,21.0,6,26,,
(2025 EV),54522522,0.8487,0.5736,13.65,167.92,203.98,0.362,1.34,0.782,285.6255,2461200.5,324.2,0.0704,False,23.81,,,,8.0,7,38,,
(2025 ER1),54522546,0.9898,0.2696,9.56,351.79,59.25,0.723,1.26,0.985,359.77125,2461200.5,185.57,0.037,False,25.04,,,,24.0,6,79,,
(2025 EG2),54522865,0.8753,0.2385,21.17,353.51,322.29,0.667,1.08,0.819,299.13975,2461200.5,57.66,0.0206,False,24.59,,,,11.0,5,45,,
(2025 ER2),54522920,0.8777,0.242,18.57,161.87,224.81,0.665,1.09,0.822,300.2355,2461200.5,308.42,0.00557,False,27.68,,,,2.0,5,21,,
(2025 EZ3),54523433,0.8064,0.33,24.96,342.39,38.15,0.54,1.07,0.724,264.441,2461200.5,23.99,0.0177,False,21.9,,,,18.0,6,30,,
(2025 EA4),54523488,0.8943,0.1333,5.17,166.51,201.11,0.775,1.01,0.846,309.00149999999996,2461200.5,329.17,0.00989,False,25.75,,,,12.0,6,68,,
(2025 EK4),54523640,0.9937,0.1936,17.68,350.69,75.73,0.801,1.19,0.991,361.96274999999997,2461200.5,173.09,0.00953,False,24.01,,,,362.0,1,50,,
(2025 ED16),54649642,0.8869,0.1739,16.58,168.1,143.08,0.733,1.04,0.835,304.98375,2461200.5,49.66,0.00578,False,27.05,,,,2.0,5,19,,
(2025 FC1),54524057,0.9594,0.5447,19.08,179.45,233.3,0.437,1.48,0.94,343.335,2461200.5,170.64,0.00222,False,27.68,,,,1.0,7,26,,
(2025 FF1),54524116,0.9175,0.317,10.96,22.85,346.94,0.627,1.21,0.879,321.05475,2461200.5,292.65,0.117,False,23.91,,,,2.0,7,25,,
(2025 FA2),54524123,0.7181,0.4612,7.94,178.25,201.53,0.387,1.05,0.609,222.43725,2461200.5,136.75,0.00228,False,26.95,,,,6.0,7,38,,
(2025 FB2),54524124,0.8854,0.2366,24.34,2.56,40.42,0.676,1.09,0.833,304.25325,2461200.5,282.83,0.0211,False,26.54,,,,2.0,6,53,,
(2025 FN2),54524308,0.8946,0.3881,1.47,74.48,237.68,0.547,1.24,0.846,309.00149999999996,2461200.5,67.97,0.00173,False,25.74,,,,2.0,6,31,,
(2025 FS2),54524313,0.918,0.4507,0.85,9.08,44.88,0.504,1.33,0.88,321.42,2461200.5,214.33,0.00229,False,28.08,,,,2.0,6,41,,
(2025 FT2),54524315,0.8352,0.4377,24.26,180.94,156.27,0.47,1.2,0.763,278.68575,2461200.5,83.51,0.0966,False,23.32,,,,6.0,6,52,,
(2025 FB6),54524519,0.8915,0.4611,18.08,8.54,316.7,0.48,1.3,0.842,307.5405,2461200.5,45.05,0.0301,False,23.0,,,,8.0,6,22,,
(2025 FP6),54524531,0.9637,0.2872,11.92,182.74,128.6,0.687,1.24,0.946,345.5265,2461200.5,2.51,0.0444,False,25.7,,,,5.0,6,37,,
(2025 FS6),54524534,0.7997,0.3264,5.96,181.67,206.02,0.539,1.06,0.715,261.15375,2461200.5,23.17,0.00688,False,27.04,,,,4.0,7,28,,
(2025 FR7),54524638,0.9962,0.0889,33.62,179.61,121.77,0.908,1.08,0.994,363.0585,2460759.5,253.21,0.0404,False,25.09,,,,2.0,8,16,,
(2025 FB8),54524721,0.8508,0.2022,1.63,6.0,336.15,0.679,1.02,0.785,286.72125,2461200.5,46.64,0.000892,False,28.48,,,,2.0,6,35,,
(2025 FC8),54524722,0.8034,0.3383,6.75,7.79,342.13,0.532,1.08,0.72,262.98,2460759.5,207.45,0.0245,False,26.71,,,,2.0,8,27,,
(2025 FD8),54524723,0.8637,0.4683,17.76,58.0,317.51,0.459,1.27,0.803,293.29575,2461200.5,333.98,0.00958,False,22.41,,,,28.0,5,29,,
(2025 FP10),54524726,0.7765,0.266,27.84,21.79,12.79,0.57,0.98,0.684,249.83100000000002,2461200.5,48.77,0.0275,True,18.89,,,,43.0,2,156,4.0,2.0
(2025 FS10),54524973,0.981,0.0886,10.64,22.57,352.68,0.894,1.07,0.972,355.02299999999997,2461200.5,253.76,0.0639,False,24.87,,,,39.0,4,31,,
(2025 FW11),54524980,0.8295,0.4148,3.27,18.7,309.48,0.485,1.17,0.756,276.129,2461200.5,110.91,0.0091,False,25.9,,,,6.0,6,33,,
(2025 FX11),54524979,0.767,0.4214,35.03,185.56,190.06,0.444,1.09,0.672,245.448,2461200.5,86.45,0.0789,False,24.69,,,,5.0,6,25,,
(2025 FY11),54524982,0.9677,0.1314,3.69,8.48,65.65,0.841,1.09,0.952,347.71799999999996,2461200.5,192.0,0.00358,False,28.78,,,,2.0,4,80,,
(2025 FR13),54525112,0.8498,0.4194,23.86,188.85,137.03,0.493,1.21,0.783,285.99075,2461200.5,93.64,0.00825,False,24.19,,,,5.0,6,44,,
(2025 FK14),54525363,0.8597,0.3015,1.72,6.11,313.13,0.6,1.12,0.797,291.10425000000004,2461200.5,78.74,0.00131,False,29.66,,,,,6,23,,
(2025 FD15),54525373,0.6611,0.5534,5.24,4.06,7.8,0.295,1.03,0.538,196.5045,2460761.5,163.36,0.00762,False,27.65,,,,3.0,8,18,,
(2025 FN18),54525644,0.8345,0.475,5.49,153.51,251.16,0.438,1.23,0.762,278.3205,2461200.5,304.24,0.0452,False,24.87,,,,2.0,7,22,,
(2025 FO20),54525757,0.8388,0.2127,5.97,16.91,353.28,0.66,1.02,0.768,280.512,2461200.5,17.27,0.0129,False,26.63,,,,10.0,7,31,,
(2025 FJ22),54526031,0.9765,0.1066,5.74,199.23,183.87,0.872,1.08,0.965,352.46625,2461200.5,251.2,0.0773,False,25.65,,,,33.0,4,24,,
(2025 FD25),54526417,0.8258,0.26,12.67,175.6,195.94,0.611,1.04,0.75,273.9375,2460756.5,160.7,0.0295,False,26.93,,,,,9,9,,
(2025 FE26),54526667,0.9494,0.2316,1.8,86.85,316.72,0.73,1.17,0.925,337.85625,2460756.5,112.8,0.00908,False,26.47,,,,1.0,9,11,,
(2025 GH),54526036,0.9049,0.2953,38.12,14.87,306.8,0.638,1.17,0.861,314.48025,2461200.5,37.09,0.00316,False,24.65,,,,5.0,7,53,,
(2025 GK),54526038,0.8991,0.434,4.41,193.28,138.7,0.509,1.29,0.853,311.55825,2461200.5,43.12,0.013,False,24.98,,,,12.0,7,52,,
(2025 GX),54526424,0.8428,0.2137,3.32,30.31,358.85,0.663,1.02,0.774,282.7035,2461200.5,347.38,0.0145,False,26.83,,,,20.0,6,67,,
(2025 GR1),54527080,0.9113,0.1755,19.39,199.58,222.7,0.751,1.07,0.87,317.7675,2461200.5,244.02,0.0118,False,25.54,,,,5.0,6,27,,
(2025 HD),54527118,0.9571,0.2148,6.89,36.11,50.67,0.752,1.16,0.936,341.874,2461200.5,176.31,0.0268,False,25.35,,,,16.0,4,84,,
(2025 HF),54527123,0.9724,0.2086,12.69,32.76,290.92,0.77,1.18,0.959,350.27475,2461200.5,335.6,0.000133,False,25.64,,,,5.0,3,89,3.0,2.0
(2025 HG),54527122,0.8834,0.3007,18.95,29.15,311.55,0.618,1.15,0.83,303.15749999999997,2461200.5,31.55,0.000321,False,26.62,,,,1.0,6,26,,
(2025 HH),54527124,0.9113,0.2552,7.65,207.68,233.69,0.679,1.14,0.87,317.7675,2461200.5,212.66,5.3e-05,False,30.77,,,,3.0,5,22,,
(2025 HK),54527147,0.872,0.3076,30.58,29.41,319.35,0.604,1.14,0.814,297.3135,2460784.5,246.21,0.0223,False,25.88,,,,3.0,8,42,,
(2025 HD3),54527455,0.8317,0.4441,7.14,35.75,32.02,0.462,1.2,0.758,276.8595,2461200.5,276.37,0.0189,False,25.24,,,,7.0,7,26,,
(2025 HE3),54527457,0.9452,0.1359,5.11,211.72,233.95,0.817,1.07,0.919,335.66475,2461200.5,196.0,0.00233,False,28.22,,,,8.0,5,57,,
(2025 HQ4),54527652,0.6362,0.6469,2.63,47.98,338.9,0.225,1.05,0.508,185.547,2461200.5,287.42,0.00712,False,26.0,,,,360.0,1,164,,
(2025 HA5),54527660,0.7943,0.4559,12.35,208.35,215.63,0.432,1.16,0.708,258.597,2460791.5,112.89,0.0021,False,26.52,,,,1.0,8,12,,
(2025 HP5),54527739,0.9751,0.0943,18.04,209.88,161.37,0.883,1.07,0.963,351.73575,2461200.5,263.38,0.0561,False,23.88,,,,7.0,7,55,,
(2025 HF12),54528048,0.9711,0.4201,14.11,51.21,305.9,0.563,1.38,0.957,349.54425,2461200.5,316.21,0.0232,False,22.8,,,,1524.0,1,151,,
(2025 HA19),54528331,0.8252,0.4103,15.32,219.5,141.05,0.487,1.16,0.75,273.9375,2461200.5,68.1,0.000462,False,24.59,,,,1.0,6,97,,
(2025 JO1),54529312,0.9512,0.1671,19.49,50.66,354.72,0.792,1.11,0.928,338.952,2461200.5,241.09,0.0988,False,23.46,,,,18.0,6,36,,
(2025 JW1),54529549,0.9869,0.3286,13.7,48.21,295.05,0.663,1.31,0.98,357.945,2461200.5,320.8,0.00735,False,25.96,,,,4.0,7,45,,
(2025 JX1),54529550,0.8562,0.2492,5.64,231.47,142.44,0.643,1.07,0.792,289.278,2461200.5,6.45,0.00423,False,25.13,,,,2.0,6,16,,
(2025 JA2),54529553,0.6955,0.5357,43.89,225.79,165.42,0.323,1.07,0.58,211.845,2461200.5,175.94,0.0194,False,23.22,,,,11.0,6,92,,
(2025 JG2),54529727,0.8849,0.2437,19.03,44.62,36.21,0.669,1.1,0.832,303.888,2461200.5,238.02,0.0245,False,25.6,,,,4.0,5,16,,
(2025 JH2),54529811,0.9609,0.0823,10.47,50.87,18.52,0.882,1.04,0.942,344.0655,2461200.5,209.59,0.0251,False,27.05,,,,13.0,5,27,,
(2025 KB1),54532961,0.8819,0.1987,14.66,238.96,154.32,0.707,1.06,0.828,302.42699999999996,2461200.5,314.9,0.0182,False,25.25,,,,6.0,5,150,,
(2025 KR1),54533096,0.9898,0.4882,20.19,73.19,294.84,0.507,1.47,0.985,359.77125,2461200.5,311.54,0.035,False,24.65,,,,6.0,7,33,,
(2025 KS1),54533098,0.8521,0.2487,4.49,241.97,211.46,0.64,1.06,0.787,287.45175,2461200.5,249.21,0.00111,False,26.72,,,,2.0,5,184,,
(2025 KZ1),54533158,0.7551,0.3924,11.85,63.11,11.66,0.459,1.05,0.656,239.604,2461200.5,6.86,0.0208,False,27.2,,,,5.0,7,32,,
(2025 KB2),54533159,0.9744,0.1404,3.23,232.37,228.12,0.838,1.11,0.962,351.3705,2461200.5,160.65,0.019,False,26.47,,,,3.0,6,19,,
(2025 KD4),54533420,0.958,0.175,6.97,219.53,218.84,0.79,1.13,0.938,342.6045,2461200.5,198.03,0.0455,False,24.67,,,,13.0,6,23,,
(2025 KF4),54533422,0.8372,0.2288,9.79,242.62,197.66,0.646,1.03,0.766,279.7815,2461200.5,283.14,0.00196,False,28.7,,,,4.0,6,20,,
(2025 KP4),54533500,0.8612,0.8606,9.51,72.2,5.47,0.12,1.6,0.799,291.83475000000004,2460820.5,86.09,0.0561,False,22.61,,,,4.0,9,28,,
(2025 KL14),54534098,0.9256,0.3052,9.87,68.59,42.23,0.643,1.21,0.891,325.43775,2461200.5,179.58,0.0366,True,21.31,,,,484.0,2,38,,
(2025 LE),54534236,0.8664,0.4127,11.52,242.77,227.03,0.509,1.22,0.806,294.3915,2461200.5,197.96,0.0054,False,25.42,,,,2.0,7,17,,
(2025 LW),54534706,0.9535,0.3325,4.58,254.51,237.5,0.636,1.27,0.931,340.04775,2461200.5,114.89,0.0042,False,24.93,,,,17.0,6,48,,
(2025 MF),54534778,0.9208,0.2067,8.85,261.83,223.12,0.73,1.11,0.884,322.88100000000003,2461200.5,160.7,0.0154,False,27.23,,,,1.0,7,13,,
(2025 MR),54535062,0.7795,0.3238,20.3,270.1,186.97,0.527,1.03,0.688,251.29199999999997,2461200.5,311.18,0.0119,False,24.56,,,,11.0,6,78,,
(2025 MT1),54535134,0.9443,0.1201,2.07,276.95,188.3,0.831,1.06,0.918,335.2995,2461200.5,180.54,0.0224,False,26.23,,,,37.0,5,54,,
(2025 MX1),54535135,0.7846,0.3264,5.21,268.96,164.83,0.529,1.04,0.695,253.84875,2461200.5,349.96,0.00393,False,28.89,,,,2.0,7,16,,
(2025 MG89),54537502,0.6583,0.6892,0.51,339.77,121.36,0.205,1.11,0.534,195.04350000000002,2460850.5,158.97,0.00605,False,23.86,,,,8.0,8,22,,
(2025 MR89),54537539,0.8074,0.3624,7.74,274.24,210.62,0.515,1.1,0.725,264.80625,2461200.5,236.19,0.00123,False,26.33,,,,27.0,6,81,,
(2025 MB90),54537654,0.9924,0.1884,15.58,114.92,292.03,0.805,1.18,0.989,361.23225,2461200.5,230.72,0.011,False,24.11,,,,774.0,1,89,,
(2025 MW91),54537839,0.8868,0.4612,19.81,100.77,317.29,0.478,1.3,0.835,304.98375,2461200.5,316.17,0.0224,False,24.45,,,,3.0,7,18,,
(2025 ML93),54538021,0.928,0.4882,12.48,103.29,25.97,0.475,1.38,0.894,326.5335,2461200.5,150.31,0.0902,False,22.38,,,,8.0,6,23,,
(2025 MZ93),54538189,0.9169,0.196,8.78,277.5,138.08,0.737,1.1,0.878,320.6895,2461200.5,266.3,0.0107,False,27.68,,,,,7,16,,
(2025 MF96),54539469,0.8979,0.3563,16.77,266.84,230.9,0.578,1.22,0.851,310.82775,2460857.5,103.66,0.00311,False,24.96,,,,1.0,8,15,,
(2025 NL),54537919,0.9694,0.0843,3.85,100.44,46.23,0.888,1.05,0.954,348.44849999999997,2461200.5,119.23,0.0038,False,27.61,,,,5.0,6,13,,
(2025 NT),54537956,0.9908,0.2225,17.53,105.03,308.31,0.77,1.21,0.986,360.1365,2461200.5,231.41,0.0614,False,25.3,,,,4.0,6,29,,
(2025 NU),54537957,0.9768,0.1934,4.33,246.3,253.84,0.788,1.17,0.965,352.46625,2461200.5,111.65,0.0073,False,25.07,,,,378.0,5,22,,
(2025 NH1),54538187,0.8057,0.5306,4.79,102.92,324.18,0.378,1.23,0.723,264.07574999999997,2461200.5,8.98,8.59e-05,False,30.98,,,,,6,8,,
(2025 NV1),54538295,0.9565,0.2015,19.66,294.78,169.54,0.764,1.15,0.936,341.874,2461200.5,191.14,0.126,False,21.96,,,,5522.0,0,47,,
(2025 OB),54538305,0.7816,0.5121,14.44,295.72,147.46,0.381,1.18,0.691,252.38774999999998,2461200.5,1.66,0.000855,False,25.99,,,,3.0,5,22,,
(2025 OD),54538307,0.8272,0.447,26.72,293.38,212.24,0.457,1.2,0.752,274.668,2461200.5,182.19,0.0354,False,23.54,,,,3.0,7,38,,
(2025 OJ),54538312,0.8398,0.5021,27.55,117.36,31.28,0.418,1.26,0.77,281.2425,2461200.5,160.6,0.0568,False,21.98,,,,8.0,7,207,,
(2025 OK1),54538391,0.8183,0.266,10.44,122.48,9.77,0.601,1.04,0.74,270.285,2461200.5,228.01,0.0135,False,25.26,,,,7.0,6,154,,
(2025 OL1),54538392,0.9452,0.1521,13.21,125.84,313.26,0.801,1.09,0.919,335.66475,2461200.5,218.56,0.0134,False,25.03,,,,12.0,4,100,,
(2025 OX1),54538529,0.8929,0.3459,11.06,266.89,219.42,0.584,1.2,0.844,308.271,2460877.5,175.16,0.0292,False,22.97,,,,3.0,8,19,,
(2025 OD2),54538659,0.8664,0.2432,3.98,287.79,194.74,0.656,1.08,0.806,294.3915,2461200.5,208.66,0.0235,False,24.56,,,,47.0,6,45,,
(2025 OT2),54538771,0.801,0.3998,8.87,126.5,21.63,0.481,1.12,0.717,261.88425,2461200.5,205.66,0.0263,False,25.85,,,,1.0,7,33,,
(2025 OA3),54538775,0.9182,0.3424,19.96,130.71,308.3,0.604,1.23,0.88,321.42,2461200.5,255.97,0.00982,False,24.89,,,,8.0,7,30,,
(2025 OM4),54538957,0.8619,0.294,2.28,139.52,19.74,0.608,1.12,0.8,292.2,2461200.5,154.67,0.0138,False,25.2,,,,23.0,6,38,,
(2025 OQ9),54539339,0.9649,0.4225,15.2,312.48,171.16,0.557,1.37,0.948,346.257,2461200.5,154.28,0.198,False,22.15,,,,780.0,2,45,,
(2025 OJ10),54539451,0.9777,0.181,8.25,313.29,123.29,0.801,1.15,0.967,353.19675,2461200.5,209.39,0.023,False,25.58,,,,18.0,5,60,,
(2025 OY10),54539459,0.9348,0.2667,4.91,129.45,302.59,0.685,1.18,0.904,330.18600000000004,2461200.5,245.74,0.000389,False,27.9,,,,2.0,5,18,,
(2025 OR12),54539478,0.9195,0.4374,17.03,133.3,315.76,0.517,1.32,0.882,322.1505,2460889.5,263.81,0.0367,False,23.99,,,,6.0,8,23,,
(2025 OU12),54539481,0.8543,0.2325,2.35,305.32,161.08,0.656,1.05,0.79,288.5475,2461200.5,243.37,0.00694,False,28.61,,,,14.0,6,24,,
(2025 OV12),54539482,0.9924,0.3588,4.75,142.22,344.53,0.636,1.35,0.989,361.23225,2460886.5,190.02,0.0654,False,23.25,,,,3.0,8,12,,
(2025 OW12),54539483,0.9854,0.2901,3.83,87.89,2.7,0.7,1.27,0.978,357.2145,2461200.5,199.54,0.0615,False,23.95,,,,3019.0,2,17,,
(2025 OE342),54602298,0.9207,0.2521,2.36,311.87,163.41,0.689,1.15,0.883,322.51575,2460879.5,191.22,0.0257,False,25.54,,,,10.0,8,11,,
(2025 PK),54539572,0.9618,0.2401,16.86,127.56,328.45,0.731,1.19,0.943,344.43075,2461200.5,198.96,0.105,False,24.62,,,,11.0,6,17,,
(2025 PL1),54540033,0.9712,0.4203,15.11,149.99,307.05,0.563,1.38,0.957,349.54425,2461200.5,212.23,0.0293,False,23.56,,,,19.0,6,20,,
(2025 PM1),54540047,0.8498,0.2447,4.45,147.58,336.07,0.642,1.06,0.783,285.99075,2461200.5,223.9,0.00866,False,25.7,,,,25.0,6,85,,
(2025 PF2),54540493,0.9916,0.3674,5.78,322.14,245.3,0.627,1.36,0.987,360.50175,2461200.5,9.78,2.48e-05,False,30.13,,,,1.0,6,27,,
(2025 QA),54540702,0.8959,0.151,14.13,323.6,191.86,0.761,1.03,0.848,309.73199999999997,2461200.5,148.93,0.014,False,26.5,,,,10.0,6,106,,
(2025 QC),54540703,0.8421,0.2439,13.44,147.25,353.62,0.637,1.05,0.773,282.33825,2461200.5,201.88,0.0329,False,26.35,,,,4.0,6,20,,
(2025 QN),54541007,0.9516,0.2104,14.15,153.71,324.43,0.751,1.15,0.928,338.952,2461200.5,175.99,0.0728,False,24.71,,,,11.0,5,39,,
(2025 QX),54541029,0.9863,0.1895,8.2,320.06,252.84,0.799,1.17,0.98,357.945,2461200.5,25.98,0.00372,False,24.82,,,,370.0,3,20,,
(2025 QC1),54541094,0.9132,0.3154,7.31,151.58,308.64,0.625,1.2,0.873,318.86325,2461200.5,230.47,0.00496,False,26.12,,,,9.0,5,28,,
(2025 QU2),54541489,0.8846,0.3208,33.37,156.14,4.96,0.601,1.17,0.832,303.888,2461200.5,139.82,0.155,False,22.43,,,,36.0,5,80,,
(2025 QG4),54541710,0.951,0.1625,7.39,326.75,235.24,0.796,1.11,0.927,338.58675,2461200.5,59.93,0.00503,False,28.58,,,,2.0,5,21,,
(2025 QV4),54541718,0.7822,0.5535,19.12,329.62,212.28,0.349,1.22,0.692,252.753,2461200.5,150.73,0.00401,False,25.21,,,,3.0,6,98,,
(2025 QV5),54541878,0.9957,0.2164,3.46,337.19,109.65,0.78,1.21,0.994,363.0585,2461200.5,194.86,0.00376,False,27.44,,,,9.0,3,65,1.0,1.0
(2025 QG7),54542173,0.8386,0.5025,11.34,306.25,193.45,0.417,1.26,0.768,280.512,2461200.5,219.53,0.0865,False,23.11,,,,6.0,7,19,,
(2025 QR12),54543073,0.9509,0.1477,9.82,165.58,39.81,0.81,1.09,0.927,338.58675,2461200.5,57.62,0.0328,False,23.81,,,,43.0,3,172,,
(2025 QG16),54543099,0.8004,0.4684,8.59,161.77,323.26,0.426,1.18,0.716,261.519,2461200.5,280.63,0.00287,False,26.3,,,,3.0,6,66,,
(2025 RB),54543547,0.9501,0.1469,29.42,159.11,322.91,0.81,1.09,0.926,338.2215,2461200.5,166.57,0.0426,False,26.57,,,,6.0,7,20,,
(2025 RU1),54544767,0.9407,0.2376,7.43,160.38,301.55,0.717,1.16,0.912,333.108,2461200.5,205.11,0.00214,False,27.77,,,,3.0,4,17,,
(2025 RC2),54544994,0.8231,0.6608,0.44,207.32,292.48,0.279,1.37,0.747,272.84175,2461200.5,273.36,0.00415,False,26.23,,,,4.0,7,40,,
(2025 RL2),54545001,0.8294,0.3769,4.92,176.56,320.48,0.517,1.14,0.755,275.76375,2461200.5,236.34,0.000485,False,26.0,,,,6.0,6,154,,
(2025 RQ2),54545007,0.9953,0.2084,21.57,350.1,254.01,0.788,1.2,0.993,362.69325,2461200.5,349.28,0.00276,False,26.62,,,,1.0,7,22,,
(2025 RY2),54545150,0.909,0.1299,7.27,346.96,174.67,0.791,1.03,0.867,316.67175,2461200.5,137.81,0.0188,False,26.36,,,,9.0,7,19,,
(2025 RB3),54545153,0.9351,0.1536,5.49,321.5,236.3,0.791,1.08,0.904,330.18600000000004,2461200.5,76.13,0.00837,False,25.21,,,,14.0,6,16,,
(2025 RE3),54545155,0.948,0.2092,11.88,347.91,218.25,0.75,1.15,0.923,337.12575000000004,2461200.5,54.75,0.0568,False,26.04,,,,11.0,6,14,,
(2025 RB7),54546131,0.9984,0.2929,16.68,323.93,225.38,0.706,1.29,0.998,364.5195,2460933.5,147.52,0.093,False,23.26,,,,2.0,9,9,,
(2025 RL7),54546133,0.8683,0.41,24.85,176.86,317.72,0.512,1.22,0.809,295.48725,2461200.5,218.79,0.0233,False,25.84,,,,5.0,7,16,,
(2025 SO1),54546137,0.7866,0.4753,5.61,350.81,154.5,0.413,1.16,0.698,254.94449999999998,2461200.5,261.02,0.0143,False,25.43,,,,3.0,6,109,,
(2025 SY1),54546404,0.9437,0.2463,3.95,176.65,298.14,0.711,1.18,0.917,334.93425,2461200.5,190.84,0.000614,False,31.65,,,,1.0,5,63,,
(2025 SW3),54546623,0.9007,0.1832,14.68,357.59,192.27,0.736,1.07,0.855,312.28875,2461200.5,103.29,0.0536,False,25.64,,,,11.0,6,44,,
(2025 SX3),54546624,0.6791,0.5734,15.89,173.19,4.88,0.29,1.07,0.56,204.54000000000002,2460938.5,180.67,0.0464,False,24.06,,,,9.0,8,35,,
(2025 SN4),54546910,0.8281,0.2695,18.09,178.52,28.24,0.605,1.05,0.754,275.3985,2461200.5,114.95,0.00223,False,25.66,,,,10.0,6,28,,
(2025 SQ4),54546911,0.7131,0.4335,6.88,176.81,11.02,0.404,1.02,0.602,219.88049999999998,2461200.5,224.84,0.00184,False,26.35,,,,27.0,6,22,,
(2025 SU4),54546914,0.9705,0.2509,1.64,1.43,111.58,0.727,1.21,0.956,349.179,2461200.5,182.23,0.000178,False,31.83,,,,1.0,5,30,,
(2025 SA5),54546919,0.8392,0.2549,6.8,181.31,4.69,0.625,1.05,0.769,280.87725,2461200.5,143.8,0.0398,False,26.05,,,,18.0,7,35,,
(2025 SM6),54547363,0.7789,0.3654,25.51,1.56,204.13,0.494,1.06,0.687,250.92675000000003,2461200.5,142.61,0.00782,False,26.4,,,,2.0,6,67,,
(2025 SJ7),54547373,0.8731,0.3664,6.69,10.09,144.93,0.553,1.19,0.816,298.044,2461200.5,181.98,0.0261,False,23.73,,,,19.0,7,39,,
(2025 SL7),54547375,0.934,0.1371,4.3,176.16,16.11,0.806,1.06,0.903,329.82075000000003,2461200.5,86.45,0.033,False,26.6,,,,5.0,7,27,,
(2025 SS7),54547380,0.9102,0.2069,2.25,2.62,129.97,0.722,1.1,0.868,317.037,2461200.5,181.07,0.000391,False,30.07,,,,2.0,5,35,,
(2025 SX10),54547734,0.8958,0.152,3.57,359.85,163.17,0.76,1.03,0.848,309.73199999999997,2461200.5,144.33,0.0157,False,27.9,,,,11.0,6,39,,
(2025 SQ14),54548207,0.9256,0.3739,1.36,278.99,231.55,0.58,1.27,0.891,325.43775,2461200.5,164.19,0.00131,False,25.36,,,,9.0,7,21,,
(2025 SP15),54548507,0.8109,0.3735,2.59,46.73,115.4,0.508,1.11,0.73,266.6325,2461200.5,209.36,0.0212,False,24.91,,,,17.0,7,21,,
(2025 SZ20),54548710,0.9416,0.2486,13.07,0.93,228.63,0.708,1.18,0.914,333.8385,2461200.5,26.78,0.0355,False,25.98,,,,10.0,6,31,,
(2025 SK22),54549114,0.8683,0.2979,6.54,358.59,224.25,0.61,1.13,0.809,295.48725,2461200.5,66.72,0.000493,False,26.3,,,,19.0,7,32,,
(2025 SL22),54549115,0.9017,0.1776,2.74,359.63,222.31,0.742,1.06,0.856,312.654,2461200.5,61.54,0.000307,False,28.66,,,,4.0,6,19,,
(2025 SC29),54549681,0.9733,0.268,3.72,187.8,304.31,0.712,1.23,0.96,350.64,2461200.5,161.12,0.0148,False,26.5,,,,2.0,7,21,,
(2025 TM),54550503,0.971,0.4281,32.7,193.95,41.77,0.555,1.39,0.957,349.54425,2460950.5,85.33,0.123,False,23.9,,,,13.0,8,24,,
(2025 TO),54550507,0.948,0.2358,4.09,189.21,299.34,0.724,1.17,0.923,337.12575000000004,2461200.5,173.37,0.00329,False,28.05,,,,1.0,6,22,,
(2025 TU1),54550581,0.7947,0.3529,2.12,22.44,148.32,0.514,1.08,0.708,258.597,2461200.5,205.49,0.000435,False,26.52,,,,12.0,7,37,,
(2025 TY1),54551096,0.9779,0.2899,35.12,12.36,236.09,0.694,1.26,0.967,353.19675,2460952.5,96.55,0.0603,False,22.97,,,,12.0,8,44,,
(2025 TQ2),54551101,0.8471,0.4454,4.69,189.52,316.14,0.47,1.22,0.78,284.895,2461200.5,224.33,0.000219,False,30.55,,,,,6,23,,
(2025 TQ10),54553155,0.8361,0.2525,11.58,209.51,328.49,0.625,1.05,0.765,279.41625,2461200.5,162.59,0.00156,False,24.49,,,,8.0,7,97,,
(2025 TV10),54553158,0.7144,0.4119,0.89,290.26,274.5,0.42,1.01,0.604,220.611,2461200.5,202.53,0.0148,False,25.07,,,,15.0,7,58,,
(2025 TN14),54554171,0.841,0.292,19.49,188.02,335.93,0.595,1.09,0.771,281.60775,2461200.5,182.36,0.0425,False,26.29,,,,1.0,7,15,,
(2025 TS14),54554178,0.8714,0.1574,0.77,199.85,341.32,0.734,1.01,0.814,297.3135,2461200.5,134.27,9.27e-05,False,30.04,,,,1.0,6,12,,
(2025 UA),54553172,0.8311,0.2322,1.15,210.77,345.19,0.638,1.02,0.758,276.8595,2461200.5,136.67,0.00397,False,27.48,,,,12.0,6,46,,
(2025 UU),54553571,0.9932,0.2922,18.99,210.71,289.61,0.703,1.28,0.99,361.5975,2461200.5,150.38,0.00885,False,25.74,,,,7.0,7,56,,
(2025 UC1),54553578,0.8931,0.1456,3.07,19.84,172.01,0.763,1.02,0.844,308.271,2461200.5,109.62,0.0207,False,28.14,,,,4.0,7,25,,
(2025 UP1),54553667,0.939,0.1822,11.03,23.97,137.52,0.768,1.11,0.91,332.3775,2461200.5,132.0,0.0418,False,27.29,,,,6.0,6,26,,
(2025 UV1),54553905,0.96,0.4033,6.35,30.04,117.35,0.573,1.35,0.941,343.70025,2461200.5,167.47,0.00216,False,26.08,,,,3.0,6,27,,
(2025 UP2),54553927,0.9467,0.1309,2.04,201.88,311.86,0.823,1.07,0.921,336.39525000000003,2461200.5,133.31,0.00726,False,28.74,,,,6.0,6,25,,
(2025 UQ2),54553928,0.8937,0.2305,7.07,24.07,196.22,0.688,1.1,0.845,308.63625,2461200.5,68.13,0.0555,False,25.3,,,,10.0,7,36,,
(2025 UD3),54553942,0.8875,0.2375,4.77,212.47,311.31,0.677,1.1,0.836,305.349,2461200.5,157.72,0.000707,False,28.54,,,,7.0,6,39,,
(2025 UE3),54553943,0.9782,0.1253,27.54,26.61,199.29,0.856,1.1,0.967,353.19675,2460968.5,153.91,0.0952,False,25.46,,,,5.0,8,24,,
(2025 UA5),54554260,0.9428,0.1179,7.69,29.21,233.29,0.832,1.05,0.915,334.20375,2461200.5,2.08,0.00331,False,28.42,,,,3.0,5,60,,
(2025 UB5),54554261,0.977,0.3378,23.51,211.37,307.31,0.647,1.31,0.966,352.8315,2461200.5,117.8,0.0703,False,21.78,,,,307.0,2,57,,
(2025 UD5),54554262,0.9434,0.0666,5.55,34.0,150.04,0.881,1.01,0.916,334.569,2461200.5,95.76,0.00234,False,26.16,,,,20.0,3,52,,
(2025 UJ5),54554467,0.8752,0.1507,3.82,30.95,176.09,0.743,1.01,0.819,299.13975,2461200.5,99.28,0.0115,False,28.0,,,,10.0,6,60,,
(2025 UT5),54554474,0.8685,0.1471,2.06,216.56,354.03,0.741,1.0,0.809,295.48725,2461200.5,97.4,0.00159,False,26.95,,,,16.0,4,99,,
(2025 UM7),54554759,0.9906,0.0369,28.59,32.88,247.51,0.954,1.03,0.986,360.1365,2461200.5,333.79,0.0087,False,27.11,,,,1.0,7,37,,
(2025 UN7),54554760,0.785,0.4052,8.62,9.89,216.9,0.467,1.1,0.696,254.21399999999997,2460973.5,140.72,0.0116,False,26.16,,,,9.0,8,16,,
(2025 UZ7),54554906,0.9224,0.2717,2.07,35.21,237.5,0.672,1.17,0.886,323.6115,2461200.5,341.54,0.00074,False,29.64,,,,3.0,4,38,,
(2025 UO8),54554918,0.907,0.1576,12.28,38.36,156.29,0.764,1.05,0.864,315.576,2461200.5,105.58,0.0386,False,25.21,,,,30.0,6,29,,
(2025 UO9),54555163,0.7493,0.3657,4.65,216.64,8.46,0.475,1.02,0.649,237.04725000000002,2461200.5,140.01,0.0119,False,26.88,,,,21.0,7,44,,
(2025 UR9),54555166,0.9635,0.1389,7.02,212.41,50.26,0.83,1.1,0.946,345.5265,2461200.5,353.14,0.0275,False,26.52,,,,3.0,6,32,,
(2025 UU9),54555169,0.912,0.1447,6.58,213.09,341.43,0.78,1.04,0.871,318.13275,2461200.5,100.25,0.0368,False,27.04,,,,22.0,6,35,,
(2025 UC11),54555306,0.9462,0.0511,5.09,35.88,195.52,0.898,0.99,0.92,336.03000000000003,2461200.5,41.1,0.00112,False,34.06,,,,,4,41,,
(2025 UG11),54555307,0.9313,0.1212,9.34,216.85,46.73,0.818,1.04,0.899,328.35975,2461200.5,5.46,0.006,False,28.44,,,,1.0,5,43,,
(2025 UL17),54555754,0.9277,0.2524,10.42,49.71,114.27,0.694,1.16,0.894,326.5335,2461200.5,144.68,0.0127,False,24.99,,,,2.0,6,18,,
(2025 UX18),54556384,0.9303,0.1986,6.83,216.57,59.67,0.745,1.12,0.897,327.62925,2461200.5,342.95,0.000189,False,30.33,,,,1.0,6,18,,
(2025 UF19),54556388,0.9688,0.5781,17.18,216.55,48.28,0.409,1.53,0.954,348.44849999999997,2460979.5,64.36,0.0205,False,25.62,,,,1.0,8,26,,
(2025 VN),54560222,0.9937,0.2991,12.92,45.47,106.9,0.697,1.29,0.991,361.96274999999997,2461200.5,139.61,0.000163,False,27.94,,,,,5,46,,
(2025 VO),54560902,0.8301,0.2463,22.54,43.05,205.79,0.626,1.03,0.756,276.129,2461200.5,59.78,0.00927,False,26.23,,,,1.0,6,16,,
(2025 VT),54561039,0.8351,0.2171,6.36,227.44,11.45,0.654,1.02,0.763,278.68575,2461200.5,76.14,0.0161,False,25.61,,,,24.0,6,78,,
(2025 VX),54561043,0.8594,0.2549,2.53,52.3,134.23,0.64,1.08,0.797,291.10425000000004,2461200.5,144.28,0.0026,False,27.01,,,,,6,31,,
(2025 VE1),54561139,0.881,0.1687,13.1,44.89,169.03,0.732,1.03,0.827,302.06174999999996,2461200.5,86.16,0.0341,False,25.02,,,,23.0,7,21,,
(2025 VR1),54561369,0.9899,0.2635,3.9,226.77,290.3,0.729,1.25,0.985,359.77125,2461200.5,132.27,0.00566,False,27.34,,,,2.0,6,23,,
(2025 VU1),54561372,0.7629,0.3965,17.71,229.12,15.42,0.46,1.07,0.666,243.25650000000002,2461200.5,94.98,0.0413,False,25.28,,,,12.0,7,22,,
(2025 VA2),54561377,0.9642,0.1829,5.83,46.09,116.3,0.788,1.14,0.947,345.89175,2461200.5,124.82,0.0118,False,28.12,,,,2.0,5,26,,
(2025 VS2),54561507,0.9848,0.2085,5.13,50.51,104.45,0.78,1.19,0.977,356.84925,2461200.5,129.14,0.00151,False,29.93,,,,2.0,5,29,,
(2025 VV2),54561515,0.7363,0.4163,7.55,33.67,205.86,0.43,1.04,0.632,230.838,2460990.5,152.19,0.00858,False,25.43,,,,13.0,8,30,,
(2025 VX2),54561513,0.9459,0.1766,17.0,45.27,159.79,0.779,1.11,0.92,336.03000000000003,2461200.5,77.2,0.104,False,25.19,,,,14.0,6,21,,
(2025 VU3),54561647,0.9754,0.1646,11.6,231.15,69.28,0.815,1.14,0.963,351.73575,2461200.5,304.22,0.0132,False,27.34,,,,,6,20,,
(2025 VU4),54561688,0.8722,0.2136,7.11,50.64,215.14,0.686,1.06,0.815,297.67875,2461200.5,19.53,0.0108,False,27.99,,,,3.0,7,18,,
(2025 VD5),54561769,0.7496,0.3513,21.62,233.83,342.18,0.486,1.01,0.649,237.04725000000002,2461200.5,161.31,0.0021,False,24.14,,,,5.0,7,36,,
(2025 VF5),54561771,0.8765,0.2944,2.96,64.12,127.15,0.618,1.13,0.821,299.87025,2461200.5,136.22,0.00251,False,26.92,,,,11.0,5,52,,
(2025 VM5),54561777,0.9326,0.1656,1.46,254.35,284.66,0.778,1.09,0.901,329.09025,2461200.5,115.67,0.00654,False,26.98,,,,6.0,5,57,,
(2025 VF6),54561785,0.921,0.2861,6.22,49.28,239.4,0.657,1.18,0.884,322.88100000000003,2461200.5,322.22,0.000303,False,27.79,,,,2.0,6,17,,
(2025 WK),54562178,0.9696,0.0508,9.15,235.49,13.15,0.92,1.02,0.955,348.81374999999997,2461200.5,14.99,0.0281,False,27.05,,,,11.0,5,37,,
(2025 WO),54562544,0.8533,0.3082,2.52,60.16,219.66,0.59,1.12,0.788,287.817,2461200.5,0.73,0.00368,False,27.44,,,,6.0,6,41,,
(2025 WU),54562674,0.8388,0.4039,24.78,59.66,138.47,0.5,1.18,0.768,280.512,2461200.5,155.52,0.0134,False,26.96,,,,1.0,6,59,,
(2025 WN1),54562763,0.8886,0.1344,2.65,95.78,137.54,0.769,1.01,0.838,306.0795,2461200.5,62.66,0.00687,False,24.5,,,,31.0,5,74,,
(2025 WB2),54562948,0.803,0.2922,4.31,244.1,332.09,0.568,1.04,0.72,262.98,2461200.5,132.31,0.001,False,27.11,,,,2.0,7,28,,
(2025 WY2),54563248,0.7595,0.3537,8.47,65.89,176.39,0.491,1.03,0.662,241.7955,2461200.5,113.04,0.0372,False,26.2,,,,15.0,7,34,,
(2025 WY3),54563273,0.8976,0.4994,3.99,243.81,47.51,0.449,1.35,0.85,310.4625,2461200.5,303.14,0.00355,False,28.69,,,,1.0,7,12,,
(2025 WK5),54563487,0.9725,0.1457,9.81,63.65,110.94,0.831,1.11,0.959,350.27475,2461200.5,105.6,0.0132,False,28.23,,,,3.0,5,33,,
(2025 WK6),54563912,0.8769,0.4561,9.33,244.26,312.59,0.477,1.28,0.821,299.87025,2461200.5,149.44,0.0054,False,27.7,,,,2.0,6,36,,
(2025 WR7),54564110,0.959,0.083,2.86,242.72,64.84,0.879,1.04,0.939,342.96975,2461200.5,311.99,0.000124,False,29.77,,,,3.0,5,48,,
(2025 WU9),54564352,0.8601,0.2287,4.79,248.97,319.04,0.663,1.06,0.798,291.46950000000004,2461200.5,114.55,0.000576,False,28.26,,,,4.0,6,65,,
(2025 WZ9),54564358,0.8015,0.4542,27.49,54.49,232.42,0.437,1.17,0.718,262.2495,2461200.5,21.18,0.0766,False,20.7,,,,1915.0,2,51,,
(2025 WA10),54564356,0.7832,0.3079,12.03,63.91,181.51,0.542,1.02,0.693,253.11825,2461008.5,183.55,0.0368,False,25.85,,,,3.0,8,26,,
(2025 WD10),54564360,0.8113,0.3133,0.06,237.94,343.99,0.557,1.07,0.731,266.99775,2461200.5,123.55,0.000272,False,26.67,,,,18.0,6,64,,
(2025 WE10),54564361,0.9871,0.092,5.68,248.71,75.76,0.896,1.08,0.981,358.31025,2461200.5,285.51,0.0104,False,27.38,,,,19.0,4,42,,
(2025 WN13),54564649,0.817,0.5513,3.24,57.58,224.01,0.367,1.27,0.739,269.91975,2461200.5,347.21,0.00425,False,26.54,,,,2.0,7,17,,
(2025 WA14),54564660,0.7737,0.4217,2.03,21.82,212.12,0.447,1.1,0.681,248.73525,2461200.5,133.01,0.000865,False,24.92,,,,25.0,6,72,,
(2025 WC16),54564808,0.8861,0.2228,25.94,68.85,149.27,0.689,1.08,0.834,304.6185,2461200.5,90.58,0.0524,False,25.41,,,,9.0,7,36,,
(2025 XP),54565838,0.9122,0.4223,3.87,259.51,50.25,0.527,1.3,0.871,318.13275,2461200.5,285.91,0.00602,False,27.29,,,,4.0,6,61,,
(2025 XS),54565944,0.9863,0.0693,31.32,77.2,208.27,0.918,1.05,0.98,357.945,2461019.5,149.43,0.0603,False,23.93,,,,8.0,8,40,,
(2025 XY),54565949,0.7854,0.3403,4.93,254.72,25.9,0.518,1.05,0.696,254.21399999999997,2461200.5,33.33,0.00528,False,27.34,,,,3.0,7,47,,
(2025 XH2),54566218,0.9193,0.0966,15.9,78.1,156.91,0.83,1.01,0.881,321.78525,2461200.5,48.56,0.0142,False,25.77,,,,4.0,5,31,,
(2025 XL2),54566222,0.8,0.2588,3.69,262.16,7.22,0.593,1.01,0.716,261.519,2461200.5,50.05,0.0124,False,27.36,,,,11.0,7,47,,
(2025 XP2),54566227,0.8823,0.1374,7.51,256.88,0.41,0.761,1.0,0.829,302.79224999999997,2461200.5,36.24,0.0181,False,27.76,,,,10.0,6,43,,
(2025 XQ2),54566226,0.9098,0.3695,3.95,259.73,49.94,0.574,1.25,0.868,317.037,2461200.5,292.16,0.00788,False,26.36,,,,3.0,7,26,,
(2025 XN3),54566442,0.654,0.5512,15.85,260.9,5.42,0.294,1.01,0.529,193.21725,2461021.5,161.08,0.0215,False,27.66,,,,1.0,8,23,,
(2025 XS3),54566447,0.9394,0.1791,14.7,81.7,116.73,0.771,1.11,0.911,332.74275,2461200.5,94.45,0.00354,False,30.09,,,,,5,34,,
(2025 XX3),54566452,0.7904,0.2578,9.86,259.69,359.48,0.587,0.99,0.703,256.77074999999996,2461200.5,72.18,0.00915,False,28.58,,,,3.0,7,23,,
(2025 XL4),54566726,0.9392,0.3143,1.02,73.22,248.43,0.644,1.23,0.91,332.3775,2461200.5,276.57,0.00159,False,30.21,,,,1.0,6,16,,
(2025 XU4),54566735,0.9276,0.175,2.17,133.82,170.13,0.765,1.09,0.893,326.16825,2461200.5,318.34,0.0271,False,26.3,,,,13.0,6,16,,
(2025 XW5),54567033,0.7303,0.4271,18.31,261.93,22.49,0.418,1.04,0.624,227.916,2461200.5,50.8,0.0012,False,26.91,,,,9.0,7,25,,
(2025 XY5),54567035,0.9331,0.1975,10.35,268.92,343.81,0.749,1.12,0.901,329.09025,2461200.5,35.02,0.104,False,23.58,,,,60.0,4,54,,
(2025 XL6),54567259,0.9045,0.2884,3.29,74.69,239.41,0.644,1.17,0.86,314.115,2461200.5,300.0,0.00268,False,27.72,,,,4.0,5,25,,
(2025 XN6),54567261,0.9978,0.4036,2.98,262.08,66.88,0.595,1.4,0.997,364.15425,2461200.5,240.7,0.000963,False,29.2,,,,8.0,6,21,,
(2025 YN),54567816,0.6298,0.6323,10.2,81.27,185.52,0.232,1.03,0.5,182.625,2461028.5,180.15,0.0201,False,26.16,,,,7.0,8,37,,
(2025 YU),54568213,0.949,0.2478,12.13,87.44,118.53,0.714,1.18,0.924,337.49100000000004,2461200.5,89.72,0.0169,False,25.78,,,,10.0,6,37,,
(2025 YW),54568216,0.9553,0.4583,5.5,85.38,239.72,0.517,1.39,0.934,341.1435,2461200.5,250.98,0.000599,False,26.65,,,,2.0,7,51,,
(2025 YR1),54568428,0.9655,0.1671,2.99,309.66,286.62,0.804,1.13,0.949,346.62225,2461200.5,44.41,0.000165,False,25.29,,,,36.0,4,52,,
(2025 YL2),54568735,0.9773,0.5172,18.58,241.13,319.83,0.472,1.48,0.966,352.8315,2461028.5,280.74,0.0877,False,22.6,,,,3.0,9,17,,
(2025 YQ2),54568741,0.8381,0.2325,3.37,268.8,31.44,0.643,1.03,0.767,280.14675,2461200.5,350.66,0.00172,False,29.82,,,,2.0,6,42,,
(2025 YW2),54568744,0.9804,0.2281,4.39,254.03,350.07,0.757,1.2,0.971,354.65774999999996,2461200.5,36.92,0.0683,False,24.21,,,,53.0,3,39,,
(2025 YC3),54569027,0.8541,0.1739,23.61,270.78,331.98,0.706,1.0,0.789,288.18225,2461200.5,66.74,0.00534,False,23.06,,,,8.0,5,36,,
(2025 YS3),54569382,0.9676,0.3625,18.76,90.5,244.18,0.617,1.32,0.952,347.71799999999996,2461200.5,248.61,0.00884,False,26.99,,,,1.0,7,26,,
(2025 YD4),54569577,0.9937,0.2459,36.32,273.81,283.11,0.749,1.24,0.991,361.96274999999997,2461200.5,90.23,0.00453,False,24.18,,,,6.0,7,42,,
(2025 YE4),54569578,0.8549,0.2753,26.5,89.42,145.29,0.62,1.09,0.79,288.5475,2461200.5,87.28,0.0337,False,26.35,,,,3.0,7,19,,
(2025 YM4),54569585,0.9433,0.2757,21.06,272.78,319.06,0.683,1.2,0.916,334.569,2461031.5,245.52,0.0954,False,25.41,,,,3.0,8,13,,
(2025 YQ4),54569588,0.9731,0.274,2.87,285.7,45.4,0.706,1.24,0.96,350.64,2461200.5,264.38,0.0216,False,25.7,,,,6.0,6,28,,
(2025 YZ4),54569944,0.9445,0.316,7.24,92.12,122.68,0.646,1.24,0.918,335.2995,2461200.5,91.11,0.0148,False,24.75,,,,19.0,6,138,,
(2025 YM5),54570434,0.7516,0.4895,31.71,91.72,201.76,0.384,1.12,0.652,238.143,2461200.5,28.8,0.0524,False,24.21,,,,4.0,6,17,,
(2025 YN5),54570435,0.9694,0.1534,10.09,90.74,252.42,0.821,1.12,0.954,348.44849999999997,2461200.5,263.61,0.00635,False,26.69,,,,5.0,5,34,,
(2025 YU5),54570440,0.8606,0.224,11.03,277.77,323.32,0.668,1.05,0.798,291.46950000000004,2461200.5,73.06,0.00961,False,27.08,,,,4.0,7,29,,
(2025 YM6),54570883,0.8809,0.2488,8.56,278.61,320.85,0.662,1.1,0.827,302.06174999999996,2461200.5,71.32,0.0232,False,26.38,,,,20.0,6,25,,
(2025 YM7),54571051,0.9474,0.4673,15.56,302.95,314.03,0.505,1.39,0.922,336.76050000000004,2461200.5,47.66,0.0493,False,22.74,,,,4004.0,0,27,,
(2025 YQ7),54571055,0.8812,0.2682,5.13,96.37,137.21,0.645,1.12,0.827,302.06174999999996,2461200.5,82.2,0.012,False,26.43,,,,4.0,6,60,,
(2025 YQ9),54571240,0.9829,0.145,21.23,105.49,156.21,0.84,1.13,0.974,355.7535,2461200.5,2.23,0.123,False,23.99,,,,19.0,6,22,,
(2025 YS9),54571301,0.9685,0.2937,13.94,98.55,115.44,0.684,1.25,0.953,348.08324999999996,2461200.5,83.76,0.018,False,26.26,,,,3.0,7,30,,
(2026 AD),54574840,0.9242,0.1749,16.32,284.92,329.71,0.763,1.09,0.888,324.342,2461200.5,26.08,0.0663,False,24.0,,,,11.0,6,29,,
(2026 AL),54574880,0.9493,0.1433,5.88,102.11,143.13,0.813,1.09,0.925,337.85625,2461200.5,37.35,0.0427,False,24.93,,,,13.0,5,50,,
(2026 AW),54575124,0.8014,0.2504,21.58,110.45,183.3,0.601,1.0,0.717,261.88425,2461200.5,19.42,0.0179,False,27.14,,,,2.0,7,35,,
(2026 AX),54575228,0.9011,0.1168,4.58,290.39,338.54,0.796,1.01,0.855,312.28875,2461200.5,19.14,0.0112,False,26.89,,,,9.0,6,53,,
(2026 AX1),54575655,0.9725,0.2985,24.07,292.01,291.85,0.682,1.26,0.959,350.27475,2461200.5,72.56,0.0102,False,25.1,,,,7.0,7,85,,
(2026 AY1),54575656,0.9628,0.1069,8.79,111.14,115.82,0.86,1.07,0.945,345.16125,2461200.5,50.13,0.0121,False,27.49,,,,4.0,4,39,,
(2026 AD2),54575759,0.9483,0.1572,0.82,166.44,163.71,0.799,1.1,0.923,337.12575000000004,2461200.5,287.51,0.00978,False,26.18,,,,28.0,6,28,,
(2026 AF2),54575756,0.8614,0.2271,12.82,294.01,31.02,0.666,1.06,0.799,291.83475000000004,2461200.5,311.73,0.0252,False,26.78,,,,9.0,7,26,,
(2026 AG2),54575757,0.9224,0.379,2.65,294.33,317.23,0.573,1.27,0.886,323.6115,2461200.5,66.15,0.0122,False,25.15,,,,16.0,6,28,,
(2026 AW2),54576077,0.9925,0.0675,23.01,293.63,74.96,0.926,1.06,0.989,361.23225,2461200.5,242.55,0.0216,False,24.31,,,,24.0,6,116,,
(2026 AO4),54576456,0.792,0.369,24.83,113.39,155.15,0.5,1.08,0.705,257.50124999999997,2461200.5,76.57,0.0385,False,25.26,,,,3.0,6,33,,
(2026 AF5),54576469,0.8728,0.2984,5.44,38.21,265.86,0.612,1.13,0.815,297.67875,2461200.5,345.53,0.0532,False,22.27,,,,70.0,4,87,,
(2026 AG5),54576471,0.8977,0.204,9.79,112.59,227.89,0.715,1.08,0.851,310.82775,2461200.5,283.27,0.00901,False,27.77,,,,7.0,5,40,,
(2026 BB),54576474,0.8741,0.2691,2.97,115.39,132.48,0.639,1.11,0.817,298.40925,2461200.5,67.65,0.00147,False,29.69,,,,1.0,5,42,,
(2026 BX1),54577085,0.9864,0.4288,5.35,306.75,32.24,0.563,1.41,0.98,357.945,2461059.5,95.81,0.0492,False,24.39,,,,2.0,8,26,,
(2026 BD3),54577111,0.949,0.0954,4.55,117.92,230.23,0.858,1.04,0.925,337.85625,2461200.5,271.86,0.0124,False,29.61,,,,2.0,6,20,,
(2026 BQ4),54577820,0.6834,0.5199,12.87,126.57,189.02,0.328,1.04,0.565,206.36624999999998,2461200.5,24.28,0.0289,False,24.3,,,,20.0,7,70,,
(2026 BG5),54579176,0.9312,0.5451,5.51,307.55,315.86,0.424,1.44,0.899,328.35975,2461200.5,64.7,0.0127,False,23.89,,,,28.0,6,45,,
(2026 BJ5),54579175,0.9656,0.0817,5.59,112.87,243.85,0.887,1.04,0.949,346.62225,2461200.5,259.92,0.0089,False,28.36,,,,9.0,5,27,,
(2026 BN5),54579180,0.7987,0.2684,16.15,303.5,19.56,0.584,1.01,0.714,260.7885,2461200.5,335.75,0.00712,False,28.27,,,,1.0,7,12,,
(2026 BV5),54579248,0.8025,0.3405,17.88,123.09,211.99,0.529,1.08,0.719,262.61475,2461200.5,311.44,0.0101,False,24.49,,,,7.0,7,24,,
(2026 BZ5),54579252,0.9806,0.0613,2.67,297.36,278.7,0.92,1.04,0.971,354.65774999999996,2461200.5,52.6,0.00121,False,32.0,,,,1.0,4,21,,
(2026 BD6),54579269,0.9918,0.3364,22.17,119.41,251.13,0.658,1.33,0.988,360.867,2461200.5,209.84,0.00212,False,28.96,,,,,7,17,,
(2026 BS7),54579527,0.9387,0.3446,0.49,204.1,48.93,0.615,1.26,0.909,332.01225,2461200.5,55.82,0.00168,False,26.55,,,,1.0,7,25,,
(2026 BT7),54579528,0.7679,0.3983,21.17,128.98,185.3,0.462,1.07,0.673,245.81325,2461200.5,11.19,0.084,False,23.82,,,,19.0,7,26,,
(2026 CQ),54597126,0.9363,0.0749,1.83,136.36,196.75,0.866,1.01,0.906,330.9165,2461200.5,294.77,0.0126,False,28.94,,,,3.0,6,25,,
(2026 CM1),54597155,0.8398,0.2685,3.53,143.89,211.64,0.614,1.07,0.77,281.2425,2461200.5,277.94,0.00709,False,26.37,,,,14.0,6,65,,
(2026 CW1),54601991,0.9046,0.5835,9.09,322.88,312.99,0.377,1.43,0.86,314.115,2461082.5,291.88,0.00077,False,27.04,,,,2.0,8,20,,
(2026 CE2),54602551,0.975,0.2856,13.96,324.82,68.17,0.697,1.25,0.963,351.73575,2461200.5,197.33,0.00926,False,27.55,,,,7.0,6,31,,
(2026 CH2),54602552,0.9201,0.2408,0.12,300.89,319.52,0.699,1.14,0.883,322.51575,2461200.5,39.46,0.00065,False,30.06,,,,,4,21,,
(2026 CW2),54602700,0.9037,0.2624,9.54,324.57,319.42,0.667,1.14,0.859,313.74975,2461200.5,17.1,0.0352,False,25.39,,,,9.0,6,29,,
(2026 CA3),54602703,0.9884,0.3989,22.9,142.95,152.21,0.594,1.38,0.983,359.04075,2461200.5,346.14,0.2,False,22.65,,,,23.0,6,27,,
(2026 CB3),54602704,0.9701,0.2501,8.25,329.71,305.62,0.727,1.21,0.955,348.81374999999997,2461200.5,16.33,0.0356,False,25.14,,,,11.0,6,29,,
(2026 CC3),54602705,0.9495,0.0579,1.58,336.86,355.57,0.895,1.0,0.925,337.85625,2461200.5,295.35,0.0102,False,27.71,,,,33.0,4,133,,
(2026 CG3),54602790,0.8319,0.2055,21.7,144.14,189.82,0.661,1.0,0.759,277.22475000000003,2461200.5,315.54,0.0117,False,27.7,,,,2.0,6,33,,
(2026 CJ3),54602792,0.8834,0.3406,2.19,167.93,202.17,0.582,1.18,0.83,303.15749999999997,2461200.5,238.03,0.0188,False,26.09,,,,9.0,6,26,,
(2026 CS3),54602800,0.753,0.3602,8.91,142.35,174.06,0.482,1.02,0.653,238.50825,2461086.5,198.82,0.0286,False,26.92,,,,3.0,8,18,,
(2026 CW3),54602804,0.8286,0.2364,11.15,144.46,202.0,0.633,1.02,0.754,275.3985,2461200.5,296.71,0.0127,False,26.78,,,,7.0,6,59,,
(2026 CO4),54602970,0.9199,0.1558,38.86,325.92,333.34,0.777,1.06,0.882,322.1505,2461200.5,332.46,0.0546,False,20.62,,,,2601.0,0,150,,
(2026 CT4),54602980,0.9626,0.5105,13.73,129.58,161.67,0.471,1.45,0.944,344.796,2461088.5,268.39,0.141,False,23.5,,,,9.0,8,17,,
(2026 CX17),54604363,0.9321,0.2086,3.7,139.47,119.46,0.738,1.13,0.9,328.725,2461200.5,34.68,0.00202,False,29.98,,,,1.0,6,13,,
(2026 DA),54602813,0.7631,0.4078,6.93,145.95,207.47,0.452,1.07,0.667,243.62175000000002,2461200.5,292.15,0.00357,False,28.09,,,,7.0,7,23,,
(2026 DN),54602972,0.783,0.5062,10.63,146.76,214.27,0.387,1.18,0.693,253.11825,2461200.5,259.55,0.00475,False,26.43,,,,8.0,6,73,,
(2026 DO),54602973,0.8704,0.1642,9.26,148.4,202.31,0.728,1.01,0.812,296.583,2461200.5,284.92,0.00985,False,27.66,,,,7.0,6,90,,
(2026 DX),54603177,0.7877,0.2942,6.68,144.8,181.5,0.556,1.02,0.699,255.30974999999998,2461200.5,342.76,0.0318,False,26.82,,,,7.0,7,22,,
(2026 DC3),54603321,0.955,0.1272,30.46,335.26,317.96,0.833,1.08,0.933,340.77825,2461200.5,345.99,0.047,False,22.58,,,,22.0,7,65,,
(2026 DL5),54603656,0.7767,0.3338,3.64,149.79,162.09,0.517,1.04,0.685,250.19625000000002,2461200.5,12.84,0.00735,False,27.1,,,,1.0,7,48,,
(2026 DN5),54603880,0.8779,0.2841,0.34,154.76,228.49,0.628,1.13,0.823,300.60075,2461200.5,229.4,0.000127,False,30.91,,,,,6,21,,
(2026 DT5),54603962,0.883,0.3248,2.3,339.37,304.78,0.596,1.17,0.83,303.15749999999997,2461200.5,29.28,0.0025,False,28.52,,,,1.0,5,32,,
(2026 DP6),54603965,0.8188,0.3962,2.12,144.16,154.67,0.494,1.14,0.741,270.65024999999997,2461200.5,31.43,0.00929,False,27.37,,,,3.0,6,27,,
(2026 DT8),54604136,0.8679,0.1877,6.9,334.91,348.12,0.705,1.03,0.809,295.48725,2461200.5,326.08,0.0305,False,27.17,,,,2.0,7,22,,
(2026 DQ10),54604290,0.9338,0.4145,1.49,176.42,108.03,0.547,1.32,0.902,329.45550000000003,2461200.5,32.11,0.00624,False,25.73,,,,5.0,7,23,,
(2026 DY10),54604298,0.769,0.4406,6.62,125.53,206.65,0.43,1.11,0.674,246.1785,2461097.5,193.89,0.0116,False,24.9,,,,2.0,9,14,,
(2026 DM14),54604384,0.7732,0.3707,24.04,341.04,336.81,0.487,1.06,0.68,248.37,2461200.5,7.67,0.0179,False,25.02,,,,3.0,7,64,,
(2026 EA),54604539,0.9444,0.187,12.6,161.57,237.37,0.768,1.12,0.918,335.2995,2461200.5,210.74,0.018,False,23.69,,,,45.0,3,160,,
(2026 EC),54605664,0.9168,0.4746,19.8,344.0,44.6,0.482,1.35,0.878,320.6895,2461200.5,188.94,0.0441,False,22.79,,,,2581.0,1,171,,
(2026 EO),54606085,0.726,0.4322,10.17,350.55,344.53,0.412,1.04,0.619,226.08975,2461200.5,355.34,0.0113,False,25.72,,,,20.0,7,126,,
(2026 ED1),54606177,0.8587,0.2424,6.69,164.42,168.51,0.651,1.07,0.796,290.73900000000003,2461200.5,314.49,0.0456,False,25.53,,,,12.0,7,30,,
(2026 EP1),54606221,0.9327,0.1648,13.24,169.49,235.64,0.779,1.09,0.901,329.09025,2461200.5,206.88,0.00641,False,27.04,,,,9.0,3,95,,
(2026 EZ1),54606251,0.9065,0.3794,22.73,175.22,222.52,0.563,1.25,0.863,315.21075,2461200.5,197.91,0.0598,False,22.76,,,,33.0,5,192,,
(2026 EC2),54606254,0.8468,0.2944,22.85,168.16,167.61,0.597,1.1,0.779,284.52975000000004,2461200.5,320.35,0.0888,False,24.1,,,,20.0,5,81,,
(2026 ED2),54606255,0.8998,0.2929,11.03,162.75,231.72,0.636,1.16,0.854,311.9235,2461200.5,211.63,0.00796,False,25.99,,,,3.0,6,31,,
(2026 EE2),54606257,0.9408,0.1498,12.23,172.31,237.73,0.8,1.08,0.913,333.47325,2461200.5,201.77,0.00515,False,25.0,,,,12.0,3,139,,
(2026 EH2),54606302,0.7898,0.4226,12.9,176.31,196.4,0.456,1.12,0.702,256.40549999999996,2461200.5,262.83,0.0618,False,23.87,,,,26.0,7,81,,
(2026 EL2),54606319,0.9129,0.1084,0.63,219.1,149.96,0.814,1.01,0.872,318.498,2461200.5,258.62,0.00188,False,26.15,,,,37.0,4,154,,
(2026 EO2),54606322,0.8463,0.229,13.93,353.89,355.62,0.652,1.04,0.779,284.52975000000004,2461200.5,298.55,0.0444,False,24.04,,,,28.0,6,68,,
(2026 ET2),54606327,0.953,0.1031,6.76,353.62,304.06,0.855,1.05,0.93,339.6825,2461200.5,337.97,0.0049,False,28.27,,,,4.0,5,42,,
(2026 EY2),54606332,0.9216,0.2963,10.4,352.97,305.03,0.649,1.19,0.885,323.24625,2461200.5,3.52,0.00957,False,27.48,,,,3.0,5,54,,
(2026 EA3),54606355,0.7152,0.4734,16.03,171.41,197.65,0.377,1.05,0.605,220.97625,2461200.5,284.64,0.0128,False,26.63,,,,6.0,7,50,,
(2026 ET3),54606428,0.8489,0.3991,7.05,174.22,224.96,0.51,1.19,0.782,285.6255,2461200.5,202.94,0.000152,False,29.84,,,,1.0,6,50,,
(2026 FC),54606434,0.9141,0.3213,10.42,174.16,236.51,0.62,1.21,0.874,319.2285,2461200.5,185.77,0.00116,False,27.89,,,,4.0,5,57,,
(2026 FF),54606452,0.9925,0.1808,16.81,175.05,256.57,0.813,1.17,0.989,361.23225,2461200.5,167.84,0.00671,False,26.02,,,,5.0,6,52,,
(2026 FJ),54606455,0.9881,0.0737,1.0,161.85,133.85,0.915,1.06,0.982,358.6755,2461200.5,331.66,0.00872,False,27.41,,,,18.0,5,51,,
(2026 FP),54606469,0.8964,0.1779,5.57,175.76,146.54,0.737,1.06,0.849,310.09725,2461200.5,322.85,0.0139,False,26.68,,,,8.0,7,64,,
(2026 FY),54606478,0.735,0.3959,17.4,172.89,172.77,0.444,1.03,0.63,230.1075,2461117.5,200.14,0.025,False,26.01,,,,7.0,8,24,,
(2026 FX1),54606517,0.9814,0.0518,27.36,177.26,123.6,0.931,1.03,0.972,355.02299999999997,2461200.5,324.85,0.0126,False,26.73,,,,1.0,7,57,,
(2026 FJ2),54606537,0.9896,0.0695,7.48,176.15,260.26,0.921,1.06,0.984,359.406,2461200.5,175.78,0.00166,False,30.44,,,,2.0,4,26,,
(2026 FT2),54606546,0.9049,0.2607,2.84,5.16,304.67,0.669,1.14,0.861,314.48025,2461200.5,348.98,0.00124,False,26.69,,,,2.0,6,25,,
(2026 FM3),54606574,0.9797,0.1543,0.97,185.76,103.57,0.829,1.13,0.97,354.2925,2461200.5,349.52,0.00055,False,29.29,,,,3.0,5,38,,
(2026 FQ3),54606579,0.9471,0.2807,2.39,216.4,199.04,0.681,1.21,0.922,336.76050000000004,2461200.5,180.41,0.0294,False,24.78,,,,27.0,4,83,,
(2026 FT3),54606672,0.8554,0.232,7.8,0.64,32.58,0.657,1.05,0.791,288.91275,2461200.5,229.07,0.00687,False,29.35,,,,2.0,6,35,,
(2026 FX3),54606676,0.9673,0.2061,14.17,3.79,289.17,0.768,1.17,0.951,347.35274999999996,2461200.5,352.65,0.0025,False,26.03,,,,4.0,6,67,,
(2026 FA4),54606733,0.7745,0.4784,4.58,171.7,167.03,0.404,1.15,0.682,249.1005,2461200.5,349.82,0.0267,False,26.08,,,,6.0,7,41,,
(2026 FG4),54606739,0.9769,0.3028,10.99,181.82,114.92,0.681,1.27,0.966,352.8315,2461200.5,359.1,0.0102,False,28.51,,,,1.0,6,31,,
(2026 FA5),54606891,0.742,0.445,6.95,3.91,18.19,0.412,1.07,0.639,233.39475000000002,2461200.5,255.73,0.0141,False,26.96,,,,3.0,7,40,,
(2026 FN5),54606903,0.6624,0.5654,1.24,180.11,169.81,0.288,1.04,0.539,196.86975,2461200.5,359.41,0.00149,False,26.82,,,,1.0,6,114,,
(2026 FT5),54606908,0.7437,0.706,26.37,174.17,210.87,0.219,1.27,0.641,234.12525,2461124.5,87.87,0.0218,False,22.84,,,,13.0,9,52,,
(2026 FH6),54606976,0.9004,0.2253,12.41,9.7,324.79,0.698,1.1,0.854,311.9235,2461200.5,312.59,0.0367,False,24.98,,,,19.0,6,74,,
(2026 FH7),54607055,0.9387,0.1229,14.42,12.16,305.22,0.823,1.05,0.909,332.01225,2461200.5,320.11,0.00378,False,26.8,,,,2.0,6,17,,
(2026 FM7),54607102,0.7978,0.2681,12.32,185.13,193.47,0.584,1.01,0.713,260.42325,2461200.5,261.19,0.00414,False,27.09,,,,1.0,6,62,,
(2026 FT12),54607426,0.9791,0.077,10.3,184.3,111.18,0.904,1.05,0.969,353.92725,2461200.5,334.19,0.00365,False,27.67,,,,2.0,5,32,,
(2026 FK13),54607473,0.9587,0.7324,27.08,4.67,334.04,0.257,1.66,0.939,342.96975,2461124.5,259.24,0.109,False,22.62,,,,11.0,8,19,,
(2026 FS13),54607503,0.8107,0.6795,22.45,4.37,331.49,0.26,1.36,0.73,266.6325,2461124.5,271.88,0.034,False,26.15,,,,3.0,9,13,,
(2026 GA),54607477,0.9073,0.1296,11.27,191.18,164.01,0.79,1.02,0.864,315.576,2461200.5,278.54,0.0191,False,25.94,,,,9.0,6,86,,
(2026 GH),54607491,0.7383,0.462,24.85,197.45,169.59,0.397,1.08,0.634,231.5685,2461200.5,294.72,0.0576,False,23.5,,,,11.0,7,81,,
(2026 GJ),54607500,0.8582,0.2384,34.18,196.89,157.25,0.654,1.06,0.795,290.37375000000003,2461200.5,293.31,0.0358,False,26.66,,,,2.0,7,34,,
(2026 GL),54607506,0.9712,0.261,20.85,191.56,130.24,0.718,1.22,0.957,349.54425,2461200.5,326.86,0.0709,False,24.62,,,,9.0,7,59,,
(2026 GM1),54607547,0.9688,0.1685,0.68,182.18,137.89,0.806,1.13,0.954,348.44849999999997,2461200.5,320.43,0.00521,False,25.39,,,,421.0,3,109,,
(2026 HY),54607815,0.7742,0.3643,21.74,26.63,22.11,0.492,1.06,0.681,248.73525,2461200.5,213.57,0.00891,False,27.63,,,,4.0,7,30,,
(2026 HR1),54607882,0.9365,0.1629,10.59,206.65,219.01,0.784,1.09,0.906,330.9165,2461200.5,184.45,0.0346,False,26.56,,,,6.0,6,35,,
(2026 HA2),54607949,0.8944,0.259,6.38,210.82,222.62,0.663,1.13,0.846,309.00149999999996,2461200.5,168.79,0.0122,False,25.75,,,,14.0,6,55,,
(2026 HG2),54607956,0.7884,0.3373,34.11,22.71,37.75,0.522,1.05,0.7,255.67499999999998,2461200.5,209.98,0.0451,True,19.72,,,,4359.0,2,40,,
(2026 HG3),54609801,0.9715,0.1737,3.65,203.17,253.14,0.803,1.14,0.958,349.9095,2461200.5,145.28,0.00381,False,27.83,,,,8.0,4,25,,
(2026 HJ3),54609803,0.9934,0.1637,11.81,43.11,58.34,0.831,1.16,0.99,361.5975,2461200.5,140.37,0.0404,False,25.73,,,,15.0,6,48,,
(2026 HH4),54622285,0.8798,0.5289,0.33,148.9,289.92,0.415,1.35,0.825,301.33125,2461200.5,131.77,0.00252,False,27.14,,,,1.0,6,52,,
(2026 HM4),54622288,0.9718,0.4133,22.83,40.72,312.06,0.57,1.37,0.958,349.9095,2461200.5,303.1,0.068,False,23.17,,,,24.0,6,58,,
(2026 HO4),54622290,0.9396,0.4014,38.08,37.16,350.14,0.562,1.32,0.911,332.74275,2461200.5,224.15,0.285,False,22.11,,,,28.0,5,32,,
(2026 HF5),54622369,0.9055,0.1875,8.49,214.09,202.62,0.736,1.08,0.862,314.8455,2461200.5,199.84,0.0436,False,28.13,,,,2.0,7,19,,
(2026 HK5),54622401,0.8084,0.2724,9.72,209.34,197.83,0.588,1.03,0.727,265.53675,2461200.5,203.31,0.00537,True,20.77,,,,68.0,4,82,,
(2026 JA),54629103,0.8747,0.2899,19.24,222.69,224.54,0.621,1.13,0.818,298.7745,2461200.5,152.28,0.00161,False,26.68,,,,10.0,4,70,,
(2026 JQ),54629693,0.9273,0.3129,22.18,227.13,126.17,0.637,1.22,0.893,326.16825,2461200.5,302.26,0.0128,False,27.79,,,,1.0,7,27,,
(2026 JW),54629698,0.8967,0.3285,22.34,226.98,227.11,0.602,1.19,0.849,310.09725,2461200.5,137.83,0.0167,False,27.06,,,,4.0,7,30,,
(2026 JB1),54629704,0.9878,0.1374,4.33,192.33,250.53,0.852,1.12,0.982,358.6755,2461200.5,166.16,0.00867,False,25.38,,,,28.0,4,39,,
(2026 JH1),54629710,0.7501,0.5536,8.28,55.76,330.73,0.335,1.17,0.65,237.4125,2461200.5,286.99,0.00122,False,25.33,,,,10.0,6,79,,
(2026 JS1),54629781,0.9706,0.3225,22.77,89.6,0.5,0.658,1.28,0.956,349.179,2461200.5,139.4,0.267,False,21.39,,,,43.0,5,64,,
(2026 JB2),54629843,0.6122,0.7159,7.29,41.02,10.72,0.174,1.05,0.479,174.95475,2461162.5,136.69,0.000406,False,26.52,,,,,9,9,,
(2026 JZ2),54629896,0.9896,0.1786,5.14,56.52,63.25,0.813,1.17,0.984,359.406,2461200.5,119.1,0.0144,False,28.14,,,,10.0,5,41,,
(2026 JJ3),54629987,0.9088,0.139,3.52,227.73,175.79,0.783,1.04,0.866,316.30649999999997,2461200.5,221.28,0.0209,False,27.01,,,,15.0,6,68,,
(2026 JY3),54630022,0.9557,0.3957,22.3,67.93,11.88,0.578,1.33,0.934,341.1435,2461200.5,154.83,0.244,False,21.12,,,,32.0,5,88,,
(2026 JF5),54630281,0.8556,0.3257,6.8,233.45,221.61,0.577,1.13,0.791,288.91275,2461200.5,140.11,0.00027,False,30.76,,,,2.0,6,24,,
(2026 KJ),54630282,0.89,0.2246,14.88,232.64,217.21,0.69,1.09,0.84,306.81,2461200.5,156.53,0.0161,False,26.02,,,,8.0,5,58,,
(2026 KQ),54630378,0.9439,0.2132,0.26,226.46,249.68,0.743,1.15,0.917,334.93425,2461200.5,121.57,0.000781,False,30.76,,,,4.0,4,35,,
(2026 KE1),54630488,0.9392,0.3253,11.11,237.42,127.34,0.634,1.24,0.91,332.3775,2461200.5,291.04,0.0169,False,26.13,,,,2.0,7,32,,
(2026 KG1),54630490,0.6942,0.5351,15.9,238.81,165.77,0.323,1.07,0.578,211.1145,2461200.5,253.59,0.0117,False,27.69,,,,2.0,7,23,,
(2026 KO1),54630527,0.8754,0.1812,0.49,99.37,311.75,0.717,1.03,0.819,299.13975,2461200.5,214.95,0.00347,False,27.73,,,,21.0,6,38,,
(2026 KQ1),54630529,0.9197,0.2244,5.39,238.28,233.03,0.713,1.13,0.882,322.1505,2461200.5,127.27,0.000813,False,29.58,,,,4.0,5,40,,
(2026 KT1),54630531,0.9118,0.1625,22.39,238.68,210.96,0.764,1.06,0.871,318.13275,2461200.5,162.34,0.0193,False,25.75,,,,4.0,6,60,,
(2026 KK2),54630655,0.9116,0.2979,7.06,73.6,28.87,0.64,1.18,0.87,317.7675,2461200.5,131.34,0.0482,False,24.96,,,,19.0,6,41,,
(2026 KA3),54630742,0.967,0.3179,3.79,231.02,135.36,0.66,1.27,0.951,347.35274999999996,2461200.5,287.19,0.0211,False,25.69,,,,11.0,6,45,,
(2026 KB3),54630745,0.9076,0.2307,9.54,130.6,325.6,0.698,1.12,0.865,315.94125,2461200.5,152.42,0.0322,False,22.18,,,,40.0,5,92,,
(2026 KJ3),54630767,0.9832,0.2151,7.66,83.94,31.33,0.772,1.19,0.975,356.11875,2461200.5,123.7,0.0768,False,24.41,,,,24.0,5,40,,
(2026 LG),54635573,0.8214,0.2497,6.33,251.19,168.05,0.616,1.03,0.744,271.746,2461200.5,208.45,0.00405,False,26.26,,,,1.0,7,34,,
(2026 LM),54636570,0.8769,0.2239,9.36,256.28,166.4,0.681,1.07,0.821,299.87025,2461200.5,200.78,0.043,False,24.08,,,,20.0,7,52,,
(2026 LW),54636831,0.9339,0.1691,19.66,255.25,230.98,0.776,1.09,0.903,329.82075000000003,2461200.5,115.41,0.000609,False,25.51,,,,13.0,5,106,,
(2026 LX),54636830,0.9158,0.2824,0.22,70.45,58.94,0.657,1.17,0.876,319.959,2461200.5,99.35,0.000459,False,28.85,,,,6.0,4,44,,
(2026 LY),54636832,0.8143,0.5642,21.23,78.35,34.45,0.355,1.27,0.735,268.45875,2461200.5,89.48,0.0118,False,25.64,,,,4.0,7,50,,
(2026 LA1),54636884,0.9506,0.4422,13.04,256.15,237.19,0.53,1.37,0.927,338.58675,2461200.5,74.37,0.00381,False,26.91,,,,7.0,6,48,,
(2026 LB2),54638043,0.9443,0.489,35.85,258.87,137.71,0.483,1.41,0.918,335.2995,2461206.5,277.77,0.0797,False,23.19,,,,10.0,8,63,,
(2026 MB),54638131,0.9755,0.1504,5.68,111.68,13.97,0.829,1.12,0.963,351.73575,2461200.5,118.53,0.0726,False,25.2,,,,24.0,4,34,,
(2026 MH),54638163,0.9786,0.1125,4.45,89.85,295.99,0.868,1.09,0.968,353.562,2461200.5,243.14,8.57e-05,False,28.74,,,,4.0,3,107,,
(2026 MJ),54638165,0.891,0.2923,20.56,248.25,199.54,0.631,1.15,0.841,307.17525,2461200.5,156.51,0.102,False,23.3,,,,3.0,7,22,,
(2026 MZ),54638926,0.7296,0.4897,32.35,88.84,339.83,0.372,1.09,0.623,227.55075,2461200.5,210.05,0.00878,False,25.63,,,,1.0,6,37,,
(2026 MB1),54638927,0.9986,0.1703,14.89,267.02,255.2,0.829,1.17,0.998,364.5195,2461200.5,75.85,0.00192,False,26.5,,,,4.0,6,70,,
(2026 MC1),54638928,0.7915,0.5784,27.09,267.0,211.71,0.334,1.25,0.704,257.13599999999997,2461212.5,99.18,0.0126,False,25.14,,,,8.0,8,29,,
(2026 MF2),54639008,0.9808,0.1068,2.44,246.04,218.26,0.876,1.09,0.971,354.65774999999996,2461200.5,147.95,0.0212,False,25.73,,,,21.0,6,29,,
(2026 MS3),54642305,0.9009,0.3676,3.66,105.08,35.91,0.57,1.23,0.855,312.28875,2461200.5,75.94,0.0162,False,24.84,,,,7.0,5,68,,
(2026 MA4),54642364,0.7554,0.4129,14.37,270.64,187.12,0.444,1.07,0.657,239.96925000000002,2461224.5,187.71,0.0415,False,25.07,,,,18.0,8,24,,
(2026 NA),54642489,0.7419,0.4159,14.57,284.21,170.74,0.433,1.05,0.639,233.39475000000002,2461200.5,156.97,0.0213,False,24.59,,,,8.0,7,75,,
(2026 ND),54642496,0.7355,0.4431,2.06,243.98,208.82,0.41,1.06,0.631,230.47275,2461228.5,204.6,0.00563,False,25.54,,,,4.0,8,36,,
(2026 NL1),54642551,0.7859,0.3007,5.86,111.16,0.63,0.55,1.02,0.697,254.57924999999997,2461200.5,129.45,0.00538,False,28.5,,,,4.0,6,51,,
(2026 NP1),54642562,0.8932,0.2016,11.38,294.66,204.72,0.713,1.07,0.844,308.271,2461200.5,98.65,0.028,False,24.32,,,,39.0,6,54,,
(2026 OM),54642737,0.8905,0.1932,4.98,293.64,211.42,0.718,1.06,0.84,306.81,2461200.5,91.92,0.00558,False,27.52,,,,,6,25,,
(2026 OU),54642789,0.9672,0.1241,11.18,297.23,134.52,0.847,1.09,0.951,347.35274999999996,2461200.5,193.55,0.0239,False,25.23,,,,11.0,5,65,,
(2026 OW),54642791,0.9535,0.2137,19.52,117.96,45.63,0.75,1.16,0.931,340.04775,2461200.5,70.74,0.0463,False,25.54,,,,5.0,7,13,,
(2026 OX),54642792,0.9362,0.4646,3.68,313.25,120.24,0.501,1.37,0.906,330.9165,2461241.5,270.69,0.00718,False,24.5,,,,,9,18,,
(2026 PG),54643966,0.8764,0.2317,4.26,278.04,204.93,0.673,1.08,0.82,299.505,2461200.5,126.96,0.0152,False,24.35,,,,16.0,7,23,,
(2026 PO),54644016,0.8368,0.263,5.76,312.72,200.02,0.617,1.06,0.765,279.41625,2461200.5,74.36,0.0114,False,25.33,,,,9.0,6,144,,
(2026 PR),54644032,0.9339,0.3643,29.65,314.76,131.3,0.594,1.27,0.902,329.45550000000003,2461200.5,202.03,0.0416,False,24.23,,,,10.0,7,76,,
(2026 PF1),54644173,0.98,0.1271,2.85,313.95,238.62,0.855,1.1,0.97,354.2925,2461200.5,49.68,0.00648,False,27.11,,,,3.0,6,20,,
(2026 PC3),54645442,0.9044,0.2447,12.46,278.21,250.85,0.683,1.13,0.86,314.115,2461200.5,58.69,0.0621,False,23.95,,,,9.0,7,17,,
(2026 PC6),54645800,0.7494,0.4321,19.8,139.0,337.3,0.426,1.07,0.649,237.04725000000002,2461200.5,132.41,0.00018,False,27.94,,,,,5,103,,
(2026 PT7),54646146,0.8425,0.382,10.36,320.83,199.0,0.521,1.16,0.773,282.33825,2461200.5,56.67,0.0598,False,25.4,,,,7.0,7,14,,
(2026 PW8),54646417,0.8371,0.2885,8.33,143.17,30.0,0.596,1.08,0.766,279.7815,2461200.5,41.75,0.0057,False,28.21,,,,4.0,6,43,,
(2026 PY8),54646418,0.9735,0.472,11.96,315.55,134.52,0.514,1.43,0.961,351.00525,2461267.5,284.42,0.0417,False,25.19,,,,4.0,8,36,,
(2026 QD),54647228,0.728,0.4882,22.92,145.15,17.99,0.373,1.08,0.621,226.82025,2461200.5,22.81,0.0176,False,26.1,,,,2.0,7,51,,
(2026 QN1),54648411,0.8721,0.4795,5.53,152.46,312.23,0.454,1.29,0.814,297.3135,2461200.5,184.04,0.00381,False,26.79,,,,,7,21,,
(2026 QW1),54648692,0.9055,0.3276,31.72,150.87,310.58,0.609,1.2,0.862,314.8455,2461200.5,175.63,0.0136,False,25.86,,,,1.0,7,37,,
(2026 QR2),54648920,0.9777,0.2,6.59,356.32,209.88,0.782,1.17,0.967,353.19675,2461200.5,32.92,0.0665,False,22.08,,,,9.0,6,27,,
(2026 QH3),54651223,0.9917,0.1692,10.77,157.18,285.81,0.824,1.16,0.988,360.867,2461200.5,190.52,0.000209,False,26.96,,,,,5,26,,
(2026 RC),54652274,0.8756,0.2254,7.15,340.75,142.16,0.678,1.07,0.819,299.13975,2461200.5,131.81,0.00119,False,29.14,,,,,7,10,,
