jd_tdb,date_tdb,x_au,y_au,z_au,vx_au_day,vy_au_day,vz_au_day
2461286.5,A.D. 2026-Sep-03 00:00:00.0000,0.9489428474167293,-0.3424194599540379,1.2136342416909489e-05,0.005566098928995111,0.016114431356495873,-1.065874624235894e-06
2461287.5,A.D. 2026-Sep-04 00:00:00.0000,0.9543723758130009,-0.3262557102746086,1.114955155780039e-05,0.00529260428831792,0.016212341414211618,-9.074268033811438e-07
2461288.5,A.D. 2026-Sep-05 00:00:00.0000,0.9595273514390036,-0.30999625143690346,1.0320346410188118e-05,0.005016996821082528,0.016305827980481444,-7.524148125030183e-07
2461289.5,A.D. 2026-Sep-06 00:00:00.0000,0.9644056762539983,-0.29364557447050543,9.640153629693213e-06,0.004739310780822843,0.016394753755181492,-6.110883905277846e-07
2461290.5,A.D. 2026-Sep-07 00:00:00.0000,0.9690053014000192,-0.27720831306327215,9.090372077784181e-06,0.0044596110950367715,0.01647897212215215,-4.931036731394435e-07
2461291.5,A.D. 2026-Sep-08 00:00:00.0000,0.9733242599011566,-0.2606892482580268,8.643428682824034e-06,0.0041779969388511164,0.01655833678737003,-4.0658971344183955e-07
2461292.5,A.D. 2026-Sep-09 00:00:00.0000,0.9773607012272743,-0.24409330247360903,8.26476875617542e-06,0.0038946016205727847,0.01663271328584905,-3.572421328713133e-07
2461293.5,A.D. 2026-Sep-10 00:00:00.0000,0.9811129233279522,-0.22742552182144787,7.915653754482322e-06,0.00360958750932439,0.016701990467354773,-3.476535469631392e-07
2461294.5,A.D. 2026-Sep-11 00:00:00.0000,0.984579397080565,-0.2106910480994665,7.556417383429129e-06,0.003323136112768598,0.0167660891727963,-3.7709632949942283e-07
2461295.5,A.D. 2026-Sep-12 00:00:00.0000,0.9877587791584878,-0.1938950845882477,7.149664043768407e-06,0.0030354353180571557,0.016824965654740336,-4.4185617804002206e-07
2461296.5,A.D. 2026-Sep-13 00:00:00.0000,0.9906499120662886,-0.17704286145538595,6.662890154195991e-06,0.002746667055451043,0.016878609003540882,-5.36020825798285e-07
2461297.5,A.D. 2026-Sep-14 00:00:00.0000,0.9932518133427785,-0.16013960622191178,6.070190623301204e-06,0.0024569983602102923,0.016927033980446028,-6.524722402263157e-07
2461298.5,A.D. 2026-Sep-15 00:00:00.0000,0.9955636581857038,-0.14319052257965295,5.3529907193037944e-06,0.00216657722271497,0.016970271969571245,-7.838018136420995e-07
2461299.5,A.D. 2026-Sep-16 00:00:00.0000,0.9975847602006745,-0.1262007780612717,4.499985554646935e-06,0.0018755327904328117,0.017008362692585415,-9.229597518811238e-07
2461300.5,A.D. 2026-Sep-17 00:00:00.0000,0.999314553897674,-0.1091754988883263,3.506590807943129e-06,0.0015839783586788718,0.017041348301889553,-1.0635845155553285e-06
2461301.5,A.D. 2026-Sep-18 00:00:00.0000,1.0007525808272646,-0.09211976931818651,2.3742060872794563e-06,0.0012920153874458392,0.01706927027685615,-1.2000619546141376e-06
2461302.5,A.D. 2026-Sep-19 00:00:00.0000,1.0018984796526398,-0.07503863283745764,1.1095148291800026e-06,0.0009997371741226019,0.017092168726084035,-1.3274102952522839e-06
2461303.5,A.D. 2026-Sep-20 00:00:00.0000,1.0027519793574977,-0.0579370931595028,-2.76055430105864e-07,0.0007072313562859172,0.017110083340322015,-1.4410897511582173e-06
2461304.5,A.D. 2026-Sep-21 00:00:00.0000,1.003312894195875,-0.04082011378475408,-1.7666799577799134e-06,0.0004145808555360954,0.017123055180709144,-1.5368195348966648e-06
2461305.5,A.D. 2026-Sep-22 00:00:00.0000,1.003581118753155,-0.023692615680813264,-3.3423325973549595e-06,0.00012186315623060821,0.017131128523948925,-1.6104685464731212e-06
2461306.5,A.D. 2026-Sep-23 00:00:00.0000,1.0035566214876153,-0.006559473406494383,-4.978932328127574e-06,-0.0001708519764804883,0.01713435200080921,-1.6580746039793803e-06
2461307.5,A.D. 2026-Sep-24 00:00:00.0000,1.0032394353462588,0.010574489225465982,-6.648592114758411e-06,-0.0004635059783978723,0.01713277825127011,-1.6760356768533018e-06
2461308.5,A.D. 2026-Sep-25 00:00:00.0000,1.0026296445893497,0.027704502093379477,-8.320154998077082e-06,-0.0007560554246016823,0.017126461380771386,-1.6614934934357175e-06
2461309.5,A.D. 2026-Sep-26 00:00:00.0000,1.0017273679360077,0.04482584787595976,-9.960201745075728e-06,-0.0010484752085173402,0.01711545181000055,-1.6128833744267e-06
2461310.5,A.D. 2026-Sep-27 00:00:00.0000,1.0005327395576566,0.06193385478854586,-1.1534654389705342e-05,-0.0013407593968603252,0.01709978880532068,-1.5305534780117376e-06
2461311.5,A.D. 2026-Sep-28 00:00:00.0000,0.9990458910001304,0.07902388118645583,-1.3010965526465933e-05,-0.00163291832827254,0.017079491986926813,-1.4172843836650312e-06
2461312.5,A.D. 2026-Sep-29 00:00:00.0000,0.9972669381689656,0.09609129206047738,-1.4360694214685252e-05,-0.0019249714106750416,0.017054554018031156,-1.2785116561677424e-06
2461313.5,A.D. 2026-Sep-30 00:00:00.0000,0.9951959773438153,0.11313142982330082,-1.5562092683820072e-05,-0.002216936553079218,0.01702493684936505,-1.1221111873965095e-06
2461314.5,A.D. 2026-Oct-01 00:00:00.0000,0.9928330925227922,0.13013958378625642,-1.660225162581074e-05,-0.0025088185293311023,0.016990572968548244,-9.57743908515056e-07
2461315.5,A.D. 2026-Oct-02 00:00:00.0000,0.9901783737931646,0.1471109633725921,-1.747842558199656e-05,-0.002800598978447863,0.0169513714462568,-7.959049583520865e-07
2461316.5,A.D. 2026-Oct-03 00:00:00.0000,0.987231944031739,0.16404067912102563,-1.8198351328200745e-05,-0.0030922299494510826,0.016907227118787723,-6.468977148489851e-07
2461317.5,A.D. 2026-Oct-04 00:00:00.0000,0.983993990025032,0.18092373354048089,-1.8779585500252198e-05,-0.003383631484875116,0.016858030771797206,-5.199229845802943e-07
2461318.5,A.D. 2026-Oct-05 00:00:00.0000,0.9804647942226615,0.19775502193632774,-1.924803352474289e-05,-0.0036746926120453088,0.016803678702894734,-4.223802899032309e-07
2461319.5,A.D. 2026-Oct-06 00:00:00.0000,0.9766447642062095,0.2145293421450025,-1.9635893345750396e-05,-0.0039652747706116695,0.016744080915167922,-3.593938184968441e-07
2461320.5,A.D. 2026-Oct-07 00:00:00.0000,0.9725344578185657,0.2312414116959048,-1.9979229330148414e-05,-0.0042552169860378825,0.016679167767504065,-3.3354393949890066e-07
2461321.5,A.D. 2026-Oct-08 00:00:00.0000,0.9681346023853847,0.24788589080444304,-2.031537744708801e-05,-0.004544342477456705,0.016608894943983356,-3.447997947998013e-07
2461322.5,A.D. 2026-Oct-09 00:00:00.0000,0.9634461067137602,0.26445740933526685,-2.0680390674077255e-05,-0.004832466429638913,0.016533246335033704,-3.9067081685669557e-07
2461323.5,A.D. 2026-Oct-10 00:00:00.0000,0.9584700649795888,0.28095059537091127,-2.1106751304299502e-05,-0.00511940429552433,0.0164522342863481,-4.665880200397982e-07
2461324.5,A.D. 2026-Oct-11 00:00:00.0000,0.9532077524921289,0.2973601025864422,-2.162156759955049e-05,-0.005404979527976691,0.016365896970301295,-5.664805323428614e-07
2461325.5,A.D. 2026-Oct-12 00:00:00.0000,0.9476606145418981,0.31368063370446836,-2.224540761207671e-05,-0.005689029487871078,0.016274293310761006,-6.834536220379757e-07
2461326.5,A.D. 2026-Oct-13 00:00:00.0000,0.9418302506458944,0.3299069580952288,-2.299180860138469e-05,-0.005971408651366778,0.016177496574637504,-8.104400789208965e-07
2461327.5,A.D. 2026-Oct-14 00:00:00.0000,0.9357183970242747,0.3460339228907162,-2.3867374816559406e-05,-0.0062519889856934765,0.016075588039724864,-9.407099331715585e-07
2461328.5,A.D. 2026-Oct-15 00:00:00.0000,0.9293269098879507,0.3620564583218918,-2.4872285290952095e-05,-0.006530658099812101,0.01596865193160865,-1.068175655938733e-06
2461329.5,A.D. 2026-Oct-16 00:00:00.0000,0.9226577512682026,0.3779695789212337,-2.600100209089352e-05,-0.006807316193464237,0.015856772272736415,-1.1874924386668516e-06
2461330.5,A.D. 2026-Oct-17 00:00:00.0000,0.9157129780515694,0.3937683825750696,-2.7242994408160424e-05,-0.007081872859963393,0.015740031700902893,-1.2939998675623198e-06
2461331.5,A.D. 2026-Oct-18 00:00:00.0000,0.9084947339242665,0.4094480492401597,-2.8583353075377824e-05,-0.007354244579620873,0.015618511895562397,-1.3835730958118808e-06
2461332.5,A.D. 2026-Oct-19 00:00:00.0000,0.9010052432373894,0.4250038406545623,-3.000324072405501e-05,-0.007624353454157117,0.015492295033827593,-1.4524544453216606e-06
2461333.5,A.D. 2026-Oct-20 00:00:00.0000,0.8932468053812387,0.44043110174176137,-3.148019156517902e-05,-0.007892127487759611,0.015361465603133595,-1.4971316716482515e-06
2461334.5,A.D. 2026-Oct-21 00:00:00.0000,0.8852217880530194,0.45572526369694444,-3.298833876370154e-05,-0.008157502519719579,0.01522611181911347,-1.51432501801002e-06
2461335.5,A.D. 2026-Oct-22 00:00:00.0000,0.8769326178099847,0.4708818479374672,-3.4498707980278e-05,-0.008420425670623273,0.01508632578023532,-1.5011417504336887e-06
2461336.5,A.D. 2026-Oct-23 00:00:00.0000,0.8683817666247499,0.4858964691718235,-3.5979769498848175e-05,-0.00868085975317351,0.014942201385791045,-1.4554443160189093e-06
2461337.5,A.D. 2026-Oct-24 00:00:00.0000,0.8595717340163171,0.5007648348898991,-3.739847067822046e-05,-0.008938787443551744,0.01479382914617748,-1.3764383271370356e-06
2461338.5,A.D. 2026-Oct-25 00:00:00.0000,0.8505050259258985,0.5154827379606287,-3.8721938423536304e-05,-0.009194213234225096,0.01464128763669484,-1.2654020156565638e-06
2461339.5,A.D. 2026-Oct-26 00:00:00.0000,0.841184133752359,0.5300460393962507,-3.991990348324484e-05,-0.00944716077647597,0.014484632713262932,-1.1263564143344948e-06
2461340.5,A.D. 2026-Oct-27 00:00:00.0000,0.8316115191229135,0.5444506403706226,-4.09676409545007e-05,-0.009697663929903023,0.014323887438777456,-9.663734865310028e-07
2461341.5,A.D. 2026-Oct-28 00:00:00.0000,0.8217896106478434,0.558692446243693,-4.1848914552627636e-05,-0.009945752095816504,0.014159036870346666,-7.952403014471577e-07
2461342.5,A.D. 2026-Oct-29 00:00:00.0000,0.8117208168093814,0.5727673292911108,-4.255822001361434e-05,-0.010191433436450226,0.013990031031268049,-6.244072562709939e-07
2461343.5,A.D. 2026-Oct-30 00:00:00.0000,0.8014075544523737,0.5866710987442078,-4.3101709903696354e-05,-0.010434681349978249,0.013816796259912358,-4.6546908589391756e-07
2461344.5,A.D. 2026-Oct-31 00:00:00.0000,0.7908522872787749,0.6003994850289571,-4.349655872393522e-05,-0.01067542844881063,0.013639251444179188,-3.286479949324727e-07
2461345.5,A.D. 2026-Nov-01 00:00:00.0000,0.7800575661095444,0.6139481405084656,-4.3768999572061114e-05,-0.010913568864677897,0.013457323950041691,-2.2170796140168013e-07
2461346.5,A.D. 2026-Nov-02 00:00:00.0000,0.7690260636192525,0.6273126542318054,-4.39515772095748e-05,-0.011148966408120698,0.013270961256088185,-1.4947810910294998e-07
2461347.5,A.D. 2026-Nov-03 00:00:00.0000,0.7577605995362413,0.6404885755360118,-4.4080200785787415e-05,-0.0113814648849216,0.013080137043916206,-1.1389832861805379e-07
2461348.5,A.D. 2026-Nov-04 00:00:00.0000,0.7462641557051701,0.6534714413292174,-4.41914148330375e-05,-0.011610897712159375,0.012884852751422824,-1.1437242871861206e-07
2461349.5,A.D. 2026-Nov-05 00:00:00.0000,0.7345398824596405,0.6662568034211095,-4.432009202127348e-05,-0.011837095604463686,0.01268513641438495,-1.482322409596764e-07
2461350.5,A.D. 2026-Nov-06 00:00:00.0000,0.7225910982920495,0.6788402539888926,-4.4497595880010934e-05,-0.01205989236301316,0.012481040282661717,-2.1120280829606354e-07
2461351.5,A.D. 2026-Nov-07 00:00:00.0000,0.7104212844661217,0.6912174483831219,-4.4750394434027835e-05,-0.012279129293021262,0.012272637946862697,-2.9783864699621396e-07
2461352.5,A.D. 2026-Nov-08 00:00:00.0000,0.6980340757086992,0.7033841248913926,-4.509909878957013e-05,-0.012494658671607145,0.012060021122455699,-4.0193971619665425e-07
2461353.5,A.D. 2026-Nov-09 00:00:00.0000,0.6854332478585814,0.7153361210882583,-4.555791150349188e-05,-0.012706346353251057,0.01184329603029118,-5.169548041901017e-07
2461354.5,A.D. 2026-Nov-10 00:00:00.0000,0.6726227034059015,0.7270693863771037,-4.613446748933096e-05,-0.012914073345841154,0.011622579429315157,-6.36359073732182e-07
2461355.5,A.D. 2026-Nov-11 00:00:00.0000,0.659606456054117,0.7385799905073677,-4.6830026526417467e-05,-0.01311773616923227,0.011397994604286926,-7.539735015362425e-07
2461356.5,A.D. 2026-Nov-12 00:00:00.0000,0.6463886155411778,0.7498641282533361,-4.7639941096058324e-05,-0.013317246002471717,0.011169667786297535,-8.641910034946937e-07
2461357.5,A.D. 2026-Nov-13 00:00:00.0000,0.6329733738111037,0.7609181209307647,-4.855429425459315e-05,-0.013512526905293688,0.010937725475077952,-9.620889216887754e-07
2461358.5,A.D. 2026-Nov-14 00:00:00.0000,0.6193649932218411,0.7717384158169419,-4.955859391073781e-05,-0.013703513619938592,0.010702292950300108,-1.0434322288392117e-06
2461359.5,A.D. 2026-Nov-15 00:00:00.0000,0.6055677969149579,0.7823215846973296,-5.063442661292849e-05,-0.013890149543565143,0.010463493994709503,-1.1045956968037862e-06
2461360.5,A.D. 2026-Nov-16 00:00:00.0000,0.5915861608957378,0.7926643226541106,-5.1760011209497597e-05,-0.014072385417649474,0.010221451597671467,-1.1424498970305035e-06
2461361.5,A.D. 2026-Nov-17 00:00:00.0000,0.577424506881164,0.8027634478742344,-5.2910642653604953e-05,-0.014250179162181553,0.009976289203178187,-1.1542649439072548e-06
2461362.5,A.D. 2026-Nov-18 00:00:00.0000,0.5630872946199185,0.8126159027310227,-5.4059072704787596e-05,-0.014423497128198414,0.009728131892999923,-1.1376905980228052e-06
2461363.5,A.D. 2026-Nov-19 00:00:00.0000,0.5485790122123262,0.8222187556943262,-5.517593431927424e-05,-0.014592316832966306,0.00947710671154811,-1.0908736697911473e-06
2461364.5,A.D. 2026-Nov-20 00:00:00.0000,0.5339041630536879,0.8315692027316524,-5.623037616888739e-05,-0.014756630887507914,0.009223341144586129,-1.0127690643717309e-06
2461365.5,A.D. 2026-Nov-21 00:00:00.0000,0.5190672485996424,0.8406645658134178,-5.719111954350517e-05,-0.014916451203772671,0.008966958678176767,-9.036742105799375e-07
2461366.5,A.D. 2026-Nov-22 00:00:00.0000,0.5040727475051467,0.849502285175285,-5.802814834912496e-05,-0.015071811649573887,0.008708070696920426,-7.659445305672998e-07
2461367.5,A.D. 2026-Nov-23 00:00:00.0000,0.4889250940007566,0.8580799017554105,-5.871513911987836e-05,-0.015222766416864422,0.008446765166074682,-6.047151922016065e-07
2461368.5,A.D. 2026-Nov-24 00:00:00.0000,0.4736286612337457,0.8663950276989452,-5.923248237774751e-05,-0.015369381358538563,0.00818309474352192,-4.2829556452529743e-07
2461369.5,A.D. 2026-Nov-25 00:00:00.0000,0.4581877572414511,0.8744453067149772,-5.9570365528827123e-05,-0.015511717563939771,0.007917069344425102,-2.478372183573232e-07
2461370.5,A.D. 2026-Nov-26 00:00:00.0000,0.44260664000422545,0.8822283715757707,-5.9731055533727906e-05,-0.015649810586334762,0.007648658613573928,-7.606164823178447e-08
2461371.5,A.D. 2026-Nov-27 00:00:00.0000,0.42688955246075533,0.8897418101401386,-5.972951611170054e-05,-0.01578365269093512,0.007377806364171436,7.4715377235375e-08
2461372.5,A.D. 2026-Nov-28 00:00:00.0000,0.4110407705205024,0.8969831503693562,-5.959196990802347e-05,-0.015913185566650702,0.007104452963636114,1.9458492299401196e-07
2461373.5,A.D. 2026-Nov-29 00:00:00.0000,0.39506465180019984,0.9039498682832583,-5.9352762441972415e-05,-0.016038306013900855,0.006828557350251743,2.773417857963825e-07
2461374.5,A.D. 2026-Nov-30 00:00:00.0000,0.3789656735885094,0.9106394145214102,-5.905044032853522e-05,-0.01615888075412516,0.006550111363381358,3.20751456827384e-07
2461375.5,A.D. 2026-Dec-01 00:00:00.0000,0.36274845431849423,0.9170492501902436,-5.872401395930605e-05,-0.016274763462129825,0.0062691440604145145,3.259791710406514e-07
2461376.5,A.D. 2026-Dec-02 00:00:00.0000,0.3464177593116514,0.9231768828888746,-5.841002179623128e-05,-0.016385808555305626,0.005985718399458086,2.96636935464005e-07
2461377.5,A.D. 2026-Dec-03 00:00:00.0000,0.32997849533813384,0.9290198973266589,-5.814056323484709e-05,-0.016491879708241487,0.005699924412729751,2.3785104377337827e-07
2461378.5,A.D. 2026-Dec-04 00:00:00.0000,0.3134356990829548,0.9345759788072331,-5.7942160873372277e-05,-0.016592853777944942,0.005411872178829396,1.555523530268197e-07
2461379.5,A.D. 2026-Dec-05 00:00:00.0000,0.29679452325804023,0.9398429303247022,-5.783520549786204e-05,-0.016688621891817284,0.005121686210830619,5.601449051348368e-08
2461380.5,A.D. 2026-Dec-06 00:00:00.0000,0.2800602223513412,0.9448186848997109,-5.783376459134353e-05,-0.01677908930714902,0.0048295015118842025,-5.442547702659001e-08
2461381.5,A.D. 2026-Dec-07 00:00:00.0000,0.2632381386910951,0.9495013146327651,-5.794561404724523e-05,-0.01686417502985873,0.00453546085445946,-1.695468560070711e-07
2461382.5,A.D. 2026-Dec-08 00:00:00.0000,0.24633368883679485,0.9538890373968059,-5.8172426916008084e-05,-0.01694381156182125,0.00423971268741956,-2.833871116686915e-07
2461383.5,A.D. 2026-Dec-09 00:00:00.0000,0.2293523501668925,0.9579802215577304,-5.851009808016124e-05,-0.017017944730845665,0.003942409233676781,-3.9037398216695513e-07
2461384.5,A.D. 2026-Dec-10 00:00:00.0000,0.21229964768502646,0.9617733888079123,-5.894919700944033e-05,-0.01708653338468996,0.003643704614297084,-4.854477118605238e-07
2461385.5,A.D. 2026-Dec-11 00:00:00.0000,0.19518114128286068,0.9652672151642471,-5.9475531388597596e-05,-0.017149548764000724,0.0033437530830390232,-5.641573774066226e-07
2461386.5,A.D. 2026-Dec-12 00:00:00.0000,0.17800241380822945,0.9684605303458234,-6.0070786750284034e-05,-0.01720697353193233,0.003042707591560738,-6.227144057256811e-07
2461387.5,A.D. 2026-Dec-13 00:00:00.0000,0.1607690602093614,0.971352315974857,-6.0713195210333514e-05,-0.017258800636906,0.0027407188984954825,-6.57997710191638e-07
2461388.5,A.D. 2026-Dec-14 00:00:00.0000,0.14348667776652105,0.9739417032009996,-6.137818941477857e-05,-0.017305032338257264,0.002437935305382671,-6.67522571757635e-07
2461389.5,A.D. 2026-Dec-15 00:00:00.0000,0.12616085705328473,0.9762279703339162,-6.2039019134074e-05,-0.01734567978624613,0.0021345028979730227,-6.494034234662621e-07
2461390.5,A.D. 2026-Dec-16 00:00:00.0000,0.10879717289043139,0.9782105408320642,-6.266734568430586e-05,-0.017380763506147607,0.0018305659383808638,-6.023550662818651e-07
2461391.5,A.D. 2026-Dec-17 00:00:00.0000,0.09140117427084128,0.9798889815221494,-6.323387876437299e-05,-0.017410314986553068,0.0015262668160750002,-5.257854769288196e-07
2461392.5,A.D. 2026-Dec-18 00:00:00.0000,0.07397837216418522,0.9812630002170726,-6.370917431774658e-05,-0.017434379282611708,0.001221744741385985,-4.200331318065783e-07
2461393.5,A.D. 2026-Dec-19 00:00:00.0000,0.056534224429281695,0.9823324409991693,-6.406475806329505e-05,-0.017453018042595584,0.0009171322202447565,-2.867838371748274e-07
2461394.5,A.D. 2026-Dec-20 00:00:00.0000,0.039074118019585886,0.9830972745038036,-6.427475164474823e-05,-0.017466311588991864,0.0006125484797884983,-1.2964904949694517e-07
2461395.5,A.D. 2026-Dec-21 00:00:00.0000,0.021603350503588373,0.9835575800235166,-6.431811169162423e-05,-0.017474357755084796,0.00030808978972179783,4.521951416535567e-08
2461396.5,A.D. 2026-Dec-22 00:00:00.0000,0.0041271155474240165,0.9837135169993266,-6.418139178986436e-05,-0.017477264678373437,3.818406023605373e-06,2.2875847168058777e-07
2461397.5,A.D. 2026-Dec-23 00:00:00.0000,-0.01334950054432924,0.983565286444283,-6.386158890620028e-05,-0.017475135820563082,-0.00030024559015081156,4.0926415787969887e-07
2461398.5,A.D. 2026-Dec-24 00:00:00.0000,-0.03082150397685978,0.9831130881375894,-6.336825250895647e-05,-0.01746804904809169,-0.0006041236067311221,5.736248480132474e-07
2461399.5,A.D. 2026-Dec-25 00:00:00.0000,-0.04828395738251517,0.9823570848474699,-6.272389462072338e-05,-0.017456036580860815,-0.0009078648934871435,7.094223566612087e-07
2461400.5,A.D. 2026-Dec-26 00:00:00.0000,-0.06573192802276102,0.9812973861268923,-6.1962122220129e-05,-0.017439075045136025,-0.0012115220453848645,8.072342934521527e-07
2461401.5,A.D. 2026-Dec-27 00:00:00.0000,-0.08316043368765462,0.9799340584793886,-6.112376423561893e-05,-0.0174170910863457,-0.001515124604780093,8.621966912874389e-07
2461402.5,A.D. 2026-Dec-28 00:00:00.0000,-0.10056440117354626,0.9782671584078971,-6.025207625738476e-05,-0.017389979776901588,-0.0018186611288009667,8.742480343740562e-07
2461403.5,A.D. 2026-Dec-29 00:00:00.0000,-0.11793864597927797,0.9762967767844454,-5.938832769164339e-05,-0.017357627008742774,-0.0021220746440134873,8.472005885864242e-07
2461404.5,A.D. 2026-Dec-30 00:00:00.0000,-0.13527787271286765,0.9740230818274542,-5.856864423867601e-05,-0.017319927458479125,-0.0024252691191065804,7.872787874289921e-07
2461405.5,A.D. 2026-Dec-31 00:00:00.0000,-0.15257668951305262,0.9714463525968036,-5.7822304073192884e-05,-0.017276794489955102,-0.002728120905328581,7.017569576925809e-07
2461406.5,A.D. 2027-Jan-01 00:00:00.0000,-0.16982962859762923,0.9685670008781248,-5.717119717126204e-05,-0.017228162905479183,-0.003030489842189599,5.980206750069616e-07
2461407.5,A.D. 2027-Jan-02 00:00:00.0000,-0.18703116717296447,0.9653855833385568,-5.662999230584604e-05,-0.017173987428294013,-0.0033322273917235313,4.830767646267062e-07
2461408.5,A.D. 2027-Jan-03 00:00:00.0000,-0.2041757458609973,0.9619028072483342,-5.620662012008908e-05,-0.01711423963219739,-0.003633181442393702,3.633850519837019e-07
2461409.5,A.D. 2027-Jan-04 00:00:00.0000,-0.22125778403862564,0.9581195327546926,-5.590282800774204e-05,-0.01704890503394945,-0.00393319857529202,2.448595951594327e-07
2461410.5,A.D. 2027-Jan-05 00:00:00.0000,-0.23827169269575152,0.954036773710211,-5.5714700037366456e-05,-0.016977981098759434,-0.004232124861351133,1.329217624338461e-07
2461411.5,A.D. 2027-Jan-06 00:00:00.0000,-0.2552118858159616,0.9496556980475912,-5.5633128906318366e-05,-0.01690147625995644,-0.004529806099606796,3.253519624811162e-08
2461412.5,A.D. 2027-Jan-07 00:00:00.0000,-0.27207279118861744,0.944977627928574,-5.564427541672469e-05,-0.016819409704057278,-0.004826088105177064,-5.180616404759759e-08
2461413.5,A.D. 2027-Jan-08 00:00:00.0000,-0.28884886123057446,0.9400040394448061,-5.5730063945696865e-05,-0.016731811538987028,-0.005120817342290336,-1.1613608299828547e-07
2461414.5,A.D. 2027-Jan-09 00:00:00.0000,-0.30553458401306777,0.9347365614925982,-5.586875153206381e-05,-0.016638722984243643,-0.005413841929455743,-1.5710129071409297e-07
2461415.5,A.D. 2027-Jan-10 00:00:00.0000,-0.32212449438656066,0.929176973517559,-5.6035585605109294e-05,-0.016540196353531055,-0.005705012858400444,-1.7204961354989978e-07
2461416.5,A.D. 2027-Jan-11 00:00:00.0000,-0.3386131849607865,0.9233272020287814,-5.6203543160022145e-05,-0.016436294793424556,-0.005994185199398492,-1.5910277457584544e-07
2461417.5,A.D. 2027-Jan-12 00:00:00.0000,-0.35499531675868584,0.9171893159889275,-5.6344133103863734e-05,-0.01632709193082209,-0.006281219128661426,-1.1721105130642453e-07
2461418.5,A.D. 2027-Jan-13 00:00:00.0000,-0.37126562958221937,0.9107655212696568,-5.6428250292765804e-05,-0.016212671697342928,-0.006565980792064653,-4.620633786871095e-08
2461419.5,A.D. 2027-Jan-14 00:00:00.0000,-0.3874189524012931,0.9040581542271872,-5.642709517610969e-05,-0.016093128583599084,-0.006848343266551018,5.3113185861845095e-08
2461420.5,A.D. 2027-Jan-15 00:00:00.0000,-0.40345021425348004,0.8970696740639205,-5.631321075824132e-05,-0.01596856839298184,-0.0071281881295421675,1.7882658708086724e-07
2461421.5,A.D. 2027-Jan-16 00:00:00.0000,-0.4193544560408082,0.8898026530380129,-5.6061725431822134e-05,-0.015839109189020668,-0.007405408310919952,3.2763204538714883e-07
2461422.5,A.D. 2027-Jan-17 00:00:00.0000,-0.4351268430333654,0.8822597629098535,-5.565190411073218e-05,-0.01570488155922875,-0.007679912846883151,4.944946308243969e-07
2461423.5,A.D. 2027-Jan-18 00:00:00.0000,-0.45076267667279724,0.874443755593268,-5.506906846934209e-05,-0.015566026638168607,-0.007951633664127588,6.72282444094435e-07
2461424.5,A.D. 2027-Jan-19 00:00:00.0000,-0.46625740244012565,0.8663574363725667,-5.430681160024985e-05,-0.015422689873912657,-0.008220533352323879,8.515837377396136e-07
2461425.5,A.D. 2027-Jan-20 00:00:00.0000,-0.48160660865662924,0.8580036299658022,-5.3369184497963135e-05,-0.015275008993216557,-0.008486611054770872,1.0209998487294732e-06
2461426.5,A.D. 2027-Jan-21 00:00:00.0000,-0.49680601048848966,0.8493851434889609,-5.227222839191716e-05,-0.015123096849786067,-0.008749901960138987,1.1681946436024793e-06
2461427.5,A.D. 2027-Jan-22 00:00:00.0000,-0.5118514159685126,0.84050473494915,-5.1044051619232835e-05,-0.014967023714207647,-0.00901046629063618,1.281723848035411e-06
2461428.5,A.D. 2027-Jan-23 00:00:00.0000,-0.5267386772183094,0.8313650982697223,-4.972285594195847e-05,-0.014806806761818603,-0.009268367770136014,1.3531887799597007e-06
2461429.5,A.D. 2027-Jan-24 00:00:00.0000,-0.5414636377099304,0.8219688726925376,-4.8352992443419526e-05,-0.014642413345468744,-0.00952364794385486,1.3788736751997153e-06
2461430.5,A.D. 2027-Jan-25 00:00:00.0000,-0.5560220900692641,0.8123186757187207,-4.697996029968193e-05,-0.014473778123762306,-0.009776306433974426,1.3601452581579496e-06
2461431.5,A.D. 2027-Jan-26 00:00:00.0000,-0.5704097550978555,0.802417149548104,-4.5645691038467376e-05,-0.014300826752295938,-0.010026294318720555,1.3025323787079478e-06
2461432.5,A.D. 2027-Jan-27 00:00:00.0000,-0.5846222837051296,0.7922670073352168,-4.438519145438548e-05,-0.014123496602210746,-0.010273520484044616,1.2140572847168622e-06
2461433.5,A.D. 2027-Jan-28 00:00:00.0000,-0.5986552754284244,0.7818710689427661,-4.322490784728693e-05,-0.013941748745129757,-0.010517865083717633,1.103574310983712e-06
2461434.5,A.D. 2027-Jan-29 00:00:00.0000,-0.6125043042952311,0.771232282529341,-4.2182529088861716e-05,-0.013755570994472286,-0.010759193471572828,9.79600221672768e-07
2461435.5,A.D. 2027-Jan-30 00:00:00.0000,-0.6261649445013707,0.7603537337670809,-4.12676589281767e-05,-0.013564975124475603,-0.010997366624577537,8.49735807250939e-07
2461436.5,A.D. 2027-Jan-31 00:00:00.0000,-0.6396327919103137,0.7492386468836305,-4.048282497885131e-05,-0.013369991814396015,-0.011232247107049103,7.20537756771903e-07
2461437.5,A.D. 2027-Feb-01 00:00:00.0000,-0.6529034804361508,0.7378903816575145,-3.982447614745904e-05,-0.01317066576488029,-0.011463701413965344,5.976374317792538e-07
2461438.5,A.D. 2027-Feb-02 00:00:00.0000,-0.6659726941604803,0.7263124293078358,-3.9283809787392866e-05,-0.01296705215623624,-0.011691600068766841,4.859400330024015e-07
2461439.5,A.D. 2027-Feb-03 00:00:00.0000,-0.6788361767219239,0.7145084088778779,-3.884740566170503e-05,-0.01275921473283656,-0.011915816718647249,3.897991128306579e-07
2461440.5,A.D. 2027-Feb-04 00:00:00.0000,-0.69148973953551,0.7024820646310704,-3.849772170696547e-05,-0.012547225323104708,-0.012136227137757014,3.131129662349746e-07
2461441.5,A.D. 2027-Feb-05 00:00:00.0000,-0.7039292700849118,0.690237264233281,-3.8213540970121e-05,-0.012331164387434066,-0.01235270872478411,2.593252662599256e-07
2461442.5,A.D. 2027-Feb-06 00:00:00.0000,-0.7161507410727205,0.677777997050202,-3.797046370274104e-05,-0.012111122101697422,-0.012565140806244605,2.313369235695398e-07
2461443.5,A.D. 2027-Feb-07 00:00:00.0000,-0.7281502207137679,0.665108371700286,-3.774152235852312e-05,-0.011887199481237938,-0.012773405814658908,2.3135360261466278e-07
2461444.5,A.D. 2027-Feb-08 00:00:00.0000,-0.7399238839936223,0.6522326120439869,-3.749796692599591e-05,-0.01165950912903674,-0.01297739119900486,2.607037624956256e-07
2461445.5,A.D. 2027-Feb-09 00:00:00.0000,-0.751468024372857,0.6391550510136932,-3.721023178853648e-05,-0.011428175353728426,-0.013176991777718397,3.196630007879708e-07
2461446.5,A.D. 2027-Feb-10 00:00:00.0000,-0.7627790652675153,0.6258801220058078,-3.6849063765749014e-05,-0.011193333614324926,-0.013372112212720891,4.073102087198577e-07
2461447.5,A.D. 2027-Feb-11 00:00:00.0000,-0.7738535706900908,0.6124123478342954,-3.638677434319749e-05,-0.010955129429013293,-0.013562669393346546,5.214224843528726e-07
2461448.5,A.D. 2027-Feb-12 00:00:00.0000,-0.784688254612614,0.5987563273527577,-3.579858187991221e-05,-0.01071371693616697,-0.01374859473690147,6.583972180016942e-07
2461449.5,A.D. 2027-Feb-13 00:00:00.0000,-0.7952799887452596,0.5849167197294973,-3.50640260833236e-05,-0.010469257147450353,-0.013929836633000186,8.13182865333499e-07
2461450.5,A.D. 2027-Feb-14 00:00:00.0000,-0.8056258083055337,0.5708982260780946,-3.4168450036299475e-05,-0.0102219155892348,-0.014106363329650415,9.79215262040694e-07
2461451.5,A.D. 2027-Feb-15 00:00:00.0000,-0.8157229148330913,0.5567055679359723,-3.31045291464007e-05,-0.009971858596937468,-0.014278166319411438,1.1483989448153786e-06
2461452.5,A.D. 2027-Feb-16 00:00:00.0000,-0.8255686742039211,0.5423434623191221,-3.187375621363042e-05,-0.009719247249011829,-0.014445263622704662,1.311236332963521e-06
2461453.5,A.D. 2027-Feb-17 00:00:00.0000,-0.835160607052591,0.5278165941754616,-3.048765818747741e-05,-0.009464228192240907,-0.014607701344575353,1.4572642354944898e-06
2461454.5,A.D. 2027-Feb-18 00:00:00.0000,-0.8444963685826385,0.5131295891899624,-2.896835568935303e-05,-0.009206921831677324,-0.014765550946684067,1.5759507295692222e-06
2461455.5,A.D. 2027-Feb-19 00:00:00.0000,-0.8535737162529521,0.4982869925385555,-2.734797880011769e-05,-0.00894741054069004,-0.014918899773029905,1.6580687759443185e-06
2461456.5,A.D. 2027-Feb-20 00:00:00.0000,-0.8623904676198624,0.48329326078106216,-2.566656542208872e-05,-0.008685731653664455,-0.015067834481145525,1.697287731032004e-06
2461457.5,A.D. 2027-Feb-21 00:00:00.0000,-0.8709444556388296,0.46815277256739046,-2.3968475119500036e-05,-0.008421880002252339,-0.015212420918319307,1.6914483536603234e-06
2461458.5,A.D. 2027-Feb-22 00:00:00.0000,-0.8792334920376672,0.4528698584658399,-2.2297928754284237e-05,-0.008155821295487977,-0.01535268724323145,1.642961599882954e-06
2461459.5,A.D. 2027-Feb-23 00:00:00.0000,-0.8872553480014532,0.43744884325788136,-2.0694696561994257e-05,-0.007887512288156996,-0.015488616642655164,1.5581222169956846e-06
2461460.5,A.D. 2027-Feb-24 00:00:00.0000,-0.8950077553738912,0.42189408972156056,-1.9190904672161288e-05,-0.00761692038241619,-0.015620151451239881,1.4456466384273414e-06
2461461.5,A.D. 2027-Feb-25 00:00:00.0000,-0.9024884244684549,0.4062100338863913,-1.780943866851823e-05,-0.007344036540512738,-0.015747205189155133,1.3150468057736312e-06
2461462.5,A.D. 2027-Feb-26 00:00:00.0000,-0.9096950704768275,0.3904012067287735,-1.6563824655073355e-05,-0.007068879630648913,-0.01586967668589797,1.1753654710666676e-06
2461463.5,A.D. 2027-Feb-27 00:00:00.0000,-0.9166254406453155,0.3744722427387734,-1.5459091618304955e-05,-0.006791494137305682,-0.01598746166117945,1.0344865676796079e-06
2461464.5,A.D. 2027-Feb-28 00:00:00.0000,-0.9232773372544555,0.35842787908173385,-1.4493055627611014e-05,-0.006511944618818795,-0.016100459854873135,8.989548240111809e-07
2461465.5,A.D. 2027-Mar-01 00:00:00.0000,-0.9296486346724606,0.3422729497941119,-1.3657608055369535e-05,-0.006230309776733759,-0.016208577994858673,7.741137640034814e-07
2461466.5,A.D. 2027-Mar-02 00:00:00.0000,-0.9357372910185232,0.32601237857285625,-1.2939787147989387e-05,-0.005946677780595935,-0.016311729882132822,6.64373610451751e-07
2461467.5,A.D. 2027-Mar-03 00:00:00.0000,-0.9415413560604664,0.30965117233828915,-1.2322574808715076e-05,-0.005661143447513732,-0.016409834970044248,5.734758691012322e-07
2461468.5,A.D. 2027-Mar-04 00:00:00.0000,-0.9470589772266205,0.29319441649683387,-1.1785464426321719e-05,-0.005373807255760975,-0.01650281654188626,5.046776897717188e-07
2461469.5,A.D. 2027-Mar-05 00:00:00.0000,-0.9522884054230313,0.2766472718850629,-1.130490113066062e-05,-0.005084775874198585,-0.0165906002805873,4.608189387303265e-07
2461470.5,A.D. 2027-Mar-06 00:00:00.0000,-0.9572280019487237,0.26001497270968105,-1.0854719098136402e-05,-0.0047941637420112725,-0.016673113782113766,4.442609558998647e-07
2461471.5,A.D. 2027-Mar-07 00:00:00.0000,-0.9618762472806813,0.24330282434746606,-1.0406701060485135e-05,-0.004502095123892991,-0.016750287363510138,4.567067458547492e-07
2461472.5,A.D. 2027-Mar-08 00:00:00.0000,-0.966231751876078,0.2265161996268426,-9.931364822639606e-06,-0.004208705972621591,-0.016822056290114,4.989338591377954e-07
2461473.5,A.D. 2027-Mar-09 00:00:00.0000,-0.970293268449676,0.20966053222824582,-9.399039240057038e-06,-0.0039141449058590185,-0.016888364256072007,5.704930599159685e-07
2461474.5,A.D. 2027-Mar-10 00:00:00.0000,-0.9740597045366068,0.1927413061672852,-8.781230476155648e-06,-0.00361857272437771,-0.01694916763292816,6.694409899206687e-07
2461475.5,A.D. 2027-Mar-11 00:00:00.0000,-0.9775301337129407,0.17576404094134362,-8.052210053569306e-06,-0.0033221601956713535,-0.01700443976332229,7.921738874199207e-07
2461476.5,A.D. 2027-Mar-12 00:00:00.0000,-0.9807038037668526,0.15873427267942572,-7.190698389462659e-06,-0.0030250842240644536,-0.017054174546445134,9.334077358594023e-07
2461477.5,A.D. 2027-Mar-13 00:00:00.0000,-0.9835801404111811,0.14165753229867517,-6.18148901891692e-06,-0.002727522854032582,-0.01709838877763634,1.0863156008864656e-06
2461478.5,A.D. 2027-Mar-14 00:00:00.0000,-0.9861587456421899,0.12453932203770339,-5.016863979684063e-06,-0.002429649639818215,-0.0171371230507314,1.2428034042279798e-06
2461479.5,A.D. 2027-Mar-15 00:00:00.0000,-0.988439390309946,0.10738509178571451,-3.6976753323883846e-06,-0.002131627733310752,-0.017170441280677455,1.3938985640034669e-06
2461480.5,A.D. 2027-Mar-16 00:00:00.0000,-0.9904220006753258,0.09020021656246348,-2.2339854562010194e-06,-0.001833603764594015,-0.017198428859684103,1.53024528977996e-06
2461481.5,A.D. 2027-Mar-17 00:00:00.0000,-0.9921066387363032,0.07298997664480107,-6.451503910049112e-07,-0.001535701515989086,-0.01722118911538306,1.6427284877159007e-06
2461482.5,A.D. 2027-Mar-18 00:00:00.0000,-0.9934934762565548,0.05575954237472004,1.0407969494209854e-06,-0.0012380157771077003,-0.017238837351834863,1.7232521156582358e-06
2461483.5,A.D. 2027-Mar-19 00:00:00.0000,-0.9945827632100468,0.03851396644239355,2.788612146321138e-06,-0.0009406076074123009,-0.017251491787888543,1.7656458076986407e-06
2461484.5,A.D. 2027-Mar-20 00:00:00.0000,-0.9953747930332508,0.02125818676364105,4.558223960215279e-06,-0.0006435030738721093,-0.0172592615843366,1.7665633119489576e-06
2461485.5,A.D. 2027-Mar-21 00:00:00.0000,-0.9958698692581324,0.003997042090819875,6.3079115525576795e-06,-0.00034669754956530757,-0.017262233812814217,1.7261208918897473e-06
2461486.5,A.D. 2027-Mar-22 00:00:00.0000,-0.9960682795869295,-0.013264700205088555,7.997872847062207e-06,-5.0166206530357615e-05,-0.0172604627884664,1.648002356628828e-06
2461487.5,A.D. 2027-Mar-23 00:00:00.0000,-0.9959702828626859,-0.030522308400205634,9.59356704190017e-06,0.0002461212276908708,-0.017253965323872137,1.538900842060213e-06
2461488.5,A.D. 2027-Mar-24 00:00:00.0000,-0.9955761112785257,-0.04777104970064758,1.1068210371772812e-05,0.0005421855116791352,-0.017242723535166118,1.4074272446320524e-06
2461489.5,A.D. 2027-Mar-25 00:00:00.0000,-0.9948859858438601,-0.06500615965261744,1.2404052508059261e-05,0.0008380269155667302,-0.017226693828908804,1.262829523845691e-06
2461490.5,A.D. 2027-Mar-26 00:00:00.0000,-0.9939001398017694,-0.0822228221999117,1.3592437830132372e-05,0.0011336204311836787,-0.017205818546656204,1.113897144541087e-06
2461491.5,A.D. 2027-Mar-27 00:00:00.0000,-0.9926188438339196,-0.09941616114121683,1.4632966935558133e-05,0.0014289167259402967,-0.017180036597352528,9.682776236469262e-07
2461492.5,A.D. 2027-Mar-28 00:00:00.0000,-0.991042428307597,-0.116581240702207,1.5532198836466765e-05,0.0017238466802382592,-0.017149290836092405,8.322311435896545e-07
2461493.5,A.D. 2027-Mar-29 00:00:00.0000,-0.9891713002333763,-0.1337130715977368,1.6302282928011623e-05,0.0020183270576579946,-0.017113531708850344,7.107103871988187e-07
2461494.5,A.D. 2027-Mar-30 00:00:00.0000,-0.9870059547741157,-0.15080661913780669,1.69597681108265e-05,0.0023122655067824714,-0.017072717869656206,6.076095591676516e-07
2461495.5,A.D. 2027-Mar-31 00:00:00.0000,-0.9845469825064195,-0.1678568109107416,1.7524687829386286e-05,0.0026055639640055472,-0.017026814914002777,5.260482940495928e-07
2461496.5,A.D. 2027-Apr-01 00:00:00.0000,-0.9817950742090101,-0.18485854272391442,1.8019906626536627e-05,0.002898120192202115,-0.01697579332757984,4.685990254215669e-07
2461497.5,A.D. 2027-Apr-02 00:00:00.0000,-0.9787510250056869,-0.20180668248157546,1.8470642019080197e-05,0.003189827572819294,-0.01691962654330708,4.3740366501573495e-07
2461498.5,A.D. 2027-Apr-03 00:00:00.0000,-0.9754157394609755,-0.21869607247571407,1.8904034858083766e-05,0.0034805734760591056,-0.01685828981718826,4.341507193962174e-07
2461499.5,A.D. 2027-Apr-04 00:00:00.0000,-0.971790238818051,-0.23552153121058328,1.9348622188819964e-05,0.0037702367052502594,-0.01679176050758192,4.599032419853356e-07
2461500.5,A.D. 2027-Apr-05 00:00:00.0000,-0.9678756709668436,-0.2522778564009027,1.9833567941734587e-05,0.004058684733553112,-0.016720020199598833,5.147913128335494e-07
2461501.5,A.D. 2027-Apr-06 00:00:00.0000,-0.9636733228819927,-0.26895983110166355,2.0387536703325293e-05,0.004345771709777841,-0.016643058836035767,5.976172589655491e-07
2461502.5,A.D. 2027-Apr-07 00:00:00.0000,-0.9591846341968336,-0.28556223485598187,2.1037165462125726e-05,0.004631338370027083,-0.01656088051151978,7.054652532704169e-07
2461503.5,A.D. 2027-Apr-08 00:00:00.0000,-0.9544112094857752,-0.30207986107228246,2.180519942800644e-05,0.004915214835087197,-0.01647350990945803,8.334426634603849e-07
2461504.5,A.D. 2027-Apr-09 00:00:00.0000,-0.9493548261230192,-0.3185075405044692,2.270848992063916e-05,0.005197226640959266,-0.016380997773512915,9.746815376305171e-07
2461505.5,A.D. 2027-Apr-10 00:00:00.0000,-0.9440174347243132,-0.33484016899027336,2.3756158681299214e-05,0.005477203342681052,-0.016283423693862587,1.1206751617641395e-06
2461506.5,A.D. 2027-Apr-11 00:00:00.0000,-0.9384011503408979,-0.35107273612405315,2.4948261406409264e-05,0.005754988084057589,-0.01618089508750028,1.2619273008523693e-06
2461507.5,A.D. 2027-Apr-12 00:00:00.0000,-0.9325082344251128,-0.3672003509535556,2.6275210518627773e-05,0.006030446172561493,-0.016073542363507495,1.3887959825984163e-06
2461508.5,A.D. 2027-Apr-13 00:00:00.0000,-0.9263410693843097,-0.3832182613349468,2.771807180931378e-05,0.006303471147161329,-0.015961511305799394,1.4923709784939713e-06
2461509.5,A.D. 2027-Apr-14 00:00:00.0000,-0.9199021286059917,-0.3991218648909337,2.9249696990957846e-05,0.006573987747982681,-0.015844954135894762,1.565250790178457e-06
2461510.5,A.D. 2027-Apr-15 00:00:00.0000,-0.9131939450006544,-0.41490671089651615,3.0836551269061826e-05,0.006841951983148668,-0.015724020461375082,1.6021494749739784e-06
2461511.5,A.D. 2027-Apr-16 00:00:00.0000,-0.906219080737783,-0.43056849335294256,3.2441054047115975e-05,0.007107348742571182,-0.015598848775773532,1.6003152252064268e-06
2461512.5,A.D. 2027-Apr-17 00:00:00.0000,-0.8989801004769543,-0.4461030359860418,3.402424111441093e-05,0.0073701872104257335,-0.015469558865295191,1.55975190687044e-06
2461513.5,A.D. 2027-Apr-18 00:00:00.0000,-0.8914795502737615,-0.46150627029623903,3.5548538087517725e-05,0.0076304941064170686,-0.015336245619383862,1.4832128177508406e-06
2461514.5,A.D. 2027-Apr-19 00:00:00.0000,-0.883719944266144,-0.47677420847315366,3.698039471353148e-05,0.007888304960177733,-0.015198975121905213,1.375922091581574e-06
2461515.5,A.D. 2027-Apr-20 00:00:00.0000,-0.8757037607505727,-0.4919029139724432,3.829249584868298e-05,0.008143654265622817,-0.015057784033550625,1.245009666402152e-06
2461516.5,A.D. 2027-Apr-21 00:00:00.0000,-0.867433448027157,-0.5068884733760873,3.946528647270038e-05,0.008396566095402134,-0.014912682787886431,1.0987224063875838e-06
2461517.5,A.D. 2027-Apr-22 00:00:00.0000,-0.8589114386283354,-0.5217269731921802,4.048765387821054e-05,0.008647047002102058,-0.01476366209335223,9.455565231735918e-07
2461518.5,A.D. 2027-Apr-23 00:00:00.0000,-0.8501401689294392,-0.5364144841995483,4.13567781294816e-05,0.00889508248242342,-0.014610701204087077,7.934904357230292e-07
2461519.5,A.D. 2027-Apr-24 00:00:00.0000,-0.8411221003935774,-0.550947054123699,4.2077327183022785e-05,0.009140637172557734,-0.014453775991608027,6.494579434329627e-07
2461520.5,A.D. 2027-Apr-25 00:00:00.0000,-0.8318597390983092,-0.5653207075822844,4.2660270723952e-05,0.009383657873417443,-0.014292865206744186,5.191128648632322e-07
2461521.5,A.D. 2027-Apr-26 00:00:00.0000,-0.8223556514206536,-0.5795314510296332,4.312159149675269e-05,0.009624077955332907,-0.014127954165321189,4.0684728738383105e-07
2461522.5,A.D. 2027-Apr-27 00:00:00.0000,-0.8126124752247427,-0.5935752801052868,4.348110491164041e-05,0.00986182174333632,-0.01395903594127932,3.159727310041701e-07
2461523.5,A.D. 2027-Apr-28 00:00:00.0000,-0.8026329271053603,-0.6074481871780679,4.376149861524516e-05,0.01009680789729073,-0.013786110694949673,2.4896286483464317e-07
2461524.5,A.D. 2027-Apr-29 00:00:00.0000,-0.7924198069831372,-0.621146167629552,4.398760900286577e-05,0.010328951279217888,-0.01360918396460414,2.0767240754917956e-07
2461525.5,A.D. 2027-Apr-30 00:00:00.0000,-0.7819760016572602,-0.634665224254351,4.418587802872502e-05,0.010558163171914112,-0.01342826473902729,1.9347036578456543e-07
2461526.5,A.D. 2027-May-01 00:00:00.0000,-0.7713044889251323,-0.6480013699383167,4.438388231759324e-05,0.010784349962337547,-0.013243364061168317,2.0724581465639073e-07
2461527.5,A.D. 2027-May-02 00:00:00.0000,-0.7604083436613247,-0.661150629502073,4.460979294819608e-05,0.011007410613189371,-0.0130544948712834,2.492605748164126e-07
2461528.5,A.D. 2027-May-03 00:00:00.0000,-0.7492907467949342,-0.6741090422903961,4.489160793011787e-05,0.011227233524938082,-0.012861673760448378,3.188433596696442e-07
2461529.5,A.D. 2027-May-04 00:00:00.0000,-0.7379549973287615,-0.6868726676962456,4.5256010195273996e-05,0.011443693798087544,-0.012664925144051101,4.139559779669815e-07
2461530.5,A.D. 2027-May-05 00:00:00.0000,-0.7264045263004014,-0.6994375961120723,4.572676225867267e-05,0.011656652363567006,-0.012464287883707592,5.307215062161796e-07
2461531.5,A.D. 2027-May-06 00:00:00.0000,-0.714642909972355,-0.7117999673988088,4.6322675042253664e-05,0.01186595866198719,-0.01225982344900817,6.630771431009163e-07
2461532.5,A.D. 2027-May-07 00:00:00.0000,-0.7026738780276625,-0.7239559974442271,4.705537912519382e-05,0.012071458056017398,-0.012051623480172156,8.027614410968176e-07
2461533.5,A.D. 2027-May-08 00:00:00.0000,-0.6905013120341479,-0.735902010738213,4.7927326470695215e-05,0.012273003654589628,-0.011839813738820483,9.398068845010448e-07
2461534.5,A.D. 2027-May-09 00:00:00.0000,-0.6781292308131188,-0.7476344739387485,4.893055215383898e-05,0.012470470104280755,-0.011624551825297468,1.0635511965361611e-06
2461535.5,A.D. 2027-May-10 00:00:00.0000,-0.6655617626629535,-0.7591500236721425,5.0046628055219236e-05,0.012663765389249128,-0.011406018062019947,1.1639578523635563e-06
2461536.5,A.D. 2027-May-11 00:00:00.0000,-0.6528031083548794,-0.7704454825948542,5.124794256184534e-05,0.012852837028586311,-0.01118440169395075,1.2328832968443591e-06
2461537.5,A.D. 2027-May-12 00:00:00.0000,-0.6398575014275955,-0.7815178609217411,5.250007521049476e-05,0.013037671289414299,-0.010959886310999407,1.2649562283844212e-06
2461538.5,A.D. 2027-May-13 00:00:00.0000,-0.6267291723117872,-0.792364344548846,5.376478537362833e-05,0.013218286705710113,-0.010732638085275754,1.257920907343148e-06
2461539.5,A.D. 2027-May-14 00:00:00.0000,-0.6134223206419915,-0.8029822736356749,5.500309557619783e-05,0.013394724677317348,-0.010502798560625448,1.2125069376643327e-06
2461540.5,A.D. 2027-May-15 00:00:00.0000,-0.599941097307181,-0.8133691162221917,5.617807970211074e-05,0.01356703974439554,-0.010270481775871079,1.1320010796610511e-06
2461541.5,A.D. 2027-May-16 00:00:00.0000,-0.5862895957260547,-0.8235224406352637,5.725714717280012e-05,0.013735291003936296,-0.01003577449139943,1.0216907128062859e-06
2461542.5,A.D. 2027-May-17 00:00:00.0000,-0.5724718509457785,-0.8334398891472004,5.821375175344106e-05,0.013899535046195222,-0.009798738300613197,8.882802698105152e-07
2461543.5,A.D. 2027-May-18 00:00:00.0000,-0.558491845097971,-0.8431191543690422,5.9028520528454295e-05,0.014059820269531776,-0.009559412914662748,7.393178352106109e-07
2461544.5,A.D. 2027-May-19 00:00:00.0000,-0.5443535179103012,-0.8525579593937597,5.968981904246319e-05,0.014216182453255588,-0.009317820353637951,5.826425495139008e-07
2461545.5,A.D. 2027-May-20 00:00:00.0000,-0.5300607809756733,-0.8617540425238032,6.019378114029371e-05,0.014368641707459585,-0.009073969889389247,4.2587136706993477e-07
2461546.5,A.D. 2027-May-21 00:00:00.0000,-0.5156175342771792,-0.8707051471892789,6.054386040525794e-05,0.014517201051245099,-0.008827863405683107,2.759630511469283e-07
2461547.5,A.D. 2027-May-22 00:00:00.0000,-0.5010276832566393,-0.8794090171994875,6.075000331711194e-05,0.014661846744765781,-0.008579500592486666,1.3890457573628522e-07
2461548.5,A.D. 2027-May-23 00:00:00.0000,-0.4862951547417727,-0.8878633968207985,6.082758374220811e-05,0.014802550175773683,-0.008328883296595627,1.95500973003271e-08
2461549.5,A.D. 2027-May-24 00:00:00.0000,-0.47142391042315696,-0.8960660345513133,6.079625368485246e-05,0.014939270761723173,-0.008076018500404574,-7.838858305927179e-08
2461550.5,A.D. 2027-May-25 00:00:00.0000,-0.4564179572218327,-0.9040146890883642,6.0678847350964464e-05,0.0150719591408638,-0.007820919725914827,-1.5223370037961508e-07
2461551.5,A.D. 2027-May-26 00:00:00.0000,-0.4412813546217573,-0.911707135963075,6.050043006981935e-05,0.015200559944458694,-0.0075636070163617435,-2.0017022145058855e-07
2461552.5,A.D. 2027-May-27 00:00:00.0000,-0.4260182196730171,-0.9191411736131149,6.0287524495715306e-05,0.01532501361170117,-0.007304105917275768,-2.2107258754129055e-07
2461553.5,A.D. 2027-May-28 00:00:00.0000,-0.4106327307986322,-0.9263146281717297,6.006748727142633e-05,0.015445256934308886,-0.007042446031357838,-2.1438568319726695e-07
2461554.5,A.D. 2027-May-29 00:00:00.0000,-0.3951291317394759,-0.9332253568668909,5.9867957745124075e-05,0.015561222237880598,-0.006778659796608007,-1.8010664082594498e-07
2461555.5,A.D. 2027-May-30 00:00:00.0000,-0.3795117369562326,-0.9398712506008516,5.971625918713032e-05,0.0156728353286135,-0.006512782190590145,-1.1890285393742899e-07
2461556.5,A.D. 2027-May-31 00:00:00.0000,-0.3637849395431893,-0.9462502370083213,5.963860499336341e-05,0.015780012623801114,-0.0062448521098684,-3.238516327783453e-08
2461557.5,A.D. 2027-Jun-01 00:00:00.0000,-0.3479532220844268,-0.9523602860334556,5.965895749982263e-05,0.01588265832661787,-0.0059749161310872915,7.64766827911356e-08
2461558.5,A.D. 2027-Jun-02 00:00:00.0000,-0.3320211697304096,-0.9581994206409024,5.979742726974828e-05,0.01598066310773268,-0.0057030350264751775,2.0286945688436233e-07
2461559.5,A.D. 2027-Jun-03 00:00:00.0000,-0.3159934830153898,-0.9637657352576825,6.0068217381144025e-05,0.016073906300794333,-0.005429292511171017,3.397468124520597e-07
2461560.5,A.D. 2027-Jun-04 00:00:00.0000,-0.29987498588402844,-0.9690574232915783,6.047732893149631e-05,0.016162263541535944,-0.005153804152461431,4.777884480708414e-07
2461561.5,A.D. 2027-Jun-05 00:00:00.0000,-0.2836706230459047,-0.9740728121323075,6.1020513019873844e-05,0.016245620347759105,-0.004876722703878455,6.059699556783711e-07
2461562.5,A.D. 2027-Jun-06 00:00:00.0000,-0.2673854416499757,-0.9788103999197404,6.168214978539442e-05,0.016323889206439762,-0.004598235704346469,7.1283833964087e-07
2461563.5,A.D. 2027-Jun-07 00:00:00.0000,-0.25102455632157383,-0.9832688850636361,6.243567095673168e-05,0.016397024683836945,-0.004318553390376935,7.882521005703205e-07
2461564.5,A.D. 2027-Jun-08 00:00:00.0000,-0.23459310269640893,-0.9874471796770736,6.324573062087493e-05,0.016465030461579912,-0.004037889424930233,8.250310793217307e-07
2461565.5,A.D. 2027-Jun-09 00:00:00.0000,-0.21809618938078376,-0.9913444027144105,6.407172933565702e-05,0.016527955385012304,-0.003756440788085136,8.199348150565783e-07
2461566.5,A.D. 2027-Jun-10 00:00:00.0000,-0.20153885864076107,-0.9949598554102028,6.487185418958255e-05,0.016585880700053065,-0.0034743733657489027,7.737110194642634e-07
2461567.5,A.D. 2027-Jun-11 00:00:00.0000,-0.18492606201006048,-0.9982929866236613,6.560676007020497e-05,0.01663890397957219,-0.00319181630098312,6.903873204651304e-07
2461568.5,A.D. 2027-Jun-12 00:00:00.0000,-0.1682626513568709,-1.0013433565727998,6.62423344148736e-05,0.01668712496586067,-0.0029088639627742594,5.762197532030258e-07
2461569.5,A.D. 2027-Jun-13 00:00:00.0000,-0.15155338193929443,-1.0041106049608146,6.675140334615781e-05,0.01673063593710895,-0.0026255821519966176,4.3867670281174625e-07
2461570.5,A.D. 2027-Jun-14 00:00:00.0000,-0.13480292276137323,-1.0065944260345465,6.711452962325413e-05,0.01676951658013543,-0.0023420153210775693,2.8565502181886605e-07
2461571.5,A.D. 2027-Jun-15 00:00:00.0000,-0.1180158703513804,-1.008794550529759,6.732015838777617e-05,0.01680383200735232,-0.0020581929420153,1.2495351962111147e-07
2461572.5,A.D. 2027-Jun-16 00:00:00.0000,-0.10119676358348736,-1.0107107332957481,6.736433983360916e-05,0.016833632439033106,-0.001774134491952758,-3.606035579683955e-08
2461573.5,A.D. 2027-Jun-17 00:00:00.0000,-0.08435009841933025,-1.01234274529675,6.725018174430066e-05,0.01685895356894344,-0.0014898532917496515,-1.9066907145213424e-07
2461574.5,A.D. 2027-Jun-18 00:00:00.0000,-0.06748034213130863,-1.0136903690640706,6.698711730427284e-05,0.016879817207388396,-0.001205359637356334,-3.3296183760429843e-07
2461575.5,A.D. 2027-Jun-19 00:00:00.0000,-0.05059194676267877,-1.0147533970625031,6.659003760003649e-05,0.016896232178797852,-0.0009206635274218766,-4.579492432900388e-07
2461576.5,A.D. 2027-Jun-20 00:00:00.0000,-0.033689361518908716,-1.015531632616114,6.607833158517227e-05,0.01690819557726175,-0.0006357770446734927,-5.616320171037549e-07
2461577.5,A.D. 2027-Jun-21 00:00:00.0000,-0.016777043706159244,-1.0160248929916367,6.547488460171401e-05,0.016915694408536724,-0.0003507162585992986,-6.410137923356581e-07
2461578.5,A.D. 2027-Jun-22 00:00:00.0000,0.00014053211459248732,-1.0162330140660853,6.480509356218373e-05,0.016918707478826938,-6.550246364073076e-05,-6.940558862773468e-07
2461579.5,A.D. 2027-Jun-23 00:00:00.0000,0.017058866867759516,-1.0161558558517947,6.409595137091735e-05,0.01691720723670896,0.00021983734842052495,-7.195876964969973e-07
2461580.5,A.D. 2027-Jun-24 00:00:00.0000,0.0339734313701998,-1.015793308131658,6.337523162187121e-05,0.01691116120367959,0.0005052707126802933,-7.172015923902352e-07
2461581.5,A.D. 2027-Jun-25 00:00:00.0000,0.05087966181994624,-1.0151452956233682,6.267077024151581e-05,0.016900532658425983,0.000790760349793459,-6.871710458859275e-07
2461582.5,A.D. 2027-Jun-26 00:00:00.0000,0.06777295549757367,-1.0142117824430472,6.200979996018586e-05,0.016885280354361976,0.0010762648229052873,-6.304336835534592e-07
2461583.5,A.D. 2027-Jun-27 00:00:00.0000,0.08464866567741804,-1.0129927761493667,6.14182531395273e-05,0.016865357235470477,0.0013617386126116113,-5.486771362606072e-07
2461584.5,A.D. 2027-Jun-28 00:00:00.0000,0.10150209483877354,-1.0114883322876975,6.091991580041883e-05,0.016840708389536642,0.0016471309210014272,-4.445534489248388e-07
2461585.5,A.D. 2027-Jun-29 00:00:00.0000,0.11832848569881678,-1.0096985610665228,6.0535301695326926e-05,0.016811268890733796,0.0019323824908242212,-3.220209921115648e-07
2461586.5,A.D. 2027-Jun-30 00:00:00.0000,0.13512301051990397,-1.0076236384377797,6.028014003720819e-05,0.016776962767569105,0.0022174199326279297,-1.8676008728283614e-07
2461587.5,A.D. 2027-Jul-01 00:00:00.0000,0.15188076070764744,-1.005263824063314,6.0163464873167e-05,0.016737704972797137,0.0025021477526986228,-4.6521880563871745e-08
2461588.5,A.D. 2027-Jul-02 00:00:00.0000,0.16859674077998546,-1.0026194878065195,6.018548702864944e-05,0.01669340848067222,0.0027864397013783685,8.883393387439665e-08
2461589.5,A.D. 2027-Jul-03 00:00:00.0000,0.18526587256953467,-0.9996911438124539,6.0335708578808676e-05,0.01664399767268275,0.0030701329917601525,2.0790831458536513e-07
2461590.5,A.D. 2027-Jul-04 00:00:00.0000,0.2018830154223942,-0.9964794869394454,6.059199476283719e-05,0.01658942633962163,0.0033530301634966285,2.991148189147297e-07
2461591.5,A.D. 2027-Jul-05 00:00:00.0000,0.21844300451858525,-0.9929854219590916,6.0921333006681626e-05,0.016529694700282767,0.0036349119172373744,3.526322505827485e-07
2461592.5,A.D. 2027-Jul-06 00:00:00.0000,0.23494070248088048,-0.9892100748388968,6.128259809488308e-05,0.016464857733869714,0.0039155593196504345,3.62331733358793e-07
2461593.5,A.D. 2027-Jul-07 00:00:00.0000,0.25137105265367654,-0.9851547800374241,6.163089562754513e-05,0.016395019862622172,0.00419477800962885,3.268886548929948e-07
2461594.5,A.D. 2027-Jul-08 00:00:00.0000,0.2677291206882385,-0.9808210465012007,6.192240255763068e-05,0.016320317778094586,0.004472415249124128,2.4964477233316363e-07
2461595.5,A.D. 2027-Jul-09 00:00:00.0000,0.28401011603470805,-0.9762105125701551,6.21185062397862e-05,0.01624089889240547,0.004748364768265496,1.3742607642670152e-07
2461596.5,A.D. 2027-Jul-10 00:00:00.0000,0.30020939312238226,-0.9713249017705591,6.218849665906332e-05,0.016156903333361353,0.0050225608428736464,-1.0528549029109218e-09
2461597.5,A.D. 2027-Jul-11 00:00:00.0000,0.3163224381765448,-0.9661659877252571,6.211071777989817e-05,0.016068453479887324,0.005294966973894443,-1.565969324935455e-07
2461598.5,A.D. 2027-Jul-12 00:00:00.0000,0.33234484931400393,-0.9607355708200112,6.18725406042093e-05,0.01597565065431339,0.005565564397796276,-3.204589125336422e-07
2461599.5,A.D. 2027-Jul-13 00:00:00.0000,0.34827231584422336,-0.9550354651378773,6.146965424817571e-05,0.015878576346927655,0.005834343301358794,-4.847929788612435e-07
2461600.5,A.D. 2027-Jul-14 00:00:00.0000,0.36410059990066423,-0.9490674925188952,6.0905080032367696e-05,0.01577729526496192,0.006101297310792498,-6.427844068905675e-07
2461601.5,A.D. 2027-Jul-15 00:00:00.0000,0.37982552124640545,-0.9428334807619304,6.018814761994268e-05,0.01567185842543176,0.006366420550235354,-7.886201980358618e-07
2461602.5,A.D. 2027-Jul-16 00:00:00.0000,0.39544294483453724,-0.9363352639221562,5.9333528689382e-05,0.015562305510224148,0.006629706221530431,-9.174179327779397e-07
2461603.5,A.D. 2027-Jul-17 00:00:00.0000,0.41094877029664983,-0.9295746836490743,5.83603355633199e-05,0.015448666389700499,0.006891145823260737,-1.0251727505658273e-06
2461604.5,A.D. 2027-Jul-18 00:00:00.0000,0.42633892263696344,-0.9225535912261391,5.729125595741479e-05,0.015330962065792356,0.007150728467884095,-1.1087379784061946e-06
2461605.5,A.D. 2027-Jul-19 00:00:00.0000,0.44160934372110083,-0.9152738503427122,5.6151694097615346e-05,0.015209205371393666,0.007408440089120825,-1.1658287401646918e-06
2461606.5,A.D. 2027-Jul-20 00:00:00.0000,0.45675598445544985,-0.9077373407054864,5.496890505008006e-05,0.01508340168260248,0.007664262575617219,-1.1950285994612923e-06
2461607.5,A.D. 2027-Jul-21 00:00:00.0000,0.4717747977311795,-0.8999459624899354,5.3771127916660124e-05,0.014953549735777859,0.007918172985981076,-1.1957834402259358e-06
2461608.5,A.D. 2027-Jul-22 00:00:00.0000,0.48666173220939857,-0.8919016414723409,5.258673343197184e-05,0.014819642466304229,0.008170142989497248,-1.1683795925767892e-06
2461609.5,A.D. 2027-Jul-23 00:00:00.0000,0.5014127268731233,-0.8836063345904108,5.144339663676099e-05,0.014681667663631751,0.008420138558544241,-1.1139189209381945e-06
2461610.5,A.D. 2027-Jul-24 00:00:00.0000,0.5160237060439687,-0.8750620357425509,5.0367285654312766e-05,0.014539608210899124,0.008668119756029847,-1.0343165608076664e-06
2461611.5,A.D. 2027-Jul-25 00:00:00.0000,0.5304905743650136,-0.8662707818918496,4.938222831242421e-05,0.014393441768294974,0.00891404026427361,-9.323526739276267e-07
2461612.5,A.D. 2027-Jul-26 00:00:00.0000,0.5448092112081777,-0.8572346599803897,4.8508788544832855e-05,0.014243139976611696,0.009157846139917282,-8.118043136189913e-07
2461613.5,A.D. 2027-Jul-27 00:00:00.0000,0.558975464206099,-0.84795581571945,4.776316723160783e-05,0.014088667611511204,0.009399473213145762,-6.776628260468441e-07
2461614.5,A.D. 2027-Jul-28 00:00:00.0000,0.5729851422740609,-0.8384364658582885,4.71558558376614e-05,0.013929982609238384,0.009638842685025096,-5.363997198428124e-07
2461615.5,A.D. 2027-Jul-29 00:00:00.0000,0.5868340096840357,-0.828678915762507,4.669004081996508e-05,0.013767038429294933,0.009875854994536892,-3.9617432706022606e-07
2461616.5,A.D. 2027-Jul-30 00:00:00.0000,0.600517784409646,-0.8186855835661484,4.6359906990555626e-05,0.013599790519022003,0.010110383123656152,-2.6678883110157806e-07
2461617.5,A.D. 2027-Jul-31 00:00:00.0000,0.6140321455467681,-0.8084590302083745,4.614921776000578e-05,0.013428208076948776,0.010342268131077715,-1.5913709848840504e-07
2461618.5,A.D. 2027-Aug-01 00:00:00.0000,0.6273727548908345,-0.798001991110284,4.6030786009231787e-05,0.013252290175904567,0.01057132107383941,-8.395961374827232e-08
2461619.5,A.D. 2027-Aug-02 00:00:00.0000,0.6405352951030989,-0.7873174011286559,4.596751510077607e-05,0.013072081760683252,0.010797334912477285,-4.9998979425972174e-08
2461620.5,A.D. 2027-Aug-03 00:00:00.0000,0.6535155207966885,-0.7764084025007584,4.591538017534473e-05,0.012887682206394569,0.011020106078645822,-6.208676351800027e-08
2461621.5,A.D. 2027-Aug-04 00:00:00.0000,0.6663093117351009,-0.7652783287946678,4.582801986137135e-05,0.012699240376751717,0.011239459396601512,-1.1996975607256428e-07
2461622.5,A.D. 2027-Aug-05 00:00:00.0000,0.6789127140920242,-0.7539306663423473,4.5661866020676885e-05,0.012506936390459352,0.011455266603611566,-2.184556449128559e-07
2461623.5,A.D. 2027-Aug-06 00:00:00.0000,0.6913219596816522,-0.7423690034995533,4.5380475481712396e-05,0.012310957404589052,0.01166745158321225,-3.487870711808035e-07
2461624.5,A.D. 2027-Aug-07 00:00:00.0000,0.7035334620188729,-0.7305969814746287,4.4957146028432365e-05,0.012111476891921512,0.011875982659802676,-5.005605969837289e-07
2461625.5,A.D. 2027-Aug-08 00:00:00.0000,0.715543796016693,-0.7186182569205152,4.4375670540518755e-05,0.01190864309039434,0.012080858002003349,-6.634251874079616e-07
2461626.5,A.D. 2027-Aug-09 00:00:00.0000,0.7273496709271324,-0.7064364796516881,4.362969528043251e-05,0.011702576661520303,0.012282090926445312,-8.281435769320521e-07
2461627.5,A.D. 2027-Aug-10 00:00:00.0000,0.7389479041992127,-0.6940552832908885,4.2721352087543995e-05,0.011493374198781789,0.012479699109722103,-9.870068143536996e-07
2461628.5,A.D. 2027-Aug-11 00:00:00.0000,0.7503354001751363,-0.6814782843036916,4.165971523116074e-05,0.011281113853893854,0.012673698535666368,-1.133812201145613e-06
2461629.5,A.D. 2027-Aug-12 00:00:00.0000,0.7615091343668764,-0.668709085108295,4.045939770574555e-05,0.01106586058085121,0.012864101152246796,-1.2636417009481612e-06
2461630.5,A.D. 2027-Aug-13 00:00:00.0000,0.7724661422796322,-0.6557512783140395,3.91393945334797e-05,0.010847669897975396,0.013050914708186746,-1.3726108020600805e-06
2461631.5,A.D. 2027-Aug-14 00:00:00.0000,0.7832035111685611,-0.6426084505961307,3.7722151590843355e-05,0.010626590019718132,0.013234143460619097,-1.4576778536591552e-06
2461632.5,A.D. 2027-Aug-15 00:00:00.0000,0.7937183732389936,-0.6292841858102385,3.623278041730626e-05,0.010402662687509797,0.013413788878036003,-1.5165441466539277e-06
2461633.5,A.D. 2027-Aug-16 00:00:00.0000,0.8040078992320504,-0.6157820676168175,3.4698329118724135e-05,0.010175923195845576,0.013589849868853563,-1.547638593337668e-06
2461634.5,A.D. 2027-Aug-17 00:00:00.0000,0.8140692918421513,-0.6021056821883389,3.3147036343009114e-05,0.009946400105869824,0.0137623223833642,-1.5501618247452035e-06
2461635.5,A.D. 2027-Aug-18 00:00:00.0000,0.8238997788609695,-0.5882586216037738,3.1607524748330635e-05,0.009714115038009416,0.013931198463794836,-1.5241577529551874e-06
2461636.5,A.D. 2027-Aug-19 00:00:00.0000,0.8334966062579413,-0.5742444883852564,3.0107921573743463e-05,0.009479082776027022,0.014096464950256448,-1.4705837089043577e-06
2461637.5,A.D. 2027-Aug-20 00:00:00.0000,0.8428570315488281,-0.5600669014009528,2.867491783615408e-05,0.00924131173297961,0.0142581020779467,-1.3913613112900322e-06
2461638.5,A.D. 2027-Aug-21 00:00:00.0000,0.8519783177734308,-0.5457295031553753,2.7332787895909406e-05,0.009000804678005974,0.014416082118445913,-1.289405828009184e-06
2461639.5,A.D. 2027-Aug-22 00:00:00.0000,0.8608577282622634,-0.5312359684143282,2.6102385786079516e-05,0.008757559562354756,0.014570368050164094,-1.1686461900906837e-06
2461640.5,A.D. 2027-Aug-23 00:00:00.0000,0.8694925222370288,-0.5165900142241288,2.500011848754286e-05,0.008511570362158492,0.014720912050633922,-1.0340539421860611e-06
2461641.5,A.D. 2027-Aug-24 00:00:00.0000,0.8778799513124114,-0.5017954116653566,2.403688095607615e-05,0.008262828091195027,0.014867653476264793,-8.916906670953672e-07
2461642.5,A.D. 2027-Aug-25 00:00:00.0000,0.8860172572939277,-0.4868560000112556,2.32169405449135e-05,0.008011322500648094,0.015010516043456672,-7.48755198062606e-07
2461643.5,A.D. 2027-Aug-26 00:00:00.0000,0.8939016723845696,-0.47177570410383357,2.253679974371562e-05,0.007757045376249853,0.015149404271066511,-6.135637775191176e-07
2461644.5,A.D. 2027-Aug-27 00:00:00.0000,0.9015304239542976,-0.4565585553641946,2.198416227955521e-05,0.007499996546105337,0.015284199986571281,-4.953377081863666e-07
2461645.5,A.D. 2027-Aug-28 00:00:00.0000,0.9089007470203887,-0.44120871552778274,2.1537276113002925e-05,0.007240193337936917,0.015414760779983796,-4.0363438129877936e-07
2461646.5,A.D. 2027-Aug-29 00:00:00.0000,0.9160099077261293,-0.4257304997877551,2.1165080531664946e-05,0.0069776828305604666,0.015540923245224493,-3.472975334436592e-07
2461647.5,A.D. 2027-Aug-30 00:00:00.0000,0.9228552392988346,-0.410128393142869,2.082863124812242e-05,0.006712553822377144,0.015662513641581183,-3.329838415239956e-07
2461648.5,A.D. 2027-Aug-31 00:00:00.0000,0.9294341876515185,-0.39440705213979804,2.048407245393197e-05,0.006444943159752861,0.01577936613218267,-3.6363012361587983e-07
2461649.5,A.D. 2027-Sep-01 00:00:00.0000,0.9357443582276669,-0.37857128617783736,2.0086918229730692e-05,0.006175031264351316,0.015891344322815044,-4.3747713663783853e-07
2461650.5,A.D. 2027-Sep-02 00:00:00.0000,0.9417835523027878,-0.3626260188342942,1.9596792960594353e-05,0.005903025875731658,0.015998358283881083,-5.481865966521399e-07
2461651.5,A.D. 2027-Sep-03 00:00:00.0000,0.9475497830743917,-0.3465762374784208,1.8981460583903265e-05,0.005629139187409983,0.016100370173731712,-6.861022490836368e-07
2461652.5,A.D. 2027-Sep-04 00:00:00.0000,0.9530412691630825,-0.3304269437821735,1.8219221225344046e-05,0.005353566952809631,0.01619738718122708,-8.4013342496731e-07
2461653.5,A.D. 2027-Sep-05 00:00:00.0000,0.9582564111302543,-0.3141831158190566,1.7299425582362593e-05,0.005076476093426252,0.016289446528001145,-9.995213151310532e-07
2461654.5,A.D. 2027-Sep-06 00:00:00.0000,0.963193760610919,-0.2978496862229641,1.622150867354927e-05,0.004798002101968546,0.016376599421435767,-1.154984789751387e-06
2461655.5,A.D. 2027-Sep-07 00:00:00.0000,0.96785199062864,-0.28143153473048105,1.4993241149310244e-05,0.004518253326818594,0.01645889886703115,-1.2991547334158464e-06
2461656.5,A.D. 2027-Sep-08 00:00:00.0000,0.9722298719047899,-0.26493349021741525,1.3628827100775734e-05,0.004237318036000408,0.01653639287400779,-1.4264909644993878e-06
2461657.5,A.D. 2027-Sep-09 00:00:00.0000,0.9763262562649985,-0.2483603371373258,1.2147230852339312e-05,0.003955271166842574,0.01660912218744129,-1.5329493672056206e-06
2461658.5,A.D. 2027-Sep-10 00:00:00.0000,0.9801400659486573,-0.23171682268181215,1.0570870493441617e-05,0.0036721792477987674,0.016677120815866302,-1.6156084332630298e-06
2461659.5,A.D. 2027-Sep-11 00:00:00.0000,0.9836702867586437,-0.21500766270161753,8.924652411609967e-06,0.0033881031711736503,0.01674041775084267,-1.6723735548536835e-06
2461660.5,A.D. 2027-Sep-12 00:00:00.0000,0.9869159630223835,-0.1982375458063671,7.235241033042085e-06,0.0031030991222140794,0.016799038741030496,-1.7018056858179947e-06
2461661.5,A.D. 2027-Sep-13 00:00:00.0000,0.9898761927832092,-0.1814111359661081,5.530435236789733e-06,0.0028172182092387407,0.016853007430865447,-1.7030774070773779e-06
2461662.5,A.D. 2027-Sep-14 00:00:00.0000,0.9925501222225105,-0.1645330744505703,3.83853308144963e-06,0.002530505395292997,0.01690234551047219,-1.6760353509998828e-06
2461663.5,A.D. 2027-Sep-15 00:00:00.0000,0.9949369389101513,-0.14760798216331955,2.187595167572228e-06,0.0022429983172758887,0.016947071778431376,-1.6213337549965771e-06
2461664.5,A.D. 2027-Sep-16 00:00:00.0000,0.9970358640410656,-0.13064046341535648,6.045569704997779e-07,0.001954726518976959,0.01698720023701724,-1.540595200793418e-06
2461665.5,A.D. 2027-Sep-17 00:00:00.0000,0.998846144287368,-0.11363511196522774,-8.858136842561672e-07,0.0016657115022642548,0.01702273752850916,-1.4365520733440036e-06
2461666.5,A.D. 2027-Sep-18 00:00:00.0000,1.0003670442077428,-0.09659651977452184,-2.262073739015695e-06,0.0013759678062435555,0.017053680144970527,-1.3131286734074022e-06
2461667.5,A.D. 2027-Sep-19 00:00:00.0000,1.001597840250495,-0.07952928848046793,-3.5073035098486552e-06,0.0010855050938493678,0.017080011850536023,-1.1754397256205097e-06
2461668.5,A.D. 2027-Sep-20 00:00:00.0000,1.002537817267071,-0.0624380432023582,-4.610259551910053e-06,0.0007943310437567594,0.017101701626761414,-1.0297012997060289e-06
2461669.5,A.D. 2027-Sep-21 00:00:00.0000,1.003186268216777,-0.045327448089467516,-5.566398926770634e-06,0.0005024548075754133,0.017118702244539902,-8.830650543801638e-07
2461670.5,A.D. 2027-Sep-22 00:00:00.0000,1.0035424975609903,-0.028202223003772023,-6.3787042091578284e-06,0.00020989093549435357,0.017130949409075384,-7.43386075940278e-07
2461671.5,A.D. 2027-Sep-23 00:00:00.0000,1.0036058288725571,-0.01106716078520528,-7.058240360879194e-06,-8.33360716133278e-05,0.017138361466178163,-6.189146660499008e-07
2461672.5,A.D. 2027-Sep-24 00:00:00.0000,1.0033756174507362,0.006072855580628476,-7.624349606079795e-06,-0.00037718624533468085,0.017140839985445144,-5.178712641412379e-07
2461673.5,A.D. 2027-Sep-25 00:00:00.0000,1.0028512690315725,0.02321283715199085,-8.10433723551441e-06,-0.0006715974860344356,0.017138272084174375,-4.4784321486513947e-07
2461674.5,A.D. 2027-Sep-26 00:00:00.0000,1.0020322655579401,0.0403476769629935,-8.532446422251925e-06,-0.0009664782891174165,0.0171305358273088,-4.149651487707539e-07
2461675.5,A.D. 2027-Sep-27 00:00:00.0000,1.0009181978423995,0.057472145422779806,-8.947923005566015e-06,-0.0012617016473216612,0.01711750989147668,-4.229400592926601e-07
2461676.5,A.D. 2027-Sep-28 00:00:00.0000,0.9995088025242835,0.07458089754796932,-9.39210438668004e-06,-0.0015571031139932391,0.017099087368134668,-4.72116455545594e-07
2461677.5,A.D. 2027-Sep-29 00:00:00.0000,0.9978039975848205,0.09166849512199601,-9.904758060018907e-06,-0.0018524860125549909,0.017075191169387077,-5.589743436467979e-07
2461678.5,A.D. 2027-Sep-30 00:00:00.0000,0.9958039085858807,0.10872944312460665,-1.0520255357142152e-05,-0.002147634629084143,0.0170457862707609,-6.763499689508642e-07
2461679.5,A.D. 2027-Oct-01 00:00:00.0000,0.9935088787684577,0.12575823473931846,-1.1264385190862534e-05,-0.0024423325108890426,0.017010883992491267,-8.144719945400653e-07
2461680.5,A.D. 2027-Oct-02 00:00:00.0000,0.9909194606456081,0.14274939573250145,-1.2152498885849798e-05,-0.0027363801344293197,0.016970536530009975,-9.625106606221815e-07
2461681.5,A.D. 2027-Oct-03 00:00:00.0000,0.9880363926142554,0.159697519383706,-1.318924394800983e-05,-0.003029606503947556,0.01692482425484298,-1.1101163090780271e-06
2461682.5,A.D. 2027-Oct-04 00:00:00.0000,0.9848605680894836,0.17659728721727622,-1.436963439254466e-05,-0.0033218724773797725,0.01687384092318421,-1.2485000537158166e-06
2461683.5,A.D. 2027-Oct-05 00:00:00.0000,0.9813930049528539,0.19344347592816039,-1.5680891380064652e-05,-0.003613067285505597,0.01681768145867897,-1.370892265380107e-06
2461684.5,A.D. 2027-Oct-06 00:00:00.0000,0.9776348205078919,0.2102309544236987,-1.710446751017799e-05,-0.0039031015907499277,0.01675643454920094,-1.4724842777664764e-06
2461685.5,A.D. 2027-Oct-07 00:00:00.0000,0.973587213751616,0.22695467587794657,-1.861784844774253e-05,-0.004191900229119929,0.016690179905084385,-1.5500812428147147e-06
2461686.5,A.D. 2027-Oct-08 00:00:00.0000,0.9692514542136804,0.24360966880386806,-2.0195954793725378e-05,-0.004479396535958009,0.016618988757829536,-1.6016798357803302e-06
2461687.5,A.D. 2027-Oct-09 00:00:00.0000,0.9646288753591685,0.26019102955777845,-2.1812145504098483e-05,-0.004765528924385002,0.016542925974448754,-1.626110180193106e-06
2461688.5,A.D. 2027-Oct-10 00:00:00.0000,0.9597208703111755,0.2766939172071408,-2.3438925455900138e-05,-0.005050239610121532,0.0164620524901056,-1.622808437453407e-06
2461689.5,A.D. 2027-Oct-11 00:00:00.0000,0.9545288879591373,0.29311355060886574,-2.504849970443707e-05,-0.00533347502444838,0.016376427180897834,-1.5917377684911586e-06
2461690.5,A.D. 2027-Oct-12 00:00:00.0000,0.9490544280508427,0.3094452068394225,-2.6613319555476397e-05,-0.005615187330867291,0.016286107623603788,-1.5334477265662594e-06
2461691.5,A.D. 2027-Oct-13 00:00:00.0000,0.9432990344837977,0.32568421968542455,-2.810674630945368e-05,-0.005895336395794021,0.01619114942035645,-1.449244174219637e-06
2461692.5,A.D. 2027-Oct-14 00:00:00.0000,0.9372642866963588,0.3418259766876527,-2.9503922088501794e-05,-0.006173891492296761,0.0160916039844032,-1.341424397185321e-06
2461693.5,A.D. 2027-Oct-15 00:00:00.0000,0.9309517898088815,0.35786591326223016,-3.0782882301188135e-05,-0.0064508319690958415,0.015987514967290062,-1.213513011286331e-06
2461694.5,A.D. 2027-Oct-16 00:00:00.0000,0.924363164910608,0.3737995027806662,-3.1925871715505176e-05,-0.006726146191175474,0.015878913872552452,-1.0704194953779296e-06
2461695.5,A.D. 2027-Oct-17 00:00:00.0000,0.917500041456542,0.3896222422209898,-3.292074568039727e-05,-0.0069998283491470754,0.01576581575753836,-9.184393233444881e-07
2461696.5,A.D. 2027-Oct-18 00:00:00.0000,0.9103640539011175,0.40532963401413363,-3.37622710487187e-05,-0.007271873243409333,0.01564821609949992,-7.650472917800349e-07
2461697.5,A.D. 2027-Oct-19 00:00:00.0000,0.9029568442987177,0.42091716573565663,-3.445311337670406e-05,-0.007542269720285019,0.015526089739143479,-6.184811772654205e-07
2461698.5,A.D. 2027-Oct-20 00:00:00.0000,0.8952800717110322,0.4363802899804,-3.5004322625813725e-05,-0.0078109938080056255,0.015399392321189354,-4.871673306627098e-07
2461699.5,A.D. 2027-Oct-21 00:00:00.0000,0.8873354281899917,0.45171440687297487,-3.543519963482486e-05,-0.008078002576714793,0.015268064052686329,-3.790711326778507e-07
2461700.5,A.D. 2027-Oct-22 00:00:00.0000,0.8791246602465821,0.4669148512665726,-3.577250903429956e-05,-0.008343229376029543,0.015132035215994016,-3.0105028189416284e-07
2461701.5,A.D. 2027-Oct-23 00:00:00.0000,0.8706495942865483,0.48197688609081185,-3.604906810386616e-05,-0.00860658067661413,0.014991232880766425,-2.5825850980968803e-07
2461702.5,A.D. 2027-Oct-24 00:00:00.0000,0.8619121643757234,0.4968957028831727,-3.6301774004211876e-05,-0.008867934591488406,0.014845588537951405,-2.536215726429805e-07
2461703.5,A.D. 2027-Oct-25 00:00:00.0000,0.8529144405285303,0.5116664303811258,-3.656915372610743e-05,-0.009127141397554862,0.014695046568500791,-2.8741418327155314e-07
2461704.5,A.D. 2027-Oct-26 00:00:00.0000,0.8436586551831202,0.5262841518822712,-3.688856877207255e-05,-0.009384026787459159,0.014539573201565955,-3.5700885720251544e-07
2461705.5,A.D. 2027-Oct-27 00:00:00.0000,0.8341472247090106,0.5407439313838985,-3.729330222631319e-05,-0.009638398654770841,0.014379164850894577,-4.569131739552111e-07
2461706.5,A.D. 2027-Oct-28 00:00:00.0000,0.8243827622735823,0.5550408469551906,-3.780987580140757e-05,-0.009890057499476116,0.014213853871213046,-5.792057189607491e-07
2461707.5,A.D. 2027-Oct-29 00:00:00.0000,0.8143680789933724,0.5691700276710003,-3.845601449220073e-05,-0.01013880908987138,0.014043709624200158,-7.143853967387616e-07
2461708.5,A.D. 2027-Oct-30 00:00:00.0000,0.8041061724128825,0.5831266887632599,-3.923961405374765e-05,-0.010384476612406922,0.013868833830014292,-8.524905495089221e-07
2461709.5,A.D. 2027-Oct-31 00:00:00.0000,0.7936002043963691,0.5969061595835787,-4.015885205840446e-05,-0.010626909244884252,0.013689351172794665,-9.842168480799904e-07
2461710.5,A.D. 2027-Nov-01 00:00:00.0000,0.7828534730834508,0.6105039008840188,-4.120329746615328e-05,-0.010865985312998596,0.013505397866601807,-1.10175759471484e-06
2461711.5,A.D. 2027-Nov-02 00:00:00.0000,0.7718693843955027,0.6239155109704179,-4.235565076807795e-05,-0.01110161023114366,0.013317111307591712,-1.1992134463650991e-06
2461712.5,A.D. 2027-Nov-03 00:00:00.0000,0.7606514274836067,0.6371367230093039,-4.3593679042790714e-05,-0.011333711063909154,0.01312462295825327,-1.2725877442781784e-06
2461713.5,A.D. 2027-Nov-04 00:00:00.0000,0.7492031563199503,0.6501633971396725,-4.489199310471929e-05,-0.011562230049512774,0.012928055046745338,-1.3195033141215338e-06
2461714.5,A.D. 2027-Nov-05 00:00:00.0000,0.7375281774747707,0.662991510948929,-4.622347299330706e-05,-0.011787118945488898,0.012727520417632816,-1.3388090084010575e-06
2461715.5,A.D. 2027-Nov-06 00:00:00.0000,0.7256301426866888,0.6756171508734977,-4.756030381005284e-05,-0.012008335191010036,0.012523124315402189,-1.3302121486775368e-06
2461716.5,A.D. 2027-Nov-07 00:00:00.0000,0.7135127442372975,0.6880365058344022,-4.8874693414717233e-05,-0.012225840129754466,0.012314966886282277,-1.294019196568564e-06
2461717.5,A.D. 2027-Nov-08 00:00:00.0000,0.7011797111489563,0.7002458633197197,-5.013940151043468e-05,-0.012439599081820202,0.012103145432547655,-1.2310209563770162e-06
2461718.5,A.D. 2027-Nov-09 00:00:00.0000,0.6886348045613006,0.71224160729319,-5.1328229726672215e-05,-0.012649582830139677,0.011887755709554628,-1.1425286056595746e-06
2461719.5,A.D. 2027-Nov-10 00:00:00.0000,0.6758818111462712,0.7240202166949701,-5.2416618202482486e-05,-0.012855769949745294,0.011668891736982335,-1.030546824845125e-06
2461720.5,A.D. 2027-Nov-11 00:00:00.0000,0.6629245340724634,0.7355782628468115,-5.338247048932542e-05,-0.013058149238180846,0.011446643749710486,-8.980493613444011e-07
2461721.5,A.D. 2027-Nov-12 00:00:00.0000,0.6497667818840674,0.746912403810626,-5.420727974431813e-05,-0.013256721273593619,0.011221094164423373,-7.492921254486796e-07
2461722.5,A.D. 2027-Nov-13 00:00:00.0000,0.6364123567404238,0.7580193738414287,-5.48775452220586e-05,-0.013451497935296439,0.010992311914942189,-5.900601943285874e-07
2461723.5,A.D. 2027-Nov-14 00:00:00.0000,0.6228650446205428,0.7688959667755091,-5.5386347134927616e-05,-0.01364249880560113,0.010760346235420786,-4.2771397627082145e-07
2461724.5,A.D. 2027-Nov-15 00:00:00.0000,0.6091286109179176,0.7795390136670262,-5.5734812146026576e-05,-0.013829743997845192,0.010525221728339631,-2.709069033867845e-07
2461725.5,A.D. 2027-Nov-16 00:00:00.0000,0.5952068047385305,0.7899453570377436,-5.593310479355074e-05,-0.014013244169169173,0.010286936860681124,-1.2892042690236845e-07
2461726.5,A.D. 2027-Nov-17 00:00:00.0000,0.58110337375265,0.8001118260212189,-5.6000589232745264e-05,-0.014192989847690504,0.010045467399281133,-1.0695205352051427e-08
2461727.5,A.D. 2027-Nov-18 00:00:00.0000,0.566822088876107,0.8100352174663346,-5.596495459412235e-05,-0.014368942915006325,0.00980077472671293,7.622982617950594e-08
2461728.5,A.D. 2027-Nov-19 00:00:00.0000,0.5523667753838668,0.8197122870961907,-5.586034337525923e-05,-0.014541032525247492,0.009552817217408322,1.266093738811321e-07
2461729.5,A.D. 2027-Nov-20 00:00:00.0000,0.5377413455272698,0.8291397524363742,-5.572475730893252e-05,-0.01470915613672303,0.009301561939901457,1.3802426362692222e-07
2461730.5,A.D. 2027-Nov-21 00:00:00.0000,0.5229498279256172,0.8383143065920143,-5.559713634218749e-05,-0.014873184664657493,0.0090469943563388,1.1100702122414406e-07
2461731.5,A.D. 2027-Nov-22 00:00:00.0000,0.5079963904884978,0.8472326402170818,-5.551448717263349e-05,-0.015032969960995544,0.008789124941031002,4.8836095181941144e-08
2461732.5,A.D. 2027-Nov-23 00:00:00.0000,0.49288535537392053,0.8558914685682102,-5.550933333695141e-05,-0.015188353059978447,0.008527992811261447,-4.288251788557546e-08
2461733.5,A.D. 2027-Nov-24 00:00:00.0000,0.4776212056927435,0.8642875609361886,-5.560765019870411e-05,-0.015339172362388177,0.008263666948356561,-1.5675602000784133e-07
2461734.5,A.D. 2027-Nov-25 00:00:00.0000,0.46220858418022187,0.8724177702793092,-5.5827383279489716e-05,-0.015485271493867107,0.007996245414377417,-2.8422714025415075e-07
2461735.5,A.D. 2027-Nov-26 00:00:00.0000,0.4466522842487649,0.8802790610942165,-5.6177622379811155e-05,-0.015626506628356806,0.007725852592582786,-4.16259925703308e-07
2461736.5,A.D. 2027-Nov-27 00:00:00.0000,0.43095723419241494,0.887868533497758,-5.665847933791143e-05,-0.01576275273802713,0.007452634371128528,-5.440517509740331e-07
2461737.5,A.D. 2027-Nov-28 00:00:00.0000,0.4151284760273206,0.8951834415495896,-5.7261660134034756e-05,-0.01589390792159533,0.007176751532532451,-6.596940521565337e-07
2461738.5,A.D. 2027-Nov-29 00:00:00.0000,0.39917114129850834,0.9022212044013278,-5.797162996639956e-05,-0.016019895051636108,0.006898372208099953,-7.566809286578396e-07
2461739.5,A.D. 2027-Nov-30 00:00:00.0000,0.3830904266937239,0.9089794099647216,-5.8767175200745454e-05,-0.016140660544097386,0.006617664689948733,-8.301849578696722e-07
2461740.5,A.D. 2027-Dec-01 00:00:00.0000,0.3668915721204693,0.9154558121056706,-5.9623112867182534e-05,-0.01625617081449685,0.006334791846136467,-8.7707888555706e-07
2461741.5,A.D. 2027-Dec-02 00:00:00.0000,0.35057984302849654,0.9216483233871097,-6.0511911803850024e-05,-0.016366407541711113,0.006049907866044604,-8.957497591966456e-07
2461742.5,A.D. 2027-Dec-03 00:00:00.0000,0.33416051754213155,0.927555005760469,-6.140506117822107e-05,-0.01647136297705013,0.005763157361454111,-8.857964790614843e-07
2461743.5,A.D. 2027-Dec-04 00:00:00.0000,0.31763887784121886,0.9331740613277546,-6.22741201502463e-05,-0.016571036263314274,0.005474676284955761,-8.47710074254541e-07
2461744.5,A.D. 2027-Dec-05 00:00:00.0000,0.3010202044817014,0.9385038245962395,-6.309147380851213e-05,-0.01666543128645728,0.005184593853600965,-7.826169801876018e-07
2461745.5,A.D. 2027-Dec-06 00:00:00.0000,0.2843097720360911,0.9435427568076208,-6.383088639592614e-05,-0.016754556175733598,0.004893034640850353,-6.921364686968447e-07
2461746.5,A.D. 2027-Dec-07 00:00:00.0000,0.26751284447243184,0.9482894421283673,-6.44679802718786e-05,-0.01683842427924237,0.0046001200920164735,-5.783769577395589e-07
2461747.5,A.D. 2027-Dec-08 00:00:00.0000,0.2506346689704137,0.952742584794682,-6.498078303464008e-05,-0.016917056234124754,0.004305968816864066,-4.4407503231203065e-07
2461748.5,A.D. 2027-Dec-09 00:00:00.0000,0.23368046735997658,0.9569010056988774,-6.535047881857086e-05,-0.016990482527607466,0.004010695093527955,-2.9285968266652827e-07
2461749.5,A.D. 2027-Dec-10 00:00:00.0000,0.21665542512303843,0.960763636398978,-6.55624675516173e-05,-0.017058745622066347,0.0037144051621906256,-1.2959206971169077e-07
2461750.5,A.D. 2027-Dec-11 00:00:00.0000,0.19956467902867484,0.9643295082756844,-6.560776247313514e-05,-0.017121900307057236,0.00341719127329966,3.9319630116456375e-08
2461751.5,A.D. 2027-Dec-12 00:00:00.0000,0.18241330597778596,0.9675977348946639,-6.548462453877429e-05,-0.017180010656324775,0.0031191242754509984,2.0579327712462432e-07
2461752.5,A.D. 2027-Dec-13 00:00:00.0000,0.16520631717787893,0.9705674870166513,-6.520014558212078e-05,-0.017233142267198544,0.0028202467749389405,3.603355356420435e-07
2461753.5,A.D. 2027-Dec-14 00:00:00.0000,0.14794866250143507,0.9732379623560584,-6.477130445460859e-05,-0.01728134984454412,0.0025205700599230645,4.928475941218401e-07
2461754.5,A.D. 2027-Dec-15 00:00:00.0000,0.13064524866595137,0.9756083555291187,-6.422494813907494e-05,-0.017324662607980483,0.002220077982545218,5.939420535045413e-07
2461755.5,A.D. 2027-Dec-16 00:00:00.0000,0.11330097117957343,0.9776778359668779,-6.359631719542297e-05,-0.01736307224262828,0.0019187389085180714,6.564644307790302e-07
2461756.5,A.D. 2027-Dec-17 00:00:00.0000,0.09592075496406528,0.9794455409084999,-6.292615293277036e-05,-0.017396528249960047,0.0016165231964500315,6.767217120029062e-07
2461757.5,A.D. 2027-Dec-18 00:00:00.0000,0.07850959490068164,0.9809105864205487,-6.225691097358453e-05,-0.01742494274246348,0.0013134207609080354,6.549916451663193e-07
2461758.5,A.D. 2027-Dec-19 00:00:00.0000,0.06107258758253312,0.9820720936931931,-6.162888521887802e-05,-0.017448202584427624,0.0010094533558184043,5.952074226083285e-07
2461759.5,A.D. 2027-Dec-20 00:00:00.0000,0.04361494918364839,0.9829292238171657,-6.107696942593502e-05,-0.017466184173453133,0.0007046791668166148,5.040580777762961e-07
2461760.5,A.D. 2027-Dec-21 00:00:00.0000,0.026142019134189096,0.9834812136406946,-6.0628448157266075e-05,-0.017478766471964644,0.0003991907769866294,3.8989300329702803e-07
2461761.5,A.D. 2027-Dec-22 00:00:00.0000,0.008659252649386193,0.9837274074677623,-6.0301845041015526e-05,-0.017485840115605653,9.310940312254762e-05,2.617401874121494e-07
2461762.5,A.D. 2027-Dec-23 00:00:00.0000,-0.008827793840166163,0.9836672823085859,-6.010663377092896e-05,-0.017487312641332544,-0.00021342186843841825,1.285700976092902e-07
2461763.5,A.D. 2027-Dec-24 00:00:00.0000,-0.026313481015072398,0.9833004665602116,-6.004356376047703e-05,-0.01748311099512671,-0.0005202443104893856,-1.207166886632343e-09
2461764.5,A.D. 2027-Dec-25 00:00:00.0000,-0.04379210665666403,0.9826267529195081,-6.010540167269271e-05,-0.017473182514849837,-0.0008271888682765589,-1.2008360937640354e-07
2461765.5,A.D. 2027-Dec-26 00:00:00.0000,-0.06125792616953495,0.9816461063534029,-6.0277962077589455e-05,-0.01745749507925048,-0.0011340807894641162,-2.2169763244233563e-07
2461766.5,A.D. 2027-Dec-27 00:00:00.0000,-0.07870517291967252,0.9803586676500444,-6.0541346245805575e-05,-0.017436036584426523,-0.0014407438659746815,-3.010071222889973e-07
2461767.5,A.D. 2027-Dec-28 00:00:00.0000,-0.09612807766941901,0.9787647528893004,-6.087131646152299e-05,-0.017408813637222294,-0.001747004335046267,-3.543845874288281e-07
2461768.5,A.D. 2027-Dec-29 00:00:00.0000,-0.11352088627577339,0.9768648492724248,-6.124071895465245e-05,-0.017375849392559966,-0.002052694203580142,-3.796167604884325e-07
2461769.5,A.D. 2027-Dec-30 00:00:00.0000,-0.13087787485398908,0.9746596080658655,-6.162085553349727e-05,-0.01733718069710044,-0.0023576536377148648,-3.75803436665707e-07
2461770.5,A.D. 2027-Dec-31 00:00:00.0000,-0.14819336190367915,0.9721498357399502,-6.198271072683867e-05,-0.017292854956054923,-0.0026617321584499983,-3.4317505479816294e-07
2461771.5,A.D. 2028-Jan-01 00:00:00.0000,-0.16546171738996077,0.9693364845240348,-6.229797274505211e-05,-0.01724292726875967,-0.0029647886363528544,-2.828710805137505e-07
2461772.5,A.D. 2028-Jan-02 00:00:00.0000,-0.18267736930937956,0.9662206434638986,-6.253983506651319e-05,-0.01718745833459302,-0.003266690358286966,-1.967317456665842e-07
2461773.5,A.D. 2028-Jan-03 00:00:00.0000,-0.19983480869290846,0.9628035306818107,-6.268361746253924e-05,-0.01712651345765948,-0.0035673116474195157,-8.715259367263248e-08
2461774.5,A.D. 2028-Jan-04 00:00:00.0000,-0.2169285942152001,0.959086486996707,-6.270728910730966e-05,-0.01706016275211842,-0.003866532625683173,4.2960996530718375e-08
2461775.5,A.D. 2028-Jan-05 00:00:00.0000,-0.23395335756422755,0.9550709704508288,-6.259200555029674e-05,-0.01698848241560373,-0.004164238743111407,1.9011870516895356e-07
2461776.5,A.D. 2028-Jan-06 00:00:00.0000,-0.2509038104688591,0.9507585506639387,-6.232278224215197e-05,-0.016911556682534693,-0.004460321694357944,3.500492556091626e-07
2461777.5,A.D. 2028-Jan-07 00:00:00.0000,-0.2677747537358001,0.946150901339426,-6.188941404730301e-05,-0.016829479734888433,-0.004754682279393873,5.17412587027092e-07
2461778.5,A.D. 2028-Jan-08 00:00:00.0000,-0.28456108770721156,0.9412497887877499,-6.128769910763724e-05,-0.01674235639369522,-0.0050472355232785045,6.854969923591588e-07
2461779.5,A.D. 2028-Jan-09 00:00:00.0000,-0.3012578221235831,0.9360570542949848,-6.0520915344476536e-05,-0.016650299930013678,-0.0053379177277800526,8.460476870391984e-07
2461780.5,A.D. 2028-Jan-10 00:00:00.0000,-0.31786008159078427,0.9305745890589752,-5.960131372170826e-05,-0.016553425192343565,-0.005626693889481697,9.894453455774038e-07
2461781.5,A.D. 2028-Jan-11 00:00:00.0000,-0.334363101375574,0.9248043028003341,-5.855115936315066e-05,-0.01645183614233689,-0.005913562264685146,1.105464154228504e-06
2461782.5,A.D. 2028-Jan-12 00:00:00.0000,-0.3507622084635661,0.9187480910192588,-5.740267823960284e-05,-0.016345609400265866,-0.00619855180988482,1.1846934686068494e-06
2461783.5,A.D. 2028-Jan-13 00:00:00.0000,-0.3670527861684658,0.912407809764739,-5.6196339255010534e-05,-0.01623477892158324,-0.006481709499667339,1.2203680536400855e-06
2461784.5,A.D. 2028-Jan-14 00:00:00.0000,-0.38323022697401155,0.9057852677912728,-5.497735428511988e-05,-0.01611932893694913,-0.006763078960666308,1.2099757475929943e-06
2461785.5,A.D. 2028-Jan-15 00:00:00.0000,-0.39928988466703774,0.8988822417277195,-5.379098878951129e-05,-0.015999199933660356,-0.007042677293209898,1.155929215089347e-06
2461786.5,A.D. 2028-Jan-16 00:00:00.0000,-0.4152270386216736,0.8917005115748062,-5.267782578721572e-05,-0.015874306138925907,-0.007320478913182204,1.0649882989933442e-06
2461787.5,A.D. 2028-Jan-17 00:00:00.0000,-0.43103687842929567,0.8842419064527977,-5.167012323678233e-05,-0.015744557285096702,-0.007596411528117885,9.467485377773307e-07
2461788.5,A.D. 2028-Jan-18 00:00:00.0000,-0.44671450901017656,0.8765083486055735,-5.078986610824288e-05,-0.015609876714227696,-0.007870362962878508,8.118828786509363e-07
2461789.5,A.D. 2028-Jan-19 00:00:00.0000,-0.4622549700671096,0.8685018873547137,-5.004844013587142e-05,-0.015470211683137527,-0.008142193416271737,6.707282125425339e-07
2461790.5,A.D. 2028-Jan-20 00:00:00.0000,-0.47765326196215796,0.8602247204220108,-4.94474328641165e-05,-0.015325536250394914,-0.008411747736142937,5.324530940680026e-07
2461791.5,A.D. 2028-Jan-21 00:00:00.0000,-0.4929043718973877,0.8516792043241777,-4.897999803093608e-05,-0.015175849522490122,-0.008678864734713488,4.047351741362046e-07
2461792.5,A.D. 2028-Jan-22 00:00:00.0000,-0.5080032972515152,0.8428678572241924,-4.86323698299119e-05,-0.01502117212593987,-0.008943383023877715,2.937489723039702e-07
2461793.5,A.D. 2028-Jan-23 00:00:00.0000,-0.5229450653167786,0.833793357364396,-4.838531405762723e-05,-0.01486154274123625,-0.009205144207813152,2.0427881038737133e-07
2461794.5,A.D. 2028-Jan-24 00:00:00.0000,-0.5377247499413611,0.8244585391399631,-4.821545444381504e-05,-0.01469701542615093,-0.009463994592286074,1.3984292533715404e-07
2461795.5,A.D. 2028-Jan-25 00:00:00.0000,-0.5523374859036524,0.8148663878079777,-4.809648982177497e-05,-0.014527657714878938,-0.009719786321676332,1.0278515465908176e-07
2461796.5,A.D. 2028-Jan-26 00:00:00.0000,-0.5667784816349116,0.8050200331263472,-4.800033567765779e-05,-0.014353549149204739,-0.009972378427103006,9.433752874719094e-08
2461797.5,A.D. 2028-Jan-27 00:00:00.0000,-0.5810430305322282,0.794922741936325,-4.78982078997533e-05,-0.014174779876883831,-0.01022163788156896,1.1467775079514752e-07
2461798.5,A.D. 2028-Jan-28 00:00:00.0000,-0.595126520809571,0.7845779097421579,-4.776164149951991e-05,-0.013991449114160812,-0.01046744051517299,1.6300470718668542e-07
2461799.5,A.D. 2028-Jan-29 00:00:00.0000,-0.6090244437437445,0.7739890515360691,-4.756342040946606e-05,-0.013803663494891103,-0.010709671577087755,2.3764065042321321e-07
2461800.5,A.D. 2028-Jan-30 00:00:00.0000,-0.6227324002948699,0.7631597922963366,-4.727839538073264e-05,-0.013611535516125591,-0.010948225820376873,3.3614956049049846e-07
2461801.5,A.D. 2028-Jan-31 00:00:00.0000,-0.636246106342333,0.7520938576226848,-4.688418582801338e-05,-0.013415182372274475,-0.01118300717014413,4.5544568956806164e-07
2461802.5,A.D. 2028-Feb-01 00:00:00.0000,-0.6495613970576567,0.7407950648089854,-4.63617916196294e-05,-0.013214725426335656,-0.011413928240862035,5.918597021499202e-07
2461803.5,A.D. 2028-Feb-02 00:00:00.0000,-0.6626742311153809,0.7292673142986179,-4.5696172305314064e-05,-0.013010290412811619,-0.011640910136677673,7.411337583207421e-07
2461804.5,A.D. 2028-Feb-03 00:00:00.0000,-0.6755806954239851,0.7175145809780821,-4.487687368852955e-05,-0.012802008226348752,-0.01186388306708807,8.983310462654544e-07
2461805.5,A.D. 2028-Feb-04 00:00:00.0000,-0.6882770107592207,0.705540904220709,-4.389878459793878e-05,-0.012590015828546497,-0.012082788313947067,1.0576704174714765e-06
2461806.5,A.D. 2028-Feb-05 00:00:00.0000,-0.7007595380170355,0.6933503751159368,-4.276307761473685e-05,-0.01237445639585433,-0.01229758193114596,1.2123364903875176e-06
2461807.5,A.D. 2028-Feb-06 00:00:00.0000,-0.7130247836967977,0.6809471191318173,-4.1478309740376466e-05,-0.012155477375143378,-0.012508240105883476,1.354373377147976e-06
2461808.5,A.D. 2028-Feb-07 00:00:00.0000,-0.7250694017176577,0.6683352729514707,-4.006151668713311e-05,-0.011933224825520696,-0.012714765172837513,1.4748382251962735e-06
2461809.5,A.D. 2028-Feb-08 00:00:00.0000,-0.7368901871613044,0.6555189559272623,-3.8538933447158717e-05,-0.011707832822015986,-0.012917189818274654,1.5644299967333965e-06
2461810.5,A.D. 2028-Feb-09 00:00:00.0000,-0.748484057062218,0.6425022398171136,-3.694578078892215e-05,-0.011479408479140286,-0.01311557559857424,1.6147372431940028e-06
2461811.5,A.D. 2028-Feb-10 00:00:00.0000,-0.7598480154832599,0.6292891244950084,-3.532452869081005e-05,-0.011248016456869982,-0.013310002007939449,1.6199836354617623e-06
2461812.5,A.D. 2028-Feb-11 00:00:00.0000,-0.7709791057080528,0.6158835297432949,-3.372137036627598e-05,-0.011013669998143526,-0.013500545629572836,1.5787397730576922e-06
2461813.5,A.D. 2028-Feb-12 00:00:00.0000,-0.7818743597040998,0.6022893108006481,-3.2181333948467514e-05,-0.01077633522877002,-0.013687254905183383,1.494804117282534e-06
2461814.5,A.D. 2028-Feb-13 00:00:00.0000,-0.7925307592675215,0.5885102972001838,-3.07431878224091e-05,-0.010535949688433941,-0.01387013053180341,1.3766919811398633e-06
2461815.5,A.D. 2028-Feb-14 00:00:00.0000,-0.8029452201819134,0.5745503447279364,-2.943552380192161e-05,-0.010292448160060839,-0.01404911965577528,1.235881661195052e-06
2461816.5,A.D. 2028-Feb-15 00:00:00.0000,-0.8131146014532192,0.5604133856649035,-2.8274899743242148e-05,-0.010045785356290034,-0.014224124514019845,1.0846070326155285e-06
2461817.5,A.D. 2028-Feb-16 00:00:00.0000,-0.8230357324781362,0.5461034656428004,-2.7266046039907976e-05,-0.009795948477868218,-0.01439501919224469,9.340526945564791e-07
2461818.5,A.D. 2028-Feb-17 00:00:00.0000,-0.8327054472596207,0.5316247630567045,-2.640347690770244e-05,-0.009542959144736612,-0.014561666603715046,7.933739318173742e-07
2461819.5,A.D. 2028-Feb-18 00:00:00.0000,-0.8421206167610106,0.5169815935967221,-2.5673681721867003e-05,-0.00928686853401958,-0.014723930808629765,6.694769248318109e-07
2461820.5,A.D. 2028-Feb-19 00:00:00.0000,-0.8512781749140659,0.5021784053371209,-2.505727974255556e-05,-0.00902775020342801,-0.014881683666649718,5.672562105281162e-07
2461821.5,A.D. 2028-Feb-20 00:00:00.0000,-0.8601751376158738,0.48721976950339363,-2.453083705501769e-05,-0.008765693584064671,-0.015034807140182719,4.899910931339642e-07
2461822.5,A.D. 2028-Feb-21 00:00:00.0000,-0.8688086161214159,0.4721103703063506,-2.406829123464121e-05,-0.008500799362239074,-0.015183193163407176,4.397123993805583e-07
2461823.5,A.D. 2028-Feb-22 00:00:00.0000,-0.8771758268108292,0.45685499544536096,-2.3642060764378567e-05,-0.008233176792427046,-0.015326742647568378,4.1746021676711213e-07
2461824.5,A.D. 2028-Feb-23 00:00:00.0000,-0.8852740990359631,0.4414585276088241,-2.32239563478531e-05,-0.007962942438981048,-0.015465364594848232,4.2342503169341823e-07
2461825.5,A.D. 2028-Feb-24 00:00:00.0000,-0.8931008821564164,0.4259259366040839,-2.278599823434433e-05,-0.00769021970941032,-0.015598975762781972,4.570009342092682e-07
2461826.5,A.D. 2028-Feb-25 00:00:00.0000,-0.9006537522651625,0.4102622715104745,-2.2301207312500353e-05,-0.007415138619866412,-0.01572750093989299,5.167918321364234e-07
2461827.5,A.D. 2028-Feb-26 00:00:00.0000,-0.907930418628355,0.39447265231760453,-2.1744397184492863e-05,-0.0071378354125603205,-0.015850873658123262,6.006088234661411e-07
2461828.5,A.D. 2028-Feb-27 00:00:00.0000,-0.9149287295922964,0.37856226074624016,-2.10929618941458e-05,-0.00685845186428113,-0.015969037068302425,7.054844108829353e-07
2461829.5,A.D. 2028-Feb-28 00:00:00.0000,-0.9216466776561741,0.36253633021822945,-2.0327636881898108e-05,-0.006577134331333626,-0.016081944734640502,8.277116382758174e-07
2461830.5,A.D. 2028-Feb-29 00:00:00.0000,-0.9280824035311113,0.34640013512466816,-1.943321157661739e-05,-0.006294032713501528,-0.016189561241524916,9.628989563606981e-07
2461831.5,A.D. 2028-Mar-01 00:00:00.0000,-0.9342341992100306,0.3301589795520319,-1.8399187444477726e-05,-0.006009299539876839,-0.016291862702911507,1.1060207301193623e-06
2461832.5,A.D. 2028-Mar-02 00:00:00.0000,-0.9401005102277262,0.31381818543804413,-1.7220396258143354e-05,-0.005723089260177353,-0.01638883745198933,1.2514437948625885e-06
2461833.5,A.D. 2028-Mar-03 00:00:00.0000,-0.9456799372591097,0.2973830797902488,-1.589760682589211e-05,-0.005435557575551664,-0.01648048729042437,1.3929251876248486e-06
2461834.5,A.D. 2028-Mar-04 00:00:00.0000,-0.9509712368713668,0.2808589802345972,-1.4438139703407498e-05,-0.005146860299282986,-0.016566829615320147,1.5236057956977562e-06
2461835.5,A.D. 2028-Mar-05 00:00:00.0000,-0.9559733205509295,0.26425117797365816,-1.2856464212518376e-05,-0.004857150873217525,-0.016647900431662605,1.6360673904918678e-06
2461836.5,A.D. 2028-Mar-06 00:00:00.0000,-0.9606852501160152,0.2475649175202843,-1.1174660505691221e-05,-0.004566575436664037,-0.016723757607501832,1.7225682689316557e-06
2461837.5,A.D. 2028-Mar-07 00:00:00.0000,-0.9651062265762977,0.23080537369203039,-9.42249652399072e-06,-0.004275264562821244,-0.0167944827278603,1.7756016669753566e-06
2461838.5,A.D. 2028-Mar-08 00:00:00.0000,-0.9692355690810098,0.21397762854479768,-7.63673654473425e-06,-0.003983321892687441,-0.016860178849093042,1.7888826044052853e-06
2461839.5,A.D. 2028-Mar-09 00:00:00.0000,-0.9730726818670856,0.1970866538588614,-5.859262561227536e-06,-0.0036908121486488566,-0.01692096122559461,1.7587039096893735e-06
2461840.5,A.D. 2028-Mar-10 00:00:00.0000,-0.9766170109629462,0.1801373070032023,-4.1337878643978846e-06,-0.003397753654124923,-0.016976939951651726,1.6853104203008408e-06
2461841.5,A.D. 2028-Mar-11 00:00:00.0000,-0.9798679982033047,0.16313434704199603,-2.5014382328635345e-06,-0.003104121287744909,-0.017028197825227204,1.5736778115814182e-06
2461842.5,A.D. 2028-Mar-12 00:00:00.0000,-0.982825044730747,0.14608247218712533,-9.961002295856028e-07,-0.002809862405561853,-0.01707477134127349,1.4331360979621374e-06
2461843.5,A.D. 2028-Mar-13 00:00:00.0000,-0.9854874954163143,0.12898637102540972,3.5922410385373167e-07,-0.0025149214695179985,-0.017116643265904664,1.2757824608344353e-06
2461844.5,A.D. 2028-Mar-14 00:00:00.0000,-0.9878546483876072,0.11185077377890473,1.5540985681100027e-06,-0.002219263924606865,-0.017153749841305067,1.1142808329260412e-06
2461845.5,A.D. 2028-Mar-15 00:00:00.0000,-0.9899257843082531,0.09468049066613414,2.590193906824853e-06,-0.0019228908243527144,-0.01718599813741416,9.599168624172106e-07
2461846.5,A.D. 2028-Mar-16 00:00:00.0000,-0.991700204313233,0.0774804312742833,3.4792741716273256e-06,-0.0016258416547494138,-0.01721328531118639,8.21485568880856e-07
2461847.5,A.D. 2028-Mar-17 00:00:00.0000,-0.9931772660364813,0.060255606588092106,4.240527864089638e-06,-0.0013281885152387984,-0.017235513298276765,7.05063128524629e-07
2461848.5,A.D. 2028-Mar-18 00:00:00.0000,-0.9943564116705481,0.043011119700370824,4.8979937240455035e-06,-0.0010300268320087738,-0.017252596728129357,6.143610804215493e-07
2461849.5,A.D. 2028-Mar-19 00:00:00.0000,-0.9952371867709766,0.025752151620421895,5.4784771586290995e-06,-0.0007314666260421904,-0.017264465156269244,5.512993099415647e-07
2461850.5,A.D. 2028-Mar-20 00:00:00.0000,-0.995819251476205,0.008483946734946242,6.0100373089896516e-06,-0.00043262623021858766,-0.017271061920544745,5.165442633872312e-07
2461851.5,A.D. 2028-Mar-21 00:00:00.0000,-0.9961023868253955,-0.008788199795385497,6.5209416354073255e-06,-0.00013362872267366668,-0.01727234170531771,5.09895926942453e-07
2461852.5,A.D. 2028-Mar-22 00:00:00.0000,-0.9960864986590722,-0.02605895216078484,7.038920488731422e-06,0.0001653994625320493,-0.017268268189182895,5.305025712274266e-07
2461853.5,A.D. 2028-Mar-23 00:00:00.0000,-0.9957716208974022,-0.04332294203916658,7.5905606801186374e-06,0.00046432852183520256,-0.01725881249732389,5.76930769688271e-07
2461854.5,A.D. 2028-Mar-24 00:00:00.0000,-0.9951579192192118,-0.06057477571202103,8.2007156136569e-06,0.0007630246095200795,-0.01724395272282615,6.471368164753328e-07
2461855.5,A.D. 2028-Mar-25 00:00:00.0000,-0.9942456954775072,-0.07780904123221047,8.891858505379549e-06,0.0010613491292898486,-0.0172236744850721,7.383897704166955e-07
2461856.5,A.D. 2028-Mar-26 00:00:00.0000,-0.9930353926382617,-0.09502031657913712,9.68335439013363e-06,0.0013591584603098632,-0.017197972294969253,8.471932997470328e-07
2461857.5,A.D. 2028-Mar-27 00:00:00.0000,-0.9915275996476661,-0.11220317943724763,1.0590669908642851e-05,0.0016563044053260344,-0.017166851370583096,9.69244762090668e-07
2461858.5,A.D. 2028-Mar-28 00:00:00.0000,-0.9897230554478212,-0.12935221884896073,1.1624571498396728e-05,0.0019526354417767375,-0.017130329506375327,1.0994554536543733e-06
2461859.5,A.D. 2028-Mar-29 00:00:00.0000,-0.9876226513796911,-0.14646204862057807,1.2790377609388876e-05,0.002247998664906669,-0.017088438666310223,1.232037885817105e-06
2461860.5,A.D. 2028-Mar-30 00:00:00.0000,-0.9852274313875812,-0.163527322105643,1.4087328005690133e-05,0.0025422422028280214,-0.017041226134710066,1.360650102332183e-06
2461861.5,A.D. 2028-Mar-31 00:00:00.0000,-0.9825385896556875,-0.18054274792289876,1.550811913429184e-05,0.0028352179178259967,-0.016988755253189936,1.4785811296201524e-06
2461862.5,A.D. 2028-Apr-01 00:00:00.0000,-0.9795574654105222,-0.19750310626317186,1.7038642014313757e-05,0.00312678439525598,-0.016931105885933793,1.5789711497121407e-06
2461863.5,A.D. 2028-Apr-02 00:00:00.0000,-0.9762855344892593,-0.21440326556102415,1.865796381268491e-05,0.0034168104889871756,-0.01686837467352842,1.6550841944154933e-06
2461864.5,A.D. 2028-Apr-03 00:00:00.0000,-0.9727243968945629,-0.2312381992168255,2.0338627034552726e-05,0.0037051798836430817,-0.01680067478969114,1.7006806720015995e-06
2461865.5,A.D. 2028-Apr-04 00:00:00.0000,-0.9688757591152158,-0.24800300149672375,2.2047397562622455e-05,0.0039917970250080105,-0.01672813434440232,1.7105525669754445e-06
2461866.5,A.D. 2028-Apr-05 00:00:00.0000,-0.9647414099101908,-0.2646929005805607,2.374664717792116e-05,0.004276594126095621,-0.01665089200755132,1.681257708292695e-06
2461867.5,A.D. 2028-Apr-06 00:00:00.0000,-0.9603231891302375,-0.2813032651940793,2.539655139666307e-05,0.004559537699191246,-0.016569088347013077,1.6119944328894978e-06
2461868.5,A.D. 2028-Apr-07 00:00:00.0000,-0.9556229514541059,-0.2978296001657884,2.695814858268477e-05,0.004840631593568218,-0.016482852431614067,1.5053984844641724e-06
2461869.5,A.D. 2028-Apr-08 00:00:00.0000,-0.9506425303562627,-0.31426752692792154,2.8397007991214576e-05,0.005119912954878132,-0.01639228570845632,1.367896823071272e-06
2461870.5,A.D. 2028-Apr-09 00:00:00.0000,-0.9453837105806654,-0.3306127484809811,2.9686875775443224e-05,0.005397439227468978,-0.01629744804963829,1.2092659344361242e-06
2461871.5,A.D. 2028-Apr-10 00:00:00.0000,-0.9398482173783235,-0.34686100399882686,3.0812432365772724e-05,0.005673268381582737,-0.01619835186328955,1.0413189641420231e-06
2461872.5,A.D. 2028-Apr-11 00:00:00.0000,-0.9340377264071521,-0.36300802311426617,3.177043309345509e-05,0.0059474386013424465,-0.016094967468632964,8.760771807502184e-07
2461873.5,A.D. 2028-Apr-12 00:00:00.0000,-0.9279538912208122,-0.3790494905850869,3.256902374441981e-05,0.0062199543958530315,-0.015987237713606724,7.240573403993618e-07
2461874.5,A.D. 2028-Apr-13 00:00:00.0000,-0.9215983797517032,-0.39498102775914934,3.32256360763496e-05,0.006490782667905251,-0.015875095814559082,5.932054125006955e-07
2461875.5,A.D. 2028-Apr-14 00:00:00.0000,-0.9149729101234005,-0.4107981908389656,3.376422214703149e-05,0.006759857434637556,-0.015758480285880005,4.886320680432726e-07
2461876.5,A.D. 2028-Apr-15 00:00:00.0000,-0.9080792791250305,-0.4264964811445093,3.421255306081669e-05,0.007027089009387947,-0.015637343781033645,4.1295484606514716e-07
2461877.5,A.D. 2028-Apr-16 00:00:00.0000,-0.9009193810642602,-0.4420713611180817,3.4600025044187496e-05,0.007292373487082874,-0.015511655962332227,3.6691597603563194e-07
2461878.5,A.D. 2028-Apr-17 00:00:00.0000,-0.8934952180974853,-0.4575182709901366,3.495610111108822e-05,0.007555600051229169,-0.01538140233457178,3.499998352992029e-07
2461879.5,A.D. 2028-Apr-18 00:00:00.0000,-0.8858089047082474,-0.47283264319037377,3.530930221465305e-05,0.007816655358700493,-0.01524658123357416,3.6089960565319137e-07
2461880.5,A.D. 2028-Apr-19 00:00:00.0000,-0.8778626691529935,-0.4880099135404136,3.568656816162066e-05,0.008075425324313183,-0.015107200616479325,3.9778927508836823e-07
2461881.5,A.D. 2028-Apr-20 00:00:00.0000,-0.8696588541204378,-0.5030455295687829,3.611279888254712e-05,0.008331795043268603,-0.014963275630355651,4.584181381017895e-07
2461882.5,A.D. 2028-Apr-21 00:00:00.0000,-0.8611999180664556,-0.5179349569961553,3.661041886182581e-05,0.00858564764610297,-0.014814827431628326,5.40070806445306e-07
2461883.5,A.D. 2028-Apr-22 00:00:00.0000,-0.8524884379188212,-0.5326736857386215,3.7198855789859515e-05,0.00883686282050517,-0.014661883407716748,6.394446924955552e-07
2461884.5,A.D. 2028-Apr-23 00:00:00.0000,-0.8435271131462048,-0.5472572368112271,3.789387869241865e-05,0.009085315666797098,-0.01450447872611672,7.525011434574483e-07
2461885.5,A.D. 2028-Apr-24 00:00:00.0000,-0.8343187705538119,-0.561681171333534,3.87067985769761e-05,0.009330876479370556,-0.014342658922624717,8.743492574538643e-07
2461886.5,A.D. 2028-Apr-25 00:00:00.0000,-0.8248663686364235,-0.5759411024382903,3.964359335130397e-05,0.009573411909291809,-0.014176483015815446,9.992194808496111e-07
2461887.5,A.D. 2028-Apr-26 00:00:00.0000,-0.8151729999793594,-0.5900327102713622,4.070407063249739e-05,0.009812787712690462,-0.01400602644857264,1.120571404046935e-06
2461888.5,A.D. 2028-Apr-27 00:00:00.0000,-0.8052418901637108,-0.6039517595305992,4.188121443080176e-05,0.010048872937831929,-0.013831383105437845,1.2313539673932731e-06
2461889.5,A.D. 2028-Apr-28 00:00:00.0000,-0.7950763919606076,-0.6176941182997633,4.316086292096206e-05,0.010281545053907019,-0.013652665810190852,1.3244018973602412e-06
2461890.5,A.D. 2028-Apr-29 00:00:00.0000,-0.7846799742128289,-0.6312557764949728,4.4521832657769634e-05,0.010510695328672277,-0.013470005041975538,1.3929230319808106e-06
2461891.5,A.D. 2028-Apr-30 00:00:00.0000,-0.7740562054890023,-0.644632862165189,4.593655222805009e-05,0.01073623381639681,-0.013283545966602783,1.4310210420314156e-06
2461892.5,A.D. 2028-May-01 00:00:00.0000,-0.7632087331197617,-0.6578216540981943,4.737221734797051e-05,0.010958093564366087,-0.013093444063893157,1.4342102167527346e-06
2461893.5,A.D. 2028-May-02 00:00:00.0000,-0.7521412584903016,-0.6708185894424225,4.87924469402834e-05,0.01117623387456895,-0.012899859544878057,1.399900387501241e-06
2461894.5,A.D. 2028-May-03 00:00:00.0000,-0.7408575096137013,-0.6836202651281834,5.015940351607487e-05,0.011390642426031888,-0.012702950505980496,1.3278370893959824e-06
2461895.5,A.D. 2028-May-04 00:00:00.0000,-0.7293612123685027,-0.696223431740722,5.1436316178321555e-05,0.011601335682596416,-0.012502864665946387,1.2204556146597024e-06
2461896.5,A.D. 2028-May-05 00:00:00.0000,-0.7176560626267765,-0.7086249784854064,5.259027640041459e-05,0.01180835648707843,-0.012299729917931207,1.0830509365888151e-06
2461897.5,A.D. 2028-May-06 00:00:00.0000,-0.7057457027325263,-0.7208219085673083,5.3595050786272565e-05,0.012011767587477507,-0.012093644912553714,9.236155567571479e-07
2461898.5,A.D. 2028-May-07 00:00:00.0000,-0.6936337067480199,-0.732811306126539,5.443350795690311e-05,0.012211640621480821,-0.011884672059418077,7.522155457202766e-07
2461899.5,A.D. 2028-May-08 00:00:00.0000,-0.6813235785235525,-0.744590298580165,5.509918213148084e-05,0.012408041886915116,-0.011672835767700607,5.799039069362531e-07
2461900.5,A.D. 2028-May-09 00:00:00.0000,-0.668818764288105,-0.7561560206136645,5.559659476517258e-05,0.012601018197206732,-0.0114581275981937,4.1737369683807377e-07
2461901.5,A.D. 2028-May-10 00:00:00.0000,-0.656122677651235,-0.7675055865380577,5.594024516965514e-05,0.012790586815898147,-0.0112405174619027,2.73707035061796e-07
2461902.5,A.D. 2028-May-11 00:00:00.0000,-0.6432387314393481,-0.7786360755494771,5.615254523955404e-05,0.012976732077840733,-0.011019967540528646,1.5555889270622786e-07
2461903.5,A.D. 2028-May-12 00:00:00.0000,-0.6301703694925828,-0.7895445305383502,5.626122824372727e-05,0.013159408601532963,-0.010796444835704402,6.692594560675131e-08
2461904.5,A.D. 2028-May-13 00:00:00.0000,-0.6169210928919575,-0.8002279674865085,5.6296792547071385e-05,0.013338548704534757,-0.010569929495302114,9.417886043329488e-09
2461905.5,A.D. 2028-May-14 00:00:00.0000,-0.6034944779783376,-0.8106833907019273,5.629037685966269e-05,0.013514070914081485,-0.010340418217309397,-1.7192488439536675e-08
2461906.5,A.D. 2028-May-15 00:00:00.0000,-0.5898941863624223,-0.8209078093745944,5.627222574836935e-05,0.01368588717789917,-0.010107923746618114,-1.437274391010542e-08
2461907.5,A.D. 2028-May-16 00:00:00.0000,-0.5761239688983325,-0.8308982523828523,5.627070528794107e-05,0.01385390763707138,-0.009872472170600714,1.5654520278492607e-08
2461908.5,A.D. 2028-May-17 00:00:00.0000,-0.5621876661732657,-0.8406517799700528,5.631171675711378e-05,0.014018042867562702,-0.009634099591884611,7.021739779068735e-08
2461909.5,A.D. 2028-May-18 00:00:00.0000,-0.5480892078337439,-0.8501654922671563,5.6418322735114215e-05,0.014178204070604834,-0.00939284929189347,1.4631669607582743e-07
2461910.5,A.D. 2028-May-19 00:00:00.0000,-0.533832612465173,-0.8594365355156763,5.661041499825953e-05,0.014334301894606325,-0.009148770047950972,2.405941064532892e-07
2461911.5,A.D. 2028-May-20 00:00:00.0000,-0.5194219890349566,-0.8684621073391388,5.69042920635842e-05,0.01448624460642476,-0.008901915951359895,3.49191702551173e-07
2461912.5,A.D. 2028-May-21 00:00:00.0000,-0.5048615401844251,-0.8772394626450964,5.731206453609181e-05,0.014633936348721807,-0.008652347854854468,4.6755825584074834e-07
2461913.5,A.D. 2028-May-22 00:00:00.0000,-0.4901555668948915,-0.8857659217597074,5.7840868077335304e-05,0.014777276269856457,-0.008400136350342929,5.902708317487257e-07
2461914.5,A.D. 2028-May-23 00:00:00.0000,-0.4753084732485207,-0.8940388821437517,5.849193962376586e-05,0.014916159334666607,-0.008145365848061156,7.109544121021529e-07
2461915.5,A.D. 2028-May-24 00:00:00.0000,-0.4603247692478754,-0.9020558343943429,5.9259699034719896e-05,0.015050479480151403,-0.007888138883449133,8.223869542433397e-07
2461916.5,A.D. 2028-May-25 00:00:00.0000,-0.44520906919146697,-0.9098143821369459,6.0131057816965094e-05,0.015180135326007397,-0.007628579347864157,9.168557159412203e-07
2461917.5,A.D. 2028-May-26 00:00:00.0000,-0.4299660832601573,-0.9173122639984401,6.108521607760183e-05,0.015305037872440624,-0.00736683319226381,9.86771779678969e-07
2461918.5,A.D. 2028-May-27 00:00:00.0000,-0.4146006009773976,-0.9245473745500677,6.209417378609685e-05,0.015425118756822656,-0.007103065555079466,1.0254635138214912e-06
2461919.5,A.D. 2028-May-28 00:00:00.0000,-0.39911746693186173,-0.9315177805053318,6.312406202522136e-05,0.015540337146969356,-0.006837454228303403,1.0279930293944477e-06
2461920.5,A.D. 2028-May-29 00:00:00.0000,-0.3835215510198017,-0.9382217289497538,6.413722687399726e-05,0.015650683589606595,-0.006570180510499024,9.918173515008924e-07
2461921.5,A.D. 2028-May-30 00:00:00.0000,-0.36781771672829267,-0.9446576458409718,6.509483942152798e-05,0.015756180046874218,-0.006301419207106869,9.171650656374513e-07
2461922.5,A.D. 2028-May-31 00:00:00.0000,-0.35201079119850753,-0.9508241248131675,6.595972021388214e-05,0.015856876422945438,-0.006031329479081678,8.07089704537422e-07
2461923.5,A.D. 2028-Jun-01 00:00:00.0000,-0.3361055401340458,-0.9567199077268792,6.669906936328133e-05,0.0159528445227529,-0.0057600475962528265,6.672379776043814e-07
2461924.5,A.D. 2028-Jun-02 00:00:00.0000,-0.32010664962398194,-0.9623438590976998,6.72868496398145e-05,0.016044170399068757,-0.005487681963148642,5.053978500934804e-07
2461925.5,A.D. 2028-Jun-03 00:00:00.0000,-0.30401871614820375,-0.9676949367173313,6.770562927526542e-05,0.016130945719928104,-0.005214310491602946,3.308759656588747e-07
2461926.5,A.D. 2028-Jun-04 00:00:00.0000,-0.2878462455224765,-0.972772160892246,6.794772953540055e-05,0.016213258601240954,-0.004939980516515553,1.537345175031549e-07
2461927.5,A.D. 2028-Jun-05 00:00:00.0000,-0.2715936610204306,-0.97757458502522,6.801555494182232e-05,0.016291184569053176,-0.004664711627816078,-1.6070064337436947e-08
2461928.5,A.D. 2028-Jun-06 00:00:00.0000,-0.25526532001071883,-0.9821012705822411,6.792104809949939e-05,0.01636477879454651,-0.00438850159251523,-1.6955686431152185e-07
2461929.5,A.D. 2028-Jun-07 00:00:00.0000,-0.238865537129834,-0.9863512693422067,6.76843270802311e-05,0.01643407101654103,-0.004111334831736127,-2.994603150146337e-07
2461930.5,A.D. 2028-Jun-08 00:00:00.0000,-0.2223986107127374,-0.990323614837667,6.73317085375875e-05,0.016499064213377768,-0.003833192026166269,-4.0069865580530273e-07
2461931.5,A.D. 2028-Jun-09 00:00:00.0000,-0.20586884858905796,-0.9940173231651954,6.68934348870013e-05,0.016559737117754002,-0.003554058927006351,-4.7049231188291516e-07
2461932.5,A.D. 2028-Jun-10 00:00:00.0000,-0.18928058982651985,-0.9974314014882086,6.640145269518549e-05,0.01661604956347155,-0.003273932715315854,-5.081555509559959e-07
2461933.5,A.D. 2028-Jun-11 00:00:00.0000,-0.1726382203992343,-1.0005648613086777,6.588751882645229e-05,0.01666794899239381,-0.0029928251415447913,-5.146726235456805e-07
2461934.5,A.D. 2028-Jun-12 00:00:00.0000,-0.15594618246953323,-1.0034167333348274,6.538177731977836e-05,0.01671537648245776,-0.002710762690283032,-4.922041424142392e-07
2461935.5,A.D. 2028-Jun-13 00:00:00.0000,-0.13920897836682686,-1.0059860813975892,6.491181060108548e-05,0.016758271201008965,-0.0024277846989612466,-4.436492655293769e-07
2461936.5,A.D. 2028-Jun-14 00:00:00.0000,-0.1224311710995299,-1.0082720139390968,6.45020664866402e-05,0.01679657286738,-0.002143940568925398,-3.7234025434723664e-07
2461937.5,A.D. 2028-Jun-15 00:00:00.0000,-0.10561738336698412,-1.0102736926873512,6.417351141554672e-05,0.016830222341873445,-0.0018592870731287327,-2.818965339894996e-07
2461938.5,A.D. 2028-Jun-16 00:00:00.0000,-0.08877229675033002,-1.011990339007058,6.394335222541938e-05,0.016859160765027862,-0.0015738865025920479,-1.762300656425887e-07
2461939.5,A.D. 2028-Jun-17 00:00:00.0000,-0.07190065225431361,-1.0134212390337887,6.382468859886797e-05,0.01688332782071057,-0.0012878061535857546,-5.967233913494123e-08
2461940.5,A.D. 2028-Jun-18 00:00:00.0000,-0.05500725274502706,-1.014565749105022,6.382599608839107e-05,0.0169026598055866,-0.0010011194728743464,6.282286698744427e-08
2461941.5,A.D. 2028-Jun-19 00:00:00.0000,-0.038096967075924366,-1.0154233032265707,6.395039489518141e-05,0.01691708833709363,-0.0007139089818598155,1.8546681671204774e-07
2461942.5,A.D. 2028-Jun-20 00:00:00.0000,-0.02117473477129955,-1.0159934242842183,6.419473863650275e-05,0.01692654071160701,-0.00042627076778432784,3.015065093574455e-07
2461943.5,A.D. 2028-Jun-21 00:00:00.0000,-0.0042455690730395035,-1.0162757402320555,6.454866467081099e-05,0.016930942988638786,-0.0001383197522580523,4.0329841554498395e-07
2461944.5,A.D. 2028-Jun-22 00:00:00.0000,0.012685444801380024,-1.0162700053142877,6.499387115225021e-05,0.016930226549004827,0.00014980584095633764,4.827056315638323e-07
2461945.5,A.D. 2028-Jun-23 00:00:00.0000,0.029613159655769567,-1.0159761244323948,6.550398281818685e-05,0.016924337886097318,0.00043794306404384536,5.318790769928131e-07
2461946.5,A.D. 2028-Jun-24 00:00:00.0000,0.046532387030842726,-1.0153941764746999,6.604536537461028e-05,0.01691324980492162,0.0007259080309899119,5.443459959113906e-07
2461947.5,A.D. 2028-Jun-25 00:00:00.0000,0.06343792848566031,-1.014524430834377,6.657908387410513e-05,0.016896970732274842,0.001013505704099737,5.161548227909574e-07
2461948.5,A.D. 2028-Jun-26 00:00:00.0000,0.0803246137401895,-1.0133673517045254,6.706388616790821e-05,0.016875548627272953,0.0013005440735513766,4.467205960443671e-07
2461949.5,A.D. 2028-Jun-27 00:00:00.0000,0.09718733915145071,-1.0119235875025328,6.745975325820096e-05,0.0168490676554972,0.0015868489980745402,3.39080275935206e-07
2461950.5,A.D. 2028-Jun-28 00:00:00.0000,0.11402109953289878,-1.0101939468726597,6.773137101846457e-05,0.01681763858889086,0.001872275615377445,1.9949159197050147e-07
2461951.5,A.D. 2028-Jun-29 00:00:00.0000,0.13082100849812772,-1.0081793661024583,6.785093934250022e-05,0.01678138606616822,0.0021567139113698544,3.65539250413259e-08
2461952.5,A.D. 2028-Jun-30 00:00:00.0000,0.1475823059745164,-1.0058808739551928,6.7799986216646e-05,0.016740436177418685,0.0024400885128528973,-1.3985291778980247e-07
2461953.5,A.D. 2028-Jul-01 00:00:00.0000,0.16430035445823263,-1.0032995588951694,6.757013921048825e-05,0.016694906587876215,0.002722354469414903,-3.1956047044070155e-07
2461954.5,A.D. 2028-Jul-02 00:00:00.0000,0.18097062696275243,-1.0004365416551289,6.716299728032786e-05,0.016644899786344328,0.0030034910953598438,-4.929093201126554e-07
2461955.5,A.D. 2028-Jul-03 00:00:00.0000,0.19758868961212228,-0.9972929543016037,6.658931069012972e-05,0.016590499011962953,0.00328349529615902,-6.513388416511992e-07
2461956.5,A.D. 2028-Jul-04 00:00:00.0000,0.21415018121662968,-0.9938699259474836,6.586766158815164e-05,0.016531766196535114,0.0035623749989721733,-7.878023433389348e-07
2461957.5,A.D. 2028-Jul-05 00:00:00.0000,0.23065079161791904,-0.990168574904471,6.502280440240265e-05,0.01646874152422139,0.0038401428584388833,-8.970347522691579e-07
2461958.5,A.D. 2028-Jul-06 00:00:00.0000,0.24708624035291693,-0.9861900069350954,6.408381030157013e-05,0.01640144450596445,0.004116810392026694,-9.756755915254326e-07
2461959.5,A.D. 2028-Jul-07 00:00:00.0000,0.26345225713411324,-0.9819353190159631,6.308216482459603e-05,0.016329876518135455,0.004392382897742445,-1.0222385859569798e-06
2461960.5,A.D. 2028-Jul-08 00:00:00.0000,0.2797445655057464,-0.9774056075896408,6.204997186138424e-05,0.01625402454720262,0.004666855639820868,-1.0369322707419642e-06
2461961.5,A.D. 2028-Jul-09 00:00:00.0000,0.29595887062692827,-0.9726019798248501,6.101839893480246e-05,0.016173865585304682,0.0049402116898240875,-1.0213648972222944e-06
2461962.5,A.D. 2028-Jul-10 00:00:00.0000,0.3120908514712786,-0.9675255661593432,6.00164512267509e-05,0.016089370941695234,0.005212421501546147,-9.78193451179589e-07
2461963.5,A.D. 2028-Jul-11 00:00:00.0000,0.3281361570000879,-0.9621775325087237,5.907009542059305e-05,0.016000509778147407,0.005483443927999713,-9.107862951908252e-07
2461964.5,A.D. 2028-Jul-12 00:00:00.0000,0.3440904052786889,-0.9565590909661185,5.820168842070345e-05,0.015907251408511604,0.0057532281141230894,-8.229590804133699e-07
2461965.5,A.D. 2028-Jul-13 00:00:00.0000,0.35994918419815863,-0.9506715084523855,5.7429616872509733e-05,0.015809566209478623,0.006021715589582774,-7.188213560255073e-07
2461966.5,A.D. 2028-Jul-14 00:00:00.0000,0.3757080524561514,-0.9445161134464143,5.676802852230799e-05,0.015707425268994813,0.006288841915119701,-6.027464214379863e-07
2461967.5,A.D. 2028-Jul-15 00:00:00.0000,0.39136253969037005,-0.9380943015260805,5.6226535224426445e-05,0.015600799116021621,0.00655453733245979,-4.794549303049902e-07
2461968.5,A.D. 2028-Jul-16 00:00:00.0000,0.40690814509550693,-0.931407540944124,5.5809786924659184e-05,0.015489656062506333,0.0068187259823645,-3.541826300472891e-07
2461969.5,A.D. 2028-Jul-17 00:00:00.0000,0.42234033448900216,-0.924457379830034,5.551685688692874e-05,0.01537396090487965,0.007081323403787451,-2.328788036746598e-07
2461970.5,A.D. 2028-Jul-18 00:00:00.0000,0.4376545366705389,-0.917245456773795,5.5340447526538975e-05,0.015253675003376245,0.007342232305044135,-1.2234890639000063e-07
2461971.5,A.D. 2028-Jul-19 00:00:00.0000,0.45284614106806603,-0.909773516307415,5.5266032676868924e-05,0.015128758994415679,0.007601337154481135,-3.021480656542829e-08
2461972.5,A.D. 2028-Jul-20 00:00:00.0000,0.4679104999224157,-0.9020434298183476,5.527119452632229e-05,0.014999179311202114,0.007858499065678223,3.546020741669399e-08
2461973.5,A.D. 2028-Jul-21 00:00:00.0000,0.4828429390964555,-0.8940572203970515,5.5325557067360024e-05,0.014864918839348944,0.008113553551183665,6.700131906451719e-08
2461974.5,A.D. 2028-Jul-22 00:00:00.0000,0.49763878104916187,-0.8858170871878673,5.539177591045945e-05,0.01472599011803656,0.008366314251824046,5.838211965186337e-08
2461975.5,A.D. 2028-Jul-23 00:00:00.0000,0.5122933806816993,-0.8773254220974644,5.542789935451734e-05,0.014582447027280045,0.008616584602732484,6.638108469323318e-09
2461976.5,A.D. 2028-Jul-24 00:00:00.0000,0.5268021698589546,-0.8685848112468623,5.5391013821906604e-05,0.014434389590948131,0.008864176106039866,-8.707200952356574e-08
2461977.5,A.D. 2028-Jul-25 00:00:00.0000,0.5411607016152851,-0.8595980169254235,5.524155725306915e-05,0.014281958266447084,0.009108927921366295,-2.1725565870010547e-07
2461978.5,A.D. 2028-Jul-26 00:00:00.0000,0.5553646835860003,-0.8503679422101014,5.494733028855842e-05,0.01412531870901889,0.009350720883068105,-3.7488795038552013e-07
2461979.5,A.D. 2028-Jul-27 00:00:00.0000,0.5694099936005002,-0.8408975863792493,5.448631186519452e-05,0.013964642458644047,0.009589481548438186,-5.489173569545794e-07
2461980.5,A.D. 2028-Jul-28 00:00:00.0000,0.5832926767001625,-0.8311900012682901,5.384785388231968e-05,0.013800090053463922,0.009825176728967142,-7.279041955700488e-07
2461981.5,A.D. 2028-Jul-29 00:00:00.0000,0.5970089282807982,-0.821248256221262,5.303238271807759e-05,0.01363180050281619,0.010057802587670013,-9.013103373039416e-07
2461982.5,A.D. 2028-Jul-30 00:00:00.0000,0.610555070132812,-0.8110754146869874,5.2050076917257135e-05,0.013459887402354391,0.010287372918600076,-1.0602510254759467e-06
2461983.5,A.D. 2028-Jul-31 00:00:00.0000,0.6239275251156422,-0.8006745216393117,5.091904026554553e-05,0.01328443966551247,0.010513909516776266,-1.1977776385221742e-06
2461984.5,A.D. 2028-Aug-01 00:00:00.0000,0.6371227938382724,-0.790048599169206,4.966335324227886e-05,0.013105524441507253,0.010737435461364183,-1.3088692124037046e-06
2461985.5,A.D. 2028-Aug-02 00:00:00.0000,0.6501374346019096,-0.7792006475126461,4.831120841867452e-05,0.012923190521718288,0.01095797082266616,-1.3902950117457575e-06
2461986.5,A.D. 2028-Aug-03 00:00:00.0000,0.6629680466471325,-0.7681336495290064,4.6893205045263103e-05,0.012737471484998745,0.011175529911091796,-1.4404435898129586e-06
2461987.5,A.D. 2028-Aug-04 00:00:00.0000,0.6756112563630674,-0.7568505774663664,4.544081583833493e-05,0.012548388495638548,0.011390119367727877,-1.4591507974963444e-06
2461988.5,A.D. 2028-Aug-05 00:00:00.0000,0.6880637061946278,-0.7453544013676493,4.398502707802385e-05,0.012355952936185811,0.011601736767187126,-1.4475231208055486e-06
2461989.5,A.D. 2028-Aug-06 00:00:00.0000,0.7003220461690155,-0.7336480986357055,4.2555162865002885e-05,0.012160169025498792,0.011810369709993876,-1.4077445380624677e-06
2461990.5,A.D. 2028-Aug-07 00:00:00.0000,0.7123829280304778,-0.7217346642163986,4.117791207604845e-05,0.011961036396517945,0.012015995513153462,-1.3428653759108232e-06
2461991.5,A.D. 2028-Aug-08 00:00:00.0000,0.7242430018546067,-0.709617120760396,3.987656989046507e-05,0.01175855243398121,0.012218581561622375,-1.2565880577009866e-06
2461992.5,A.D. 2028-Aug-09 00:00:00.0000,0.735898914764226,-0.6972985281342758,3.867048411432072e-05,0.011552714093501518,0.012418086227175612,-1.1530768017153573e-06
2461993.5,A.D. 2028-Aug-10 00:00:00.0000,0.7473473111024455,-0.6847819918355776,3.7574667351438755e-05,0.01134351896709352,0.012614460083390473,-1.036820803624968e-06
2461994.5,A.D. 2028-Aug-11 00:00:00.0000,0.758584833247501,-0.672070670209167,3.6599509499578696e-05,0.011130965500540933,0.012807647013634594,-9.125730605127023e-07
2461995.5,A.D. 2028-Aug-12 00:00:00.0000,0.7696081222533658,-0.659167780801174,3.5750509664222137e-05,0.01091505246186963,0.012997584749807615,-7.853725152516612e-07
2461996.5,A.D. 2028-Aug-13 00:00:00.0000,0.7804138177082718,-0.6460766066487434,3.502794818846078e-05,0.010695777982165243,0.013184204391588248,-6.606378860975767e-07
2461997.5,A.D. 2028-Aug-14 00:00:00.0000,0.7909985566482832,-0.6328005037173319,3.442644291086818e-05,0.010473138744373356,0.013367428544627465,-5.442968989352895e-07
2461998.5,A.D. 2028-Aug-15 00:00:00.0000,0.8013589720844724,-0.6193429109648033,3.39343856115988e-05,0.010247130193781168,0.013547167933515663,-4.4288196125463915e-07
2461999.5,A.D. 2028-Aug-16 00:00:00.0000,0.8114916927292035,-0.6057073644511005,3.353334352258606e-05,0.010017748939612547,0.013723316807694846,-3.6348252028399676e-07
2462000.5,A.D. 2028-Aug-17 00:00:00.0000,0.8213933467533673,-0.5918975162093607,3.319764016787384e-05,0.00978499860778381,0.013895748297006716,-3.134080604386484e-07
2462001.5,A.D. 2028-Aug-18 00:00:00.0000,0.8310605734697794,-0.5779171568662048,3.2894478740288684e-05,0.009548899859662556,0.014064312048072349,-2.9942165867159273e-07
2462002.5,A.D. 2028-Aug-19 00:00:00.0000,0.8404900468181798,-0.5637702381249807,3.258506775927128e-05,0.009309503604891476,0.014228837440084198,-3.265135181002199e-07
2462003.5,A.D. 2028-Aug-20 00:00:00.0000,0.8496785122216148,-0.5494608879772376,3.222712490642129e-05,0.009066903656596124,0.014389145216453946,-3.9643462329923387e-07
2462004.5,A.D. 2028-Aug-21 00:00:00.0000,0.8586228332996809,-0.5349934099811345,3.177875737365672e-05,0.00882124269067103,0.014545067276720799,-5.065181155191436e-07
2462005.5,A.D. 2028-Aug-22 00:00:00.0000,0.8673200387805735,-0.5203722606798343,3.120310423316379e-05,0.008572706088972091,0.014696469306371158,-6.494285817168862e-07
2462006.5,A.D. 2028-Aug-23 00:00:00.0000,0.8757673567933264,-0.5056020066210927,3.0472606490558664e-05,0.008321503409485391,0.014843267442927808,-8.141620213098556e-07
2462007.5,A.D. 2028-Aug-24 00:00:00.0000,0.8839622269203262,-0.49068727080169966,2.9571754866371913e-05,0.00806784393966779,0.014985432084062097,-9.879864641218628e-07
2462008.5,A.D. 2028-Aug-25 00:00:00.0000,0.8919022887785603,-0.4756326821517228,2.8497744970908653e-05,0.00781191565362059,0.015122978572100486,-1.1585440845478978e-06
2462009.5,A.D. 2028-Aug-26 00:00:00.0000,0.8995853540851361,-0.46044283859989926,2.7259267218483226e-05,0.007553873775086419,0.015255950603912246,-1.3153898789757706e-06
2462010.5,A.D. 2028-Aug-27 00:00:00.0000,0.907009372471091,-0.44512228727241737,2.58741782080187e-05,0.007293839342807768,0.015384403614753826,-1.4506848141757506e-06
2462011.5,A.D. 2028-Aug-28 00:00:00.0000,0.9141723994444735,-0.4296755192730516,2.4366852153556002e-05,0.007031904202108774,0.015508392666123574,-1.5591903616585142e-06
2462012.5,A.D. 2028-Aug-29 00:00:00.0000,0.9210725707579333,-0.41410697381061723,2.276575253238246e-05,0.0067681382028889625,0.015627965779507747,-1.63788874597667e-06
2462013.5,A.D. 2028-Aug-30 00:00:00.0000,0.9277080838221524,-0.398421046754496,2.1101447924346838e-05,0.006502595773018623,0.015743161445481962,-1.6855117000061265e-06
2462014.5,A.D. 2028-Aug-31 00:00:00.0000,0.9340771848495695,-0.38262210036961786,1.940507337852892e-05,0.006235320733618971,0.015854008461536097,-1.7021368151248082e-06
2462015.5,A.D. 2028-Sep-01 00:00:00.0000,0.940178159910347,-0.3667144726944167,1.7707137482381516e-05,0.00596634936989193,0.01596052661167816,-1.6889013273766875e-06
2462016.5,A.D. 2028-Sep-02 00:00:00.0000,0.9460093283966889,-0.35070248620304295,1.6036561430213558e-05,0.0056957122799686285,0.016062727324866927,-1.6478188543241984e-06
2462017.5,A.D. 2028-Sep-03 00:00:00.0000,0.9515690379782865,-0.33459045597084647,1.4419866026799834e-05,0.005423435600035099,0.016160613992472872,-1.5816596879143285e-06
2462018.5,A.D. 2028-Sep-04 00:00:00.0000,0.9568556606678079,-0.3183826976875611,1.2880463303312687e-05,0.005149542055894503,0.016254181980635576,-1.4938556757237518e-06
2462019.5,A.D. 2028-Sep-05 00:00:00.0000,0.9618675899527567,-0.30208353572945706,1.1438042200401395e-05,0.004874052061315849,0.016343418537910204,-1.388404510128391e-06
2462020.5,A.D. 2028-Sep-06 00:00:00.0000,0.9666032390573926,-0.2856973112882108,1.0108053863341158e-05,0.004596984864953561,0.016428302801343678,-1.2697665647905928e-06
2462021.5,A.D. 2028-Sep-07 00:00:00.0000,0.9710610403192238,-0.2692283904001858,8.901300538108341e-06,0.004318359601977158,0.016508805991241562,-1.142763366027297e-06
2462022.5,A.D. 2028-Sep-08 00:00:00.0000,0.9752394454930187,-0.2526811717122211,7.823617933953956e-06,0.004038196070891623,0.016584891715543,-1.0124953209439706e-06
2462023.5,A.D. 2028-Sep-09 00:00:00.0000,0.9791369266469715,-0.23606009398337513,6.875623188413965e-06,0.003756515137001773,0.016656516142260904,-8.842947751305991e-07
2462024.5,A.D. 2028-Sep-10 00:00:00.0000,0.982751977300078,-0.21936964362131073,6.052489624336256e-06,0.0034733388442213303,0.016723627696975135,-7.637185628119027e-07
2462025.5,A.D. 2028-Sep-11 00:00:00.0000,0.9860831136526358,-0.20261436290458842,5.343715205088562e-06,0.003188690568772726,0.016786165943539898,-6.565630077786883e-07
2462026.5,A.D. 2028-Sep-12 00:00:00.0000,0.9891288762397465,-0.1857988598247617,4.732882633430266e-06,0.002902595840813547,0.016844059453621506,-5.688551416373381e-07
2462027.5,A.D. 2028-Sep-13 00:00:00.0000,0.9918878331079254,-0.1689278205175369,4.197472324211897e-06,0.0026150847380867746,0.016897222831328218,-5.067393439720384e-07
2462028.5,A.D. 2028-Sep-14 00:00:00.0000,0.994358586603207,-0.15200602478507144,3.7088866741153124e-06,0.002326196879052726,0.01694555371562251,-4.76147918947309e-07
2462029.5,A.D. 2028-Sep-15 00:00:00.0000,0.9965397867761143,-0.13503836393110388,3.23296043203909e-06,0.0020359897118068593,0.01698893153594924,-4.821424143282729e-07
2462030.5,A.D. 2028-Sep-16 00:00:00.0000,0.9984301545887493,-0.118029857860339,2.731317182601357e-06,0.0017445495825667032,0.01702722072775229,-5.278853248549187e-07
2462031.5,A.D. 2028-Sep-17 00:00:00.0000,1.0000285165300085,-0.10098566554955693,2.1638874713956734e-06,0.001452002788841271,0.017060281131810587,-6.133922465145066e-07
2462032.5,A.D. 2028-Sep-18 00:00:00.0000,1.0013338481394127,-0.0839110811205482,1.4926180327296885e-06,0.0011585213159601554,0.01708798616870431,-7.344905156515506e-07
2462033.5,A.D. 2028-Sep-19 00:00:00.0000,1.0023453181302067,-0.06681150926921406,6.858675169979456e-07,0.0008643175203094363,0.017110244860279514,-8.825866081713998e-07
2462034.5,A.D. 2028-Sep-20 00:00:00.0000,1.0030623206189286,-0.04969242013016877,-2.7756212873678414e-07,0.0005696259041969017,0.017127019355527774,-1.0456557996436881e-06
2462035.5,A.D. 2028-Sep-21 00:00:00.0000,1.0034844845537707,-0.03255929249022597,-1.4059498108862718e-06,0.0002746771731799178,0.017138329683195133,-1.2102749623799022e-06
2462036.5,A.D. 2028-Sep-22 00:00:00.0000,1.0036116574945282,-0.01541755989678251,-2.694424584775685e-06,-2.03253682514418e-05,0.01714424354771661,-1.3639228331483205e-06
2462037.5,A.D. 2028-Sep-23 00:00:00.0000,1.003443870663208,0.001727427629581306,-4.126793751539064e-06,-0.00031521877027536685,0.017144856722153552,-1.496678468167141e-06
2462038.5,A.D. 2028-Sep-24 00:00:00.0000,1.0029812973768952,0.01887042128782345,-5.678568516866387e-06,-0.0006098810188912968,0.017140272868505682,-1.6018994526880775e-06
2462039.5,A.D. 2028-Sep-25 00:00:00.0000,1.0022242155392043,0.036006273560630485,-7.320199252545298e-06,-0.0009042232761403634,0.017130589122333638,-1.6760209944143027e-06
2462040.5,A.D. 2028-Sep-26 00:00:00.0000,1.0011729796802282,0.05312992760121174,-9.019843308306219e-06,-0.0011981794043524722,0.017115889076193998,-1.7178965124337113e-06
2462041.5,A.D. 2028-Sep-27 00:00:00.0000,0.9998280030589982,0.07023640268014537,-1.074541191314397e-05,-0.0014916967761082435,0.017096241494212055,-1.7280668100400802e-06
2462042.5,A.D. 2028-Sep-28 00:00:00.0000,0.9981897475543688,0.08732078010469718,-1.2465948498582775e-05,-0.0017847299868027197,0.01707170211606396,-1.7081753028964277e-06
2462043.5,A.D. 2028-Sep-29 00:00:00.0000,0.9962587183700036,0.10437819154769461,-1.415252625114316e-05,-0.0020772374199995855,0.017042316383479906,-1.6605923248449538e-06
2462044.5,A.D. 2028-Sep-30 00:00:00.0000,0.9940354610613907,0.12140380999198366,-1.577886592834918e-05,-0.0023691798850000254,0.01700812179936096,-1.5882230237172614e-06
2462045.5,A.D. 2028-Oct-01 00:00:00.0000,0.9915205592703481,0.13839284259706547,-1.732182923341468e-05,-0.0026605204209069673,0.016969149368923162,-1.4944399174665033e-06
2462046.5,A.D. 2028-Oct-02 00:00:00.0000,0.9887146323987599,0.15534052450518984,-1.8761881012812012e-05,-0.0029512245049308516,0.016925424053958388,-1.3830783297634338e-06
2462047.5,A.D. 2028-Oct-03 00:00:00.0000,0.9856183331052152,0.1722421126860007,-2.0083556406181705e-05,-0.003241260128936468,0.01687696444397038,-1.2584435852899194e-06
2462048.5,A.D. 2028-Oct-04 00:00:00.0000,0.9822323449248213,0.18909287919635853,-2.127592577335015e-05,-0.0035305974462182875,0.01682378197486734,-1.12529505100472e-06
2462049.5,A.D. 2028-Oct-05 00:00:00.0000,0.9785573804971603,0.2058881035783038,-2.2333024400859654e-05,-0.003819207912437854,0.01676588003968681,-9.887904201538192e-07
2462050.5,A.D. 2028-Oct-06 00:00:00.0000,0.9745941808699087,0.22262306442788923,-2.3254206303084253e-05,-0.004107063020775451,0.016703253251446244,-8.543909874108313e-07
2462051.5,A.D. 2028-Oct-07 00:00:00.0000,0.9703435161919053,0.23929303035332652,-2.404438890069987e-05,-0.0043941328208819555,0.01663588696082584,-7.277408481489119e-07
2462052.5,A.D. 2028-Oct-08 00:00:00.0000,0.9658061879246086,0.255893250553385,-2.471417051097781e-05,-0.0046803843800174135,0.016563756953074594,-6.145354763523361e-07
2462053.5,A.D. 2028-Oct-09 00:00:00.0000,0.9609830326116474,0.27241894510150033,-2.5279814242921443e-05,-0.004965780186986035,0.01648682912511244,-5.203854653113905e-07
2462054.5,A.D. 2028-Oct-10 00:00:00.0000,0.9558749273642022,0.2888652948135977,-2.5763087972516577e-05,-0.00525027625308033,0.01640505895532781,-4.5066022268577577e-07
2462055.5,A.D. 2028-Oct-11 00:00:00.0000,0.9504827975960102,0.3052274304772908,-2.6190921510242833e-05,-0.005533819412004298,0.01631839079063294,-4.1026938645792457e-07
2462056.5,A.D. 2028-Oct-12 00:00:00.0000,0.9448076281197879,0.32150042144869084,-2.659478757676083e-05,-0.005816343196814617,0.016226757422568433,-4.033171790403688e-07
2462057.5,A.D. 2028-Oct-13 00:00:00.0000,0.9388504792738325,0.3376792644049946,-2.700964554872492e-05,-0.00609776187692882,0.01613008106659594,-4.3256494267323913e-07
2462058.5,A.D. 2028-Oct-14 00:00:00.0000,0.9326125098319232,0.3537588744837761,-2.7472241480098905e-05,-0.0063779630178890335,0.016028277479328244,-4.986863678536448e-07
2462059.5,A.D. 2028-Oct-15 00:00:00.0000,0.9260950074027838,0.3697340828870285,-2.801859727719723e-05,-0.006656800400100345,0.01592126501931655,-5.994226797044738e-07
2462060.5,A.D. 2028-Oct-16 00:00:00.0000,0.9192994242965913,0.3855996463457896,-2.868071774829225e-05,-0.006934090881572243,0.015808979198880083,-7.289266846449946e-07
2462061.5,A.D. 2028-Oct-17 00:00:00.0000,0.912227412742951,0.40135027302813486,-2.9482912526332333e-05,-0.007209619472823186,0.015691390300391198,-8.777219230437498e-07
2462062.5,A.D. 2028-Oct-18 00:00:00.0000,0.9048808498555403,0.41698066522627897,-3.0438538850468436e-05,-0.007483154765813224,0.015568518108745199,-1.0336173362438866e-06
2462063.5,A.D. 2028-Oct-19 00:00:00.0000,0.8972618429718159,0.4324855723207214,-3.1548134289510024e-05,-0.007754471776046426,0.01544043671119093,-1.183516918242245e-06
2462064.5,A.D. 2028-Oct-20 00:00:00.0000,0.8893727116094609,0.44785984189425504,-3.279958353804641e-05,-0.00802337433701084,0.015307265964071611,-1.3155494834243317e-06
2462065.5,A.D. 2028-Oct-21 00:00:00.0000,0.8812159508423151,0.4630984567433445,-3.4170241464978044e-05,-0.008289708770749409,0.015169152889045433,-1.4207298736268303e-06
2462066.5,A.D. 2028-Oct-22 00:00:00.0000,0.8727941870738117,0.47819655146789647,-3.563025212846313e-05,-0.008553365401689638,0.015026250849077322,-1.49364990348823e-06
2462067.5,A.D. 2028-Oct-23 00:00:00.0000,0.8641101374634974,0.49314941026825937,-3.714606632745841e-05,-0.008814270557324231,0.014878703677501319,-1.5322300001080032e-06
2462068.5,A.D. 2028-Oct-24 00:00:00.0000,0.8551665797780363,0.5079524527639205,-3.868340037701241e-05,-0.00907237468094155,0.014726637689932374,-1.536928834635527e-06
2462069.5,A.D. 2028-Oct-25 00:00:00.0000,0.8459663339636425,0.5226012154240408,-4.020932124527758e-05,-0.009327641388416689,0.014570160494464286,-1.5098490359261187e-06
2462070.5,A.D. 2028-Oct-26 00:00:00.0000,0.8365122531001385,0.5370913340393869,-4.1693509053287345e-05,-0.009580039837459042,0.01440936376576926,-1.4540156227835378e-06
2462071.5,A.D. 2028-Oct-27 00:00:00.0000,0.8268072201610415,0.5514185298084036,-4.31089293210027e-05,-0.009829540669216591,0.014244327328422667,-1.3729205034983533e-06
2462072.5,A.D. 2028-Oct-28 00:00:00.0000,0.8168541473631925,0.5655785994065459,-4.443217614262714e-05,-0.01007611471323417,0.014075122837699421,-1.270310491493068e-06
2462073.5,A.D. 2028-Oct-29 00:00:00.0000,0.8066559758781788,0.579567408165728,-4.564369701732655e-05,-0.010319733383721743,0.01390181624190133,-1.1501497929349812e-06
2462074.5,A.D. 2028-Oct-30 00:00:00.0000,0.7962156747101957,0.593380884996455,-4.6728035654157914e-05,-0.010560369807162249,0.013724468801915937,-1.0166813635406535e-06
2462075.5,A.D. 2028-Oct-31 00:00:00.0000,0.785536238403749,0.6070150176448937,-4.7674157050557805e-05,-0.01079799992604178,0.013543136779117865,-8.745198014822148e-07
2462076.5,A.D. 2028-Nov-01 00:00:00.0000,0.7746206839004856,0.6204658470940898,-4.8475857425859465e-05,-0.011032603019136533,0.01335787009968409,-7.287198352148113e-07
2462077.5,A.D. 2028-Nov-02 00:00:00.0000,0.7634720473298141,0.6337294602978105,-4.913221184948203e-05,-0.011264161268852851,0.013168710438202362,-5.84777256115406e-07
2462078.5,A.D. 2028-Nov-03 00:00:00.0000,0.752093381783013,0.6468019809251975,-4.964797707263832e-05,-0.011492658220842517,0.012975689246343633,-4.4853556761174655e-07
2462079.5,A.D. 2028-Nov-04 00:00:00.0000,0.7404877571556171,0.6596795583273948,-5.003385052087639e-05,-0.011718076222281819,0.01277882624871455,-3.259926007136686e-07
2462080.5,A.D. 2028-Nov-05 00:00:00.0000,0.7286582629424171,0.6723583554080653,-5.030649184262572e-05,-0.01194039314282109,0.012578128804653824,-2.2302333114754018e-07
2462081.5,A.D. 2028-Nov-06 00:00:00.0000,0.7166080144977272,0.6848345363718276,-5.0488238212932244e-05,-0.012159578792912315,0.01237359231009616,-1.450504267233195e-07
2462082.5,A.D. 2028-Nov-07 00:00:00.0000,0.7043401628727909,0.6971042553769758,-5.0606478024157065e-05,-0.012375591397013535,0.012165201579188323,-9.669510867977897e-08
2462083.5,A.D. 2028-Nov-08 00:00:00.0000,0.6918579080778027,0.7091636469871954,-5.069267401698768e-05,-0.012588374276281506,0.011952933033622942,-8.142636929237655e-08
2462084.5,A.D. 2028-Nov-09 00:00:00.0000,0.6791645155779674,0.7210088191798074,-5.078103415194939e-05,-0.012797852674590776,0.011736757637836796,-1.0120510690615356e-07
2462085.5,A.D. 2028-Nov-10 00:00:00.0000,0.6662633359442413,0.7326358497527031,-5.090681776681722e-05,-0.013003930617974026,0.011516644836513844,-1.561084792837773e-07
2462086.5,A.D. 2028-Nov-11 00:00:00.0000,0.6531578275681306,0.7440407874147296,-5.110425595864008e-05,-0.013206488008960798,0.01129256810646497,-2.4393834876036384e-07
2462087.5,A.D. 2028-Nov-12 00:00:00.0000,0.6398515818229987,0.755219659530144,-5.1404095473255405e-05,-0.013405378864776572,0.011064512800758956,-3.5987747391546327e-07
2462088.5,A.D. 2028-Nov-13 00:00:00.0000,0.6263483487092056,0.7661684889283414,-5.1830882442973365e-05,-0.013600432463759518,0.01083248634686682,-4.963457677201743e-07
2462089.5,A.D. 2028-Nov-14 00:00:00.0000,0.6126520590000958,0.7768833215778446,-5.24002926481712e-05,-0.013791459520532614,0.01059652938181529,-6.432744986941781e-07
2462090.5,A.D. 2028-Nov-15 00:00:00.0000,0.5987668371400198,0.7873602645645518,-5.311702403648857e-05,-0.013978264519313529,0.010356724550478095,-7.88973529712873e-07
2462091.5,A.D. 2028-Nov-16 00:00:00.0000,0.5846969992137052,0.7975955299491485,-5.397385192222168e-05,-0.014160662714645993,0.010113198814985144,-9.215591160314828e-07
2462092.5,A.D. 2028-Nov-17 00:00:00.0000,0.5704470333818228,0.8075854764642356,-5.4952264129569045e-05,-0.014338497249995641,0.00986611666198012,-1.0306071805708732e-06
2462093.5,A.D. 2028-Nov-18 00:00:00.0000,0.5560215655540879,0.8173266401847945,-5.602464419925685e-05,-0.014511650694929396,0.009615665401466817,-1.1085072365414798e-06
2462094.5,A.D. 2028-Nov-19 00:00:00.0000,0.5414253179544427,0.8268157484871889,-5.7157470199207134e-05,-0.014680047463214028,0.009362037445268789,-1.1510933486227684e-06
2462095.5,A.D. 2028-Nov-20 00:00:00.0000,0.526663069739443,0.8360497172446834,-5.831473237711275e-05,-0.014843647729930127,0.00910541535344689,-1.1574691778226048e-06
2462096.5,A.D. 2028-Nov-21 00:00:00.0000,0.5117396264165478,0.8450256360739078,-5.9460868090395584e-05,-0.015002436685884322,0.008845963196653468,-1.1292773643646468e-06
2462097.5,A.D. 2028-Nov-22 00:00:00.0000,0.4966598004632431,0.8537407483148401,-6.056284652476514e-05,-0.01515641352755423,0.00858382445744229,-1.069790766752519e-06
2462098.5,A.D. 2028-Nov-23 00:00:00.0000,0.48142840179876817,0.8621924313859818,-6.159138663201639e-05,-0.01530558307039103,0.008319124451270948,-9.831245976323922e-07
2462099.5,A.D. 2028-Nov-24 00:00:00.0000,0.46605023487876757,0.8703781807452479,-6.252151238473236e-05,-0.015449950903933142,0.008051974720986921,-8.737095371169591e-07
2462100.5,A.D. 2028-Nov-25 00:00:00.0000,0.45053009900881735,0.8782955983740343,-6.33327193073483e-05,-0.015589521661210729,0.007782477431846632,-7.460352438793052e-07
2462101.5,A.D. 2028-Nov-26 00:00:00.0000,0.43487278922942585,0.8859423851550249,-6.400899689375375e-05,-0.015724299431773486,0.007510728639904761,-6.046063221153386e-07
2462102.5,A.D. 2028-Nov-27 00:00:00.0000,0.41908309614133576,0.8933163357408997,-6.453888117771392e-05,-0.015854289310012693,0.007236819967858478,-4.540337337358985e-07
2462103.5,A.D. 2028-Nov-28 00:00:00.0000,0.40316580398359636,0.9004153342623346,-6.491563510896314e-05,-0.015979499208822558,0.006960838618376369,-2.991871215625583e-07
2462104.5,A.D. 2028-Nov-29 00:00:00.0000,0.3871256870767411,0.9072373492779929,-6.513758292423355e-05,-0.016099941201384707,0.006682865887872506,-1.4533938950283024e-07
2462105.5,A.D. 2028-Nov-30 00:00:00.0000,0.3709675054314322,0.9137804266299876,-6.520855799323754e-05,-0.016215631749455936,0.006402974542141026,1.7614912343058541e-09
2462106.5,A.D. 2028-Dec-01 00:00:00.0000,0.354696000909065,0.9200426793442897,-6.513836082781508e-05,-0.016326590300563864,0.006121225652317482,1.359529966681522e-07
2462107.5,A.D. 2028-Dec-02 00:00:00.0000,0.3383158957269686,0.9260222744434818,-6.494307134314938e-05,-0.016432835987857032,0.0058376657440732515,2.5089389595694165e-07
2462108.5,A.D. 2028-Dec-03 00:00:00.0000,0.32183189516510113,0.9317174174835673,-6.464503233442502e-05,-0.01653438259966535,0.0055523252648978635,3.404833475144558e-07
2462109.5,A.D. 2028-Dec-04 00:00:00.0000,0.30524869589330533,0.9371263366023452,-6.427233796203861e-05,-0.016631232532112905,0.005265219260085208,3.9941998926330027e-07
2462110.5,A.D. 2028-Dec-05 00:00:00.0000,0.2885710003824831,0.9422472685531948,-6.385773047155126e-05,-0.01672337088307372,0.004976350683838641,4.238076784299436e-07
2462111.5,A.D. 2028-Dec-06 00:00:00.0000,0.2718035366232875,0.9470784492854964,-6.34369166577507e-05,-0.016810760932882862,0.004685716077840673,4.1169103826290215e-07
2462112.5,A.D. 2028-Dec-07 00:00:00.0000,0.2549510812807891,0.9516181110388238,-6.304642649124096e-05,-0.01689334188722105,0.004393312741547906,3.6342301259614e-07
2462113.5,A.D. 2028-Dec-08 00:00:00.0000,0.2380184838496836,0.9558644868969822,-6.272120978202709e-05,-0.01697102911947341,0.004099146310121737,2.818185090481294e-07
2462114.5,A.D. 2028-Dec-09 00:00:00.0000,0.22101068942516935,0.9598158227583844,-6.249218502413491e-05,-0.017043716624796035,0.0038032379080994256,1.721004528609251e-07
2462115.5,A.D. 2028-Dec-10 00:00:00.0000,0.20393275808958747,0.9634703960717063,-6.238393455443441e-05,-0.017111281281474794,0.0035056304938214365,4.166499920802867e-08
2462116.5,A.D. 2028-Dec-11 00:00:00.0000,0.18678987920664222,0.966826540450266,-6.241272001673098e-05,-0.017173588783047377,0.0032063942429694024,-1.0032575318930518e-07
2462117.5,A.D. 2028-Dec-12 00:00:00.0000,0.16958737888364947,0.969882675051724,-6.25850002109152e-05,-0.017230501406457963,0.0029056305892219705,-2.435468304938916e-07
2462118.5,A.D. 2028-Dec-13 00:00:00.0000,0.15233071870783352,0.9726373369559665,-6.289666155825549e-05,-0.017281887656993348,0.002603473973899099,-3.77333563222935e-07
2462119.5,A.D. 2028-Dec-14 00:00:00.0000,0.13502548416018084,0.9750892135889339,-6.333317063214395e-05,-0.017327633051359616,0.002300089967210989,-4.916879558493353e-07
2462120.5,A.D. 2028-Dec-15 00:00:00.0000,0.11767736241458415,0.9772371710187164,-6.387076813720533e-05,-0.017367650167038482,0.0019956688244859664,-5.783211298160991e-07
2462121.5,A.D. 2028-Dec-16 00:00:00.0000,0.10029211151762844,0.9790802736338267,-6.447862574562146e-05,-0.01740188540837912,0.0016904149176195046,-6.31493749305058e-07
2462122.5,A.D. 2028-Dec-17 00:00:00.0000,0.08287552533811887,0.9806177920347318,-6.512164359200257e-05,-0.017430320485982472,0.0013845342116291161,-6.484269925413567e-07
2462123.5,A.D. 2028-Dec-18 00:00:00.0000,0.06543339987889164,0.9818491987248813,-6.576339741275986e-05,-0.01745296834487923,0.0010782229110833823,-6.291910519299291e-07
2462124.5,A.D. 2028-Dec-19 00:00:00.0000,0.0479715057957185,0.9827741541767185,-6.636874481925345e-05,-0.01746986522966577,0.0007716598810481187,-5.761642906395714e-07
2462125.5,A.D. 2028-Dec-20 00:00:00.0000,0.03049556965899792,0.9833924876886928,-6.690576578151638e-05,-0.017481061598481472,0.00046500381397009697,-4.932839086335934e-07
2462126.5,A.D. 2028-Dec-21 00:00:00.0000,0.013011263826509552,0.9837041775336353,-6.734694893664246e-05,-0.01748661431250071,0.00015839441695044378,-3.8532109752247747e-07
2462127.5,A.D. 2028-Dec-22 00:00:00.0000,-0.004475797118172119,0.9837093336258624,-6.766973460907308e-05,-0.017486581433986754,-0.00014804404254577184,-2.5733668357936914e-07
2462128.5,A.D. 2028-Dec-23 00:00:00.0000,-0.021960056149339827,0.9834081841826905,-6.785663062484733e-05,-0.017481019829408903,-0.00045419855037261825,-1.1437293113129201e-07
2462129.5,A.D. 2028-Dec-24 00:00:00.0000,-0.039436012385480106,0.9828010663419904,-6.789513208135295e-05,-0.017469985048834707,-0.0007599637833530671,3.863770778206267e-08
2462130.5,A.D. 2028-Dec-25 00:00:00.0000,-0.05689822035939456,0.9818884197092995,-6.777763560800209e-05,-0.01745353267324237,-0.0010652398934727144,1.9680316618974135e-07
2462131.5,A.D. 2028-Dec-26 00:00:00.0000,-0.07434129102229022,0.9806707813041031,-6.75014754898097e-05,-0.017431720300807356,-0.0013699319527493365,3.5510889691987786e-07
2462132.5,A.D. 2028-Dec-27 00:00:00.0000,-0.09175989472457632,0.9791487801993676,-6.706914057007993e-05,-0.017404609384590326,-0.0016739511140517172,5.082309616703512e-07
2462133.5,A.D. 2028-Dec-28 00:00:00.0000,-0.10914876563334844,0.9773231301967208,-6.648865955917956e-05,-0.017372266134458022,-0.0019772173333768364,6.50399154636629e-07
2462134.5,A.D. 2028-Dec-29 00:00:00.0000,-0.1265027062459164,0.9751946191672595,-6.577406413111968e-05,-0.017334760673215,-0.0022796632104085213,7.753926600840295e-07
2462135.5,A.D. 2028-Dec-30 00:00:00.0000,-0.14381658987504753,0.9727640943398956,-6.494575452187653e-05,-0.017292163724112446,-0.0025812380606649674,8.767525499635719e-07
2462136.5,A.D. 2028-Dec-31 00:00:00.0000,-0.16108535842523736,0.9700324439722979,-6.403051723159534e-05,-0.01724454050938376,-0.002881910801676812,9.482707121339988e-07
2462137.5,A.D. 2029-Jan-01 00:00:00.0000,-0.17830401285138353,0.9670005774581016,-6.306091582382866e-05,-0.017191942401448227,-0.0031816699012422807,9.84744434940188e-07
2462138.5,A.D. 2029-Jan-02 00:00:00.0000,-0.19546759481370615,0.9636694075959652,-6.20738406194985e-05,-0.017134398048101306,-0.003480518936916112,9.828731164561662e-07
2462139.5,A.D. 2029-Jan-03 00:00:00.0000,-0.21257116028061296,0.9600398396645361,-6.110818468359892e-05,-0.01707190661713865,-0.0037784675293894205,9.420640213755078e-07
2462140.5,A.D. 2029-Jan-04 00:00:00.0000,-0.22960974853828628,0.9561127712980898,-6.020187137082071e-05,-0.017004435708181078,-0.004075519217008191,8.648836344884006e-07
2462141.5,A.D. 2029-Jan-05 00:00:00.0000,-0.24657835200200942,0.9518891048010245,-5.9388684219201324e-05,-0.01693192506138135,-0.0043716592565103095,7.569880660203688e-07
2462142.5,A.D. 2029-Jan-06 00:00:00.0000,-0.26347189232048235,0.9473697703877253,-5.869542708838825e-05,-0.016854295116477666,-0.004666845400952664,6.265514872887203e-07
2462143.5,A.D. 2029-Jan-07 00:00:00.0000,-0.28028520647452465,0.9425557563685124,-5.81398348065641e-05,-0.016771457980434532,-0.00496100335666228,4.833755391351865e-07
2462144.5,A.D. 2029-Jan-08 00:00:00.0000,-0.2970130439462739,0.9374481415224242,-5.77294350651126e-05,-0.01668332823211194,-0.00525402680353804,3.379138864201006e-07
2462145.5,A.D. 2029-Jan-09 00:00:00.0000,-0.31365007389319793,0.9320481256860796,-5.746135216718373e-05,-0.016589831967671942,-0.005545780686700659,2.003839250260113e-07
2462146.5,A.D. 2029-Jan-10 00:00:00.0000,-0.33019090027589654,0.9263570560229625,-5.732292308224051e-05,-0.016490913669751563,-0.005836106363764902,8.003423931092423e-08
2462147.5,A.D. 2029-Jan-11 00:00:00.0000,-0.34663008285632557,0.9203764476053234,-5.729296764927819e-05,-0.016386541133542726,-0.00612482774442048,-1.5434091635455182e-08
2462148.5,A.D. 2029-Jan-12 00:00:00.0000,-0.3629621622520326,0.9141079974972285,-5.7343566595835716e-05,-0.01627670866099366,-0.006411758127496609,-8.030467912196773e-08
2462149.5,A.D. 2029-Jan-13 00:00:00.0000,-0.3791816872729347,0.9075535917072228,-5.7442200606125864e-05,-0.01616143837909828,-0.006696707584582121,-1.1112512813047252e-07
2462150.5,A.D. 2029-Jan-14 00:00:00.0000,-0.3952832424871433,0.9007153046534099,-5.7554072486851216e-05,-0.01604077932305808,-0.006979490437824055,-1.0678640008347176e-07
2462151.5,A.D. 2029-Jan-15 00:00:00.0000,-0.41126147367021054,0.8935953914569374,-5.7644393775215816e-05,-0.01591480413598995,-0.0072599319528624815,-6.837008952818411e-08
2462152.5,A.D. 2029-Jan-16 00:00:00.0000,-0.4271111089109614,0.8861962743695664,-5.7680406680916526e-05,-0.01578360380749776,-0.007537873219124409,1.220302194742157e-09
2462153.5,A.D. 2029-Jan-17 00:00:00.0000,-0.4428269738780892,0.8785205255449061,-5.763295879708267e-05,-0.01564728145924669,-0.007813173514488677,9.776829197691905e-08
2462154.5,A.D. 2029-Jan-18 00:00:00.0000,-0.45840400092031486,0.8705708487511307,-5.747754501674742e-05,-0.015505946430621219,-0.00808571011034769,2.1628156088359525e-07
2462155.5,A.D. 2029-Jan-19 00:00:00.0000,-0.4738372328549286,0.8623500623257682,-5.71948439679427e-05,-0.015359709706050646,-0.008355376125454301,3.51450427876799e-07
2462156.5,A.D. 2029-Jan-20 00:00:00.0000,-0.48912182310070834,0.8538610848520634,-5.6770866074032986e-05,-0.015208681217763613,-0.008622077402128222,4.979586934272092e-07
2462157.5,A.D. 2029-Jan-21 00:00:00.0000,-0.5042530340687877,0.8451069240286821,-5.619687514161332e-05,-0.015052969020225399,-0.008885729395121932,6.506259766887545e-07
2462158.5,A.D. 2029-Jan-22 00:00:00.0000,-0.519226235512999,0.8360906683077195,-5.546924548168975e-05,-0.014892679948456498,-0.009146254853296808,8.043997855019144e-07
2462159.5,A.D. 2029-Jan-23 00:00:00.0000,-0.5340369040399624,0.8268154802319965,-5.4589385193305755e-05,-0.014727921171587296,-0.009403582802967457,9.54239451438163e-07
2462160.5,A.D. 2029-Jan-24 00:00:00.0000,-0.5486806243386562,0.817284590015295,-5.356380685915336e-05,-0.014558801958019008,-0.009657649107552917,1.0949475563534446e-06
2462161.5,A.D. 2029-Jan-25 00:00:00.0000,-0.5631530919642727,0.8075012877358635,-5.240436547752372e-05,-0.014385434880816367,-0.009908398675135587,1.2210165384333724e-06
2462162.5,A.D. 2029-Jan-26 00:00:00.0000,-0.577450116679351,0.7974689125637803,-5.112860787525612e-05,-0.014207935565977537,-0.010155789120556258,1.3265747984171552e-06
2462163.5,A.D. 2029-Jan-27 00:00:00.0000,-0.5915676244006082,0.7871908378440002,-4.976008419016776e-05,-0.014026419990800378,-0.010399795231263356,1.4055344999822798e-06
2462164.5,A.D. 2029-Jan-28 00:00:00.0000,-0.6055016548521722,0.7766704518466646,-4.832836689052506e-05,-0.013840998498785763,-0.010640412868098923,1.4520437387297302e-06
2462165.5,A.D. 2029-Jan-29 00:00:00.0000,-0.6192483515073617,0.765911135780194,-4.686843973456996e-05,-0.013651766455958492,-0.010877660120621467,1.461294700233554e-06
2462166.5,A.D. 2029-Jan-30 00:00:00.0000,-0.6328039410468425,0.7549162430832613,-4.541912688766946e-05,-0.013458793043350608,-0.011111573206114209,1.4306060200876933e-06
2462167.5,A.D. 2029-Jan-31 00:00:00.0000,-0.646164702051524,0.7436890861633768,-4.402041054120033e-05,-0.013262111655101105,-0.011342195605380741,1.3605004855888987e-06
2462168.5,A.D. 2029-Feb-01 00:00:00.0000,-0.6593269267940817,0.7322329370239467,-4.270985004730436e-05,-0.013061716425371123,-0.011569561642103347,1.2553491471448466e-06
2462169.5,A.D. 2029-Feb-02 00:00:00.0000,-0.672286884058416,0.7205510453161077,-4.1518738655202045e-05,-0.012857568008926661,-0.01179367902596433,1.1232094789498411e-06
2462170.5,A.D. 2029-Feb-03 00:00:00.0000,-0.6850407922515825,0.7086466718336133,-4.046886700443269e-05,-0.012649607886910321,-0.012014516369178597,9.747987487449018e-07
2462171.5,A.D. 2029-Feb-04 00:00:00.0000,-0.6975848092395864,0.6965231301504341,-3.9570619054219896e-05,-0.012437776515006096,-0.012231999735876423,8.219373514354827e-07
2462172.5,A.D. 2029-Feb-05 00:00:00.0000,-0.7099150397516334,0.6841838270758162,-3.882266854439022e-05,-0.012222029423612307,-0.012446018079022327,6.759916845567246e-07
2462173.5,A.D. 2029-Feb-06 00:00:00.0000,-0.7220275561305333,0.6716322946448435,-3.8213048822634705e-05,-0.01200234745487015,-0.012656433985923487,5.467317635742312e-07
2462174.5,A.D. 2029-Feb-07 00:00:00.0000,-0.7339184260617407,0.6588722105475967,-3.7721090323902803e-05,-0.01177874064639262,-0.012863095415001812,4.417369969721996e-07
2462175.5,A.D. 2029-Feb-08 00:00:00.0000,-0.7455837417115035,0.6459074076037191,-3.731971436145365e-05,-0.011551247557299893,-0.013065845565780162,3.662491076790464e-07
2462176.5,A.D. 2029-Feb-09 00:00:00.0000,-0.7570196468875737,0.6327418747342277,-3.69777285015767e-05,-0.011319932335448271,-0.01326453000738556,3.232851024575427e-07
2462177.5,A.D. 2029-Feb-10 00:00:00.0000,-0.7682223608567773,0.6193797520233695,-3.666194632014968e-05,-0.011084881153485564,-0.013459001499827004,3.1385589833171745e-07
2462178.5,A.D. 2029-Feb-11 00:00:00.0000,-0.7791881986030929,0.6058253217672116,-3.6339071536037536e-05,-0.01084619870100154,-0.013649123329470268,3.372119777524411e-07
2462179.5,A.D. 2029-Feb-12 00:00:00.0000,-0.7899135876367117,0.5920829966624555,-3.5977331430479433e-05,-0.010604004769867123,-0.013834771759247624,3.9109988267117673e-07
2462180.5,A.D. 2029-Feb-13 00:00:00.0000,-0.8003950813603867,0.5781573058927619,-3.554784391010599e-05,-0.010358430756974955,-0.014015837783559588,4.720406852542832e-07
2462181.5,A.D. 2029-Feb-14 00:00:00.0000,-0.8106293688641084,0.5640528798474344,-3.502569160118808e-05,-0.010109616029059083,-0.014192228077473086,5.756370359638188e-07
2462182.5,A.D. 2029-Feb-15 00:00:00.0000,-0.8206132810866011,0.5497744343686152,-3.439067958581335e-05,-0.009857704343620918,-0.014363864970025897,6.968945513134894e-07
2462183.5,A.D. 2029-Feb-16 00:00:00.0000,-0.8303437935805661,0.5353267555291022,-3.3627778123753496e-05,-0.009602840705969664,-0.014530685427604282,8.305238143510619e-07
2462184.5,A.D. 2029-Feb-17 00:00:00.0000,-0.8398180265223067,0.5207146858333952,-3.272728989776841e-05,-0.009345169058674085,-0.014692639283961006,9.711830117846132e-07
2462185.5,A.D. 2029-Feb-18 00:00:00.0000,-0.8490332429390548,0.5059431123852304,-3.1684817791801905e-05,-0.009084831050010539,-0.014849687163298406,1.1136305617411077e-06
2462186.5,A.D. 2029-Feb-19 00:00:00.0000,-0.8579868462583092,0.4910169570619744,-3.0501130614642333e-05,-0.008821965889930384,-0.015001798633666337,1.2527766056034632e-06
2462187.5,A.D. 2029-Feb-20 00:00:00.0000,-0.8666763781688386,0.4759411682054386,-2.918202418264196e-05,-0.00855671106023215,-0.015148951097856406,1.3836444182061242e-06
2462188.5,A.D. 2029-Feb-21 00:00:00.0000,-0.8750995174438571,0.46072071288141414,-2.7738253724732055e-05,-0.00828920344032739,-0.015291129819612857,1.501273170094755e-06
2462189.5,A.D. 2029-Feb-22 00:00:00.0000,-0.8832540798472963,0.4453605684374189,-2.618557266977121e-05,-0.008019580229459908,-0.015428329324992681,1.600612415931221e-06
2462190.5,A.D. 2029-Feb-23 00:00:00.0000,-0.8911380185331161,0.429865711954452,-2.4544852476471528e-05,-0.007747978860278758,-0.015560556188853951,1.6764792102273933e-06
2462191.5,A.D. 2029-Feb-24 00:00:00.0000,-0.8987494234499597,0.4142411063554475,-2.2842176002455234e-05,-0.00747453492161611,-0.015687832825962516,1.7236712112970263e-06
2462192.5,A.D. 2029-Feb-25 00:00:00.0000,-0.9060865172441924,0.39849168261915774,-2.1108694909442786e-05,-0.00719937708021131,-0.015810201243321824,1.7373432705632023e-06
2462193.5,A.D. 2029-Feb-26 00:00:00.0000,-0.9131476443098981,0.38262231904206084,-1.9379940730955125e-05,-0.006922618438061737,-0.01592772478053339,1.7137321340587395e-06
2462194.5,A.D. 2029-Feb-27 00:00:00.0000,-0.9199312496544385,0.3666378209129341,-1.769423792601188e-05,-0.0066443451056765026,-0.016040485047887004,1.6512102617174208e-06
2462195.5,A.D. 2029-Feb-28 00:00:00.0000,-0.9264358461233575,0.3505429067733921,-1.6089982146661797e-05,-0.006364605080480567,-0.016148571514772263,1.5514425261375069e-06
2462196.5,A.D. 2029-Mar-01 00:00:00.0000,-0.9326599728257049,0.33434220898755096,-1.460189707501851e-05,-0.00608340276011226,-0.01625206361188589,1.4201797949317961e-06
2462197.5,A.D. 2029-Mar-02 00:00:00.0000,-0.938602153178709,0.31804029436387055,-1.3256908634915418e-05,-0.005800704319879847,-0.016351009633169454,1.2671535690756362e-06
2462198.5,A.D. 2029-Mar-03 00:00:00.0000,-0.9442608644844381,0.3016417042011589,-1.2070695784216033e-05,-0.00551645505129454,-0.016445410432000127,1.1048330402033965e-06
2462199.5,A.D. 2029-Mar-04 00:00:00.0000,-0.9496345288505066,0.2851510050536836,-1.1045936119509382e-05,-0.005230603355159406,-0.01653521511207812,9.463829913917969e-07
2462200.5,A.D. 2029-Mar-05 00:00:00.0000,-0.9547215276624595,0.26857283693204226,-1.0172677325822005e-05,-0.004943122338501872,-0.016620330077956602,8.035942181351261e-07
2462201.5,A.D. 2029-Mar-06 00:00:00.0000,-0.9595202333295256,0.25191194773987624,-9.430481909361696e-06,-0.00465402204158884,-0.016700636287707526,6.854920318516165e-07
2462202.5,A.D. 2029-Mar-07 00:00:00.0000,-0.9640290478073751,0.23517320953565982,-8.791500177779751e-06,-0.004363351035360023,-0.016776007180082066,5.978684557731953e-07
2462203.5,A.D. 2029-Mar-08 00:00:00.0000,-0.9682464387084382,0.2183616188823176,-8.223621716218498e-06,-0.004071190768670938,-0.01684632202373759,5.435352244540194e-07
2462204.5,A.D. 2029-Mar-09 00:00:00.0000,-0.9721709680763538,0.20148228686147665,-7.693171134328297e-06,-0.003777647249822095,-0.016911473285796973,5.229198423489346e-07
2462205.5,A.D. 2029-Mar-10 00:00:00.0000,-0.9758013129552425,0.18454042424550385,-7.16697161990805e-06,-0.003482843334417354,-0.016971369274187693,5.346946908200194e-07
2462206.5,A.D. 2029-Mar-11 00:00:00.0000,-0.9791362791863555,0.1675413255263898,-6.613834269171863e-06,-0.0031869129813189233,-0.017025934116752146,5.762825281290797e-07
2462207.5,A.D. 2029-Mar-12 00:00:00.0000,-0.9821748104800512,0.15049035356027785,-6.0056200655389814e-06,-0.002889997475800781,-0.017075106774471542,6.442079461512323e-07
2462208.5,A.D. 2029-Mar-13 00:00:00.0000,-0.984915994450161,0.13339292524976035,-5.318013785487376e-06,-0.002592243012015834,-0.01711884005345696,7.3433066603809e-07
2462209.5,A.D. 2029-Mar-14 00:00:00.0000,-0.9873590666220587,0.11625449806005309,-4.531101286290148e-06,-0.002293798957013082,-0.01715709993740297,8.420140546742842e-07
2462210.5,A.D. 2029-Mar-15 00:00:00.0000,-0.9895034128357612,0.09908055706585235,-3.629792031678578e-06,-0.001994816320784784,-0.01718986516042927,9.622715434673283e-07
2462211.5,A.D. 2029-Mar-16 00:00:00.0000,-0.9913485701305862,0.08187660240299349,-2.604096702029684e-06,-0.0016954462403429838,-0.017217126783345808,1.0899114908305545e-06
2462212.5,A.D. 2029-Mar-17 00:00:00.0000,-0.9928942261351484,0.06464813723088485,-1.4492605504761529e-06,-0.0013958385302050244,-0.017238887573009242,1.2196790963654713e-06
2462213.5,A.D. 2029-Mar-18 00:00:00.0000,-0.994140217116531,0.04740065644103013,-1.6576250783719732e-07,-0.001096140485211874,-0.017255161139112664,1.3463797949754447e-06
2462214.5,A.D. 2029-Mar-19 00:00:00.0000,-0.9950865250386095,0.030139636297867214,1.24079200976679e-06,-0.0007964961196789154,-0.01726597097096301,1.4649657932773612e-06
2462215.5,A.D. 2029-Mar-20 00:00:00.0000,-0.9957332741114998,0.01287052497615336,2.7598416497750453e-06,-0.0004970459062770893,-0.017271349663939374,1.5705757622797945e-06
2462216.5,A.D. 2029-Mar-21 00:00:00.0000,-0.9960807272835682,-0.004401266368626324,4.376057797680188e-06,-0.00019792688140694522,-0.017271338684579886,1.6585341199600992e-06
2462217.5,A.D. 2029-Mar-22 00:00:00.0000,-0.9961292828808447,-0.021670372694783564,6.069522778608543e-06,0.00010072724535305992,-0.01726598897561916,1.7243372261131347e-06
2462218.5,A.D. 2029-Mar-23 00:00:00.0000,-0.9958794711197156,-0.03893148526046233,7.815907616643951e-06,0.00039878657151288594,-0.01725536253508715,1.763676567458571e-06
2462219.5,A.D. 2029-Mar-24 00:00:00.0000,-0.9953319495199987,-0.05617936381632571,9.586720723251138e-06,0.0006961268656018587,-0.017239534782108965,1.7725710721423482e-06
2462220.5,A.D. 2029-Mar-25 00:00:00.0000,-0.994487495395001,-0.0734088512847202,1.1349779378031203e-05,0.0009926336885695865,-0.01721859698527625,1.747695024610008e-06
2462221.5,A.D. 2029-Mar-26 00:00:00.0000,-0.9933469928080508,-0.09061489031068115,1.3070139747534176e-05,0.0012882093909537342,-0.017192657254952462,1.6869761189281875e-06
2462222.5,A.D. 2029-Mar-27 00:00:00.0000,-0.9919114111641597,-0.1077925391478016,1.4711766595872739e-05,0.0015827826640798638,-0.01716183778402003,1.5904668006966972e-06
2462223.5,A.D. 2029-Mar-28 00:00:00.0000,-0.9901817737897389,-0.12493698183263394,1.624015400240955e-05,0.0018763184466820985,-0.01712626582090765,1.4613302427780583e-06
2462224.5,A.D. 2029-Mar-29 00:00:00.0000,-0.9881591182403788,-0.14204352565208717,1.7625837922916262e-05,0.002168823638892343,-0.017086057368191583,1.3065559844704022e-06
2462225.5,A.D. 2029-Mar-30 00:00:00.0000,-0.9858444553539731,-0.1591075796449286,1.8848268973916287e-05,0.0024603430527889137,-0.01704129643435745,1.1368787728411454e-06
2462226.5,A.D. 2029-Mar-31 00:00:00.0000,-0.9832387386629053,-0.17612461308087277,1.9899040618861705e-05,0.002750942732354741,-0.016992017250190065,9.65549050406932e-07
2462227.5,A.D. 2029-Apr-01 00:00:00.0000,-0.9803428555849653,-0.1930901013736753,2.0783369742386336e-05,0.003040684298913774,-0.0169381981536363,8.061577455426676e-07
2462228.5,A.D. 2029-Apr-02 00:00:00.0000,-0.977157644858984,-0.20999947365564497,2.151924453807824e-05,0.003329599952277223,-0.016879770989133302,6.703076305838467e-07
2462229.5,A.D. 2029-Apr-03 00:00:00.0000,-0.9736839344618119,-0.22684807599696205,2.213455498540886e-05,0.003617677707533042,-0.016816641670421347,5.660305024036377e-07
2462230.5,A.D. 2029-Apr-04 00:00:00.0000,-0.9699225874539343,-0.24363115692960652,2.266321632394772e-05,0.0039048601999099306,-0.01674871262376183,4.973690356503182e-07
2462231.5,A.D. 2029-Apr-05 00:00:00.0000,-0.9658745435345714,-0.26034387292864064,2.3141389736414386e-05,0.0041910534764987946,-0.016675899363528257,4.6491532330203235e-07
2462232.5,A.D. 2029-Apr-06 00:00:00.0000,-0.961540849469393,-0.27698130622891665,2.360450488513577e-05,0.004476139428173387,-0.0165981385808572,4.667857884653832e-07
2462233.5,A.D. 2029-Apr-07 00:00:00.0000,-0.9569226774468971,-0.29353848705495256,2.4085276718580837e-05,0.004759986909250988,-0.016515389357221855,4.995765175149403e-07
2462234.5,A.D. 2029-Apr-08 00:00:00.0000,-0.9520213339678666,-0.31001041492729087,2.4612562723043487e-05,0.0050424594117645756,-0.01642763062334929,5.590694572145532e-07
2462235.5,A.D. 2029-Apr-09 00:00:00.0000,-0.9468382628356189,-0.32639207670252457,2.5210781463959756e-05,0.005323419304496304,-0.016334857522118176,6.406540147606058e-07
2462236.5,A.D. 2029-Apr-10 00:00:00.0000,-0.941375045233896,-0.3426784611229562,2.5899635186347832e-05,0.0056027296098847355,-0.01623707823530538,7.395280062692856e-07
2462237.5,A.D. 2029-Apr-11 00:00:00.0000,-0.9356333987878854,-0.3588645707087306,2.6693960431616212e-05,0.005880254433721581,-0.016134311882767455,8.507673200152579e-07
2462238.5,A.D. 2029-Apr-12 00:00:00.0000,-0.9296151764852393,-0.37494543210629966,2.760361599890918e-05,0.006155858937572854,-0.016026587505384174,9.693420397612703e-07
2462239.5,A.D. 2029-Apr-13 00:00:00.0000,-0.9233223656024779,-0.39091610584830644,2.863338370587031e-05,0.006429409424062856,-0.015913943843875993,1.090132701601513e-06
2462240.5,A.D. 2029-Apr-14 00:00:00.0000,-0.9167570863670027,-0.4067716961294313,2.978289826712269e-05,0.006700773802263463,-0.015796429527123186,1.2079750065164687e-06
2462241.5,A.D. 2029-Apr-15 00:00:00.0000,-0.9099215899464893,-0.4225073608251208,3.1046639476177754e-05,0.0069698224546502425,-0.015674103319688087,1.3177391803076863e-06
2462242.5,A.D. 2029-Apr-16 00:00:00.0000,-0.9028182554253281,-0.4381183216878803,3.2414017451873854e-05,0.007236429364258282,-0.015547034206444592,1.414434228365661e-06
2462243.5,A.D. 2029-Apr-17 00:00:00.0000,-0.8954495856064361,-0.45359987452033035,3.386956763407659e-05,0.007500473305949617,-0.015415301269215574,1.4933203723063483e-06
2462244.5,A.D. 2029-Apr-18 00:00:00.0000,-0.8878182016499176,-0.46894739916624323,3.539325649192594e-05,0.007761838971168508,-0.015278993477336982,1.550016779883372e-06
2462245.5,A.D. 2029-Apr-19 00:00:00.0000,-0.8799268366129138,-0.4841563693377695,3.696089226574785e-05,0.00802041806555899,-0.015138209606771313,1.5806056788421098e-06
2462246.5,A.D. 2029-Apr-20 00:00:00.0000,-0.871778327803736,-0.4992223625051874,3.8544646122837676e-05,0.008276110646970244,-0.014993058463489766,1.5817545429657064e-06
2462247.5,A.D. 2029-Apr-21 00:00:00.0000,-0.8633756074839153,-0.5141410701617277,4.0113721636069864e-05,0.008528827185536169,-0.01484365937718866,1.5508991831995279e-06
2462248.5,A.D. 2029-Apr-22 00:00:00.0000,-0.854721690906001,-0.528908308558603,4.163526088354061e-05,0.008778491925726757,-0.014690142533001703,1.4865433152406694e-06
2462249.5,A.D. 2029-Apr-23 00:00:00.0000,-0.8458196601493955,-0.543520029302496,4.307562887363391e-05,0.009025047960845566,-0.014532648147435503,1.388720635312174e-06
2462250.5,A.D. 2029-Apr-24 00:00:00.0000,-0.8366726420795166,-0.5579723279157787,4.4402242589582306e-05,0.009268463786479993,-0.014371322920206105,1.2596136734570847e-06
2462251.5,A.D. 2029-Apr-25 00:00:00.0000,-0.8272837795738186,-0.5722614467428271,4.558605454631961e-05,0.009508739824591881,-0.01420631201396674,1.1042118214140131e-06
2462252.5,A.D. 2029-Apr-26 00:00:00.0000,-0.8176561975013051,-0.5863837671724167,4.660460549535037e-05,0.009745911730559016,-0.014037745730373332,9.307323647988695e-07
2462253.5,A.D. 2029-Apr-27 00:00:00.0000,-0.8077929687666571,-0.6003357864648692,4.744521685868121e-05,0.009980046269878726,-0.013865722632139638,7.504119621976667e-07
2462254.5,A.D. 2029-Apr-28 00:00:00.0000,-0.7976970895189294,-0.6141140780188906,4.810752138302759e-05,0.010211226939912912,-0.013690294461923595,5.763650059561112e-07
2462255.5,A.D. 2029-Apr-29 00:00:00.0000,-0.7873714733587556,-0.6277152405393077,4.8604401016460745e-05,0.010439531162578961,-0.013511460196934739,4.2160074389410237e-07
2462256.5,A.D. 2029-Apr-30 00:00:00.0000,-0.7768189696352892,-0.6411358480350551,4.896076144549101e-05,0.01066500649053597,-0.01332917394261683,2.9681748060143283e-07
2462257.5,A.D. 2029-May-01 00:00:00.0000,-0.7660424020707877,-0.6543724140612052,4.921034811716783e-05,0.010887655106030953,-0.013143364554464222,2.0882215863503734e-07
2462258.5,A.D. 2029-May-02 00:00:00.0000,-0.7550446163536919,-0.6674213781891541,4.939153916329513e-05,0.011107431629704524,-0.01295395888423058,1.6010193540674526e-07
2462259.5,A.D. 2029-May-03 00:00:00.0000,-0.7438285238436566,-0.6802791138207056,4.9543270915442596e-05,0.011324252253659592,-0.012760900070586582,1.494546739339707e-07
2462260.5,A.D. 2029-May-04 00:00:00.0000,-0.7323971330521164,-0.6929419498558572,4.970191338130886e-05,0.011538008910890681,-0.012564156734734572,1.7315835707527626e-07
2462261.5,A.D. 2029-May-05 00:00:00.0000,-0.7207535670243094,-0.7054061972261976,4.9899351710491295e-05,0.011748582519745398,-0.012363723966371556,2.2613944638053647e-07
2462262.5,A.D. 2029-May-06 00:00:00.0000,-0.7089010693535661,-0.7176681736928533,5.016209590476709e-05,0.011955852222293208,-0.012159619483472007,3.02832450793013e-07
2462263.5,A.D. 2029-May-07 00:00:00.0000,-0.6968430031891745,-0.7297242238155018,5.051106134382435e-05,0.012159700259814272,-0.01195187827825706,3.976664505243812e-07
2462264.5,A.D. 2029-May-08 00:00:00.0000,-0.684582847131996,-0.7415707337422698,5.096167745766055e-05,0.012360013550534142,-0.011740547853196386,5.0525290504277e-07
2462265.5,A.D. 2029-May-09 00:00:00.0000,-0.6721241906207414,-0.7532041419481601,5.152408252339032e-05,0.012556683351184376,-0.011525684955075314,6.203890574785703e-07
2462266.5,A.D. 2029-May-10 00:00:00.0000,-0.6594707301149891,-0.7646209475334144,5.220327351324611e-05,0.012749604167621834,-0.011307353941138873,7.379796217091037e-07
2462267.5,A.D. 2029-May-11 00:00:00.0000,-0.646626266387034,-0.7758177176054358,5.2999169540760844e-05,0.012938672735762897,-0.011085626518166563,8.529526553732146e-07
2462268.5,A.D. 2029-May-12 00:00:00.0000,-0.6335947025730094,-0.7867910949115221,5.390661005019129e-05,0.013123787584890665,-0.010860582426521182,9.602195435100421e-07
2462269.5,A.D. 2029-May-13 00:00:00.0000,-0.6203800422525402,-0.7975378064262295,5.491534742240883e-05,0.01330484944113682,-0.010632310583323546,1.0547067410834902e-06
2462270.5,A.D. 2029-May-14 00:00:00.0000,-0.6069863866804975,-0.8080546731113701,5.60101112005654e-05,0.013481762509247168,-0.010400910209823597,1.1314669865037315e-06
2462271.5,A.D. 2029-May-15 00:00:00.0000,-0.5934179303537364,-0.818338620625855,5.7170819720074266e-05,0.013654436482785155,-0.010166491548684507,1.1858599350491514e-06
2462272.5,A.D. 2029-May-16 00:00:00.0000,-0.5796789543156108,-0.8283866904387163,5.8372997880114974e-05,0.013822789006902224,-0.009929175927952857,1.2137793667603154e-06
2462273.5,A.D. 2029-May-17 00:00:00.0000,-0.565773816897292,-0.8381960506487276,5.958843426600625e-05,0.013986748297714041,-0.009689095115979308,1.2119006083977943e-06
2462274.5,A.D. 2029-May-18 00:00:00.0000,-0.551706941848454,-0.847764005839622,6.078608756991062e-05,0.014146255726564954,-0.009446390059940784,1.1779298989669733e-06
2462275.5,A.D. 2029-May-19 00:00:00.0000,-0.5374828039115314,-0.8570880054162222,6.193324190073025e-05,0.014301268364036309,-0.009201209119842683,1.1108540546821252e-06
2462276.5,A.D. 2029-May-20 00:00:00.0000,-0.5231059118109067,-0.8661656499117076,6.299691738510688e-05,0.01445176163812162,-0.008953705744364564,1.011204481202651e-06
2462277.5,A.D. 2029-May-21 00:00:00.0000,-0.5085807884624409,-0.8749946945498149,6.394555871439461e-05,0.014597732240608821,-0.008704035210660283,8.813501733895563e-07
2462278.5,A.D. 2029-May-22 00:00:00.0000,-0.49391194821555484,-0.8835730487900234,6.475102746852834e-05,0.014739201071229368,-0.008452349711466642,7.258055800208815e-07
2462279.5,A.D. 2029-May-23 00:00:00.0000,-0.4791038714819976,-0.8918987697941306,6.53908803102378e-05,0.014876215288990286,-0.008198791001906229,5.514741929078829e-07
2462280.5,A.D. 2029-May-24 00:00:00.0000,-0.4641609784920668,-0.8999700471842125,6.585079279854963e-05,0.015008847631987069,-0.007943480396118299,3.6766161514505734e-07
2462281.5,A.D. 2029-May-25 00:00:00.0000,-0.44908760608001963,-0.9077851769200778,6.612678791869642e-05,0.015137190661952096,-0.007686507390079565,1.8563463914675446e-07
2462282.5,A.D. 2029-May-26 00:00:00.0000,-0.4338879934836266,-0.9153425244206875,6.622672105536295e-05,0.015261344404807278,-0.00742792024117911,1.7561773226606313e-08
2462283.5,A.D. 2029-May-27 00:00:00.0000,-0.41856628347909564,-0.9226404811690673,6.617041148296176e-05,0.015381398533224136,-0.00716772311906748,-1.2509492131289664e-07
2462284.5,A.D. 2029-May-28 00:00:00.0000,-0.4031265422268742,-0.9296774232923076,6.59880473158132e-05,0.015497413798127038,-0.006905883189529444,-2.3333232999500123e-07
2462285.5,A.D. 2029-May-29 00:00:00.0000,-0.38757279531594235,-0.9364516820879638,6.571701725963604e-05,0.015609409249297945,-0.00664234687190387,-3.019002054434744e-07
2462286.5,A.D. 2029-May-30 00:00:00.0000,-0.3719090716203696,-0.9429615333047565,6.539788286552286e-05,0.015717359782136293,-0.006377059939479828,-3.296816934904039e-07
2462287.5,A.D. 2029-May-31 00:00:00.0000,-0.35613944436076683,-0.9492052055192367,6.507045707817034e-05,0.015821203706545137,-0.00610998456050373,-3.1913549614236655e-07
2462288.5,A.D. 2029-Jun-01 00:00:00.0000,-0.3402680613510062,-0.9551809019867052,6.477076429362256e-05,0.015920855876229774,-0.005841108802894307,-2.751725883506269e-07
2462289.5,A.D. 2029-Jun-02 00:00:00.0000,-0.3242991616323366,-0.9608868279252287,6.452919917965333e-05,0.016016220983915287,-0.0055704482463797295,-2.0395692942721974e-07
2462290.5,A.D. 2029-Jun-03 00:00:00.0000,-0.3082370803206665,-0.9663212164680585,6.436976995932768e-05,0.016107203469210934,-0.005298042251166969,-1.1197379849599116e-07
2462291.5,A.D. 2029-Jun-04 00:00:00.0000,-0.29208624575212017,-0.9714823495736513,6.431008238604922e-05,0.016193713024641065,-0.005023948098901428,-5.482902192069173e-09
2462292.5,A.D. 2029-Jun-05 00:00:00.0000,-0.2758511730695356,-0.97636857306367,6.43616933520027e-05,0.016275666406887362,-0.0047482354078004115,1.0968987261569501e-07
2462293.5,A.D. 2029-Jun-06 00:00:00.0000,-0.2595364572931875,-0.9809783067716519,6.453054950071364e-05,0.016352986887486876,-0.004470982058719141,2.2813431935935827e-07
2462294.5,A.D. 2029-Jun-07 00:00:00.0000,-0.243146767579027,-0.9853100515466702,6.481734264671509e-05,0.0164256026167023,-0.004192271986694241,3.4472492347389857e-07
2462295.5,A.D. 2029-Jun-08 00:00:00.0000,-0.22668684323609056,-0.9893623949369535,6.521771652109531e-05,0.01649344487843198,-0.003912194702233073,4.5446739268401233e-07
2462296.5,A.D. 2029-Jun-09 00:00:00.0000,-0.2101614912448101,-0.9931340171131133,6.572233724129734e-05,0.016556446929125005,-0.0036308461765355983,5.523888840228626e-07
2462297.5,A.D. 2029-Jun-10 00:00:00.0000,-0.19357558443835332,-0.996623698158913,6.63168962400954e-05,0.016614543896294482,-0.0033483306011293863,6.335191956468433e-07
2462298.5,A.D. 2029-Jun-11 00:00:00.0000,-0.17693405912919483,-0.9998303273163294,6.698215327453421e-05,0.016667674019315324,-0.0030647624300178832,6.92993246945655e-07
2462299.5,A.D. 2029-Jun-12 00:00:00.0000,-0.1602419107909911,-1.0027529141350007,6.76941475947243e-05,0.016715781283704493,-0.002780268030106492,7.262844425755177e-07
2462300.5,A.D. 2029-Jun-13 00:00:00.0000,-0.14350418649738123,-1.005390600791058,6.84247018680447e-05,0.016758819205772452,-0.002494986264008568,7.295513773856745e-07
2462301.5,A.D. 2029-Jun-14 00:00:00.0000,-0.12672597321921106,-1.0077426742252242,6.91423110011368e-05,0.01679675521706506,-0.002209067480361937,7.000508780411197e-07
2462302.5,A.D. 2029-Jun-15 00:00:00.0000,-0.10991238174909204,-1.009808576372328,6.981344915833058e-05,0.01682957489222269,-0.0019226707046821369,6.365490929890061e-07
2462303.5,A.D. 2029-Jun-16 00:00:00.0000,-0.09306852679513573,-1.0115879107441288,7.040425703587484e-05,0.016857285271750417,-0.0016359592164741953,5.39660222862998e-07
2462304.5,A.D. 2029-Jun-17 00:00:00.0000,-0.07619950443285253,-1.013080443976336,7.088250919965896e-05,0.016879916764415158,-0.001349094993811706,4.1206183903738343e-07
2462305.5,A.D. 2029-Jun-18 00:00:00.0000,-0.05931036845691203,-1.0142861014828095,7.121972485791617e-05,0.01689752343618376,-0.0010622325637093212,2.585650106853996e-07
2462306.5,A.D. 2029-Jun-19 00:00:00.0000,-0.04240610725213523,-1.0152049568273067,7.139327480439373e-05,0.016910181684601892,-0.000775512629071882,8.603636022652264e-08
2462307.5,A.D. 2029-Jun-20 00:00:00.0000,-0.025491622822592763,-1.015837214688571,7.13883334624442e-05,0.016917987212312482,-0.0004890556524170101,-9.683726920352042e-08
2462308.5,A.D. 2029-Jun-21 00:00:00.0000,-0.008571713843033823,-1.0161831874784646,7.119950286861129e-05,0.016921049920537026,-0.0002029556488854224,-2.799782282132998e-07
2462309.5,A.D. 2029-Jun-22 00:00:00.0000,0.008348934906804245,-1.0162432661409686,7.083188650617934e-05,0.01691948616516563,8.272505711934478e-05,-4.5259800966531256e-07
2462310.5,A.D. 2029-Jun-23 00:00:00.0000,0.025265753932656218,-1.0160178867932423,7.030134348405322e-05,0.016913408193229656,0.00036795859254167294,-6.041547434191076e-07
2462311.5,A.D. 2029-Jun-24 00:00:00.0000,0.04217427878324708,-1.0155074966698139,6.963367231289096e-05,0.01690291173278547,0.0006527498517536239,-7.255116781553827e-07
2462312.5,A.D. 2029-Jun-25 00:00:00.0000,0.05907012746891206,-1.0147125245946287,6.886262329653394e-05,0.016888064259630627,0.0009371290266764424,-8.100727947713497e-07
2462313.5,A.D. 2029-Jun-26 00:00:00.0000,0.07594896791068077,-1.01363336168092,6.802691926866992e-05,0.01686889735393056,0.0012211389212304158,-8.545765258570253e-07
2462314.5,A.D. 2029-Jun-27 00:00:00.0000,0.09280648096303186,-1.0122703561891948,6.716676955665092e-05,0.01684540575916908,0.001504819965047064,-8.592863867508052e-07
2462315.5,A.D. 2029-Jun-28 00:00:00.0000,0.10963832604934277,-1.010623822798786,6.632052541711635e-05,0.016817553341432243,0.0017881970527918348,-8.275318356269941e-07
2462316.5,A.D. 2029-Jun-29 00:00:00.0000,0.1264401152817498,-1.0086940626799696,6.552204409407106e-05,0.016785283537033235,0.002071271477902349,-7.64799448524034e-07
2462317.5,A.D. 2029-Jun-30 00:00:00.0000,0.1432073987627759,-1.0064813885821846,6.479905065693225e-05,0.016748530667869046,0.0023540189135183094,-6.777019738459004e-07
2462318.5,A.D. 2029-Jul-01 00:00:00.0000,0.15993566032320808,-1.0039861493855675,6.417246744998708e-05,0.01670722912035334,0.002636392161228449,-5.731113235353712e-07
2462319.5,A.D. 2029-Jul-02 00:00:00.0000,0.17662032071863548,-1.001208750482089,6.365646177130877e-05,0.016661318992626215,0.0029183263395649583,-4.576003295307611e-07
2462320.5,A.D. 2029-Jul-03 00:00:00.0000,0.19325674470426085,-0.9981496686772334,6.32588907103251e-05,0.01661074831254575,0.0031997443504844423,-3.371987380053273e-07
2462321.5,A.D. 2029-Jul-04 00:00:00.0000,0.20984024898415707,-0.9948094621025091,6.298186285299268e-05,0.01655547275476271,0.003480561229725682,-2.1738742812393419e-07
2462322.5,A.D. 2029-Jul-05 00:00:00.0000,0.22636610909903943,-0.991188776617943,6.28222282313308e-05,0.01649545398267635,0.0037606867669594713,-1.0323124501357162e-07
2462323.5,A.D. 2029-Jul-06 00:00:00.0000,0.24282956439147657,-0.9872883505094369,6.27719048161458e-05,0.016430657609733192,0.004040026311930953,4.4069120924134057e-10
2462324.5,A.D. 2029-Jul-07 00:00:00.0000,0.2592258210802057,-0.9831090192085743,6.281803265042168e-05,0.016361051573980993,0.004318479974080436,8.888177197457802e-08
2462325.5,A.D. 2029-Jul-08 00:00:00.0000,0.2755500541875756,-0.9786517214627067,6.294301439988138e-05,0.016286605566769592,0.004595940600180452,1.5736338245553613e-07
2462326.5,A.D. 2029-Jul-09 00:00:00.0000,0.29179740964613066,-0.9739175079110549,6.312455777124986e-05,0.016207292038286265,0.0048722910976388865,2.0125087775433923e-07
2462327.5,A.D. 2029-Jul-10 00:00:00.0000,0.3079630083539602,-0.9689075523390488,6.333588049135165e-05,0.016123089124341974,0.005147401911415449,2.1625692551661592e-07
2462328.5,A.D. 2029-Jul-11 00:00:00.0000,0.3240419541344873,-0.9636231649491053,6.354626161324828e-05,0.016033985485139506,0.005421129703613709,1.9887803753223966e-07
2462329.5,A.D. 2029-Jul-12 00:00:00.0000,0.3400293472752551,-0.9580658058780371,6.372210409735843e-05,0.01593998646937951,0.005693318355601141,1.4696742312950662e-07
2462330.5,A.D. 2029-Jul-13 00:00:00.0000,0.35592030439140776,-0.9522370961900176,6.382859450101485e-05,0.015841120337140264,0.0059638030960662055,6.033272812672048e-08
2462331.5,A.D. 2029-Jul-14 00:00:00.0000,0.3717099838276175,-0.9461388231317935,6.383190747029697e-05,0.015737442814440967,0.006232417763123118,-5.880019648536828e-08
2462332.5,A.D. 2029-Jul-15 00:00:00.0000,0.38739361408977746,-0.9397729369539362,6.370174096171777e-05,0.01562903838222231,0.006499004151290574,-2.0561111425426904e-07
2462333.5,A.D. 2029-Jul-16 00:00:00.0000,0.4029665215649872,-0.9331415381003748,6.341384520179784e-05,0.015516017532975957,0.0067634215846294875,-3.7287912986171404e-07
2462334.5,A.D. 2029-Jul-17 00:00:00.0000,0.4184241536072811,-0.9262468555408718,6.29521792694887e-05,0.015398510407110244,0.00702555477116764,-5.51520649285902e-07
2462335.5,A.D. 2029-Jul-18 00:00:00.0000,0.43376209397628107,-0.9190912186791051,6.23104025294033e-05,0.015276658121108498,0.007285318666638214,-7.313586932341235e-07
2462336.5,A.D. 2029-Jul-19 00:00:00.0000,0.44897606909054416,-0.9116770260566558,6.149253913315773e-05,0.015150603299819794,0.007542660039005211,-9.019859832611491e-07
2462337.5,A.D. 2029-Jul-20 00:00:00.0000,0.46406194490418956,-0.9040067140065384,6.051277860338678e-05,0.015020480929628014,0.007797556089891569,-1.0536162872765989e-06
2462338.5,A.D. 2029-Jul-21 00:00:00.0000,0.4790157150656665,-0.8960827279523311,5.939445714194928e-05,0.014886410142258931,0.008050010607276722,-1.1778644530435768e-06
2462339.5,A.D. 2029-Jul-22 00:00:00.0000,0.4938334814994422,-0.887907498667581,5.8168311443527105e-05,0.014748487356073934,0.00830004792066031,-1.2684138857161925e-06
2462340.5,A.D. 2029-Jul-23 00:00:00.0000,0.5085114290553749,-0.8794834256039261,5.6870144520906e-05,0.014606781401004269,0.008547704856702833,-1.3215127590526422e-06
2462341.5,A.D. 2029-Jul-24 00:00:00.0000,0.5230457966360554,-0.8708128690600956,5.553811524030001e-05,0.014461331499861457,0.008793021244638502,-1.3362157882066442e-06
2462342.5,A.D. 2029-Jul-25 00:00:00.0000,0.5374328480547687,-0.861898152094858,5.4209945495012655e-05,0.01431214882233393,0.009036030178857157,-1.3142988958141689e-06
2462343.5,A.D. 2029-Jul-26 00:00:00.0000,0.5516688462668644,-0.8527415715975308,5.292038340257093e-05,0.01415922158890913,0.009276749735560728,-1.2598389214614898e-06
2462344.5,A.D. 2029-Jul-27 00:00:00.0000,0.5657500340827167,-0.843345416242476,5.1699221795458824e-05,0.014002522676806897,0.009515177693671772,-1.1785453436016999e-06
2462345.5,A.D. 2029-Jul-28 00:00:00.0000,0.5796726230096924,-0.8337119878771604,5.0570044246898035e-05,0.013842017949776277,0.009751289972373348,-1.0770029015983547e-06
2462346.5,A.D. 2029-Jul-29 00:00:00.0000,0.5934327900157379,-0.8238436227364558,4.954970164482143e-05,0.0136776735079833,0.009985042391564496,-9.619929515237794e-07
2462347.5,A.D. 2029-Jul-30 00:00:00.0000,0.6070266804745216,-0.8137427097204025,4.864837665749483e-05,0.013509460676143578,0.010216374544322566,-8.400092440028282e-07
2462348.5,A.D. 2029-Jul-31 00:00:00.0000,0.6204504148014726,-0.8034117043528596,4.787001628676592e-05,0.0133373584118755,0.010445214330653069,-7.17006022258121e-07
2462349.5,A.D. 2029-Aug-01 00:00:00.0000,0.6337000963467798,-0.7928531383943629,4.721290974521293e-05,0.013161353515492443,0.010671481951469244,-5.983506977577119e-07
2462350.5,A.D. 2029-Aug-02 00:00:00.0000,0.6467718187019492,-0.7820696260595379,4.6670237188807005e-05,0.012981439384289343,0.010895092620941958,-4.889174174007872e-07
2462351.5,A.D. 2029-Aug-03 00:00:00.0000,0.6596616713771859,-0.7710638683081544,4.623048511978602e-05,0.012797614134530377,0.011115957683845669,-3.9324796181975745e-07
2462352.5,A.D. 2029-Aug-04 00:00:00.0000,0.6723657436092485,-0.7598386568299866,4.587769684148616e-05,0.012609878863219761,0.011333984128247375,-3.1570943087958565e-07
2462353.5,A.D. 2029-Aug-05 00:00:00.0000,0.6848801267996859,-0.7483968792423147,4.559159449879622e-05,0.012418236762986872,0.011549072698454507,-2.605825650832624e-07
2462354.5,A.D. 2029-Aug-06 00:00:00.0000,0.6972009167805596,-0.7367415267067362,4.534767434689029e-05,0.01222269377344018,0.01176111503850424,-2.3201640308911108e-07
2462355.5,A.D. 2029-Aug-07 00:00:00.0000,0.7093242177620915,-0.724875704587417,4.511743944174974e-05,0.012023261382492748,0.011969990627651793,-2.3378995184326726e-07
2462356.5,A.D. 2029-Aug-08 00:00:00.0000,0.7212461503187372,-0.7128026457933001,4.4868984147974796e-05,0.011819961917069029,0.012175564718200764,-2.688443691569387e-07
2462357.5,A.D. 2029-Aug-09 00:00:00.0000,0.7329628658136216,-0.700525725018506,4.456815555296424e-05,0.01161283599301565,0.012377688888256175,-3.3860793345711176e-07
2462358.5,A.D. 2029-Aug-10 00:00:00.0000,0.7444705688069904,-0.6880484704418043,4.418044736088811e-05,0.011401950687119482,0.012576205789938876,-4.4223639763475874e-07
2462359.5,A.D. 2029-Aug-11 00:00:00.0000,0.7557655469430208,-0.6753745682396435,4.3673601916902355e-05,0.011187405811011741,0.012770958749885085,-5.7600270617318e-07
2462360.5,A.D. 2029-Aug-12 00:00:00.0000,0.7668442048701447,-0.6625078554918516,4.3020629014108464e-05,0.010969335235056723,0.012961804990981611,-7.331180188384828e-07
2462361.5,A.D. 2029-Aug-13 00:00:00.0000,0.7777030961151675,-0.649452299366224,4.220270085062767e-05,0.01074790133452784,0.013148629173385221,-9.041740348559425e-07
2462362.5,A.D. 2029-Aug-14 00:00:00.0000,0.7883389461032115,-0.6362119643489331,4.1211298326391235e-05,0.01052328318201818,0.013331353112369876,-1.0781696385665936e-06
2462363.5,A.D. 2029-Aug-15 00:00:00.0000,0.7987486615018399,-0.6227909729676876,4.004914638251985e-05,0.010295661680569364,0.01350993880329102,-1.2438461166560891e-06
2462364.5,A.D. 2029-Aug-16 00:00:00.0000,0.8089293249031259,-0.6091934670213943,3.872981610106396e-05,0.010065205748677282,0.013684384592528371,-1.3909592182373337e-06
2462365.5,A.D. 2029-Aug-17 00:00:00.0000,0.8188781775324053,-0.5954235752029488,3.7276209734202526e-05,0.009832062507155742,0.013854716709454056,-1.5112099849613056e-06
2462366.5,A.D. 2029-Aug-18 00:00:00.0000,0.8285925945677877,-0.5814853902544519,3.5718330013111754e-05,0.009596352278777429,0.014020979137019824,-1.5987462143142045e-06
2462367.5,A.D. 2029-Aug-19 00:00:00.0000,0.8380700575494322,-0.5673829560984265,3.409073893044271e-05,0.009358167545961386,0.01418322405577986,-1.6503008400070564e-06
2462368.5,A.D. 2029-Aug-20 00:00:00.0000,0.8473081271390055,-0.5531202637853491,3.243000882595575e-05,0.009117574470093062,0.014341503834795015,-1.6650888527421683e-06
2462369.5,A.D. 2029-Aug-21 00:00:00.0000,0.8563044182048175,-0.5387012546290205,3.077235446723816e-05,0.008874615891154947,0.014495864634572508,-1.644560587777508e-06
2462370.5,A.D. 2029-Aug-22 00:00:00.0000,0.8650565784074974,-0.524129829023953,2.9151561315361575e-05,0.00862931527972405,0.014646341409718204,-1.5920608453609147e-06
2462371.5,A.D. 2029-Aug-23 00:00:00.0000,0.8735622711278137,-0.5094098595959479,2.759729339069751e-05,0.00838168144463595,0.01479295425167932,-1.512412902524194e-06
2462372.5,A.D. 2029-Aug-24 00:00:00.0000,0.881819163398656,-0.49454520727680046,2.6133847210271527e-05,0.008131713781927338,0.014935706235801937,-1.4114470109899734e-06
2462373.5,A.D. 2029-Aug-25 00:00:00.0000,0.8898249191839748,-0.47953973869298344,2.477938946637637e-05,0.00787940762627605,0.015074582966909757,-1.295512859154254e-06
2462374.5,A.D. 2029-Aug-26 00:00:00.0000,0.89757719780157,-0.4643973431563094,2.354566675653607e-05,0.007624759076325329,0.015209553797729137,-1.1710331782202203e-06
2462375.5,A.D. 2029-Aug-27 00:00:00.0000,0.9050736566463021,-0.4491219477392698,2.2438116913249475e-05,0.007367768682729486,0.015340574352191253,-1.0441551744289213e-06
2462376.5,A.D. 2029-Aug-28 00:00:00.0000,0.9123119568639234,-0.43371752943590275,2.1456263778422972e-05,0.0071084436274884205,0.015467589709968593,-9.205357019906793e-07
2462377.5,A.D. 2029-Aug-29 00:00:00.0000,0.9192897704257752,-0.4181881241142937,2.059425666254264e-05,0.006846798371702611,0.015590537520120396,-8.052648465705417e-07
2462378.5,A.D. 2029-Aug-30 00:00:00.0000,0.9260047871976851,-0.4025378326625382,1.9841426210074126e-05,0.006582854066415564,0.015709350410193668,-7.029034963987443e-07
2462379.5,A.D. 2029-Aug-31 00:00:00.0000,0.9324547210053479,-0.38677082526647116,1.918276349803749e-05,0.006316637229912303,0.015823957260915147,-6.175908861937723e-07
2462380.5,A.D. 2029-Sep-01 00:00:00.0000,0.9386373142614604,-0.37089134507471266,1.8599278961132374e-05,0.006048178300812823,0.015934283140388764,-5.531678208687544e-07
2462381.5,A.D. 2029-Sep-02 00:00:00.0000,0.9445503413594611,-0.35490371260621695,1.8068255022259692e-05,0.005777510733597897,0.01604024790379555,-5.13255639268763e-07
2462382.5,A.D. 2029-Sep-03 00:00:00.0000,0.9501916117316815,-0.33881233213596074,1.7563468763737728e-05,0.005504671356047681,0.01614176370213265,-5.012259342672152e-07
2462383.5,A.D. 2029-Sep-04 00:00:00.0000,0.9555589742081844,-0.3226217008904048,1.7055527816383355e-05,0.0052297027344239706,0.016238731990233634,-5.199933536611556e-07
2462384.5,A.D. 2029-Sep-05 00:00:00.0000,0.9606503250135894,-0.3063364210472732,1.6512526581141312e-05,0.0049526581576983565,0.016331041148592778,-5.715752325276062e-07
2462385.5,A.D. 2029-Sep-06 00:00:00.0000,0.965463622123373,-0.2899612131019506,1.5901266291709873e-05,0.004673609304589147,0.0164185664683678,-6.56409818181834e-07
2462386.5,A.D. 2029-Sep-07 00:00:00.0000,0.9699969082212947,-0.27350092717704805,1.5189242554318876e-05,0.004392655451436755,0.016501174628202893,-7.725317437199738e-07
2462387.5,A.D. 2029-Sep-08 00:00:00.0000,0.9742483425055248,-0.2569605469018622,1.4347429221179525e-05,0.004109931332355984,0.016578734205066156,-9.148597405954716e-07
2462388.5,A.D. 2029-Sep-09 00:00:00.0000,0.9782162379269693,-0.2403451798994105,1.3353562073674722e-05,0.0038256094021051875,0.016651131574534492,-1.074975838744116e-06
2462389.5,A.D. 2029-Sep-10 00:00:00.0000,0.9818990962785704,-0.22366003120823366,1.2195251760178181e-05,0.0035398928812521062,0.016718288201213606,-1.2417240660179653e-06
2462390.5,A.D. 2029-Sep-11 00:00:00.0000,0.9852956314673823,-0.20691036135914803,1.0872061961096542e-05,0.0032529994667273203,0.01678017293503854,-1.402648118981624e-06
2462391.5,A.D. 2029-Sep-12 00:00:00.0000,0.9884047736078786,-0.19010143700995039,9.395885390074325e-06,0.002965140375026035,0.016836804030885458,-1.5458598387022927e-06
2462392.5,A.D. 2029-Sep-13 00:00:00.0000,0.9912256528363595,-0.1732384852034862,7.789503513786337e-06,0.0026765019238650183,0.01688824024062341,-1.661697378099108e-06
2462393.5,A.D. 2029-Sep-14 00:00:00.0000,0.9937575684106447,-0.1563266603530591,6.083812687509224e-06,0.0023872350848183257,0.016934565253285197,-1.7436824422346952e-06
2462394.5,A.D. 2029-Sep-15 00:00:00.0000,0.9959999519515643,-0.13937102755624897,4.314501311488192e-06,0.0020974540065309176,0.016975871545866463,-1.7886780063190957e-06
2462395.5,A.D. 2029-Sep-16 00:00:00.0000,0.9979523326678105,-0.12237656042190119,2.5188808239056456e-06,0.0018072408425749843,0.01701224797320342,-1.7964769839687858e-06
2462396.5,A.D. 2029-Sep-17 00:00:00.0000,0.9996143089860677,-0.10534814878639741,7.332733999671006e-07,0.0015166531537809203,0.017043772385550365,-1.769151827688944e-06
2462397.5,A.D. 2029-Sep-18 00:00:00.0000,1.00098552765564,-0.08829061162804672,-1.008939096370984e-06,0.001225731126948214,0.017070508359717962,-1.7104120295721835e-06
2462398.5,A.D. 2029-Sep-19 00:00:00.0000,1.0020656694191663,-0.07120871188114439,-2.6786786723972402e-06,0.000934503402808355,0.017092504397791745,-1.6250797226490128e-06
2462399.5,A.D. 2029-Sep-20 00:00:00.0000,1.0028544397617185,-0.054107171411295306,-4.252075320896147e-06,0.0006429914556784011,0.017109794228658336,-1.5186910197056563e-06
2462400.5,A.D. 2029-Sep-21 00:00:00.0000,1.0033515634939316,-0.036990685471002926,-5.711020205527908e-06,0.00035121296750284124,0.017122397474550466,-1.3971854177173855e-06
2462401.5,A.D. 2029-Sep-22 00:00:00.0000,1.0035567824023388,-0.019863936405048827,-7.043435294823431e-06,5.918464809911743e-05,0.01713032048402268,-1.2666440944033293e-06
2462402.5,A.D. 2029-Sep-23 00:00:00.0000,1.0034698555477664,-0.0027316064088500594,-8.243296683999654e-06,-0.00023307527464850827,0.017133557416379994,-1.133057779120726e-06
2462403.5,A.D. 2029-Sep-24 00:00:00.0000,1.0030905618847816,0.014401610975264077,-9.310441079096062e-06,-0.0005255449245686352,0.017132091692742064,-1.0021271771022614e-06
2462404.5,A.D. 2029-Sep-25 00:00:00.0000,1.0024187047595672,0.031531000995923306,-1.0250195440432931e-05,-0.0008181971844764161,0.01712589779450747,-8.791118946578276e-07
2462405.5,A.D. 2029-Sep-26 00:00:00.0000,1.0014541176553693,0.048651819725412174,-1.1072886598211175e-05,-0.0011109988149990526,0.017114943207223628,-7.68743322312127e-07
2462406.5,A.D. 2029-Sep-27 00:00:00.0000,1.000196670436905,0.06575928797260416,-1.179329799106239e-05,-0.0014039103303819906,0.017099190175358686,-6.752052834920984e-07
2462407.5,A.D. 2029-Sep-28 00:00:00.0000,0.9986462753923604,0.08284858670140678,-1.24301361624281e-05,-0.0016968864868805598,0.017078596900000128,-6.021692104136175e-07
2462408.5,A.D. 2029-Sep-29 00:00:00.0000,0.9968028926132062,0.09991485323763262,-1.3005547707533615e-05,-0.0019898770482257265,0.017053117877643468,-5.528535165797349e-07
2462409.5,A.D. 2029-Sep-30 00:00:00.0000,0.9946665346718047,0.11695317731185864,-1.3544689560349245e-05,-0.0022828273295663836,0.017022703222842894,-5.300624029972414e-07
2462410.5,A.D. 2029-Oct-01 00:00:00.0000,0.9922372711237876,0.13395859593061127,-1.4075304807712199e-05,-0.002575677889793918,0.016987297035157577,-5.361479865933183e-07
2462411.5,A.D. 2029-Oct-02 00:00:00.0000,0.9895152340410619,0.150926086279234,-1.4627196111708694e-05,-0.0028683626557699784,0.01694683519431039,-5.728327340658572e-07
2462412.5,A.D. 2029-Oct-03 00:00:00.0000,0.9865006264949718,0.16785055647118038,-1.5231426690872614e-05,-0.003160804801061993,0.016901243453197237,-6.408340393027302e-07
2462413.5,A.D. 2029-Oct-04 00:00:00.0000,0.9831937364433136,0.18472683514298277,-1.5919034331328207e-05,-0.003452910065727142,0.016850437346767083,-7.392671133882834e-07
2462414.5,A.D. 2029-Oct-05 00:00:00.0000,0.9795949583605544,0.20154966273066088,-1.6719059125595062e-05,-0.00374455818520325,0.01679432602358094,-8.648915489217134e-07
2462415.5,A.D. 2029-Oct-06 00:00:00.0000,0.9757048234690215,0.21831368941540852,-1.76558236329154e-05,-0.00403559483414614,0.016732822007473117,-1.0114215043580352e-06
2462416.5,A.D. 2029-Oct-07 00:00:00.0000,0.971524036020202,0.2350134860482018,-1.8745711504055713e-05,-0.004325828421628987,0.016665857191163418,-1.1692866400201007e-06
2462417.5,A.D. 2029-Oct-08 00:00:00.0000,0.9670535083035297,0.25164357298107165,-1.9994111800570163e-05,-0.0046150365093474074,0.016593401739487097,-1.3262595436273458e-06
2462418.5,A.D. 2029-Oct-09 00:00:00.0000,0.9622943834628997,0.26819846637185407,-2.1393501637166352e-05,-0.004902983616742989,0.01651547874196149,-1.4690866760435623e-06
2462419.5,A.D. 2029-Oct-10 00:00:00.0000,0.9572480363430119,0.28467273371850393,-2.292351610168051e-05,-0.005189446103340916,0.016432167016255793,-1.5857175382388946e-06
2462420.5,A.D. 2029-Oct-11 00:00:00.0000,0.9519160496982749,0.3010610448875638,-2.4553205408597433e-05,-0.005474234873593962,0.016343589509318062,-1.6673001444029283e-06
2462421.5,A.D. 2029-Oct-12 00:00:00.0000,0.946300172511797,0.3173582061384882,-2.6244843468198618e-05,-0.005757207459056499,0.016249892224849107,-1.709203517393238e-06
2462422.5,A.D. 2029-Oct-13 00:00:00.0000,0.9404022728044812,0.3335591720507645,-2.7958170093330506e-05,-0.006038267181047262,0.0161512225834371,-1.710886490337057e-06
2462423.5,A.D. 2029-Oct-14 00:00:00.0000,0.9342242962575469,0.3496590386139411,-2.9654065579196625e-05,-0.006317353349756113,0.01604771414815505,-1.674983732557305e-06
2462424.5,A.D. 2029-Oct-15 00:00:00.0000,0.9277682365296768,0.36565302524318904,-3.129715312503347e-05,-0.006594428645043648,0.015939479677979297,-1.606161519038708e-06
2462425.5,A.D. 2029-Oct-16 00:00:00.0000,0.9210361175921973,0.38153645331187935,-3.2857319044123986e-05,-0.006869468222145974,0.01582661061421853,-1.510142752950072e-06
2462426.5,A.D. 2029-Oct-17 00:00:00.0000,0.9140299852527901,0.39730472608124806,-3.4310414237254384e-05,-0.007142452320534486,0.015709179885445637,-1.3930512920752347e-06
2462427.5,A.D. 2029-Oct-18 00:00:00.0000,0.9067519043632699,0.4129533120005751,-3.56384527841925e-05,-0.007413362146989309,0.015587245519267642,-1.2610485457757739e-06
2462428.5,A.D. 2029-Oct-19 00:00:00.0000,0.8992039589408809,0.42847773140677864,-3.6829553049247135e-05,-0.007682177968188963,0.015460853691222312,-1.120163995393702e-06
2462429.5,A.D. 2029-Oct-20 00:00:00.0000,0.8913882535624099,0.44387354578523985,-3.7877763934766706e-05,-0.007948878309008766,0.015330040785597085,-9.76220422030842e-07
2462430.5,A.D. 2029-Oct-21 00:00:00.0000,0.8833069153547091,0.45913634863896974,-3.87828330117367e-05,-0.008213439460831163,0.015194834600921013,-8.347836776893516e-07
2462431.5,A.D. 2029-Oct-22 00:00:00.0000,0.874962096510264,0.47426175728348396,-3.954992050231279e-05,-0.00847583488349384,0.015055255061922668,-7.011013472602795e-07
2462432.5,A.D. 2029-Oct-23 00:00:00.0000,0.8663559775036939,0.48924540526335075,-4.018924257508497e-05,-0.008736034407457542,0.014911314803868992,-5.800234681436564e-07
2462433.5,A.D. 2029-Oct-24 00:00:00.0000,0.8574907711620264,0.5040829353944026,-4.071563076431142e-05,-0.00899400335449186,0.014763019863281072,-4.7591688147108357e-07
2462434.5,A.D. 2029-Oct-25 00:00:00.0000,0.848368727572948,0.5187699935758172,-4.114801001136845e-05,-0.009249701773029277,0.014610370517799074,-3.9259094421936124e-07
2462435.5,A.D. 2029-Oct-26 00:00:00.0000,0.8389921396355196,0.53330222346599,-4.150881366559695e-05,-0.009503083931340856,0.014453362139543544,-3.3324677760381935e-07
2462436.5,A.D. 2029-Oct-27 00:00:00.0000,0.8293633489848603,0.5476752619197541,-4.182335935597044e-05,-0.009754098058480409,0.014291985821058107,-3.004479190348353e-07
2462437.5,A.D. 2029-Oct-28 00:00:00.0000,0.8194847521321693,0.5618847348367204,-4.211919847754591e-05,-0.010002686119568944,0.014126228539828936,-2.960919536597989e-07
2462438.5,A.D. 2029-Oct-29 00:00:00.0000,0.8093588069770268,0.575926252892711,-4.242542268819978e-05,-0.010248783212720427,0.01395607276133113,-3.213454072316757e-07
2462439.5,A.D. 2029-Oct-30 00:00:00.0000,0.798988040339871,0.5897954066481988,-4.277186668186985e-05,-0.010492316032690541,0.013781495647323207,-3.764927963267227e-07
2462440.5,A.D. 2029-Oct-31 00:00:00.0000,0.7883750577396842,0.6034877608859306,-4.318809650658179e-05,-0.010733199831299944,0.013602468442716927,-4.6065176097440745e-07
2462441.5,A.D. 2029-Nov-01 00:00:00.0000,0.777522557121121,0.6169988488606266,-4.3702034397739515e-05,-0.010971333543193774,0.013418957144378865,-5.713310383721794e-07
2462442.5,A.D. 2029-Nov-02 00:00:00.0000,0.7664333482681321,0.6303241685197157,-4.4338076616792474e-05,-0.011206593436496846,0.013230926076276756,-7.038739102440238e-07
2462443.5,A.D. 2029-Nov-03 00:00:00.0000,0.7551103786796433,0.6434591844942538,-4.511465872302576e-05,-0.011438826955676606,0.013038346106129908,-8.509490548146211e-07
2462444.5,A.D. 2029-Nov-04 00:00:00.0000,0.7435567641682971,0.656399341011968,-4.6041459114762465e-05,-0.011667850124491137,0.012841208217814927,-1.0023986342309885e-06
2462445.5,A.D. 2029-Nov-05 00:00:00.0000,0.7317758184493739,0.6691400903687583,-4.7116790640240684e-05,-0.011893452862100778,0.012639540401916926,-1.1458257099568966e-06
2462446.5,A.D. 2029-Nov-06 00:00:00.0000,0.719771072149529,0.6816769376628828,-4.8326053646209055e-05,-0.012115414953225743,0.012433422042037755,-1.2681333613688267e-06
2462447.5,A.D. 2029-Nov-07 00:00:00.0000,0.7075462712283853,0.6940054953893385,-4.964211924901722e-05,-0.012333530308713724,0.012222988036158606,-1.3577528931710232e-06
2462448.5,A.D. 2029-Nov-08 00:00:00.0000,0.6951053503051786,0.7061215348339167,-5.1027971438594e-05,-0.012547631159466997,0.012008418079210619,-1.406774649238362e-06
2462449.5,A.D. 2029-Nov-09 00:00:00.0000,0.6824523860895415,0.7180210202698454,-5.244105018140812e-05,-0.012757602251980138,0.011789914170830194,-1.4120992684745188e-06
2462450.5,A.D. 2029-Nov-10 00:00:00.0000,0.6695915439204263,0.7297001185688888,-5.3838070234531226e-05,-0.01296338033259764,0.011567675705158247,-1.3752392688463652e-06
2462451.5,A.D. 2029-Nov-11 00:00:00.0000,0.6565270311361895,0.7411551867008098,-5.517908558186158e-05,-0.013164942054604197,0.011341881317624373,-1.3011113414197763e-06
2462452.5,A.D. 2029-Nov-12 00:00:00.0000,0.6432630652637236,0.7523827462707215,-5.6430130272382014e-05,-0.013362287716737083,0.011112681195624618,-1.196513739130883e-06
2462453.5,A.D. 2029-Nov-13 00:00:00.0000,0.6298038577618239,0.7633794549855563,-5.756442852268426e-05,-0.013555427198756898,0.01088019801491499,-1.068854631590308e-06
2462454.5,A.D. 2029-Nov-14 00:00:00.0000,0.6161536094167386,0.7741420816447102,-5.85625672168001e-05,-0.013744370891036597,0.010644532343891875,-9.253595877484177e-07
2462455.5,A.D. 2029-Nov-15 00:00:00.0000,0.6023165123096155,0.7846674872000342,-5.941210601669986e-05,-0.013929125429571905,0.010405768901880004,-7.727190470459461e-07
2462456.5,A.D. 2029-Nov-16 00:00:00.0000,0.5882967542633603,0.7949526115909242,-6.010699345188046e-05,-0.014109692713894596,0.010163981643650077,-6.170254115030557e-07
2462457.5,A.D. 2029-Nov-17 00:00:00.0000,0.5740985233228058,0.8049944647596753,-6.0647000187218734e-05,-0.01428607057788397,0.009919237008388643,-4.638479678937593e-07
2462458.5,A.D. 2029-Nov-18 00:00:00.0000,0.5597260112687907,0.8147901200340535,-6.103724819615288e-05,-0.014458253888127545,0.009671595466519654,-3.183353769814045e-07
2462459.5,A.D. 2029-Nov-19 00:00:00.0000,0.5451834161502066,0.8243367083977413,-6.128782747116457e-05,-0.014626235320772174,0.009421111840550712,-1.8528077571383943e-07
2462460.5,A.D. 2029-Nov-20 00:00:00.0000,0.5304749443616994,0.8336314127034778,-6.14134459658175e-05,-0.014790005461583941,0.009167834962485343,-6.912086344585584e-08
2462461.5,A.D. 2029-Nov-21 00:00:00.0000,0.5156048129942868,0.8426714614315791,-6.143304393406843e-05,-0.014949552170399233,0.008911807185001184,2.6132922315955725e-08
2462462.5,A.D. 2029-Nov-22 00:00:00.0000,0.5005772531324199,0.8514541220567782,-6.136931184813064e-05,-0.01510485936219639,0.008653064138519222,9.701455597577974e-08
2462463.5,A.D. 2029-Nov-23 00:00:00.0000,0.48539651455067645,0.8599766943916543,-6.124807332648007e-05,-0.015255905476344362,0.00839163494568805,1.407485845581271e-07
2462464.5,A.D. 2029-Nov-24 00:00:00.0000,0.4700668719779057,0.8682365043857534,-6.10975214065499e-05,-0.015402661913191569,0.008127542904528533,1.5539463650330994e-07
2462465.5,A.D. 2029-Nov-25 00:00:00.0000,0.45459263286341556,0.8762308987845822,-6.094731736082269e-05,-0.015545091606945706,0.007860806491831098,1.39976817280244e-07
2462466.5,A.D. 2029-Nov-26 00:00:00.0000,0.43897814650413575,0.8839572408676883,-6.08275669049512e-05,-0.01568314770807554,0.007591440488793816,9.460180900147914e-08
2462467.5,A.D. 2029-Nov-27 00:00:00.0000,0.42322781452461317,0.8914129073276162,-6.0767675405931035e-05,-0.015816772142485856,0.007319457140675999,2.0587574453241945e-08
2462468.5,A.D. 2029-Nov-28 00:00:00.0000,0.4073461030027122,0.8985952863882501,-6.0795056454285775e-05,-0.01594589370386539,0.007044867537453639,-7.936732766565422e-08
2462469.5,A.D. 2029-Nov-29 00:00:00.0000,0.3913375568493612,0.9055017776372442,-6.0933642190762374e-05,-0.01607042543702825,0.006767683791918591,-2.0095609704673448e-07
2462470.5,A.D. 2029-Nov-30 00:00:00.0000,0.3752068171094411,0.9121297948197742,-6.120214444013019e-05,-0.01619026150041351,0.006487922964381197,-3.3800247912429565e-07
2462471.5,A.D. 2029-Dec-01 00:00:00.0000,0.358958641282628,0.918476773876908,-6.161207616729775e-05,-0.01630527451986474,0.006205613780973252,-4.822674331487849e-07
2462472.5,A.D. 2029-Dec-02 00:00:00.0000,0.3425979252165348,0.924540189342274,-6.216569179131823e-05,-0.016415315525657108,0.0059208066068086275,-6.235201306330359e-07
2462473.5,A.D. 2029-Dec-03 00:00:00.0000,0.3261297225917894,0.9303175819413158,-6.285423631730762e-05,-0.016520219309701236,0.005633585483511098,-7.501256120502309e-07
2462474.5,A.D. 2029-Dec-04 00:00:00.0000,0.30955925535988454,0.9358065978255513,-6.365711966554499e-05,-0.016619817339689976,0.005344078534906131,-8.503174072641336e-07
2462475.5,A.D. 2029-Dec-05 00:00:00.0000,0.29289190768472556,0.9410050350940483,-6.454267008241574e-05,-0.016713957314677567,0.005052461180011009,-9.140274139574349e-07
2462476.5,A.D. 2029-Dec-06 00:00:00.0000,0.27613319910189627,0.9459108879386176,-6.547078738231963e-05,-0.016802523925632043,0.004758947756536263,-9.347373026099532e-07
2462477.5,A.D. 2029-Dec-07 00:00:00.0000,0.25928873969910743,0.9505223766198132,-6.639714610701403e-05,-0.01688545272854229,0.004463772219295529,-9.106098911108982e-07
2462478.5,A.D. 2029-Dec-08 00:00:00.0000,0.24236417748773034,0.9548379552792694,-6.727794835308883e-05,-0.016962731406813644,0.004167164577920193,-8.444239002125698e-07
2462479.5,A.D. 2029-Dec-09 00:00:00.0000,0.22536515083730818,0.9588562977756081,-6.807403986455798e-05,-0.017034389048066784,0.0038693318204086288,-7.42437224141328e-07
2462480.5,A.D. 2029-Dec-10 00:00:00.0000,0.20829725522374343,0.9625762691503451,-6.875359425229166e-05,-0.017100479470888205,0.003570448667091678,-6.127766673177797e-07
2462481.5,A.D. 2029-Dec-11 00:00:00.0000,0.19116602666670857,0.9659968928709333,-6.92932239592786e-05,-0.017161065499486344,0.0032706579341695297,-4.639887290704694e-07
2462482.5,A.D. 2029-Dec-12 00:00:00.0000,0.1739769385717404,0.9691173217183819,-6.967788115319546e-05,-0.017216208243116354,0.002970076708036739,-3.040963999173802e-07
2462483.5,A.D. 2029-Dec-13 00:00:00.0000,0.1567354064220598,0.9719368159616119,-6.990008860467497e-05,-0.01726596199622074,0.0026688041396179247,-1.4018654407384753e-07
2462484.5,A.D. 2029-Dec-14 00:00:00.0000,0.13944679530939175,0.9744547289171136,-6.995896320773515e-05,-0.017310373346834676,0.0023669281109631084,2.162348998798636e-08
2462485.5,A.D. 2029-Dec-15 00:00:00.0000,0.12211642705038128,0.9766704980936204,-6.985931814843125e-05,-0.017349482595611067,0.0020645296636208617,1.7602354362985764e-07
2462486.5,A.D. 2029-Dec-16 00:00:00.0000,0.10474958540080317,0.978583639603283,-6.96109629608071e-05,-0.017383325925883507,0.0017616851529542723,3.182966736041299e-07
2462487.5,A.D. 2029-Dec-17 00:00:00.0000,0.08735151917436042,0.9801937437720034,-6.92282032806217e-05,-0.017411937293194703,0.0014584665885122713,4.441450794014654e-07
2462488.5,A.D. 2029-Dec-18 00:00:00.0000,0.06992744387477749,0.9815004704385776,-6.872947250058414e-05,-0.017435349438945015,0.0011549407781790814,5.496060123610369e-07
2462489.5,A.D. 2029-Dec-19 00:00:00.0000,0.05248254288159789,0.982503543067667,-6.813699270260316e-05,-0.017453593743102014,0.0008511679181086522,6.310788868564946e-07
2462490.5,A.D. 2029-Dec-20 00:00:00.0000,0.03502196939065756,0.9832027414374229,-6.747635249167193e-05,-0.01746669887431989,0.0005472002530617676,6.854624233119971e-07
2462491.5,A.D. 2029-Dec-21 00:00:00.0000,0.017550850237184955,0.9835978932626847,-6.677590095253431e-05,-0.01747468842458235,0.00024308137305686922,7.103799380407538e-07
2462492.5,A.D. 2029-Dec-22 00:00:00.0000,7.42924326972039e-05,0.9836888656196608,-6.606588849511992e-05,-0.017477577928945633,-6.115342590752232e-05,7.044522462956921e-07
2462493.5,A.D. 2029-Dec-23 00:00:00.0000,-0.017402607233906943,0.9834755573553061,-6.537733242166191e-05,-0.017475371812929935,-0.00036547552487906917,6.675664107961541e-07
2462494.5,A.D. 2029-Dec-24 00:00:00.0000,-0.034874749736272206,0.9829578937137426,-6.47406368620073e-05,-0.017468060807604473,-0.0006698602034269941,6.010911220120799e-07
2462495.5,A.D. 2029-Dec-25 00:00:00.0000,-0.05233701916364278,0.9821358241931862,-6.418403816907243e-05,-0.017455620200705724,-0.0009742830218047204,5.080072248763623e-07
2462496.5,A.D. 2029-Dec-26 00:00:00.0000,-0.06978426679581684,0.981009324281343,-6.373196581135975e-05,-0.017438009024228106,-0.0012787157360817614,3.9294710387335355e-07
2462497.5,A.D. 2029-Dec-27 00:00:00.0000,-0.08721129479397711,0.9795784014121365,-6.340340496444019e-05,-0.01741517007438814,-0.0015831219514997699,2.621542451509642e-07
2462498.5,A.D. 2029-Dec-28 00:00:00.0000,-0.10461284028629829,0.9778431054228502,-6.321033575760004e-05,-0.0173870306870241,-0.0018874524318150017,1.2336956839843328e-07
2462499.5,A.D. 2029-Dec-29 00:00:00.0000,-0.12198356069198812,0.9758035439856886,-6.315633146236014e-05,-0.017353504523074686,-0.002191639796877467,-1.4380843847682997e-08
2462500.5,A.D. 2029-Dec-30 00:00:00.0000,-0.13931802163900125,0.973459903702927,-6.323544647395816e-05,-0.017314495143458508,-0.0024955925286757256,-1.411686514915519e-07
2462501.5,A.D. 2029-Dec-31 00:00:00.0000,-0.15661068982983312,0.9708124773102925,-6.343161447013201e-05,-0.01726990252638335,-0.0027991889507076907,-2.468170205437149e-07
2462502.5,A.D. 2030-Jan-01 00:00:00.0000,-0.17385593428840798,0.9678616961981826,-6.371886579192515e-05,-0.017219633370949224,-0.003102273020980568,-3.2188724952531115e-07
2462503.5,A.D. 2030-Jan-02 00:00:00.0000,-0.19104803965179942,0.9646081650845116,-6.406267419837803e-05,-0.017163614609656423,-0.0034046547271446358,-3.5892157408989056e-07
2462504.5,A.D. 2030-Jan-03 00:00:00.0000,-0.2081812334872191,0.9610526929140925,-6.442256497002504e-05,-0.01710180727967157,-0.0037061175046668943,-3.5365945061242687e-07
2462505.5,A.D. 2030-Jan-04 00:00:00.0000,-0.2252497257636394,0.9571963126636468,-6.475575012595191e-05,-0.01703421614797913,-0.004006432727344063,-3.0580302496912614e-07
2462506.5,A.D. 2030-Jan-05 00:00:00.0000,-0.24224775403512336,0.9530402844239702,-6.502114982448496e-05,-0.016960891040070605,-0.0043053778232855135,-2.1898783660769618e-07
2462507.5,A.D. 2030-Jan-06 00:00:00.0000,-0.2591696252954706,0.9485860809007445,-6.518295988901726e-05,-0.016881919076772306,-0.0046027523501871994,-9.993302672448758e-08
2462508.5,A.D. 2030-Jan-07 00:00:00.0000,-0.27600974671914613,0.943835359956328,-6.521308691472948e-05,-0.016797410994682706,-0.00489838729081415,4.289687188452492e-08
2462509.5,A.D. 2030-Jan-08 00:00:00.0000,-0.29276264190202195,0.938789931962128,-6.509220378580166e-05,-0.016707486677834914,-0.005192146235913596,2.00635232973632e-07
2462510.5,A.D. 2030-Jan-09 00:00:00.0000,-0.3094229540698879,0.9334517292744455,-6.480962166056406e-05,-0.016612264060063532,-0.005483920481219922,3.6499558964593127e-07
2462511.5,A.D. 2030-Jan-10 00:00:00.0000,-0.32598544066553575,0.9278227822201918,-6.436242108741168e-05,-0.016511853038817307,-0.005773621487706483,5.287704887186804e-07
2462512.5,A.D. 2030-Jan-11 00:00:00.0000,-0.3424449641847562,0.9219052026621888,-6.375429961447194e-05,-0.016406353843864137,-0.0060611736492555334,6.859226934967891e-07
2462513.5,A.D. 2030-Jan-12 00:00:00.0000,-0.35879648296405847,0.9157011739110563,-6.299446659633423e-05,-0.016295858284378753,-0.006346508991011334,8.314273974525964e-07
2462514.5,A.D. 2030-Jan-13 00:00:00.0000,-0.37503504396764337,0.9092129447500266,-6.209675518704991e-05,-0.01618045225834816,-0.0066295642477914125,9.610179166302852e-07
2462515.5,A.D. 2030-Jan-14 00:00:00.0000,-0.3911557781854768,0.9024428252730693,-6.10789888968484e-05,-0.016060218298666263,-0.006910280087070837,1.0709455898344542e-06
2462516.5,A.D. 2030-Jan-15 00:00:00.0000,-0.40715389824466947,0.8953931826393596,-5.9962550695421e-05,-0.015935237347968305,-0.007188601955632385,1.157823632520092e-06
2462517.5,A.D. 2030-Jan-16 00:00:00.0000,-0.42302469718917496,0.8880664354245659,-5.8772048279464125e-05,-0.015805589254905168,-0.007464481930980425,1.2185959806433443e-06
2462518.5,A.D. 2030-Jan-17 00:00:00.0000,-0.4387635469853029,0.8804650459016313,-5.753493857565322e-05,-0.015671351697021853,-0.007737880888860869,1.2506518162718788e-06
2462519.5,A.D. 2030-Jan-18 00:00:00.0000,-0.4543658951222816,0.872591510318075,-5.628096411457581e-05,-0.015532597459213872,-0.00800877020439392,1.2520849817881547e-06
2462520.5,A.D. 2030-Jan-19 00:00:00.0000,-0.46982725775745365,0.8644483480584267,-5.504126891840872e-05,-0.015389390320214956,-0.008277132140291237,1.2220673183325461e-06
2462521.5,A.D. 2030-Jan-20 00:00:00.0000,-0.48514320831765556,0.8560380913994956,-5.3847111350823196e-05,-0.015241780230670533,-0.008542958168774721,1.1612665592335619e-06
2462522.5,A.D. 2030-Jan-21 00:00:00.0000,-0.5003093613700486,0.8473632781594171,-5.272817909584048e-05,-0.015089798883073652,-0.008806244845916973,1.0722049857077793e-06
2462523.5,A.D. 2030-Jan-22 00:00:00.0000,-0.5153213527930874,0.8384264496167959,-5.171062299707944e-05,-0.014933456947022179,-0.009066987503408713,9.594453985513177e-07
2462524.5,A.D. 2030-Jan-23 00:00:00.0000,-0.5301748184579175,0.8292301554491551,-5.081502796076518e-05,-0.014772743974723777,-0.009325172728819858,8.295220922413656e-07
2462525.5,A.D. 2030-Jan-24 00:00:00.0000,-0.5448653743182015,0.8197769662230012,-5.0054590220893825e-05,-0.01460763129637202,-0.009580771020698165,6.906008895788377e-07
2462526.5,A.D. 2030-Jan-25 00:00:00.0000,-0.5593886007224508,0.810069492594266,-4.943374951269425e-05,-0.014438077437436315,-0.00983373088567325,5.519230193556085e-07
2462527.5,A.D. 2030-Jan-26 00:00:00.0000,-0.5737400330189473,0.8001104093696644,-4.89474471281222e-05,-0.014264035118483169,-0.010083975079164762,4.231254477782569e-07
2462528.5,A.D. 2030-Jan-27 00:00:00.0000,-0.5879151595667063,0.7899024822029798,-4.85810895535212e-05,-0.01408545894704919,-0.010331399070933979,3.135202614216761e-07
2462529.5,A.D. 2030-Jan-28 00:00:00.0000,-0.6019094275589544,0.7794485947938089,-4.831123303273503e-05,-0.013902313302857114,-0.010575871547103037,2.3137771985550027e-07
2462530.5,A.D. 2030-Jan-29 00:00:00.0000,-0.6157182567457421,0.7687517745809146,-4.810697543261899e-05,-0.013714580223456575,-0.010817236952456519,1.832315378099705e-07
2462531.5,A.D. 2030-Jan-30 00:00:00.0000,-0.6293370609218307,0.7578152147264227,-4.7932019116643416e-05,-0.013522266952260878,-0.011055320451693105,1.7324123279871817e-07
2462532.5,A.D. 2030-Jan-31 00:00:00.0000,-0.6427612764305878,0.7466422897338211,-4.7747308180127016e-05,-0.013325412202668998,-0.011289935742771264,2.0270127781170647e-07
2462533.5,A.D. 2030-Feb-01 00:00:00.0000,-0.6559863956465325,0.735236561867897,-4.7514025599853346e-05,-0.013124089560366205,-0.011520895513335967,2.698370326350472e-07
2462534.5,A.D. 2030-Feb-02 00:00:00.0000,-0.6690080017519361,0.7236017763349295,-4.719659552625478e-05,-0.012918406466120427,-0.011748023119398302,3.700133180374059e-07
2462535.5,A.D. 2030-Feb-03 00:00:00.0000,-0.6818218000091902,0.7117418451835619,-4.676525597871635e-05,-0.012708498276410195,-0.011971163008107754,4.963756979266732e-07
2462536.5,A.D. 2030-Feb-04 00:00:00.0000,-0.6944236410636726,0.699660822494116,-4.619782381194041e-05,-0.012494518604206322,-0.012190187366845384,6.407903608641705e-07
2462537.5,A.D. 2030-Feb-05 00:00:00.0000,-0.7068095337622028,0.6873628754215959,-4.5480470180872614e-05,-0.012276628489976365,-0.012404997698527482,7.948391382027152e-07
2462538.5,A.D. 2030-Feb-06 00:00:00.0000,-0.7189756477164163,0.6748522560637309,-4.460757673627399e-05,-0.01205498711669599,-0.01261552181749175,9.506294498528177e-07
2462539.5,A.D. 2030-Feb-07 00:00:00.0000,-0.7309183081300215,0.6621332778893,-4.3580937256354314e-05,-0.011829745791506023,-0.012821708097474717,1.101281867563199e-06
2462540.5,A.D. 2030-Feb-08 00:00:00.0000,-0.7426339864264393,0.6492102983825131,-4.240864057349136e-05,-0.011601045510433167,-0.013023519125512329,1.2410882059786974e-06
2462541.5,A.D. 2030-Feb-09 00:00:00.0000,-0.754119289947754,0.6360877076135911,-4.110392725779892e-05,-0.011369017355679514,-0.013220926402351025,1.365424292641692e-06
2462542.5,A.D. 2030-Feb-10 00:00:00.0000,-0.765370952974538,0.622769921207402,-3.968420791834009e-05,-0.011133784534913725,-0.013413906919859171,1.4705332268951554e-06
2462543.5,A.D. 2030-Feb-11 00:00:00.0000,-0.7763858301190333,0.6092613757117213,-3.817031820192231e-05,-0.010895464915714484,-0.013602441767897221,1.5532841654300493e-06
2462544.5,A.D. 2030-Feb-12 00:00:00.0000,-0.7871608921126503,0.5955665244386182,-3.6585993258491585e-05,-0.01065417315060275,-0.013786516518165084,1.610985575573587e-06
2462545.5,A.D. 2030-Feb-13 00:00:00.0000,-0.7976932232265389,0.5816898322172803,-3.495747783845777e-05,-0.010410021721796068,-0.01396612293014982,1.641308407092831e-06
2462546.5,A.D. 2030-Feb-14 00:00:00.0000,-0.8079800189794406,0.5676357680217188,-3.331314149513479e-05,-0.010163120397544068,-0.014141261382415515,1.642357980285749e-06
2462547.5,A.D. 2030-Feb-15 00:00:00.0000,-0.8180185823509973,0.5534087951231704,-3.1682937278111914e-05,-0.009913573744406701,-0.014311943239966816,1.6129170755567762e-06
2462548.5,A.D. 2030-Feb-16 00:00:00.0000,-0.8278063164852459,0.5390133593331512,-3.009753238703643e-05,-0.009661476617998009,-0.014478192108790058,1.552854527705715e-06
2462549.5,A.D. 2030-Feb-17 00:00:00.0000,-0.8373407120368245,0.5244538770667926,-2.85869682193841e-05,-0.009406908096767868,-0.014640042728438881,1.4636429171605583e-06
2462550.5,A.D. 2030-Feb-18 00:00:00.0000,-0.8466193281686998,0.509734726179273,-2.717879812898051e-05,-0.009149925140365443,-0.014797536389418785,1.3488580353040266e-06
2462551.5,A.D. 2030-Feb-19 00:00:00.0000,-0.8556397679215437,0.4948602433153532,-2.589581272887822e-05,-0.008890558072775528,-0.01495071253712515,1.2144695633263222e-06
2462552.5,A.D. 2030-Feb-20 00:00:00.0000,-0.864399650971426,0.4798347311736129,-2.4753662316412812e-05,-0.008628810230876801,-0.015099597660929382,1.0687285514509175e-06
2462553.5,A.D. 2030-Feb-21 00:00:00.0000,-0.8728965887925576,0.46466247718836934,-2.3758840448106287e-05,-0.008364663227900571,-0.015244194105534016,9.215551129410501e-07
2462554.5,A.D. 2030-Feb-22 00:00:00.0000,-0.8811281677794082,0.4493477820596374,-2.2907503013653143e-05,-0.008098087340746523,-0.015384472082051064,7.835098467749037e-07
2462555.5,A.D. 2030-Feb-23 00:00:00.0000,-0.8890919443377272,0.4338949936148765,-2.2185424050260677e-05,-0.007829054525423436,-0.0155203672303942,6.645993788401176e-07
2462556.5,A.D. 2030-Feb-24 00:00:00.0000,-0.8967854529126383,0.4183085401238971,-2.1569102594693388e-05,-0.007557550745165364,-0.015651784009524914,5.732142476280021e-07
2462557.5,A.D. 2030-Feb-25 00:00:00.0000,-0.9042062248850973,0.40259295794862704,-2.1027773830484388e-05,-0.007283585089791051,-0.015778603254908152,5.154036124755098e-07
2462558.5,A.D. 2030-Feb-26 00:00:00.0000,-0.9113518145589851,0.38675291055694044,-2.0525951268991934e-05,-0.007007194835313444,-0.015900691506714807,4.945341377242483e-07
2462559.5,A.D. 2030-Feb-27 00:00:00.0000,-0.9182198283691274,0.3707931981501179,-2.0026144651264766e-05,-0.006728446987171723,-0.01601791022302762,5.112626622193135e-07
2462560.5,A.D. 2030-Feb-28 00:00:00.0000,-0.924807954308307,0.3547187585379766,-1.9491491552752736e-05,-0.006447437340615288,-0.016130124003494506,5.63720604353988e-07
2462561.5,A.D. 2030-Mar-01 00:00:00.0000,-0.9311139895137057,0.33853466035845087,-1.8888129932772596e-05,-0.006164287824635031,-0.016237207683595156,6.478400424916454e-07
2462562.5,A.D. 2030-Mar-02 00:00:00.0000,-0.9371358644749529,0.32224608975579305,-1.8187186100770604e-05,-0.005879142419379327,-0.016339052310183618,7.577948156480196e-07
2462563.5,A.D. 2030-Mar-03 00:00:00.0000,-0.9428716624771666,0.3058583317315622,-1.7366268529663904e-05,-0.005592161727597694,-0.016435569750971903,8.865449090581435e-07
2462564.5,A.D. 2030-Mar-04 00:00:00.0000,-0.9483196330442183,0.28937674777833045,-1.6410377939670683e-05,-0.005303516485184615,-0.016526695426510366,1.0264509041870103e-06
2462565.5,A.D. 2030-Mar-05 00:00:00.0000,-0.9534781986419449,0.272806751922293,-1.5312195738906205e-05,-0.005013380723441259,-0.01661238871170993,1.1698885102997608e-06
2462566.5,A.D. 2030-Mar-06 00:00:00.0000,-0.9583459547884634,0.2561537875618841,-1.407179564661069e-05,-0.004721925596933317,-0.016692630988402856,1.3097726511017307e-06
2462567.5,A.D. 2030-Mar-07 00:00:00.0000,-0.9629216647308705,0.23942330721474597,-1.2695909623747754e-05,-0.004429314817252439,-0.01676742191424518,1.4399151832603429e-06
2462568.5,A.D. 2030-Mar-08 00:00:00.0000,-0.9672042505929211,0.2226207564873762,-1.1196934671921263e-05,-0.004135702197631917,-0.016836774888800025,1.555184641150887e-06
2462569.5,A.D. 2030-Mar-09 00:00:00.0000,-0.9711927831175449,0.20575156253736807,-9.591872441940259e-06,-0.003841231242624396,-0.016900712763608546,1.6514879652531706e-06
2462570.5,A.D. 2030-Mar-10 00:00:00.0000,-0.9748864718171,0.18882112635363194,-7.90135324996035e-06,-0.0035460362609291405,-0.01695926459967886,1.7256313826272094e-06
2462571.5,A.D. 2030-Mar-11 00:00:00.0000,-0.9782846566909432,0.17183481756262164,-6.148829777310822e-06,-0.0032502442565263455,-0.01701246389681516,1.7751322806421223e-06
2462572.5,A.D. 2030-Mar-12 00:00:00.0000,-0.9813868019010649,0.15479797022724195,-4.359954253204641e-06,-0.002953976830524304,-0.017060348366151615,1.7980511018947115e-06
2462573.5,A.D. 2030-Mar-13 00:00:00.0000,-0.9841924910614653,0.13771587817279718,-2.5620887520024855e-06,-0.0026573513979939985,-0.01710296105351804,1.7929021201629199e-06
2462574.5,A.D. 2030-Mar-14 00:00:00.0000,-0.9867014231425035,0.12059378867295804,-7.838446968758313e-07,-0.002360481104518696,-0.017140352411107906,1.7586914883786811e-06
2462575.5,A.D. 2030-Mar-15 00:00:00.0000,-0.9889134074142943,0.10343689384632306,9.454954139874861e-07,-0.0020634729079534123,-0.01717258267179052,1.6951196810126183e-06
2462576.5,A.D. 2030-Mar-16 00:00:00.0000,-0.9908283553914743,0.08625031992312382,2.5968489778851337e-06,-0.0017664234651971718,-0.017199723534929257,1.60296425277591e-06
2462577.5,A.D. 2030-Mar-17 00:00:00.0000,-0.9924462675748327,0.06903911573911595,4.142667359057297e-06,-0.0014694129140870615,-0.017221857761802805,1.484612435365615e-06
2462578.5,A.D. 2030-Mar-18 00:00:00.0000,-0.9937672132866047,0.051808243361563894,5.558834493441332e-06,-0.0011724975461450487,-0.01723907505273774,1.344629897025769e-06
2462579.5,A.D. 2030-Mar-19 00:00:00.0000,-0.9947913035246846,0.034562575233508266,6.8270646742180405e-06,-0.0008757036669454312,-0.017251463033605592,1.1901453313025037e-06
2462580.5,A.D. 2030-Mar-20 00:00:00.0000,-0.995518659660204,0.01730690268830323,7.93747255061345e-06,-0.0005790260218406307,-0.017259093805694372,1.0307622625448106e-06
2462581.5,A.D. 2030-Mar-21 00:00:00.0000,-0.9959493841945861,4.595896871659547e-05,8.89071906661858e-06,-0.0002824338588489659,-0.017262009123574243,8.777787152924323e-07
2462582.5,A.D. 2030-Mar-22 00:00:00.0000,-0.996083541775448,-0.01721554438234763,9.699032672339762e-06,1.4114849680055631e-05,-0.017260209414912103,7.427538192888787e-07
2462583.5,A.D. 2030-Mar-23 00:00:00.0000,-0.9959211572374727,-0.0344728741955321,1.0385616986699163e-05,0.0003106544621045569,-0.017253651484383674,6.358012171584513e-07
2462584.5,A.D. 2030-Mar-24 00:00:00.0000,-0.9954622324171966,-0.05172123515450913,1.0982449702220997e-05,0.0006071941429948344,-0.017242256250987437,5.641699630464741e-07
2462585.5,A.D. 2030-Mar-25 00:00:00.0000,-0.9947067774134777,-0.06895574087462343,1.1526995213508786e-05,0.0009037071414525011,-0.0172259233914263,5.315344654434929e-07
2462586.5,A.D. 2030-Mar-26 00:00:00.0000,-0.9936548482597548,-0.08617140081057512,1.205860485499546e-05,0.0012001286318034533,-0.01720454743525645,5.38059942876055e-07
2462587.5,A.D. 2030-Mar-27 00:00:00.0000,-0.992306583169828,-0.10336312200102558,1.2615277515194734e-05,0.001496360197344268,-0.01717803079976682,5.810026754473873e-07
2462588.5,A.D. 2030-Mar-28 00:00:00.0000,-0.9906622324298311,-0.12052572145099069,1.3231146814014527e-05,0.0017922774721464676,-0.0171462919614894,6.555107828995448e-07
2462589.5,A.D. 2030-Mar-29 00:00:00.0000,-0.9887221803400709,-0.13765394441728368,1.3934760634587897e-05,0.0020877380302101456,-0.017109269307346194,7.553792754535159e-07
2462590.5,A.D. 2030-Mar-30 00:00:00.0000,-0.9864869598081546,-0.15474248501801097,1.4748044790219097e-05,0.002382588072776083,-0.017066922200670662,8.736569619111695e-07
2462591.5,A.D. 2030-Mar-31 00:00:00.0000,-0.9839572609798216,-0.1717860071204148,1.5685798228223676e-05,0.0026766676993309124,-0.01701923065822059,1.0031084718706985e-06
2462592.5,A.D. 2030-Apr-01 00:00:00.0000,-0.9811339351591561,-0.18877916456445426,1.675559615870046e-05,0.0029698151358831778,-0.016966194421107174,1.136576013396867e-06
2462593.5,A.D. 2030-Apr-02 00:00:00.0000,-0.9780179948444843,-0.2057166202608842,1.795802168772593e-05,0.003261870326415303,-0.01690783163506581,1.2672789736978476e-06
2462594.5,A.D. 2030-Apr-03 00:00:00.0000,-0.97461061041306,-0.222593063748205,1.9287172023859076e-05,0.003552678045176164,-0.016844177068794743,1.3890631447442035e-06
2462595.5,A.D. 2030-Apr-04 00:00:00.0000,-0.9709131039706858,-0.23940322670388778,2.0731384611852043e-05,0.003842090420203111,-0.01677527980582634,1.496588298476059e-06
2462596.5,A.D. 2030-Apr-05 00:00:00.0000,-0.9669269410689848,-0.2561418959248145,2.2274112112776786e-05,0.004129968635900434,-0.016701200529790645,1.5854355743115514e-06
2462597.5,A.D. 2030-Apr-06 00:00:00.0000,-0.9626537212068441,-0.27280392351885535,2.389486022582535e-05,0.004416183648273816,-0.016622008728884058,1.6521257572576693e-06
2462598.5,A.D. 2030-Apr-07 00:00:00.0000,-0.9580951681073012,-0.2893842344403621,2.557010272840303e-05,0.00470061594351725,-0.01653778025291126,1.6940589513661106e-06
2462599.5,A.D. 2030-Apr-08 00:00:00.0000,-0.9532531206148397,-0.3058778319306411,2.7274108778260383e-05,0.004983154599008968,-0.016448595623525675,1.70940581383194e-06
2462600.5,A.D. 2030-Apr-09 00:00:00.0000,-0.948129524703191,-0.3222798017600294,2.8979655007565166e-05,0.005263696085269585,-0.016354539354177054,1.696993831485528e-06
2462601.5,A.D. 2030-Apr-10 00:00:00.0000,-0.9427264265874188,-0.3385853163268781,3.0658641764040026e-05,0.005542143350688488,-0.016255700334932306,1.6562375979144032e-06
2462602.5,A.D. 2030-Apr-11 00:00:00.0000,-0.9370459663675208,-0.3547896396121161,3.228268191230692e-05,0.005818405771822696,-0.016152173109464138,1.5871613922612054e-06
2462603.5,A.D. 2030-Apr-12 00:00:00.0000,-0.9310903710476383,-0.3708881336857737,3.382377641910899e-05,0.0060924005435066325,-0.016044059601920933,1.4905563239091622e-06
2462604.5,A.D. 2030-Apr-13 00:00:00.0000,-0.9248619452385395,-0.3868762668505135,3.525522647656689e-05,0.0063640559844086175,-0.01593147049555576,1.3682984394616372e-06
2462605.5,A.D. 2030-Apr-14 00:00:00.0000,-0.9183630575094275,-0.4027496224884272,3.6552942004641756e-05,0.006633316912356923,-0.015814525012453406,1.2238166224753902e-06
2462606.5,A.D. 2030-Apr-15 00:00:00.0000,-0.9115961205325158,-0.4185039062065429,3.769726142183228e-05,0.006900151490886797,-0.015693347436430895,1.0626243268595747e-06
2462607.5,A.D. 2030-Apr-16 00:00:00.0000,-0.9045635643743605,-0.43413494718637763,3.867525687205883e-05,0.0071645576378023615,-0.01556805878930139,8.927147075440401e-07
2462608.5,A.D. 2030-Apr-17 00:00:00.0000,-0.8972678049818065,-0.449638688541916,3.948323914566281e-05,0.007426565548738195,-0.015438763297576742,7.245074762137334e-07
2462609.5,A.D. 2030-Apr-18 00:00:00.0000,-0.8897112138042503,-0.4650111623968479,4.012885085820491e-05,0.007686232292152713,-0.015305532060126763,5.700387623225791e-07
2462610.5,A.D. 2030-Apr-19 00:00:00.0000,-0.8818960978157954,-0.4802484495185128,4.063192590066651e-05,0.007943626408023796,-0.015168389666454873,4.4132673957891867e-07
2462611.5,A.D. 2030-Apr-20 00:00:00.0000,-0.8738246990133585,-0.4953466299932475,4.1023443098684816e-05,0.00819880530285537,-0.015027310679731192,3.482983703387696e-07
2462612.5,A.D. 2030-Apr-21 00:00:00.0000,-0.8654992170142527,-0.5103017370313493,4.1342496051040594e-05,0.008451793188008726,-0.01488222947271706,2.9703159523315124e-07
2462613.5,A.D. 2030-Apr-22 00:00:00.0000,-0.8569218497950166,-0.525109726234194,4.163196423449951e-05,0.008702568002370814,-0.014733060242394683,2.8899522923777407e-07
2462614.5,A.D. 2030-Apr-23 00:00:00.0000,-0.8480948411969724,-0.5397664666745383,4.193401775668455e-05,0.008951061002067615,-0.014579719146177212,3.2145095701803427e-07
2462615.5,A.D. 2030-Apr-24 00:00:00.0000,-0.8390205234235049,-0.5542677518703917,4.228645842651097e-05,0.009197166324940538,-0.014422141006128606,3.8862893501140557e-07
2462616.5,A.D. 2030-Apr-25 00:00:00.0000,-0.8297013474635814,-0.5686093232471082,4.272037449923528e-05,0.009440754540726196,-0.014260287488825865,4.830865052124267e-07
2462617.5,A.D. 2030-Apr-26 00:00:00.0000,-0.8201399002335266,-0.5827868979294674,4.3259054275674104e-05,0.009681685015711866,-0.014094148041295013,5.968190185429308e-07
2462618.5,A.D. 2030-Apr-27 00:00:00.0000,-0.8103389110721889,-0.5967961951591454,4.3917813387418833e-05,0.00991981466899757,-0.013923736756250521,7.219721381898622e-07
2462619.5,A.D. 2030-Apr-28 00:00:00.0000,-0.8003012513744128,-0.6106329587792625,4.470435178612683e-05,0.010155003062203622,-0.013749088025466231,8.512074165297236e-07
2462620.5,A.D. 2030-Apr-29 00:00:00.0000,-0.7900299305371558,-0.6242929755110025,4.561935577451637e-05,0.010387114897861845,-0.013570252644369738,9.778490673930224e-07
2462621.5,A.D. 2030-Apr-30 00:00:00.0000,-0.779528090184376,-0.6377720898284777,4.665718842312395e-05,0.010616021146806074,-0.013387294927029617,1.0959305597391688e-06
2462622.5,A.D. 2030-May-01 00:00:00.0000,-0.7687989975612575,-0.6510662164230839,4.7806610057903435e-05,0.010841599693094008,-0.013200290718727645,1.2002168772798278e-06
2462623.5,A.D. 2030-May-02 00:00:00.0000,-0.7578460383204974,-0.6641713509748575,4.905152362534918e-05,0.011063735945738827,-0.01300932592936923,1.2862341804267926e-06
2462624.5,A.D. 2030-May-03 00:00:00.0000,-0.7466727086656088,-0.6770835795611329,5.037175434751183e-05,0.011282323504828804,-0.012814495225083227,1.3503069599928068e-06
2462625.5,A.D. 2030-May-04 00:00:00.0000,-0.7352826068483393,-0.6897990867443096,5.17438641328986e-05,0.011497264757466819,-0.012615900678942662,1.3895874214571147e-06
2462626.5,A.D. 2030-May-05 00:00:00.0000,-0.7236794241798109,-0.7023141622846434,5.3141984757276664e-05,0.011708471229030043,-0.012413650387337756,1.4020617500198172e-06
2462627.5,A.D. 2030-May-06 00:00:00.0000,-0.7118669358560022,-0.7146252065183332,5.453864332126225e-05,0.011915863600729376,-0.012207857221332991,1.3865289779719199e-06
2462628.5,A.D. 2030-May-07 00:00:00.0000,-0.6998489919082271,-0.7267287346525255,5.590555715436695e-05,0.012119371470621,-0.01199863794751833,1.3425643846915025e-06
2462629.5,A.D. 2030-May-08 00:00:00.0000,-0.6876295084191777,-0.738621380447639,5.721439522975153e-05,0.012318933119069614,-0.01178611290236294,1.2704947109646348e-06
2462630.5,A.D. 2030-May-09 00:00:00.0000,-0.6752124588051098,-0.7502998998708924,5.843753598721087e-05,0.012514495688367296,-0.011570406246521317,1.1714223787322015e-06
2462631.5,A.D. 2030-May-10 00:00:00.0000,-0.6626018645093854,-0.7617611752138288,5.95488901910411e-05,0.012706016262657615,-0.01135164657598776,1.0473373361273885e-06
2462632.5,A.D. 2030-May-11 00:00:00.0000,-0.6498017839732376,-0.7730022197828896,6.052489195174713e-05,0.012893464296594853,-0.011129967331641875,9.013444296351972e-07
2462633.5,A.D. 2030-May-12 00:00:00.0000,-0.6368162983970344,-0.7840201825140871,6.134577595596656e-05,0.013076825606381667,-0.010905506041231906,7.380041770628827e-07
2462634.5,A.D. 2030-May-13 00:00:00.0000,-0.6236494928437174,-0.7948123506933545,6.199722972805064e-05,0.013256107562264712,-0.010678401040290702,5.637247253947878e-07
2462635.5,A.D. 2030-May-14 00:00:00.0000,-0.6103054320799307,-0.805376147526388,6.24724023562507e-05,0.01343134407360424,-0.010448784240289324,3.870470803799959e-07
2462636.5,A.D. 2030-May-15 00:00:00.0000,-0.5967881326475496,-0.8157091201622692,6.277403797104046e-05,0.013602597562845745,-0.010216769295042108,2.1855797815744317e-07
2462637.5,A.D. 2030-May-16 00:00:00.0000,-0.5831015360307793,-0.8258089140950007,6.291620709045642e-05,0.013769954172951931,-0.009982436706309517,7.012795213105303e-08
2462638.5,A.D. 2030-May-17 00:00:00.0000,-0.5692494912627792,-0.8356732330117056,6.292486683687795e-05,0.013933509472829708,-0.00974582067951295,-4.666398179349309e-08
2462639.5,A.D. 2030-May-18 00:00:00.0000,-0.5552357562471834,-0.8452997892953513,6.28365335863942e-05,0.01409334603240464,-0.009506904749351338,-1.2264048279776672e-07
2462640.5,A.D. 2030-May-19 00:00:00.0000,-0.5410640228368537,-0.8546862568719029,6.269487477451717e-05,0.014249509896212268,-0.009265631237590055,-1.5292852272286913e-07
2462641.5,A.D. 2030-May-20 00:00:00.0000,-0.5267379619048146,-0.8638302401080586,6.254586095262335e-05,0.014401995623245541,-0.00902192296750425,-1.3782250418253248e-07
2462642.5,A.D. 2030-May-21 00:00:00.0000,-0.5122612763267499,-0.8727292672156864,6.243274865015904e-05,0.014550745793036338,-0.008775708829806538,-8.226475837014448e-08
2462643.5,A.D. 2030-May-22 00:00:00.0000,-0.4976377476693734,-0.8813808069651851,6.239214168070662e-05,0.014695663181071314,-0.008526943479007227,5.68058743047728e-09
2462644.5,A.D. 2030-May-23 00:00:00.0000,-0.4828712672976147,-0.8897822998107299,6.245176740347452e-05,0.014836628384627668,-0.00827561618534936,1.1660329117160943e-07
2462645.5,A.D. 2030-May-24 00:00:00.0000,-0.4679658502409077,-0.8979311927218314,6.262988076513491e-05,0.014973515731608858,-0.008021749969752122,2.411546637651026e-07
2462646.5,A.D. 2030-May-25 00:00:00.0000,-0.4529256356894056,-0.9058249700619925,6.293578050356502e-05,0.015106203841419539,-0.007765395350940284,3.708573885461035e-07
2462647.5,A.D. 2030-May-26 00:00:00.0000,-0.4377548797585407,-0.9134611773199398,6.33708620619007e-05,0.015234580711641379,-0.007506622871648657,4.98398171735618e-07
2462648.5,A.D. 2030-May-27 00:00:00.0000,-0.4224579452466295,-0.9208374378575704,6.392978777450496e-05,0.015358544973514606,-0.00724551686161259,6.176046931111907e-07
2462649.5,A.D. 2030-May-28 00:00:00.0000,-0.40703929125252986,-0.927951464431093,6.460155647882712e-05,0.015478005201600083,-0.0069821712535231535,7.232937754143604e-07
2462650.5,A.D. 2030-May-29 00:00:00.0000,-0.3915034638418982,-0.9348010675072824,6.53704109094279e-05,0.01559287869098719,-0.006716687281047818,8.111135764304643e-07
2462651.5,A.D. 2030-May-30 00:00:00.0000,-0.375855087840382,-0.9413841619855197,6.621661155049917e-05,0.015703090516707825,-0.006449172484723243,8.774400252546467e-07
2462652.5,A.D. 2030-May-31 00:00:00.0000,-0.36009885927322155,-0.9476987733139273,6.711714184076513e-05,0.015808573204198272,-0.006179740395229002,9.193429135241835e-07
2462653.5,A.D. 2030-Jun-01 00:00:00.0000,-0.3442395378195174,-0.9537430434044066,6.804641014261368e-05,0.015909267009446115,-0.005908510375695538,9.34609911590411e-07
2462654.5,A.D. 2030-Jun-02 00:00:00.0000,-0.3282819387567501,-0.9595152363222393,6.897699462613769e-05,0.01600512061733938,-0.005635607290282516,9.218038386700903e-07
2462655.5,A.D. 2030-Jun-03 00:00:00.0000,-0.3122309241050587,-0.9650137434963726,6.988045104090536e-05,0.01609609200195685,-0.005361160872446918,8.803273021359897e-07
2462656.5,A.D. 2030-Jun-04 00:00:00.0000,-0.2960913929211435,-0.9702370881642717,7.072818100498673e-05,0.016182149242008902,-0.005085304846503933,8.104773083614003e-07
2462657.5,A.D. 2030-Jun-05 00:00:00.0000,-0.27986827083463695,-0.9751839288793742,7.149234814576656e-05,0.016263271223964548,-0.0048081759606323935,7.134873264521416e-07
2462658.5,A.D. 2030-Jun-06 00:00:00.0000,-0.263566498897764,-0.9798530620721889,7.214683505831771e-05,0.01633944834596298,-0.004529913077434487,5.915702534795615e-07
2462659.5,A.D. 2030-Jun-07 00:00:00.0000,-0.24719102162403858,-0.9842434237404425,7.266825348797355e-05,0.01641068348853645,-0.0042506563226909376,4.479862008783273e-07
2462660.5,A.D. 2030-Jun-08 00:00:00.0000,-0.23074677378976785,-0.9883540902204894,7.303704448228253e-05,0.01647699356603358,-0.0039705460281968035,2.871573444331233e-07
2462661.5,A.D. 2030-Jun-09 00:00:00.0000,-0.2142386653089898,-0.9921842775632991,7.323871922059296e-05,0.016538411832337643,-0.003689720869858163,1.1483187928770675e-07
2462662.5,A.D. 2030-Jun-10 00:00:00.0000,-0.1976715634999083,-0.9957333382796653,7.32652733619113e-05,0.016594990700156517,-0.0034083143013412965,-6.174494301720953e-08
2462663.5,A.D. 2030-Jun-11 00:00:00.0000,-0.18105027264698903,-0.999000753257654,7.311673329133013e-05,0.01664680408732881,-0.003126448325201208,-2.3376306329292654e-07
2462664.5,A.D. 2030-Jun-12 00:00:00.0000,-0.1643795122321475,-1.001986115897804,7.28026434606605e-05,0.016693947324099193,-0.002844224178382575,-3.9106936580525786e-07
2462665.5,A.D. 2030-Jun-13 00:00:00.0000,-0.14766389759296528,-1.0046891057484197,7.234309522521287e-05,0.01673653193056239,-0.002561711006571963,-5.228961789007411e-07
2462666.5,A.D. 2030-Jun-14 00:00:00.0000,-0.1309079293454363,-1.0071094511385337,7.176871630346581e-05,0.016774673105384826,-0.002278935967208966,-6.192121009884276e-07
2462667.5,A.D. 2030-Jun-15 00:00:00.0000,-0.11411599888544811,-1.0092468848544793,7.111905591061123e-05,0.01680847053290915,-0.0019958811730924615,-6.725172186101434e-07
2462668.5,A.D. 2030-Jun-16 00:00:00.0000,-0.09729241448986767,-1.0111011022652296,7.043917384227649e-05,0.016837987590342995,-0.0017124921406384958,-6.795196408897429e-07
2462669.5,A.D. 2030-Jun-17 00:00:00.0000,-0.08044144560718779,-1.0126717338836182,6.977492365627782e-05,0.01686323716292027,-0.0014286976392292924,-6.419578568456993e-07
2462670.5,A.D. 2030-Jun-18 00:00:00.0000,-0.0635673751285434,-1.0139583409888788,6.916804465785081e-05,0.016884180487575437,-0.001144434466031092,-5.661391965281538e-07
2462671.5,A.D. 2030-Jun-19 00:00:00.0000,-0.04667454600258763,-1.0149604345459913,6.865229444449119e-05,0.01690073900049143,-0.0008596677986336028,-4.6140947064545794e-07
2462672.5,A.D. 2030-Jun-20 00:00:00.0000,-0.029767391950158928,-1.0156775094204982,6.82513612110562e-05,0.016912812953610416,-0.000574400894178773,-3.382562384844009e-07
2462673.5,A.D. 2030-Jun-21 00:00:00.0000,-0.012850449474625157,-1.0161090826823747,6.797855310653302e-05,0.016920299077025143,-0.000288674018106895,-2.0674278503592383e-07
2462674.5,A.D. 2030-Jun-22 00:00:00.0000,0.004071645151949021,-1.0162547271218823,6.783773188710266e-05,0.016923102527061657,-2.5567965220517085e-06,-7.560543139179967e-08
2462675.5,A.D. 2030-Jun-23 00:00:00.0000,0.020994167540805995,-1.016114095899266,6.782482393755449e-05,0.01692114235669801,0.00028386116298654846,4.802732421429472e-08
2462676.5,A.D. 2030-Jun-24 00:00:00.0000,0.03791231972780806,-1.0156869383658493,6.792939255223591e-05,0.01691435220123095,0.0005704781968748024,1.5851841481027064e-07
2462677.5,A.D. 2030-Jun-25 00:00:00.0000,0.05482124396554537,-1.0149731092550545,6.813599418936972e-05,0.01690267845153883,0.0008571858537286091,2.5144016387940717e-07
2462678.5,A.D. 2030-Jun-26 00:00:00.0000,0.07171603421669083,-1.013972573926373,6.842524014270219e-05,0.01688607772538994,0.0011438716019276955,3.2328704930032545e-07
2462679.5,A.D. 2030-Jun-27 00:00:00.0000,0.0885917452553767,-1.012685411916538,6.877460613764599e-05,0.01686451474230756,0.0014304196358676468,3.7126754577842037e-07
2462680.5,A.D. 2030-Jun-28 00:00:00.0000,0.10544340008466552,-1.0111118203113247,6.915908740292171e-05,0.016837961131889168,0.0017167105542570376,3.9320492582733374e-07
2462681.5,A.D. 2030-Jun-29 00:00:00.0000,0.1222659967012562,-1.0092521177061782,6.955180868332446e-05,0.016806395320114517,0.0020026206107573697,3.875439014416403e-07
2462682.5,A.D. 2030-Jun-30 00:00:00.0000,0.1390545152496279,-1.0071067488870624,6.992468499365948e-05,0.016769803388373992,0.0022880211052490784,3.534405543927434e-07
2462683.5,A.D. 2030-Jul-01 00:00:00.0000,0.1558039264131999,-1.0046762898713593,7.024920010667445e-05,0.0167281806325936,0.0025727783263546663,2.909016151679997e-07
2462684.5,A.D. 2030-Jul-02 00:00:00.0000,0.1725092015622943,-1.0019614526280889,7.049733296441465e-05,0.01668153345208694,0.0028567542713417832,2.0093466787808084e-07
2462685.5,A.D. 2030-Jul-03 00:00:00.0000,0.18916532479489784,-0.9989630886701786,7.064262490003503e-05,0.016629881187382622,0.0031398081708447533,8.567454926331453e-08
2462686.5,A.D. 2030-Jul-04 00:00:00.0000,0.205767306662808,-0.9956821907726913,7.066135122261537e-05,0.016573257617381657,0.0034217986794156836,-5.153676236731902e-08
2462687.5,A.D. 2030-Jul-05 00:00:00.0000,0.22231019916582917,-0.9921198922546717,7.053374619914448e-05,0.016511711993239864,0.0037025865249529256,-2.061229372798708e-07
2462688.5,A.D. 2030-Jul-06 00:00:00.0000,0.23878911156064467,-0.9882774634435021,7.024523145047184e-05,0.0164453096499206,0.003982037486667739,-3.7229204475838895e-07
2462689.5,A.D. 2030-Jul-07 00:00:00.0000,0.2551992266098663,-0.9841563049765266,6.978760575748477e-05,0.01637413228315106,0.004260025775651764,-5.430949802779415e-07
2462690.5,A.D. 2030-Jul-08 00:00:00.0000,0.2715358169202814,-0.9797579374013263,6.916015215106609e-05,0.016298277809411853,0.004536438121777242,-7.105375891754663e-07
2462691.5,A.D. 2030-Jul-09 00:00:00.0000,0.2877942607474578,-0.9750839861741295,6.837058605709287e-05,0.01621785931032992,0.0048111789421230984,-8.65798895274907e-07
2462692.5,A.D. 2030-Jul-10 00:00:00.0000,0.30397005587098797,-0.9701361608973409,6.74356943629463e-05,0.01613300201144621,0.005084176648840936,-9.996491895917746e-07
2462693.5,A.D. 2030-Jul-11 00:00:00.0000,0.32005882887876186,-0.9649162279704494,6.638141157119924e-05,0.016043836886421782,0.005355390273991229,-1.103172839351315e-06
2462694.5,A.D. 2030-Jul-12 00:00:00.0000,0.33605633589458106,-0.9594259772992738,6.524199878908109e-05,0.015950489863051757,0.005624814252250454,-1.1688353725797357e-06
2462695.5,A.D. 2030-Jul-13 00:00:00.0000,0.35195845046485447,-0.9536671864850247,6.405802847228231e-05,0.01585306724261617,0.00589247810115109,-1.1917641811598022e-06
2462696.5,A.D. 2030-Jul-14 00:00:00.0000,0.3677611362203569,-0.9476415891605322,6.287312198482469e-05,0.015751640605041597,0.0061584381239376375,-1.1708861855158353e-06
2462697.5,A.D. 2030-Jul-15 00:00:00.0000,0.3834604064060548,-0.9413508558293692,6.172982225917049e-05,0.01564623660024599,0.0064227610253638915,-1.1094427406504012e-06
2462698.5,A.D. 2030-Jul-16 00:00:00.0000,0.3990522777643265,-0.9347965935918453,6.066541396649324e-05,0.015536836416169144,0.0066855035245284205,-1.014554421111907e-06
2462699.5,A.D. 2030-Jul-17 00:00:00.0000,0.4145327292953522,-0.927980365451397,5.970863842954842e-05,0.01542338577133384,0.006946694740281463,-8.959199473697373e-07
2462700.5,A.D. 2030-Jul-18 00:00:00.0000,0.4298976747593269,-0.9209037233762708,5.8877950686783906e-05,0.015305811431161775,0.007206326915499004,-7.641337131115071e-07
2462701.5,A.D. 2030-Jul-19 00:00:00.0000,0.44514295233261136,-0.9135682457336862,5.818140043933215e-05,0.015184037974741708,0.007464355762539453,-6.292067725199557e-07
2462702.5,A.D. 2030-Jul-20 00:00:00.0000,0.46026432900537456,-0.9059755706312638,5.7617725021369426e-05,0.015057999960642283,0.007720707615927627,-4.996543798148101e-07
2462703.5,A.D. 2030-Jul-21 00:00:00.0000,0.4752575140473371,-0.8981274205203724,5.717804364372623e-05,0.01492764789840359,0.007975289054916356,-3.8218938966222806e-07
2462704.5,A.D. 2030-Jul-22 00:00:00.0000,0.49011817572363914,-0.8900256174483613,5.684762381363382e-05,0.0147929490921086,0.008227995555520664,-2.818466505364241e-07
2462705.5,A.D. 2030-Jul-23 00:00:00.0000,0.5048419571703494,-0.8816720909049577,5.660740349396889e-05,0.01465388548190144,0.008478717515517455,-2.023116489115918e-07
2462706.5,A.D. 2030-Jul-24 00:00:00.0000,0.5194244894517481,-0.8730688810851691,5.643515984684698e-05,0.014510450444525097,0.008727343445140085,-1.4627521937181097e-07
2462707.5,A.D. 2030-Jul-25 00:00:00.0000,0.533861401479376,-0.8642181401661033,5.630635663373269e-05,0.014362645882774186,0.008973760870398504,-1.1570970351241689e-07
2462708.5,A.D. 2030-Jul-26 00:00:00.0000,0.5481483274892394,-0.8551221335009703,5.619477569768904e-05,0.014210480333835289,0.009217855728237233,-1.1202060085698312e-07
2462709.5,A.D. 2030-Jul-27 00:00:00.0000,0.5622809132812757,-0.8457832418483281,5.607306404115061e-05,0.014053968412775857,0.00945951102393092,-1.360642932424335e-07
2462710.5,A.D. 2030-Jul-28 00:00:00.0000,0.5762548225990867,-0.8362039650166934,5.591332552658622e-05,0.013893131639491204,0.009698605454909928,-1.8804469966548335e-07
2462711.5,A.D. 2030-Jul-29 00:00:00.0000,0.5900657449684478,-0.8263869266328415,5.5687864586309566e-05,0.013728000484083153,0.009935012640106234,-2.673190505359157e-07
2462712.5,A.D. 2030-Jul-30 00:00:00.0000,0.6037094060398145,-0.81633487914458,5.5370150636171e-05,0.013558617246448476,0.01016860150119432,-3.7215994010258454e-07
2462713.5,A.D. 2030-Jul-31 00:00:00.0000,0.6171815809843747,-0.8060507077033323,5.4936016999661374e-05,0.013385039167539461,0.010399238161099857,-4.995353830864352e-07
2462714.5,A.D. 2030-Aug-01 00:00:00.0000,0.6304781108082818,-0.7955374313474284,5.436504276475059e-05,0.013207341025846408,0.010626789424407425,-6.449736190872616e-07
2462715.5,A.D. 2030-Aug-02 00:00:00.0000,0.6435949206994124,-0.7847982000269894,5.36420035549459e-05,0.013025616499928071,0.010851127532245288,-8.025676820059996e-07
2462716.5,A.D. 2030-Aug-03 00:00:00.0000,0.6565280389050685,-0.7738362864861378,5.275823539929641e-05,0.01283997781707884,0.011072135572883956,-9.651460340319187e-07
2462717.5,A.D. 2030-Aug-04 00:00:00.0000,0.6692736143402441,-0.7626550727111987,5.171274728939231e-05,0.012650553578833679,0.011289712823564873,-1.1246004865653626e-06
2462718.5,A.D. 2030-Aug-05 00:00:00.0000,0.6818279311882057,-0.7512580313244672,5.051294048683205e-05,0.012457484970655765,0.011503779442563719,-1.2723384020168886e-06
2462719.5,A.D. 2030-Aug-06 00:00:00.0000,0.6941874190299502,-0.7396487027514591,4.917482837271495e-05,0.012260920652073442,0.01171428019792763,-1.3998247841983042e-06
2462720.5,A.D. 2030-Aug-07 00:00:00.0000,0.7063486572720022,-0.7278306692076341,4.772267729939393e-05,0.012061010465857403,0.011921187070251964,-1.4991969984550408e-06
2462721.5,A.D. 2030-Aug-08 00:00:00.0000,0.7183083726684547,-0.7158075267644142,4.618799782652156e-05,0.011857897898774917,0.012124500405640233,-1.5639485239244097e-06
2462722.5,A.D. 2030-Aug-09 00:00:00.0000,0.7300634286686007,-0.7035828572869627,4.460782476863632e-05,0.011651711308694808,0.012324247848871182,-1.5896599552916331e-06
2462723.5,A.D. 2030-Aug-10 00:00:00.0000,0.741610805603165,-0.6911602030267301,4.302227467505834e-05,0.011442554565435092,0.012520479899335054,-1.57469155754347e-06
2462724.5,A.D. 2030-Aug-11 00:00:00.0000,0.7529475718916365,-0.6785430477678189,4.147149869757081e-05,0.011230498834365544,0.0127132611652057,-1.5206649586954596e-06
2462725.5,A.D. 2030-Aug-12 00:00:00.0000,0.7640708486798804,-0.6657348088125785,3.999235011871641e-05,0.01101557811524306,0.012902657639168369,-1.4325178115652388e-06
2462726.5,A.D. 2030-Aug-13 00:00:00.0000,0.7749777729295302,-0.6527388428145814,3.861527744370545e-05,0.010797790891297733,0.013088722266283702,-1.3179873983712437e-06
2462727.5,A.D. 2030-Aug-14 00:00:00.0000,0.7856654655381429,-0.6395584653606743,3.736200796654856e-05,0.010577108411480044,0.01327148254435057,-1.1865744171129343e-06
2462728.5,A.D. 2030-Aug-15 00:00:00.0000,0.7961310102865876,-0.6261969804221931,3.624442212021881e-05,0.010353487517876894,0.013450933631548957,-1.048255997241623e-06
2462729.5,A.D. 2030-Aug-16 00:00:00.0000,0.8063714463129047,-0.6126577132611026,3.526468713875774e-05,0.010126884187288694,0.013627038324317954,-9.123128509300601e-07
2462730.5,A.D. 2030-Aug-17 00:00:00.0000,0.816383772919157,-0.5989440403660926,3.4416382980612234e-05,0.009897264172251006,0.013799732623540055,-7.865491080918988e-07
2462731.5,A.D. 2030-Aug-18 00:00:00.0000,0.8261649627144955,-0.5850594122052905,3.368616855636816e-05,0.009664608909401044,0.013968934010965404,-6.769890758923064e-07
2462732.5,A.D. 2030-Aug-19 00:00:00.0000,0.8357119783137569,-0.5710073675764794,3.305554528797617e-05,0.009428916889906649,0.014134549570725786,-5.879609829833065e-07
2462733.5,A.D. 2030-Aug-20 00:00:00.0000,0.8450217887100823,-0.5567915407217987,3.250241337789722e-05,0.009190201923282333,0.01429648214410935,-5.223981954345051e-07
2462734.5,A.D. 2030-Aug-21 00:00:00.0000,0.85409138307277,-0.542415663565653,3.200228718931278e-05,0.008948489989704026,0.014454633911270151,-4.821964733322194e-07
2462735.5,A.D. 2030-Aug-22 00:00:00.0000,0.8629177812816076,-0.5278835655867866,3.152917431215135e-05,0.008703816048016132,0.014608907621720547,-4.685152914732429e-07
2462736.5,A.D. 2030-Aug-23 00:00:00.0000,0.8714980416355432,-0.5131991733907753,3.1056208377621184e-05,0.008456221687705875,0.014759206077679722,-4.819624315856928e-07
2462737.5,A.D. 2030-Aug-24 00:00:00.0000,0.8798292668560663,-0.4983665113780254,3.0556166905659775e-05,0.008205754124864536,0.014905430579893813,-5.226374781439928e-07
2462738.5,A.D. 2030-Aug-25 00:00:00.0000,0.8879086098672072,-0.483389704182499,3.0002017458069887e-05,0.007952466782147151,0.015047479063308281,-5.900331056113619e-07
2462739.5,A.D. 2030-Aug-26 00:00:00.0000,0.8957332809695687,-0.46827298081427093,2.9367626876453415e-05,0.007696421482804071,0.01518524468584967,-6.828124589371137e-07
2462740.5,A.D. 2030-Aug-27 00:00:00.0000,0.9033005579305007,-0.45302067964813286,2.8628738477939648e-05,0.007437692020518979,0.015318615685404314,-7.985055267433629e-07
2462741.5,A.D. 2030-Aug-28 00:00:00.0000,0.9106078000885317,-0.4376372525891834,2.776426339908043e-05,0.007176368473939957,0.015447477285694807,-9.331999926065508e-07
2462742.5,A.D. 2030-Aug-29 00:00:00.0000,0.9176524667041622,-0.4221272660780333,2.675783997491018e-05,0.006912561164303162,0.015571716153464714,-1.0813342353405478e-06
2462743.5,A.D. 2030-Aug-30 00:00:00.0000,0.9244321384929479,-0.4064953963811512,2.559949886419214e-05,0.006646402811115421,0.01569122727976764,-1.2357116036472034e-06
2462744.5,A.D. 2030-Aug-31 00:00:00.0000,0.930944539827465,-0.3907464171724139,2.428716433558424e-05,0.006378047527538497,0.015805922271761034,-1.387822797682291e-06
2462745.5,A.D. 2030-Sep-01 00:00:00.0000,0.9371875580379856,-0.37488517884238926,2.2827672628460864e-05,0.006107666002492699,0.01591573726835868,-1.528481543435977e-06
2462746.5,A.D. 2030-Sep-02 00:00:00.0000,0.9431592561450002,-0.35891658091357015,2.1237034743710855e-05,0.005835437365053086,0.016020638514122797,-1.648676115667423e-06
2462747.5,A.D. 2030-Sep-03 00:00:00.0000,0.948857876408725,-0.34284554065349054,1.9539808706429392e-05,0.0055615392668026085,0.016120624254695293,-1.7404684501268375e-06
2462748.5,A.D. 2030-Sep-04 00:00:00.0000,0.9542818338703641,-0.32667696176736843,1.7767620925730657e-05,0.005286138085406042,0.016215722743140884,-1.797772748361327e-06
2462749.5,A.D. 2030-Sep-05 00:00:00.0000,0.9594297008065671,-0.31041570673558266,1.5957016408536056e-05,0.005009380729670736,0.01630598712288894,-1.8169085634194636e-06
2462750.5,A.D. 2030-Sep-06 00:00:00.0000,0.9643001841059761,-0.2940665753606397,1.414688271263174e-05,0.004731388729881907,0.0163914883054165,-1.7969007829996507e-06
2462751.5,A.D. 2030-Sep-07 00:00:00.0000,0.968892097929543,-0.2776342910520104,1.2375694226305717e-05,0.004452254707402352,0.016472306729830535,-1.7395427311708888e-06
2462752.5,A.D. 2030-Sep-08 00:00:00.0000,0.9732043340208237,-0.26112349568613896,1.067880477935903e-05,0.004172041218931592,0.016548523519425394,-1.6492371483863424e-06
2462753.5,A.D. 2030-Sep-09 00:00:00.0000,0.9772358321275646,-0.244538753434014,9.086011811449567e-06,0.0038907821889986225,0.01662021148325507,-1.5326103363845417e-06
2462754.5,A.D. 2030-Sep-10 00:00:00.0000,0.9809855532844153,-0.22788456335513152,7.619621830863501e-06,0.003608487235413263,0.016687426755697492,-1.3978976599958366e-06
2462755.5,A.D. 2030-Sep-11 00:00:00.0000,0.9844524588643327,-0.2111653795277873,6.293229263770631e-06,0.0033251488083506,0.01675020231443956,-1.2541442842144657e-06
2462756.5,A.D. 2030-Sep-12 00:00:00.0000,0.9876354978431309,-0.19438563616729088,5.111342277603419e-06,0.003040751254984128,0.01680854467163241,-1.110334832300283e-06
2462757.5,A.D. 2030-Sep-13 00:00:00.0000,0.9905336034207198,-0.17754977414182313,4.06984805410085e-06,0.002755280152280155,0.016862434417782683,-9.746124924358037e-07
2462758.5,A.D. 2030-Sep-14 00:00:00.0000,0.9931456983250774,-0.16066226513456974,3.1571512036268088e-06,0.0024687300566036802,0.016911830227428207,-8.537329857601322e-07
2462759.5,A.D. 2030-Sep-15 00:00:00.0000,0.9954707064951515,-0.14372763060557567,2.355707407897545e-06,0.0021811093727277862,0.016956674976118198,-7.528238221373778e-07
2462760.5,A.D. 2030-Sep-16 00:00:00.0000,0.9975075680202173,-0.12675045430135004,1.6436515965954483e-06,0.001892442030619309,0.016996902247734945,-6.754250208093716e-07
2462761.5,A.D. 2030-Sep-17 00:00:00.0000,0.9992552543777737,-0.10973538868573475,9.962812926388445e-07,0.001602766558709454,0.017032441793337967,-6.237195337880345e-07
2462762.5,A.D. 2030-Sep-18 00:00:00.0000,1.000712781880082,-0.09268715679754085,3.872622007842817e-07,0.0013121336201319094,0.017063223143546937,-5.988398780808274e-07
2462763.5,A.D. 2030-Sep-19 00:00:00.0000,1.0018792223560948,-0.07561055150699462,-2.1046881233847583e-07,0.0010206031182416503,0.017089177215850255,-6.011527669908221e-07
2462764.5,A.D. 2030-Sep-20 00:00:00.0000,1.0027537111076763,-0.058510434063455755,-8.240449325069852e-07,0.0007282417660554138,0.017110236195335027,-6.304542594201651e-07
2462765.5,A.D. 2030-Sep-21 00:00:00.0000,1.0033354529400405,-0.04139173342043234,-1.4801440362946924e-06,0.00043512175065776984,0.017126332195143975,-6.860371054074791e-07
2462766.5,A.D. 2030-Sep-22 00:00:00.0000,1.0036237275855178,-0.024259447253721506,-2.204459181994127e-06,0.00014132091037225513,0.017137395323028555,-7.666139286114165e-07
2462767.5,A.D. 2030-Sep-23 00:00:00.0000,1.0036178961695223,-0.007118644904016585,-3.021020466200482e-06,-0.00015307533369495212,0.017143351904152004,-8.700990405676812e-07
2462768.5,A.D. 2030-Sep-24 00:00:00.0000,1.0033174105003495,0.010025528359665156,-3.951238611165369e-06,-0.00044797028971678605,0.017144123787699608,-9.932778663057122e-07
2462769.5,A.D. 2030-Sep-25 00:00:00.0000,1.0027218267691087,0.02716784737720076,-5.0125892526903425e-06,-0.0007432509863895805,0.01713962983001469,-1.1314353211406259e-06
2462770.5,A.D. 2030-Sep-26 00:00:00.0000,1.0018308244779082,0.04430300614955226,-6.2169562925191975e-06,-0.0010387829863215954,0.017129790583649565,-1.2780720374615762e-06
2462771.5,A.D. 2030-Sep-27 00:00:00.0000,1.0006442298524876,0.061425623402112224,-7.568808883636597e-06,-0.0013344069915475485,0.017114536609672378,-1.4248873408852804e-06
2462772.5,A.D. 2030-Sep-28 00:00:00.0000,0.9991620407417203,0.0785302579566657,-9.063569693762374e-06,-0.0016299396563667805,0.01709381948207646,-1.5622021581501034e-06
2462773.5,A.D. 2030-Sep-29 00:00:00.0000,0.9973844477965962,0.09561143540425493,-1.0686660045827618e-05,-0.0019251803804055739,0.017067622806908166,-1.6798852311549495e-06
2462774.5,A.D. 2030-Sep-30 00:00:00.0000,0.9953118458600166,0.11266368423358937,-1.241367319071654e-05,-0.002219923828543637,0.017035969474990326,-1.768640415464181e-06
2462775.5,A.D. 2030-Oct-01 00:00:00.0000,0.9929448310744554,0.12968157595384625,-1.4211878867554016e-05,-0.002513975310624652,0.016998922050952707,-1.8213149749802108e-06
2462776.5,A.D. 2030-Oct-02 00:00:00.0000,0.9902841830033843,0.14665976181001927,-1.604288164611234e-05,-0.0028071646311304973,0.016956575739775593,-1.8338417800099377e-06
2462777.5,A.D. 2030-Oct-03 00:00:00.0000,0.987330835279241,0.16359299964366245,-1.7865931239955892e-05,-0.0030993547526044466,0.016909046290038005,-1.8055829866151632e-06
2462778.5,A.D. 2030-Oct-04 00:00:00.0000,0.9840858407994942,0.1804761677067055,-1.9641275516975798e-05,-0.003390444065315989,0.016856456633566858,-1.7390944395153129e-06
2462779.5,A.D. 2030-Oct-05 00:00:00.0000,0.9805503374122517,0.1973042658706518,-2.13330691134458e-05,-0.0036803634811554083,0.01679892542979179,-1.6395137462714715e-06
2462780.5,A.D. 2030-Oct-06 00:00:00.0000,0.9767255181435159,0.21407240699391064,-2.291158294965834e-05,-0.003969070644695948,0.016736558919509162,-1.513809213687601e-06
2462781.5,A.D. 2030-Oct-07 00:00:00.0000,0.9726126077974511,0.23077580177729973,-2.4354664499126714e-05,-0.004256543231155166,0.016669445937601734,-1.3700503823460115e-06
2462782.5,A.D. 2030-Oct-08 00:00:00.0000,0.9682128462447762,0.24740973987619921,-2.564850837983556e-05,-0.004542772367622733,0.016597655270137825,-1.2167616842789911e-06
2462783.5,A.D. 2030-Oct-09 00:00:00.0000,0.9635274780975657,0.26396956923311354,-2.6787823630037584e-05,-0.004827756444742934,0.016521234653995485,-1.0623601233352479e-06
2462784.5,A.D. 2030-Oct-10 00:00:00.0000,0.9585577483822663,0.2804506750938394,-2.777547632919563e-05,-0.005111495309181462,0.01644021112796427,-9.146680074955194e-07
2462785.5,A.D. 2030-Oct-11 00:00:00.0000,0.9533049037910525,0.29684846004335497,-2.862168599951798e-05,-0.005393984956356755,0.01635459272733146,-7.805116737317877e-07
2462786.5,A.D. 2030-Oct-12 00:00:00.0000,0.9477701988442246,0.3131583264024845,-2.9342876201976766e-05,-0.005675213093284581,0.01626437148726665,-6.654370230015417e-07
2462787.5,A.D. 2030-Oct-13 00:00:00.0000,0.9419549058550799,0.3293756621700473,-2.996031239770406e-05,-0.005955156044493044,0.016169527452552873,-5.735722108028571e-07
2462788.5,A.D. 2030-Oct-14 00:00:00.0000,0.9358603271724857,0.34549583123674416,-3.0498680414528727e-05,-0.0062337773183780525,0.016070033093046863,-5.07644605795204e-07
2462789.5,A.D. 2030-Oct-15 00:00:00.0000,0.9294878080211172,0.36151416791090385,-3.098474936101994e-05,-0.006511027809351285,0.015965857391273135,-4.691256685136529e-07
2462790.5,A.D. 2030-Oct-16 00:00:00.0000,0.9228387484689747,0.377425975094626,-3.144622185203823e-05,-0.006786847252737462,0.015856968969123725,-4.5845034113324463e-07
2462791.5,A.D. 2030-Oct-17 00:00:00.0000,0.9159146135648969,0.3932265249404554,-3.191081410074409e-05,-0.007061166317192067,0.015743337887527603,-4.752466929905362e-07
2462792.5,A.D. 2030-Oct-18 00:00:00.0000,0.9087169413491064,0.4089110606089163,-3.240554553268066e-05,-0.007333908655180804,0.015624936063420277,-5.185164062708385e-07
2462793.5,A.D. 2030-Oct-19 00:00:00.0000,0.9012473490977844,0.4244747978298435,-3.295616458451289e-05,-0.007604992288928084,0.015501736513969784,-5.867203642238433e-07
2462794.5,A.D. 2030-Oct-20 00:00:00.0000,0.8935075387339126,0.4399129252876822,-3.3586599600399706e-05,-0.007874329815485316,0.015373711845584283,-6.777396702944623e-07
2462795.5,A.D. 2030-Oct-21 00:00:00.0000,0.8854993027935417,0.4552206033649825,-3.431830246848544e-05,-0.008141827037051495,0.015240832601950057,-7.886997034503433e-07
2462796.5,A.D. 2030-Oct-22 00:00:00.0000,0.8772245326486048,0.47039296150919624,-3.5169351341380924e-05,-0.008407379804662586,0.015103066329466905,-9.156689301154492e-07
2462797.5,A.D. 2030-Oct-23 00:00:00.0000,0.8686852307381586,0.4854250954904132,-3.615320929593818e-05,-0.00867086923001308,0.014960378507497653,-1.0532855752824698e-06
2462798.5,A.D. 2030-Oct-24 00:00:00.0000,0.8598835280844281,0.5003120670759404,-3.727712003847789e-05,-0.008932156128803078,0.014812736669750769,-1.1944317210760228e-06
2462799.5,A.D. 2030-Oct-25 00:00:00.0000,0.8508217069904499,0.5150489098812964,-3.854028185457292e-05,-0.00919107663860121,0.014660118734332117,-1.3301551097137719e-06
2462800.5,A.D. 2030-Oct-26 00:00:00.0000,0.8415022263075881,0.5296306456279467,-3.993217000905669e-05,-0.009447442017164019,0.014502525270358915,-1.4500837179668544e-06
2462801.5,A.D. 2030-Oct-27 00:00:00.0000,0.831927743492416,0.5440523136459835,-4.143159733048076e-05,-0.009701045676978846,0.01433999304843846,-1.5434987860096432e-06
2462802.5,A.D. 2030-Oct-28 00:00:00.0000,0.8221011254593412,0.5583090125099364,-4.3007151446691915e-05,-0.009951678415418195,0.014172604778824583,-1.6009685693652446e-06
2462803.5,A.D. 2030-Oct-29 00:00:00.0000,0.812025441228317,0.5723959471654957,-4.461936875243174e-05,-0.010199148697444456,0.014000489616131146,-1.6160860915858303e-06
2462804.5,A.D. 2030-Oct-30 00:00:00.0000,0.8017039345201816,0.5863084708461351,-4.622442597305863e-05,-0.01044330120216301,0.013823812328596207,-1.5866617961775954e-06
2462805.5,A.D. 2030-Oct-31 00:00:00.0000,0.7911399816129924,0.6000421116781036,-4.777854433913343e-05,-0.010684026885522842,0.013642754482552682,-1.5149167471701348e-06
2462806.5,A.D. 2030-Nov-01 00:00:00.0000,0.7803370446667461,0.6135925793391116,-4.9242078294002026e-05,-0.010921262027870195,0.013457494596239442,-1.4067056084654152e-06
2462807.5,A.D. 2030-Nov-02 00:00:00.0000,0.7692986305714679,0.6269557540656207,-5.058251637082196e-05,-0.011154978902774521,0.013268193438028278,-1.2702090884004239e-06
2462808.5,A.D. 2030-Nov-03 00:00:00.0000,0.7580282611749755,0.6401276646937039,-5.177613132955216e-05,-0.011385173222879616,0.013074986840647758,-1.1146156325104596e-06
2462809.5,A.D. 2030-Nov-04 00:00:00.0000,0.7465294557747079,0.6531044628598079,-5.280845323058183e-05,-0.01161185270593007,0.012877984805501673,-9.491172893319123e-07
2462810.5,A.D. 2030-Nov-05 00:00:00.0000,0.7348057235551021,0.665882398313912,-5.3673934287007466e-05,-0.011835028753302753,0.012677274152652636,-7.822924305163967e-07
2462811.5,A.D. 2030-Nov-06 00:00:00.0000,0.7228605627387724,0.6784577976062155,-5.4375157531362975e-05,-0.01205471123111905,0.012472922297442136,-6.217899227065837e-07
2462812.5,A.D. 2030-Nov-07 00:00:00.0000,0.7106974637867998,0.6908270465052301,-5.4921826864934756e-05,-0.01227090540848705,0.012264980803176326,-4.7418765234036695e-07
2462813.5,A.D. 2030-Nov-08 00:00:00.0000,0.6983199150130285,0.702986575667673,-5.5329659860575237e-05,-0.012483610047631065,0.012053488328071222,-3.4492727321514993e-07
2462814.5,A.D. 2030-Nov-09 00:00:00.0000,0.6857314098183465,0.7149328490105756,-5.561923141503996e-05,-0.012692816004649794,0.011838473132807933,-2.3827713027771244e-07
2462815.5,A.D. 2030-Nov-10 00:00:00.0000,0.6729354551726404,0.7266623545015197,-5.5814790364047794e-05,-0.012898505128408249,0.01161995545546394,-1.573165202542435e-07
2462816.5,A.D. 2030-Nov-11 00:00:00.0000,0.6599355810214614,0.7381715973420757,-5.594307643202444e-05,-0.013100649539893584,0.011397949934947492,-1.0395488958762733e-07
2462817.5,A.D. 2030-Nov-12 00:00:00.0000,0.6467353501494126,0.7494570955891072,-5.603217978184408e-05,-0.013299211465332316,0.011172468037027409,-7.899910818628609e-08
2462818.5,A.D. 2030-Nov-13 00:00:00.0000,0.6333383678915245,0.760515378110434,-5.611049211682552e-05,-0.013494143706888827,0.010943520247779486,-8.226750310685676e-08
2462819.5,A.D. 2030-Nov-14 00:00:00.0000,0.6197482910902229,0.7713429844902546,-5.62057876110427e-05,-0.013685390645981533,0.010711117730843513,-1.1273075633347995e-07
2462820.5,A.D. 2030-Nov-15 00:00:00.0000,0.6059688359004155,0.7819364662192976,-5.6344444350819873e-05,-0.013872889480436391,0.010475273211780461,-1.6864561456308648e-07
2462821.5,A.D. 2030-Nov-16 00:00:00.0000,0.5920037844166797,0.7922923883449747,-5.6550779469521405e-05,-0.014056571264811149,0.010236001019169653,-2.476420705871143e-07
2462822.5,A.D. 2030-Nov-17 00:00:00.0000,0.5778569905580873,0.802407330792491,-5.684643300136552e-05,-0.014236361275364817,0.009993316429450795,-3.4672841713936287e-07
2462823.5,A.D. 2030-Nov-18 00:00:00.0000,0.5635323861150668,0.8122778888344606,-5.7249705025658324e-05,-0.014412178253621752,0.009747234705892971,-4.621901570752524e-07
2462824.5,A.D. 2030-Nov-19 00:00:00.0000,0.5490339882562899,0.8219006727113738,-5.7774736032842726e-05,-0.014583932205870724,0.009497770497450582,-5.893793214944639e-07
2462825.5,A.D. 2030-Nov-20 00:00:00.0000,0.5343659099939849,0.8312723072247906,-5.8430433050458226e-05,-0.014751520715745462,0.009244938574508437,-7.224260209692237e-07
2462826.5,A.D. 2030-Nov-21 00:00:00.0000,0.5195323748960177,0.8403894332482127,-5.9219102844757555e-05,-0.014914824293107544,0.008988757149126371,-8.539623179035922e-07
2462827.5,A.D. 2030-Nov-22 00:00:00.0000,0.5045377363601481,0.8492487143732815,-6.013488295018247e-05,-0.015073702250441997,0.00872925499062462,-9.750298888415065e-07
2462828.5,A.D. 2030-Nov-23 00:00:00.0000,0.48938649966164544,0.8578468527885766,-6.116227303926853e-05,-0.01522799182866751,0.008466482700990144,-1.075417216106373e-06
2462829.5,A.D. 2030-Nov-24 00:00:00.0000,0.474083341801924,0.8661806179021706,-6.227531964062218e-05,-0.015377514029856681,0.008200526388811677,-1.144657329718618e-06
2462830.5,A.D. 2030-Nov-25 00:00:00.0000,0.4586331210944368,0.874246887959985,-6.343815230681687e-05,-0.015522088438696405,0.007931518950037766,-1.1737061134531676e-06
2462831.5,A.D. 2030-Nov-26 00:00:00.0000,0.44304086794177494,0.8820426989612347,-6.460739332602609e-05,-0.015661555260337415,0.007659642295658477,-1.156906672335836e-06
2462832.5,A.D. 2030-Nov-27 00:00:00.0000,0.4273117527571302,0.8895652891873574,-6.573636022719028e-05,-0.01579579744894659,0.007385116062661668,-1.093468032843969e-06
2462833.5,A.D. 2030-Nov-28 00:00:00.0000,0.4114510356825508,0.8968121262490363,-6.678018549897491e-05,-0.01592475357004185,0.007108174941090153,-9.877364574583402e-07
2462834.5,A.D. 2030-Nov-29 00:00:00.0000,0.3954640106014798,0.9037809092220817,-6.770051427359802e-05,-0.01604841608933311,0.006829043262414147,-8.48121200958668e-07
2462835.5,A.D. 2030-Nov-30 00:00:00.0000,0.3793559574461749,0.9104695481248232,-6.846866540589653e-05,-0.016166817485998602,0.006547916386476925,-6.852274224080913e-07
2462836.5,A.D. 2030-Dec-01 00:00:00.0000,0.36313211139341756,0.9168761303317802,-6.906687115652075e-05,-0.01628001174946919,0.006264953367473512,-5.100055464904561e-07
2462837.5,A.D. 2030-Dec-02 00:00:00.0000,0.34679764976161437,0.9229988847863748,-6.948792176180873e-05,-0.01638805839249757,0.0059802792334560885,-3.3246588027435397e-07
2462838.5,A.D. 2030-Dec-03 00:00:00.0000,0.3303576920791199,0.9288361513769527,-6.973387027251031e-05,-0.016491012302915806,0.00569399221334061,-1.6107236598702632e-07
2462839.5,A.D. 2030-Dec-04 00:00:00.0000,0.31381730738317387,0.9343863581802967,-6.981440379259777e-05,-0.01658891918998417,0.00540617168803108,-2.6407887675314706e-09
2462840.5,A.D. 2030-Dec-05 00:00:00.0000,0.29718152405000514,0.9396480059733786,-6.974526091925719e-05,-0.016681814716357574,0.005116884554476575,1.3750577055392167e-07
2462841.5,A.D. 2030-Dec-06 00:00:00.0000,0.28045533950054347,0.9446196580163939,-6.954684975372034e-05,-0.016769725325058514,0.004826189409202331,2.553158092159069e-07
2462842.5,A.D. 2030-Dec-07 00:00:00.0000,0.2636437288365613,0.9492999330629129,-6.924307312465711e-05,-0.0168526693825058,0.004534138923736488,3.4782671628741237e-07
2462843.5,A.D. 2030-Dec-08 00:00:00.0000,0.24675165248798916,0.9536875001315103,-6.88603012211123e-05,-0.016930657948356322,0.00424078111321014,4.130537433034278e-07
2462844.5,A.D. 2030-Dec-09 00:00:00.0000,0.22978406336197674,0.9577810742750077,-6.842642249485521e-05,-0.017003695007219776,0.00394616015851358,4.4994057625408303e-07
2462845.5,A.D. 2030-Dec-10 00:00:00.0000,0.21274591397430834,0.9615794131470015,-6.796992513101472e-05,-0.017071777313343642,0.003650317232225743,4.583421603301106e-07
2462846.5,A.D. 2030-Dec-11 00:00:00.0000,0.19564216381459207,0.9650813144858968,-6.751899265997768e-05,-0.017134894126492727,0.00335329151808609,4.3900911409744095e-07
2462847.5,A.D. 2030-Dec-12 00:00:00.0000,0.17847778692184169,0.9682856147049165,-6.710062319842311e-05,-0.017193027087408146,0.0030551213805835122,3.935541571709551e-07
2462848.5,A.D. 2030-Dec-13 00:00:00.0000,0.1612577794628986,0.9711911886503964,-6.673979288034862e-05,-0.017246150338645738,0.0027558454941292838,3.2439851918489564e-07
2462849.5,A.D. 2030-Dec-14 00:00:00.0000,0.14398716709590362,0.9737969503771421,-6.645867708948828e-05,-0.017294230802733766,0.0024555037172503745,2.347136865447999e-07
2462850.5,A.D. 2030-Dec-15 00:00:00.0000,0.12667101208125667,0.976101854617229,-6.62759214543983e-05,-0.017337228353808392,0.0021541376016836968,1.2838495295674082e-07
2462851.5,A.D. 2030-Dec-16 00:00:00.0000,0.10931442042367827,0.9781048986059799,-6.620592681223534e-05,-0.017375095521221094,0.0018517906359414428,1.0023843601780408e-08
2462852.5,A.D. 2030-Dec-17 00:00:00.0000,0.09192254968964496,0.9798051241630654,-6.625809030616917e-05,-0.01740777638950753,0.0015485085997795566,-1.1495592830086485e-07
2462853.5,A.D. 2030-Dec-18 00:00:00.0000,0.07450061839978342,0.9812016204538558,-6.643594246607977e-05,-0.017435204551530383,0.0012443407075855492,-2.4021166897398187e-07
2462854.5,A.D. 2030-Dec-19 00:00:00.0000,0.05705391785056783,0.9822935286700107,-6.673615375187979e-05,-0.017457300393289396,0.00093934247250308,-3.5835178424929724e-07
2462855.5,A.D. 2030-Dec-20 00:00:00.0000,0.03958782660855823,0.9830800508492819,-6.714747165613869e-05,-0.017473968705652716,0.0006335812645691359,-4.6094248961467966e-07
2462856.5,A.D. 2030-Dec-21 00:00:00.0000,0.022107826454902543,0.98356046584268,-6.764980207725096e-05,-0.017485098581249914,0.0003271450411610049,-5.388239312863239e-07
2462857.5,A.D. 2030-Dec-22 00:00:00.0000,0.004619516155692042,0.9837341552872899,-6.821384577194668e-05,-0.017490568349639517,2.015328839469788e-05,-5.829325147657394e-07
2462858.5,A.D. 2030-Dec-23 00:00:00.0000,-0.01287138328668378,0.9836006403285779,-6.88018522236353e-05,-0.017490257936407926,-0.00028723321127900836,-5.857058994837082e-07
2462859.5,A.D. 2030-Dec-24 00:00:00.0000,-0.030359039505658242,0.9831596252149082,-6.936998912082911e-05,-0.0174840683346995,-0.0005948094355370277,-5.428359776169046e-07
2462860.5,A.D. 2030-Dec-25 00:00:00.0000,-0.0478375407451873,0.9824110381032977,-6.987239074201783e-05,-0.017471943063680915,-0.0009023352438956231,-4.547439222692042e-07
2462861.5,A.D. 2030-Dec-26 00:00:00.0000,-0.06530094660634518,0.9813550562781989,-7.026621582087866e-05,-0.01745388268266959,-0.001209556863915606,-3.2701233070918167e-07
2462862.5,A.D. 2030-Dec-27 00:00:00.0000,-0.0827433465133936,0.9799921063526795,-7.051643335833022e-05,-0.017429944970789098,-0.0015162337696920944,-1.6940766287759791e-07
2462863.5,A.D. 2030-Dec-28 00:00:00.0000,-0.10015891077154089,0.9783228393637731,-7.059905529243707e-05,-0.01740023063356717,-0.001822160323610229,6.126755484690644e-09
2462864.5,A.D. 2030-Dec-29 00:00:00.0000,-0.1175419229381311,0.9763480901246705,-7.050220854170319e-05,-0.01736486179577507,-0.0021271750181070517,1.8762993836989633e-07
2462865.5,A.D. 2030-Dec-30 00:00:00.0000,-0.13488679095280573,0.9740688337591534,-7.022530715808323e-05,-0.017323962337826158,-0.0024311574573800967,3.646747035887748e-07
2462866.5,A.D. 2030-Dec-31 00:00:00.0000,-0.1521880419740006,0.9714861492795392,-6.977710617067661e-05,-0.017277645420717823,-0.0027340183391373193,5.290536068959954e-07
2462867.5,A.D. 2031-Jan-01 00:00:00.0000,-0.16944030867735654,0.9686011941959706,-6.91734396388908e-05,-0.01722600863810212,-0.003035688226461035,6.747754937977512e-07
2462868.5,A.D. 2031-Jan-02 00:00:00.0000,-0.18663831357196012,0.9654151893758312,-6.843516852217041e-05,-0.017169134407481492,-0.003336108634253831,7.977040925969818e-07
2462869.5,A.D. 2031-Jan-03 00:00:00.0000,-0.2037768551252355,0.961929411144233,-6.758654846365184e-05,-0.017107092771673136,-0.003635226476169018,8.951160160470945e-07
2462870.5,A.D. 2031-Jan-04 00:00:00.0000,-0.2208507969952604,0.9581451874082356,-6.665400952875699e-05,-0.017039944553352417,-0.003932991429221738,9.653354931327356e-07
2462871.5,A.D. 2031-Jan-05 00:00:00.0000,-0.23785506010069343,0.9540638953580588,-6.566523598637531e-05,-0.016967743760875308,-0.004229355243396757,1.0075028948973097e-06
2462872.5,A.D. 2031-Jan-06 00:00:00.0000,-0.25478461653802065,0.9496869592972143,-6.464841033400738e-05,-0.01689053885553619,-0.004524272026660661,1.0214740762351307e-06
2462873.5,A.D. 2031-Jan-07 00:00:00.0000,-0.2716344842022836,0.9450158480301892,-6.363150527041828e-05,-0.016808372922739862,-0.004817698736911898,1.0078184867196056e-06
2462874.5,A.D. 2031-Jan-08 00:00:00.0000,-0.28839972114117546,0.9400520718832632,-6.264154592476134e-05,-0.01672128302656203,-0.0051095953570150275,9.67873111118715e-07
2462875.5,A.D. 2031-Jan-09 00:00:00.0000,-0.30507541901570073,0.9347971798351198,-6.170380837949221e-05,-0.0166292991367549,-0.0053999244735619826,9.038092199919292e-07
2462876.5,A.D. 2031-Jan-10 00:00:00.0000,-0.32165669544105185,0.9292527573958311,-6.0840960091623255e-05,-0.016532443023101796,-0.005688650210998847,8.186770848468227e-07
2462877.5,A.D. 2031-Jan-11 00:00:00.0000,-0.3381386853371821,0.923420425821268,-6.007217564837014e-05,-0.016430727417893077,-0.005975736661946047,7.164087939510697e-07
2462878.5,A.D. 2031-Jan-12 00:00:00.0000,-0.3545165316370931,0.9173018430498029,-5.9412272048827015e-05,-0.016324155572982675,-0.00626114605407531,6.017775967268842e-07
2462879.5,A.D. 2031-Jan-13 00:00:00.0000,-0.37078537572702647,0.9108987065121871,-5.8870901088829574e-05,-0.01621272114003752,-0.006544836861043402,4.803274621570342e-07
2462880.5,A.D. 2031-Jan-14 00:00:00.0000,-0.38694034784482634,0.9042127578331461,-5.845181917867289e-05,-0.01609640816790718,-0.006826761894014795,3.5829134808016334e-07
2462881.5,A.D. 2031-Jan-15 00:00:00.0000,-0.4029765574497112,0.8972457895328265,-5.81522405458661e-05,-0.015975191029025896,-0.00710686615021447,2.425055096597178e-07
2462882.5,A.D. 2031-Jan-16 00:00:00.0000,-0.41888908348609083,0.8899996541897145,-5.796228531979175e-05,-0.015849034320778402,-0.007385083948479547,1.4029874844822145e-07
2462883.5,A.D. 2031-Jan-17 00:00:00.0000,-0.434672964723874,0.882476277058477,-5.7864574916888334e-05,-0.015717893250937878,-0.007661334801479504,5.9294550516990905e-08
2462884.5,A.D. 2031-Jan-18 00:00:00.0000,-0.45032319116816383,0.87467767358333,-5.7834109919364e-05,-0.015581715629638945,-0.007935517759660317,7.024854802362888e-09
2462885.5,A.D. 2031-Jan-19 00:00:00.0000,-0.4658346989315192,0.8666059731372019,-5.783867527127715e-05,-0.015440447091150541,-0.00820750482127741,-9.754032360373664e-09
2462886.5,A.D. 2031-Jan-20 00:00:00.0000,-0.48120237259317616,0.8582634490335851,-5.7840101520960274e-05,-0.015294041016966763,-0.008477135458589819,1.3915034042523096e-08
2462887.5,A.D. 2031-Jan-21 00:00:00.0000,-0.49642105992985835,0.8496525520132701,-5.779667221173424e-05,-0.015142473141028574,-0.008744215817984659,7.996463504846017e-08
2462888.5,A.D. 2031-Jan-22 00:00:00.0000,-0.5114856024906714,0.8407759405724096,-5.7666705729488256e-05,-0.014985757842761738,-0.009008526343711824,1.862630732999519e-07
2462889.5,A.D. 2031-Jan-23 00:00:00.0000,-0.5263908808689859,0.8316364987896804,-5.741285952002887e-05,-0.014823960089896702,-0.009269838965225236,3.2629656346016026e-07
2462890.5,A.D. 2031-Jan-24 00:00:00.0000,-0.5411318670096813,0.8222373335936018,-5.700622205135757e-05,-0.014657196740281365,-0.009527939933059889,4.899370605451999e-07
2462891.5,A.D. 2031-Jan-25 00:00:00.0000,-0.5557036713717636,0.812581749661338,-5.642912805148567e-05,-0.014485625149088684,-0.009782650250773085,6.651555340775999e-07
2462892.5,A.D. 2031-Jan-26 00:00:00.0000,-0.5701015739290445,0.8026732083565994,-5.567604158284068e-05,-0.014309423413616299,-0.010033836275974845,8.400430030775394e-07
2462893.5,A.D. 2031-Jan-27 00:00:00.0000,-0.5843210345376612,0.7925152821405754,-5.475257832705677e-05,-0.014128770207600705,-0.010281408357076865,1.0044081679211104e-06
2462894.5,A.D. 2031-Jan-28 00:00:00.0000,-0.5983576857832511,0.7821116150131268,-5.36733246743662e-05,-0.013943830636566663,-0.01052531104201096,1.1505610535460511e-06
2462895.5,A.D. 2031-Jan-29 00:00:00.0000,-0.6122073157170522,0.7714658945426682,-5.245927159266917e-05,-0.013754750123538355,-0.010765510622235247,1.273338272357939e-06
2462896.5,A.D. 2031-Jan-30 00:00:00.0000,-0.6258658478891358,0.7605818357185569,-5.113547815629984e-05,-0.01356165465713041,-0.011001984475426335,1.3696763277341838e-06
2462897.5,A.D. 2031-Jan-31 00:00:00.0000,-0.639329323562157,0.7494631736716545,-4.9729251811188144e-05,-0.013364654406817023,-0.011234714104697268,1.4380500109690307e-06
2462898.5,A.D. 2031-Feb-01 00:00:00.0000,-0.6525938881159039,0.7381136614873096,-4.826886641554278e-05,-0.013163848144722327,-0.011463681796395852,1.4779820678527237e-06
2462899.5,A.D. 2031-Feb-02 00:00:00.0000,-0.6656557815924725,0.7265370699442985,-4.678269412314659e-05,-0.01295932693027855,-0.011688869919693446,1.4897128258458542e-06
2462900.5,A.D. 2031-Feb-03 00:00:00.0000,-0.6785113322502164,0.7147371871067655,-4.529858072665341e-05,-0.01275117638600143,-0.011910261743053452,1.4740414569782684e-06
2462901.5,A.D. 2031-Feb-04 00:00:00.0000,-0.6911569516202025,0.7027178167507969,-4.38433041180258e-05,-0.012539477435350086,-0.012127842806841245,1.4323122759721998e-06
2462902.5,A.D. 2031-Feb-05 00:00:00.0000,-0.703589129593259,0.6904827754591436,-4.244199138232224e-05,-0.012324305671169095,-0.012341602106803183,1.3665032879929527e-06
2462903.5,A.D. 2031-Feb-06 00:00:00.0000,-0.715804428330227,0.6780358888660734,-4.111741695666153e-05,-0.012105729704361717,-0.012551532532522967,1.279366695437837e-06
2462904.5,A.D. 2031-Feb-07 00:00:00.0000,-0.7277994742096507,0.6653809879990897,-3.9889156849989455e-05,-0.011883808981529218,-0.012757630190596263,1.1745671025533715e-06
2462905.5,A.D. 2031-Feb-08 00:00:00.0000,-0.73957094756981,0.6525219069264558,-3.8772628207685044e-05,-0.011658591658047326,-0.012959892467260713,1.056764294336913e-06
2462906.5,A.D. 2031-Feb-09 00:00:00.0000,-0.7511155706019117,0.6394624829318033,-3.7778092342999915e-05,-0.0114301131197028,-0.013158314955852955,9.315978681169965e-07
2462907.5,A.D. 2031-Feb-10 00:00:00.0000,-0.7624300942902973,0.6262065601774168,-3.6909732288263246e-05,-0.011198395612946726,-0.01335288763319911,8.055521891973368e-07
2462908.5,A.D. 2031-Feb-11 00:00:00.0000,-0.7735112856329793,0.6127579973473395,-3.616492406715195e-05,-0.010963449183154846,-0.013543590814266038,6.857070296127146e-07
2462909.5,A.D. 2031-Feb-12 00:00:00.0000,-0.7843559164276789,0.5991206792385176,-3.553380388313305e-05,-0.010725273833197732,-0.013730391367290712,5.794005422281782e-07
2462910.5,A.D. 2031-Feb-13 00:00:00.0000,-0.7949607547238124,0.5852985318857057,-3.4999202887581506e-05,-0.010483862653710038,-0.013913239451935639,4.938355135512174e-07
2462911.5,A.D. 2031-Feb-14 00:00:00.0000,-0.8053225598088236,0.5712955406737522,-3.453699666688758e-05,-0.010239205752120414,-0.014092065794390466,4.3564411481333347e-07
2462912.5,A.D. 2031-Feb-15 00:00:00.0000,-0.8154380815560178,0.5571157709336017,-3.411691396267093e-05,-0.009991295094846272,-0.014266779447910983,4.1040120839407865e-07
2462913.5,A.D. 2031-Feb-16 00:00:00.0000,-0.8253040652373718,0.5427633904598109,-3.370386733503098e-05,-0.009740130678456003,-0.014437266272470191,4.220641855663846e-07
2462914.5,A.D. 2031-Feb-17 00:00:00.0000,-0.8349172633546936,0.5282426928612323,-3.325988123258522e-05,-0.009485728430296807,-0.014603388994294215,4.723441355447023e-07
2462915.5,A.D. 2031-Feb-18 00:00:00.0000,-0.8442744561761801,0.5135581194446837,-3.274665277364701e-05,-0.009228129580416274,-0.014764990370528124,5.600922204005548e-07
2462916.5,A.D. 2031-Feb-19 00:00:00.0000,-0.8533724817778667,0.4987142756870573,-3.2128642259793676e-05,-0.008967409897345744,-0.0149219010624686,6.808943862124107e-07
2462917.5,A.D. 2031-Feb-20 00:00:00.0000,-0.8622082740174383,0.4837159372133498,-3.137635644836025e-05,-0.008703685722183245,-0.015073952647080696,8.2713372963031e-07
2462918.5,A.D. 2031-Feb-21 00:00:00.0000,-0.8707789034818382,0.46856804091242166,-3.0469250424632365e-05,-0.00843711339355015,-0.015220993762862811,9.887059001857022e-07
2462919.5,A.D. 2031-Feb-22 00:00:00.0000,-0.8790816137573194,0.4532756601250194,-2.9397598730534857e-05,-0.008167880466318111,-0.015362904955985064,1.154329454661901e-06
2462920.5,A.D. 2031-Feb-23 00:00:00.0000,-0.8871138454459119,0.4378439677285596,-2.816289526933028e-05,-0.007896190599543678,-0.015499607348497035,1.3131007969319424e-06
2462921.5,A.D. 2031-Feb-24 00:00:00.0000,-0.8948732438417321,0.42227819483461565,-2.6776778353445443e-05,-0.0076222469060626165,-0.01563106264137128,1.455812177691696e-06
2462922.5,A.D. 2031-Feb-25 00:00:00.0000,-0.9023576513652055,0.40658359343113254,-2.5258912296881124e-05,-0.007346238824288615,-0.01575726571616054,1.5756853114143414e-06
2462923.5,A.D. 2031-Feb-26 00:00:00.0000,-0.9095650899021352,0.3907654085665158,-2.363446367739406e-05,-0.0070683352489894725,-0.015878233675464617,1.6684631780939495e-06
2462924.5,A.D. 2031-Feb-27 00:00:00.0000,-0.9164937394022956,0.37482886156014344,-2.1931735851412624e-05,-0.006788683674082275,-0.015993995314849765,1.7320444475726706e-06
2462925.5,A.D. 2031-Feb-28 00:00:00.0000,-0.9231419177868659,0.35877914242802267,-2.0180286090491924e-05,-0.006507413251458998,-0.016104583464390667,1.7659267288431312e-06
2462926.5,A.D. 2031-Mar-01 00:00:00.0000,-0.92950806485304,0.3426214082102199,-1.8409601252690972e-05,-0.006224639361797228,-0.016210030824630427,1.7706742652463949e-06
2462927.5,A.D. 2031-Mar-02 00:00:00.0000,-0.9355907307254309,0.3263607839170686,-1.6648240302047077e-05,-0.005940467908956157,-0.016310368745575458,1.7475284709397624e-06
2462928.5,A.D. 2031-Mar-03 00:00:00.0000,-0.9413885680236543,0.3100023636338926,-1.4923277079217112e-05,-0.005654998352474992,-0.016405627957433527,1.6981980212122068e-06
2462929.5,A.D. 2031-Mar-04 00:00:00.0000,-0.946900326254768,0.29355121033698445,-1.3259866675175438e-05,-0.005368325097419847,-0.01649584026336476,1.6248172493116788e-06
2462930.5,A.D. 2031-Mar-05 00:00:00.0000,-0.9521248467541558,0.2770123538955054,-1.1680782839919227e-05,-0.0050805372177484655,-0.016581040344924712,1.530038876237472e-06
2462931.5,A.D. 2031-Mar-06 00:00:00.0000,-0.957061056589141,0.2603907875189696,-1.0205814361715665e-05,-0.004791716706284658,-0.016661266951424548,1.4172146384636304e-06
2462932.5,A.D. 2031-Mar-07 00:00:00.0000,-0.9617079601309854,0.2436914635956367,-8.850960888146084e-06,-0.0045019356469787756,-0.01673656282885369,1.2906046965214289e-06
2462933.5,A.D. 2031-Mar-08 00:00:00.0000,-0.9660646275200052,0.22691929045682624,-7.627435176592778e-06,-0.004211252961653043,-0.016806972869525753,1.1555419023249309e-06
2462934.5,A.D. 2031-Mar-09 00:00:00.0000,-0.9701301800427332,0.21007913199927344,-6.540558458512459e-06,-0.003919711662607054,-0.016872540240349662,1.018467318013389e-06
2462935.5,A.D. 2031-Mar-10 00:00:00.0000,-0.9739037734703047,0.19317581211241258,-5.5887169064123675e-06,-0.003627337704676625,-0.016933300736334814,8.867622799341727e-07
2462936.5,A.D. 2031-Mar-11 00:00:00.0000,-0.9773845814607977,0.17621412530375027,-4.762605174039684e-06,-0.003334141385298016,-0.016989276225527265,7.683410754414549e-07
2462937.5,A.D. 2031-Mar-12 00:00:00.0000,-0.9805717818332077,0.15919885377631662,-4.044987764708916e-06,-0.0030401216889346635,-0.017040468550282288,6.710335920014937e-07
2462938.5,A.D. 2031-Mar-13 00:00:00.0000,-0.9834645485161924,0.14213478976566638,-3.4111446195855615e-06,-0.0027452731519689464,-0.01708685532257915,6.018547572957318e-07
2462939.5,A.D. 2031-Mar-14 00:00:00.0000,-0.9860620511664709,0.12502676070131125,-2.830048994353399e-06,-0.0024495941092683706,-0.017128388577745526,5.662927338980402e-07
2462940.5,A.D. 2031-Mar-15 00:00:00.0000,-0.9883634631454645,0.10787965418154766,-2.2661976837640967e-06,-0.0021530949467894306,-0.01716499645553193,5.677314349177151e-07
2462941.5,A.D. 2031-Mar-16 00:00:00.0000,-0.9903679772858152,0.09069843994467831,-1.6819232765520773e-06,-0.0018558052977129527,-0.017196587409963052,6.070692057901622e-07
2462942.5,A.D. 2031-Mar-17 00:00:00.0000,-0.992074828094354,0.07348818666268717,-1.0399842559918302e-06,-0.0015577796765467553,-0.017223056248211636,6.825432516575969e-07
2462943.5,A.D. 2031-Mar-18 00:00:00.0000,-0.9934833187415608,0.05625407199193896,-3.0623150813390725e-07,-0.0012591013988060098,-0.017244291528954417,7.897518644262397e-07
2462944.5,A.D. 2031-Mar-19 00:00:00.0000,-0.9945928510261064,0.03900138462653336,5.478497539095904e-07,-0.0009598845419262493,-0.017260184137343603,9.218858527897433e-07
2462945.5,A.D. 2031-Mar-20 00:00:00.0000,-0.9954029560763309,0.02173551728268526,1.5429488409873793e-06,-0.0006602733243348824,-0.01727063676628616,1.0702053031990953e-06
2462946.5,A.D. 2031-Mar-21 00:00:00.0000,-0.9959133227952716,0.004461950079360171,2.6903494503485036e-06,-0.0003604380937045161,-0.017275573426756997,1.2247842604741112e-06
2462947.5,A.D. 2031-Mar-22 00:00:00.0000,-0.996123820419257,-0.012813774936202886,3.991211419099408e-06,-6.0567592261213866e-05,-0.01727494731884245,1.3754727079384233e-06
2462948.5,A.D. 2031-Mar-23 00:00:00.0000,-0.9960345117716579,-0.030086085482186272,5.436862363050272e-06,0.00023914166201590014,-0.01726874509684483,1.5129205969399267e-06
2462949.5,A.D. 2031-Mar-24 00:00:00.0000,-0.9956456552950698,-0.04734941261597789,7.010052379366407e-06,0.0005384967723166496,-0.0172569862661951,1.6294421325005662e-06
2462950.5,A.D. 2031-Mar-25 00:00:00.0000,-0.9949576963944121,-0.06459822130935144,8.686909336513479e-06,0.000837318031498613,-0.017239717974271488,1.7195288600651314e-06
2462951.5,A.D. 2031-Mar-26 00:00:00.0000,-0.9939712509850691,-0.08182703420173713,1.043919593417903e-05,0.0011354447307216247,-0.017217006956854106,1.7799407964095013e-06
2462952.5,A.D. 2031-Mar-27 00:00:00.0000,-0.9926870853812166,-0.0990304468807817,1.2236471385249832e-05,0.0014327367166865332,-0.01718893103980709,1.809445965172395e-06
2462953.5,A.D. 2031-Mar-28 00:00:00.0000,-0.9911060964323593,-0.1162031353092235,1.404788104123654e-05,0.0017290725636935908,-0.01715557218680627,1.8083659589206544e-06
2462954.5,A.D. 2031-Mar-29 00:00:00.0000,-0.989229294543544,-0.13333985753332941,1.584346506900726e-05,0.0020243459072044777,-0.017117012092724596,1.778093276433122e-06
2462955.5,A.D. 2031-Mar-30 00:00:00.0000,-0.9870577906359975,-0.1504354523046279,1.7595022753273427e-05,0.002318461452300317,-0.017073330360653925,1.7207000535056897e-06
2462956.5,A.D. 2031-Mar-31 00:00:00.0000,-0.9845927867870042,-0.16748483695266547,1.9276658347147553e-05,0.0026113317463547408,-0.01702460470642184,1.6386978382680538e-06
2462957.5,A.D. 2031-Apr-01 00:00:00.0000,-0.9818355694422235,-0.1844830061538745,2.0865168830828018e-05,0.0029028753295186004,-0.01697091241172178,1.5349607965732488e-06
2462958.5,A.D. 2031-Apr-02 00:00:00.0000,-0.9787875036704585,-0.20142503244513824,2.2340430576972846e-05,0.003193016519786357,-0.01691233223048869,1.4127959369648244e-06
2462959.5,A.D. 2031-Apr-03 00:00:00.0000,-0.9754500267999142,-0.21830606854902662,2.3685916149051676e-05,0.003481686851187703,-0.01684894597764327,1.276126102935318e-06
2462960.5,A.D. 2031-Apr-04 00:00:00.0000,-0.9718246398616903,-0.2351213508036048,2.4889429626855405e-05,0.003768827966326729,-0.01678083901589055,1.129733468092717e-06
2462961.5,A.D. 2031-Apr-05 00:00:00.0000,-0.9679128956100429,-0.2518662021927367,2.5944084520299313e-05,0.004054395450206505,-0.016708098839437174,9.794856741705556e-07
2462962.5,A.D. 2031-Apr-06 00:00:00.0000,-0.9637163826250905,-0.26853603271434634,2.6849455033175222e-05,0.004338362621723598,-0.01663081107971131,8.324359352835607e-07
2462963.5,A.D. 2031-Apr-07 00:00:00.0000,-0.9592367062581173,-0.2851263343513142,2.761271124407854e-05,0.004620722766544697,-0.01654905273787712,6.966697230009053e-07
2462964.5,A.D. 2031-Apr-08 00:00:00.0000,-0.954475468873742,-0.3016326681557667,2.8249428559937382e-05,0.004901488020446988,-0.01646288340864609,5.807949678220736e-07
2462965.5,A.D. 2031-Apr-09 00:00:00.0000,-0.9494342534887945,-0.31805064234001507,2.8783699493942822e-05,0.005180683557552274,-0.016372336501109346,4.930665472670234e-07
2462966.5,A.D. 2031-Apr-10 00:00:00.0000,-0.9441146156232958,-0.334375882773734,2.9247239517011788e-05,0.005458337148720006,-0.016277413328261544,4.4028696908856465e-07
2462967.5,A.D. 2031-Apr-11 00:00:00.0000,-0.9385180871459797,-0.35060400012172727,2.9677394251628594e-05,0.005734466100353849,-0.016178082616545717,4.267614080860658e-07
2462968.5,A.D. 2031-Apr-12 00:00:00.0000,-0.9326461931018081,-0.36673055964113405,3.0114258073576107e-05,0.006009064954023136,-0.016074286256795342,4.536096586565051e-07
2462969.5,A.D. 2031-Apr-13 00:00:00.0000,-0.9265004790782823,-0.38275105932032805,3.059736557390719e-05,0.006282097132200518,-0.01596594982470406,5.186132844456022e-07
2462970.5,A.D. 2031-Apr-14 00:00:00.0000,-0.9200825442367551,-0.3986609197165245,3.11624962617783e-05,0.006553492032778482,-0.015852994927227596,6.165752326575086e-07
2462971.5,A.D. 2031-Apr-15 00:00:00.0000,-0.9133940746752435,-0.41445548582663155,3.183902519557869e-05,0.006823147048000559,-0.0157353505330323,7.400161782941974e-07
2462972.5,A.D. 2031-Apr-16 00:00:00.0000,-0.9064368730054745,-0.4301300390523229,3.2648049623692555e-05,0.007090932799862809,-0.015612961688391968,8.79998758182234e-07
2462973.5,A.D. 2031-Apr-17 00:00:00.0000,-0.899212881824933,-0.4456798164258067,3.360133925860235e-05,0.00735669987511006,-0.015485795363480949,1.026933862852685e-06
2462974.5,A.D. 2031-Apr-18 00:00:00.0000,-0.8917242001728491,-0.4611000344253778,3.4701055732663424e-05,0.007620286010588748,-0.015353843877306528,1.1713082805866316e-06
2462975.5,A.D. 2031-Apr-19 00:00:00.0000,-0.8839730927626592,-0.4763859152030437,3.594015495351073e-05,0.007881523319511885,-0.015217126346599217,1.3043223158319876e-06
2462976.5,A.D. 2031-Apr-20 00:00:00.0000,-0.8759619920461369,-0.49153271333821164,3.7303378676125984e-05,0.008140245362282892,-0.015075688285113185,1.4184271668849435e-06
2462977.5,A.D. 2031-Apr-21 00:00:00.0000,-0.8676934934295258,-0.5065357412390367,3.876872034228721e-05,0.008396293682875979,-0.014929599291704954,1.5077286432370689e-06
2462978.5,A.D. 2031-Apr-22 00:00:00.0000,-0.8591703444850316,-0.5213903913022423,4.030920814059717e-05,0.008649523159021759,-0.014778948926543495,1.5682105113629223e-06
2462979.5,A.D. 2031-Apr-23 00:00:00.0000,-0.8503954297017705,-0.5360921532398808,4.189480740332815e-05,0.008899805473555995,-0.014623841293329096,1.5977480197334323e-06
2462980.5,A.D. 2031-Apr-24 00:00:00.0000,-0.8413717528841753,-0.5506366257097524,4.349423533005083e-05,0.009147030325857218,-0.01446438923559052,1.5959255460197695e-06
2462981.5,A.D. 2031-Apr-25 00:00:00.0000,-0.8321024194305328,-0.5650195223766009,4.507651906446774e-05,0.009391104530086071,-0.014300709160306447,1.563718780832121e-06
2462982.5,A.D. 2031-Apr-26 00:00:00.0000,-0.8225906203224597,-0.5792366734509484,4.661220403653858e-05,0.009631949628818111,-0.01413291726543136,1.503128177739851e-06
2462983.5,A.D. 2031-Apr-27 00:00:00.0000,-0.8128396188829886,-0.5932840243181462,4.807420734497883e-05,0.009869498892184818,-0.013961127510130745,1.4168481681340675e-06
2462984.5,A.D. 2031-Apr-28 00:00:00.0000,-0.8028527404842742,-0.6071576329833716,4.943838506837859e-05,0.01010369454740156,-0.013785451229601975,1.3080335521524964e-06
2462985.5,A.D. 2031-Apr-29 00:00:00.0000,-0.7926333646281077,-0.6208536677931533,5.068392890427411e-05,0.010334485893144823,-0.013605997987920655,1.180194639906489e-06
2462986.5,A.D. 2031-Apr-30 00:00:00.0000,-0.7821849182843242,-0.6343684063931212,5.179372541032954e-05,0.010561828721536048,-0.013422877092500849,1.0372262904173737e-06
2462987.5,A.D. 2031-May-01 00:00:00.0000,-0.7715108690561944,-0.6476982362536361,5.27548053452129e-05,0.01078568626147813,-0.01323619909538194,8.835547214382131e-07
2462988.5,A.D. 2031-May-02 00:00:00.0000,-0.7606147166296199,-0.66083965637175,5.355898408048838e-05,0.0110060316479634,-0.0130460765051467,7.24364452257223e-07
2462989.5,A.D. 2031-May-03 00:00:00.0000,-0.7494999810969135,-0.673789278921067,5.420374249761426e-05,0.011222851619161537,-0.012852622812691202,5.658379329886057e-07
2462990.5,A.D. 2031-May-04 00:00:00.0000,-0.7381701872779329,-0.686543828689422,5.4693310247806266e-05,0.011436150634283174,-0.012655948893869869,4.152984692455248e-07
2462991.5,A.D. 2031-May-05 00:00:00.0000,-0.7266288453222384,-0.6991001373102479,5.5039781191695654e-05,0.01164595386874957,-0.012456156140160416,2.811035415192603e-07
2462992.5,A.D. 2031-May-06 00:00:00.0000,-0.7148794298006783,-0.7114551290497854,5.5263928076182964e-05,0.011852306825261534,-0.012253326610128372,1.721258934008209e-07
2462993.5,A.D. 2031-May-07 00:00:00.0000,-0.7029253618748873,-0.7236057960021166,5.5395250976850326e-05,0.012055269243715661,-0.012047512193198677,9.673935083458616e-08
2462994.5,A.D. 2031-May-08 00:00:00.0000,-0.6907700008917889,-0.7355491634994649,5.547080237318671e-05,0.012254902401321119,-0.01183872662928984,6.142819103878041e-08
2462995.5,A.D. 2031-May-09 00:00:00.0000,-0.6784166512655738,-0.7472822508434119,5.553258215933868e-05,0.012451251873827542,-0.011626944778966655,6.939951261896496e-08
2462996.5,A.D. 2031-May-10 00:00:00.0000,-0.6658685868024093,-0.7588020360532104,5.562376378242467e-05,0.01264433091577288,-0.011412111455947534,1.1971697297872758e-07
2462997.5,A.D. 2031-May-11 00:00:00.0000,-0.6531290888137568,-0.7701054336279227,5.5784482740763474e-05,0.012834110354638913,-0.011194157940450648,2.0732480641958878e-07
2462998.5,A.D. 2031-May-12 00:00:00.0000,-0.6402014895763871,-0.781189290461512,5.6048103220555194e-05,0.013020518165995703,-0.010973020713595428,3.239405669852684e-07
2462999.5,A.D. 2031-May-13 00:00:00.0000,-0.6270892117258711,-0.7920503990909792,5.643866041839252e-05,0.013203447493954103,-0.010748656578058813,4.5943159212414087e-07
2463000.5,A.D. 2031-May-14 00:00:00.0000,-0.6137957971174662,-0.8026855228052521,5.696971540658237e-05,0.013382768898833736,-0.010521051043355857,6.031905232232469e-07
2463001.5,A.D. 2031-May-15 00:00:00.0000,-0.6003249231876999,-0.8130914257769586,5.764443940758366e-05,0.013558342509118007,-0.010290220258745455,7.451851108090472e-07
2463002.5,A.D. 2031-May-16 00:00:00.0000,-0.5866804083437624,-0.8232649028101783,5.8456541184709226e-05,0.013730027582471932,-0.010056208747199452,8.765979674258612e-07
2463003.5,A.D. 2031-May-17 00:00:00.0000,-0.5728662093553663,-0.8332028057523154,5.9391658932539196e-05,0.013897688986296654,-0.009819085343451208,9.901363916027303e-07
2463004.5,A.D. 2031-May-18 00:00:00.0000,-0.5588864135502845,-0.8429020656331047,6.042895091420136e-05,0.014061201263740063,-0.009578938880273065,1.080140462977896e-06
2463005.5,A.D. 2031-May-19 00:00:00.0000,-0.544745227767313,-0.852359710638701,6.154273687607713e-05,0.014220451188435868,-0.009335874205891976,1.1425887419133493e-06
2463006.5,A.D. 2031-May-20 00:00:00.0000,-0.5304469652359389,-0.8615728802767446,6.270411576464233e-05,0.014375339424069202,-0.009090008521390882,1.1750491198259676e-06
2463007.5,A.D. 2031-May-21 00:00:00.0000,-0.5159960311402481,-0.8705388359640817,6.388251126816788e-05,0.014525781503900667,-0.008841467864305204,1.1765830036186614e-06
2463008.5,A.D. 2031-May-22 00:00:00.0000,-0.5013969075574762,-0.8792549681415286,6.504709563775797e-05,0.014671708084424985,-0.008590383688675344,1.1475967989577097e-06
2463009.5,A.D. 2031-May-23 00:00:00.0000,-0.48665413854458167,-0.8877188000765308,6.616803859042073e-05,0.014813064389360416,-0.008336889703224363,1.0896422158523555e-06
2463010.5,A.D. 2031-May-24 00:00:00.0000,-0.47177231617120935,-0.8959279887557424,6.721753818308424e-05,0.014949808898923554,-0.00808111926668648,1.0051846226721963e-06
2463011.5,A.D. 2031-May-25 00:00:00.0000,-0.4567560681411526,-0.9038803235758096,6.817061806834041e-05,0.015081911542336637,-0.007823203628040322,8.973740153019764e-07
2463012.5,A.D. 2031-May-26 00:00:00.0000,-0.44161004730042874,-0.9115737237649507,6.900571369011626e-05,0.015209351809567931,-0.007563271155069069,7.698583598972677e-07
2463013.5,A.D. 2031-May-27 00:00:00.0000,-0.4263389228763007,-0.9190062355084015,6.970510756792772e-05,0.015332117255793472,-0.007301447483965138,6.266730759871585e-07
2463014.5,A.D. 2031-May-28 00:00:00.0000,-0.4109473728314969,-0.926176029575413,7.025530114516143e-05,0.015450202831147675,-0.007037856309533932,4.7222659039509185e-07
2463015.5,A.D. 2031-May-29 00:00:00.0000,-0.39544007633575795,-0.9330813998680157,7.06474218170977e-05,0.015563611357921099,-0.006772620345118392,3.113837533775901e-07
2463016.5,A.D. 2031-May-30 00:00:00.0000,-0.37982170511386215,-0.9397207627513291,7.087775489579245e-05,0.015672355307495278,-0.006505861802398109,1.4962671693862743e-07
2463017.5,A.D. 2031-May-31 00:00:00.0000,-0.3640969124004336,-0.9460926562852797,7.094845575377927e-05,0.015776459759295897,-0.006237701562312903,-6.757080129308165e-09
2463018.5,A.D. 2031-Jun-01 00:00:00.0000,-0.34827031855946355,-0.9521957375758345,7.08684270623364e-05,0.015875965964080613,-0.005968256081630497,-1.5055228357985004e-07
2463019.5,A.D. 2031-Jun-02 00:00:00.0000,-0.33234649334437144,-0.95802877553309,7.065422833704772e-05,0.01597093420904291,-0.005697631194380077,-2.7370149483321095e-07
2463020.5,A.D. 2031-Jun-03 00:00:00.0000,-0.31632993651920027,-0.9635906357694443,7.033072172163451e-05,0.01606144379919229,-0.005425912673136933,-3.677763620509891e-07
2463021.5,A.D. 2031-Jun-04 00:00:00.0000,-0.3002250610694801,-0.9688802549681644,6.993099256059826e-05,0.01614758746053482,-0.005153155042294161,-4.2496925502166056e-07
2463022.5,A.D. 2031-Jun-05 00:00:00.0000,-0.2840361856504746,-0.9738966046855975,6.949502611847503e-05,0.01622945834467779,-0.0048793724564426206,-4.3955741657499545e-07
2463023.5,A.D. 2031-Jun-06 00:00:00.0000,-0.2677675433943673,-0.978638649314816,6.906682201396307e-05,0.01630713087300272,-0.004604537055053421,-4.094740002799921e-07
2463024.5,A.D. 2031-Jun-07 00:00:00.0000,-0.25142331078547026,-0.9831053079970911,6.869014518108453e-05,0.01638064101163788,-0.0043285888514840625,-3.373489802534052e-07
2463025.5,A.D. 2031-Jun-08 00:00:00.0000,-0.2350076531792237,-0.9872954320374762,6.840375536311314e-05,0.016449974007117445,-0.00405145614044348,-2.3044555232033313e-07
2463026.5,A.D. 2031-Jun-09 00:00:00.0000,-0.21852477632071374,-0.9912078052804177,6.823731504192346e-05,0.01651506508856112,-0.003773079519131672,-9.940706762275244e-08
2463027.5,A.D. 2031-Jun-10 00:00:00.0000,-0.20197897078515778,-0.99484116655463,6.820894977270456e-05,0.016575812198945775,-0.003493430691643087,4.3673112152744174e-08
2463028.5,A.D. 2031-Jun-11 00:00:00.0000,-0.18537464021834457,-0.9981942458888909,6.832475830997928e-05,0.016632094381140827,-0.003212520825798026,1.871022336112694e-07
2463029.5,A.D. 2031-Jun-12 00:00:00.0000,-0.16871631142322832,-1.001265803874044,6.857989597763407e-05,0.016683788702094964,-0.0029303989860654566,3.2083106496252943e-07
2463030.5,A.D. 2031-Jun-13 00:00:00.0000,-0.15200863009835702,-1.0040546661679457,6.896053652784632e-05,0.01673078168818912,-0.0026471447877326176,4.369815569218869e-07
2463031.5,A.D. 2031-Jun-14 00:00:00.0000,-0.13525634815720075,-1.0065597496482979,6.94460764597481e-05,0.01677297489934329,-0.0023628596554066614,5.298480960967758e-07
2463032.5,A.D. 2031-Jun-15 00:00:00.0000,-0.11846430773199589,-1.0087800803330766,7.001118968332923e-05,0.01681028634039206,-0.0020776593813897747,5.956385369817409e-07
2463033.5,A.D. 2031-Jun-16 00:00:00.0000,-0.10163742497550289,-1.01071480493054,7.062758192475257e-05,0.016842649764776424,-0.0017916688516931415,6.321581034004088e-07
2463034.5,A.D. 2031-Jun-17 00:00:00.0000,-0.0847806749549978,-1.0123631981149182,7.12654474977052e-05,0.01687001337345922,-0.001505018674310548,6.385399646861776e-07
2463035.5,A.D. 2031-Jun-18 00:00:00.0000,-0.0678990778034455,-1.0137246671014424,7.189469304491264e-05,0.016892338673855183,-0.00121784303007051,6.150482907297982e-07
2463036.5,A.D. 2031-Jun-19 00:00:00.0000,-0.050997685834741485,-1.014798754407881,7.248599447431787e-05,0.01690959969027205,-0.0009302781047596104,5.629369430482526e-07
2463037.5,A.D. 2031-Jun-20 00:00:00.0000,-0.03408157131948701,-1.0155851391592963,7.301172791963877e-05,0.01692178239711413,-0.0006424606998209751,4.843339580271061e-07
2463038.5,A.D. 2031-Jun-21 00:00:00.0000,-0.01715581480949024,-1.0160836370281239,7.344678769637014e-05,0.01692888415336,-0.0003545268906842977,3.821282888017891e-07
2463039.5,A.D. 2031-Jun-22 00:00:00.0000,-0.00022549409569288877,-1.0162941988818863,7.376928812972143e-05,0.0169309129878812,-6.661080754239317e-05,2.59850974310445e-07
2463040.5,A.D. 2031-Jun-23 00:00:00.0000,0.016704326040251228,-1.0162169083408479,7.396114681742633e-05,0.016927886742681197,0.00022115629768234494,1.2155944497829188e-07
2463041.5,A.D. 2031-Jun-24 00:00:00.0000,0.033628603212892634,-1.0158519786029918,7.400856171239883e-05,0.016919832247241952,0.0005086465716559835,-2.825542779320629e-08
2463042.5,A.D. 2031-Jun-25 00:00:00.0000,0.05054232612635408,-1.0151997489576288,7.390241568445955e-05,0.016906784809635096,0.000795735679484785,-1.8471827412631727e-07
2463043.5,A.D. 2031-Jun-26 00:00:00.0000,0.06744052304709061,-1.0142606813003783,7.363866012939662e-05,0.0168887883316636,0.001082302735656004,-3.425612419141206e-07
2463044.5,A.D. 2031-Jun-27 00:00:00.0000,0.08431827080247875,-1.0130353566401777,7.321873399045272e-05,0.01686589626860236,0.0013682304799727965,-4.960639156888532e-07
2463045.5,A.D. 2031-Jun-28 00:00:00.0000,0.10117070517629481,-1.011524471046256,7.265005698372043e-05,0.016838173437602667,0.0016534063451816453,-6.389731121967766e-07
2463046.5,A.D. 2031-Jun-29 00:00:00.0000,0.11799303339834637,-1.0097288297521136,7.194658612683276e-05,0.016805698289817813,0.0019377252136793689,-7.644715396808723e-07
2463047.5,A.D. 2031-Jun-30 00:00:00.0000,0.13478054875535886,-1.0076493373327244,7.112933396843436e-05,0.016768564652892573,0.002221094617696033,-8.653081312676208e-07
2463048.5,A.D. 2031-Jul-01 00:00:00.0000,0.1515286459737109,-1.005286981313325,7.022661499912332e-05,0.01672688117201616,0.0025034426406727785,-9.342367736073333e-07
2463049.5,A.D. 2031-Jul-02 00:00:00.0000,0.16823283391118202,-1.002642806871719,6.92736423509127e-05,0.01668076607762602,0.0027847275057366018,-9.648917175388104e-07
2463050.5,A.D. 2031-Jul-03 00:00:00.0000,0.18488873979271658,-0.9997178822974973,6.831102335209314e-05,0.01663033530221144,0.003064945767716161,-9.530944479167771e-07
2463051.5,A.D. 2031-Jul-04 00:00:00.0000,0.2014920982404368,-0.9965132590081411,6.738183549873481e-05,0.016575684333857733,0.0033441340900210365,-8.983111613474831e-07
2463052.5,A.D. 2031-Jul-05 00:00:00.0000,0.21803872076215228,-0.9930299350738526,6.652740498831973e-05,0.016516868428967553,0.0036223598958063626,-8.046755402258611e-07
2463053.5,A.D. 2031-Jul-06 00:00:00.0000,0.23452444798602906,-0.9892688341042772,6.578255578676344e-05,0.01645388935546348,0.003899700473537474,-6.809384153875981e-07
2463054.5,A.D. 2031-Jul-07 00:00:00.0000,0.2509450950791271,-0.985230808439351,6.517156706912029e-05,0.016386695787041015,0.004176216806021568,-5.391205325161986e-07
2463055.5,A.D. 2031-Jul-08 00:00:00.0000,0.2672964049800822,-0.9809166669152873,6.470595898313922e-05,0.016315197943907,0.0044519322595310325,-3.9233163960331603e-07
2463056.5,A.D. 2031-Jul-09 00:00:00.0000,0.2835740207884354,-0.976327218163049,6.438451115605228e-05,0.016239289739294054,0.004726823516448104,-2.526357480434749e-07
2463057.5,A.D. 2031-Jul-10 00:00:00.0000,0.2997734801834982,-0.9714633164118177,6.41950780679223e-05,0.016158869323077783,0.005000824109867572,-1.296694960238367e-07
2463058.5,A.D. 2031-Jul-11 00:00:00.0000,0.3158902269547322,-0.9663258994847385,6.411731207993916e-05,0.01607385223775445,0.005273835432961479,-3.019442567554515e-08
2463059.5,A.D. 2031-Jul-12 00:00:00.0000,0.3319196315154624,-0.9609160146438408,6.412546097267052e-05,0.015984176458195814,0.005545739152102198,4.166565325424809e-08
2463060.5,A.D. 2031-Jul-13 00:00:00.0000,0.34785701335805835,-0.9552348330477897,6.419074466315578e-05,0.01588980175852974,0.00581640716766739,8.388003169257278e-08
2463061.5,A.D. 2031-Jul-14 00:00:00.0000,0.3636976613356492,-0.9492836560550164,6.428316070106385e-05,0.01579070646208402,0.0060857079437733755,9.59492944094059e-08
2463062.5,A.D. 2031-Jul-15 00:00:00.0000,0.3794368503661307,-0.9430639168429688,6.437278503182985e-05,0.01568688381520826,0.0063535097061509695,7.84707591679326e-08
2463063.5,A.D. 2031-Jul-16 00:00:00.0000,0.3950698548434942,-0.9365771799437671,6.443071862272916e-05,0.015578339141668047,0.0066196816026258135,3.286377217375294e-08
2463064.5,A.D. 2031-Jul-17 00:00:00.0000,0.4105919597601939,-0.9298251401891051,6.442982939249186e-05,0.015465088118410625,0.006884093879130338,-3.8772138669889654e-08
2463065.5,A.D. 2031-Jul-18 00:00:00.0000,0.42599847062419405,-0.9228096216373186,6.434539883836759e-05,0.015347156043880966,0.0071466178401901285,-1.3371447612426999e-07
2463066.5,A.D. 2031-Jul-19 00:00:00.0000,0.44128472300346755,-0.91553257644866,6.415573348514186e-05,0.015224577760926382,0.007407126041348922,-2.4863817303826797e-07
2463067.5,A.D. 2031-Jul-20 00:00:00.0000,0.456446092162217,-0.9079960833729834,6.384275849752746e-05,0.015097397858118485,0.00766549287946771,-3.796356674205135e-07
2463068.5,A.D. 2031-Jul-21 00:00:00.0000,0.4714780029070292,-0.9002023454605963,6.339258226127387e-05,0.014965670848967327,0.007921595535491774,-5.222567805060181e-07
2463069.5,A.D. 2031-Jul-22 00:00:00.0000,0.4863759395302911,-0.89215368672013,6.27960092403751e-05,0.01482946117617703,0.00817531510634804,-6.715715263695e-07
2463070.5,A.D. 2031-Jul-23 00:00:00.0000,0.5011354556714741,-0.8838525476232257,6.204898233688626e-05,0.014688843059610237,0.008426537756963245,-8.222459479994501e-07
2463071.5,A.D. 2031-Jul-24 00:00:00.0000,0.5157521840090163,-0.8753014794799616,6.115294903848353e-05,0.014543900342302714,0.008675155830574837,-9.686164859484276e-07
2463072.5,A.D. 2031-Jul-25 00:00:00.0000,0.5302218458797453,-0.8665031376798895,6.011515771070675e-05,0.014394726527931447,0.00892106904745576,-1.1047552840541377e-06
2463073.5,A.D. 2031-Jul-26 00:00:00.0000,0.5445402610767273,-0.8574602735526616,5.894888943817287e-05,0.014241425096885345,0.009164186142419591,-1.224537862467131e-06
2463074.5,A.D. 2031-Jul-27 00:00:00.0000,0.5587033580380294,-0.8481757241601648,5.767360553875859e-05,0.01408410990640111,0.009404427457187324,-1.3217536184897128e-06
2463075.5,A.D. 2031-Jul-28 00:00:00.0000,0.5727071842283407,-0.8386523987992284,5.631493385891884e-05,0.013922905020967448,0.009641728995857055,-1.3903325026483461e-06
2463076.5,A.D. 2031-Jul-29 00:00:00.0000,0.586547915580428,-0.8288932606256441,5.490433049632683e-05,0.013757942751892792,0.009876048096455594,-1.4247839811106533e-06
2463077.5,A.D. 2031-Jul-30 00:00:00.0000,0.6002218623976717,-0.8189013020545219,5.3478160346494144e-05,0.013589358252486047,0.010107369974981196,-1.420929140976399e-06
2463078.5,A.D. 2031-Jul-31 00:00:00.0000,0.6137254674960313,-0.8086795140311908,5.207589737272735e-05,0.01341727924614797,0.010335712932229377,-1.3769140091338215e-06
2463079.5,A.D. 2031-Aug-01 00:00:00.0000,0.6270552915983085,-0.7982308522669609,5.0737245974374826e-05,0.013241811051612653,0.01056112852011967,-1.2942998214203244e-06
2463080.5,A.D. 2031-Aug-02 00:00:00.0000,0.6402079826125366,-0.7875582074873183,4.9498307347026965e-05,0.013063020173377267,0.010783692843184239,-1.1787950952395785e-06
2463081.5,A.D. 2031-Aug-03 00:00:00.0000,0.653180230383762,-0.7766643894360898,4.838741351300645e-05,0.012880922884061367,0.011003487983338415,-1.040111865330494e-06
2463082.5,A.D. 2031-Aug-04 00:00:00.0000,0.665968715398416,-0.7655521328017058,4.742166837410965e-05,0.012695485399629195,0.011220577935902332,-8.906963090562652e-07
2463083.5,A.D. 2031-Aug-05 00:00:00.0000,0.6785700645584984,-0.7542241263613788,4.6605213883334815e-05,0.012506637570952822,0.01143498782519195,-7.436501273204396e-07
2463084.5,A.D. 2031-Aug-06 00:00:00.0000,0.6909808255418531,-0.7426830577758853,4.592966292335144e-05,0.012314295029505673,0.011646694305756522,-6.106201602366977e-07
2463085.5,A.D. 2031-Aug-07 00:00:00.0000,0.7031974638328472,-0.730931661292296,4.537633312061971e-05,0.012118380901853226,0.011855629060964079,-5.003994567314963e-07
2463086.5,A.D. 2031-Aug-08 00:00:00.0000,0.7152163781711173,-0.7189727570445507,4.4919385923017354e-05,0.011918840182560257,0.01206169104625505,-4.185148375681669e-07
2463087.5,A.D. 2031-Aug-09 00:00:00.0000,0.7270339257505195,-0.70680927651233,4.452895973972741e-05,0.01171564498453936,0.012264760893599928,-3.675885949550567e-07
2463088.5,A.D. 2031-Aug-10 00:00:00.0000,0.7386464489672185,-0.6944442746324451,4.4173727487891615e-05,0.011508792957868648,0.012464712656384722,-3.4805831263107504e-07
2463089.5,A.D. 2031-Aug-11 00:00:00.0000,0.7500502986647898,-0.6818809323484636,4.38227077666794e-05,0.011298302434693996,0.0126614211172575,-3.589048527422602e-07
2463090.5,A.D. 2031-Aug-12 00:00:00.0000,0.7612418521222275,-0.6691225539496894,4.344642714259028e-05,0.011084207134980897,0.012854765081815123,-3.9820504415008485e-07
2463091.5,A.D. 2031-Aug-13 00:00:00.0000,0.772217526222649,-0.6561725625873086,4.30176398992308e-05,0.010866551980783703,0.013044627967757759,-4.6346490605466275e-07
2463092.5,A.D. 2031-Aug-14 00:00:00.0000,0.782973787237723,-0.6430344959874571,4.2511812759364917e-05,0.010645390538144901,0.013230897022362118,-5.517651224778837e-07
2463093.5,A.D. 2031-Aug-15 00:00:00.0000,0.793507158851243,-0.6297120031906212,4.1907533766145944e-05,0.010420784010383786,0.013413462193387408,-6.597777395372947e-07
2463094.5,A.D. 2031-Aug-16 00:00:00.0000,0.8038142298097664,-0.6162088422961866,4.118694302987278e-05,0.01019280142700361,0.013592215335715746,-7.837155526439151e-07
2463095.5,A.D. 2031-Aug-17 00:00:00.0000,0.8138916621676735,-0.6025288786577435,4.033622466009859e-05,0.009961520561833147,0.01376705014778633,-9.192685968175907e-07
2463096.5,A.D. 2031-Aug-18 00:00:00.0000,0.8237362006098561,-0.5886760827036418,3.934615000381011e-05,0.009727029089811493,0.013937862992115553,-1.0615712156706625e-06
2463097.5,A.D. 2031-Aug-19 00:00:00.0000,0.833344682860075,-0.5746545265097136,3.8212625642608636e-05,0.009489425534074152,0.014104554545823739,-1.2052289924686926e-06
2463098.5,A.D. 2031-Aug-20 00:00:00.0000,0.8427140507855437,-0.5604683783929549,3.693717870299601e-05,0.00924881966868827,0.01426703206134696,-1.3444177275845697e-06
2463099.5,A.D. 2031-Aug-21 00:00:00.0000,0.8518413615569184,-0.5461218950654713,3.552730856927495e-05,0.00900533221589734,0.014425211933540821,-1.473049648057848e-06
2463100.5,A.D. 2031-Aug-22 00:00:00.0000,0.8607237981548064,-0.5316194111849593,3.399664522219482e-05,0.008759093857583668,0.014579022304221855,-1.584990912281027e-06
2463101.5,A.D. 2031-Aug-23 00:00:00.0000,0.8693586785953085,-0.5169653263403224,3.236487122919162e-05,0.008510243683331338,0.014728405583512648,-1.674315025617864e-06
2463102.5,A.D. 2031-Aug-24 00:00:00.0000,0.8777434633571367,-0.5021640895355264,3.065737382473883e-05,0.00825892714205021,0.014873320956888765,-1.735590747991384e-06
2463103.5,A.D. 2031-Aug-25 00:00:00.0000,0.8858757604548679,-0.48722018110237736,2.8904584206515087e-05,0.008005293326432973,0.015013747045871672,-1.7642249678284973e-06
2463104.5,A.D. 2031-Aug-26 00:00:00.0000,0.8937533272617945,-0.4721380918513023,2.7140931361457928e-05,0.007749491073182269,0.015149684744976208,-1.7568972030391714e-06
2463105.5,A.D. 2031-Aug-27 00:00:00.0000,0.9013740675217091,-0.45692229946635887,2.5403302874055382e-05,0.007491663106987826,0.015281159754509525,-1.7121125645417457e-06
2463106.5,A.D. 2031-Aug-28 00:00:00.0000,0.9087360212484376,-0.44157724302567414,2.372890224343742e-05,0.007231937621367809,0.015408223502267148,-1.6308429756259021e-06
2463107.5,A.D. 2031-Aug-29 00:00:00.0000,0.9158373450014694,-0.4261072982657446,2.2152473851577897e-05,0.006970417634376883,0.015530950341019001,-1.5171160234527377e-06
2463108.5,A.D. 2031-Aug-30 00:00:00.0000,0.9226762812028039,-0.4105167584406035,2.0703072530263694e-05,0.006707170244873649,0.015649428878463743,-1.3782842301133874e-06
2463109.5,A.D. 2031-Aug-31 00:00:00.0000,0.9292511182815887,-0.3948098271260986,1.940085585766353e-05,0.006442219807198581,0.015763746903066766,-1.2246642044987278e-06
2463110.5,A.D. 2031-Sep-01 00:00:00.0000,0.9355601478334284,-0.3789906283229551,1.8254629792279405e-05,0.00617554939629365,0.01587397262057392,-1.0683901628950255e-06
2463111.5,A.D. 2031-Sep-02 00:00:00.0000,0.9416016283230346,-0.3630632348051917,1.726086812401096e-05,0.005907112363870649,0.01598013804677299,-9.216793257083956e-07
2463112.5,A.D. 2031-Sep-03 00:00:00.0000,0.947373764380456,-0.34703170934989536,1.640454351599929e-05,0.005636851097611752,0.016082230675882735,-7.950499589497063e-07
2463113.5,A.D. 2031-Sep-04 00:00:00.0000,0.952874705813433,-0.3309001488751864,1.566150785861226e-05,0.005364716501519451,0.016180195991727615,-6.960880351884571e-07
2463114.5,A.D. 2031-Sep-05 00:00:00.0000,0.9581025637459458,-0.31467272148555814,1.5001687870042143e-05,0.005090681963381253,0.016273948389186124,-6.290648825470296e-07
2463115.5,A.D. 2031-Sep-06 00:00:00.0000,0.9630554366662406,-0.2983536905880553,1.4392267695467473e-05,0.00481474911829043,0.016363385168463602,-5.952996759214888e-07
2463116.5,A.D. 2031-Sep-07 00:00:00.0000,0.9677314385115885,-0.2819474255884046,1.3800279348388361e-05,0.00453694659086925,0.01644839875076362,-5.939162139265009e-07
2463117.5,A.D. 2031-Sep-08 00:00:00.0000,0.9721287232650866,-0.26545840237991786,1.3194390658126133e-05,0.004257324835561168,0.01652888469393509,-6.226419197397147e-07
2463118.5,A.D. 2031-Sep-09 00:00:00.0000,0.9762455037295168,-0.24889119802842122,1.2545969447026515e-05,0.003975950069274496,0.01660474540686299,-6.784337855654365e-07
2463119.5,A.D. 2031-Sep-10 00:00:00.0000,0.9800800646205521,-0.2322504834437831,1.182964233869395e-05,0.0036928991925087805,0.01667589069470762,-7.578609608655933e-07
2463120.5,A.D. 2031-Sep-11 00:00:00.0000,0.9836307714444001,-0.2155410165049735,1.102358613088858e-05,0.0034082564980905355,0.0167422365278833,-8.5726501129438e-07
2463121.5,A.D. 2031-Sep-12 00:00:00.0000,0.9868960770335556,-0.19876763680148138,1.0109746099312683e-05,0.003122112254930374,0.01680370320895275,-9.727568240279687e-07
2463122.5,A.D. 2031-Sep-13 00:00:00.0000,0.9898745274997307,-0.18193526213994088,9.074111233221798e-06,0.0028345628962993708,0.016860213793835305,-1.1001168502564045e-06
2463123.5,A.D. 2031-Sep-14 00:00:00.0000,0.99256476899964,-0.16504888624533326,7.907110645310496e-06,0.002545712374615667,0.016911693362942595,-1.23466291076543e-06
2463124.5,A.D. 2031-Sep-15 00:00:00.0000,0.9949655562148889,-0.14811357659424207,6.604132963361544e-06,0.0022556741348817885,0.01695806953529225,-1.3711462454743705e-06
2463125.5,A.D. 2031-Sep-16 00:00:00.0000,0.9970757628482302,-0.13113447102561354,5.166111934431507e-06,0.0019645730587545033,0.0169992744099388,-1.5037317035822674e-06
2463126.5,A.D. 2031-Sep-17 00:00:00.0000,0.9988943937547764,-0.1141167717188428,3.6000704726884096e-06,0.0016725466728627302,0.01703524784945042,-1.6261065509014815e-06
2463127.5,A.D. 2031-Sep-18 00:00:00.0000,1.0004205976379557,-0.09706573537453406,1.919481388178302e-06,0.0013797449769857848,0.01706594169544946,-1.7317392790986626e-06
2463128.5,A.D. 2031-Sep-19 00:00:00.0000,1.001653678701257,-0.07998665899723711,1.4429794010649627e-07,0.0010863284901501866,0.017091324214818827,-1.8142759925141002e-06
2463129.5,A.D. 2031-Sep-20 00:00:00.0000,1.0025931054332375,-0.06288486146168036,-1.6994623616560615e-06,0.0007924645056289627,0.017111383952064636,-1.8680273316798107e-06
2463130.5,A.D. 2031-Sep-21 00:00:00.0000,1.0032385149012841,-0.045765661823895215,-3.5806383176228937e-06,0.000498321944379982,0.017126132295859048,-1.8884786143972112e-06
2463131.5,A.D. 2031-Sep-22 00:00:00.0000,1.003589711448205,-0.02863435587394402,-5.464340212996032e-06,0.00020406541080780996,0.017135604401164267,-1.872759994888449e-06
2463132.5,A.D. 2031-Sep-23 00:00:00.0000,1.0036466592789808,-0.011496192608429474,-7.3137975115225754e-06,-9.015101154530003e-05,0.01713985844187826,-1.8200370857309118e-06
2463133.5,A.D. 2031-Sep-24 00:00:00.0000,1.003409468844525,0.0056436477533611485,-9.092550105290122e-06,-0.0003841899341906042,0.017138973276635057,-1.731805694007064e-06
2463134.5,A.D. 2031-Sep-25 00:00:00.0000,1.002878377118857,0.022780072592375605,-1.0766880327375697e-05,-0.0006779366784298131,0.017133044414067527,-1.6120740196188299e-06
2463135.5,A.D. 2031-Sep-26 00:00:00.0000,1.002053722058385,0.039908090655979486,-1.2308352395307985e-05,-0.0009713047997712963,0.0171221778419488,-1.467383140306231e-06
2463136.5,A.D. 2031-Sep-27 00:00:00.0000,1.0009359121481627,0.057022818370227144,-1.3696253377562054e-05,-0.0012642401631977249,0.01710648123766122,-1.3065708067931673e-06
2463137.5,A.D. 2031-Sep-28 00:00:00.0000,0.9995253932796672,0.07411947606933239,-1.4919623375392342e-05,-0.0015567218818473747,0.017086052714282346,-1.1401709490785867e-06
2463138.5,A.D. 2031-Sep-29 00:00:00.0000,0.9978226170427399,0.09119337230373281,-1.5978482114859047e-05,-0.0018487582942528548,0.017060968618078667,-9.794120861021008e-07
2463139.5,A.D. 2031-Sep-30 00:00:00.0000,0.9958280159066557,0.1082398766595442,-1.6883896783406338e-05,-0.002140377248727832,0.017031273324413634,-8.349378066961592e-07
2463140.5,A.D. 2031-Oct-01 00:00:00.0000,0.9935419904545941,0.12525438477651019,-1.7656749345114878e-05,-0.0024316121589519468,0.016996974319112436,-7.155445130934088e-07
2463141.5,A.D. 2031-Oct-02 00:00:00.0000,0.9909649112511414,0.14223228194555088,-1.8325399463688678e-05,-0.002722487379060441,0.016958044365932276,-6.272884785196905e-07
2463142.5,A.D. 2031-Oct-03 00:00:00.0000,0.9880971339622397,0.1591689121573776,-1.8922742653094968e-05,-0.003013006916665607,0.016914429864709785,-5.731882345147314e-07
2463143.5,A.D. 2031-Oct-04 00:00:00.0000,0.984939022964083,0.17605955735252937,-1.9483273190249915e-05,-0.0033031489488168702,0.01686606227380935,-5.535094939487706e-07
2463144.5,A.D. 2031-Oct-05 00:00:00.0000,0.9814909774439358,0.1928994280930198,-2.0040639460256564e-05,-0.003592866127025761,0.01681286899015649,-5.664198112612118e-07
2463145.5,A.D. 2031-Oct-06 00:00:00.0000,0.9777534550424368,0.20968366375017372,-2.0625923314466408e-05,-0.003882089789961016,0.0167547812375966,-6.087387785518906e-07
2463146.5,A.D. 2031-Oct-07 00:00:00.0000,0.9737269903468079,0.22640733871257968,-2.126662502732358e-05,-0.004170735666361373,0.016691738225123917,-6.765728899205831e-07
2463147.5,A.D. 2031-Oct-08 00:00:00.0000,0.9694122077707968,0.24306547108269838,-2.1986179089039482e-05,-0.004458709148310803,0.01662368812542143,-7.657343667604248e-07
2463148.5,A.D. 2031-Oct-09 00:00:00.0000,0.9648098298568096,0.25965303121715694,-2.2803774223337315e-05,-0.0047459090623382695,0.016550586981262435,-8.719346829978044e-07
2463149.5,A.D. 2031-Oct-10 00:00:00.0000,0.959920682731108,0.2761649486145015,-2.3734270343934014e-05,-0.005032229575794316,0.016472396668145234,-9.907940369636875e-07
2463150.5,A.D. 2031-Oct-11 00:00:00.0000,0.9547457005682343,0.29259611669171903,-2.4788057598281766e-05,-0.00531756030644379,0.01638908284667581,-1.1177265767259682e-06
2463151.5,A.D. 2031-Oct-12 00:00:00.0000,0.9492859307274913,0.30894139582204105,-2.597076524684133e-05,-0.005601784932018949,0.016300613643104794,-1.247765815909407e-06
2463152.5,A.D. 2031-Oct-13 00:00:00.0000,0.9435425408439546,0.32519561567418465,-2.7282794318139804e-05,-0.005884778764481955,0.01620695966340967,-1.3753987282984288e-06
2463153.5,A.D. 2031-Oct-14 00:00:00.0000,0.937516828591571,0.34135357843896896,-2.8718719970393716e-05,-0.006166405966025525,0.016108095819000322,-1.4944843350443833e-06
2463154.5,A.D. 2031-Oct-15 00:00:00.0000,0.9312102340259582,0.35741006490094746,-3.026668818849379e-05,-0.00644651735417743,0.01600400519890239,-1.5983368034255595e-06
2463155.5,A.D. 2031-Oct-16 00:00:00.0000,0.924624353346391,0.37335984533321237,-3.190800690252383e-05,-0.006724949959447623,0.015894684751506256,-1.6800395844499679e-06
2463156.5,A.D. 2031-Oct-17 00:00:00.0000,0.9177609517506001,0.3891976966223633,-3.361717809748093e-05,-0.007001529436189977,0.015780151844642713,-1.7330107440166444e-06
2463157.5,A.D. 2031-Oct-18 00:00:00.0000,0.9106219721882735,0.40491842573857206,-3.536259960209158e-05,-0.007276075869201823,0.015660450083647026,-1.7517591427097066e-06
2463158.5,A.D. 2031-Oct-19 00:00:00.0000,0.9032095367667732,0.4205168978591361,-3.710805956731105e-05,-0.007548412479909448,0.015535652502374445,-1.7326828983803787e-06
2463159.5,A.D. 2031-Oct-20 00:00:00.0000,0.8955259386366788,0.4359880657523411,-3.881496899382979e-05,-0.007818375618208149,0.015405860747582932,-1.6747144310131118e-06
2463160.5,A.D. 2031-Oct-21 00:00:00.0000,0.8875736241532575,0.4513269962045331,-4.0445090921330655e-05,-0.008085823855257204,0.015271200064229322,-1.5796484871910181e-06
2463161.5,A.D. 2031-Oct-22 00:00:00.0000,0.879355167195462,0.4665288897413882,-4.196340810471952e-05,-0.008350644345020504,0.01513181115953121,-1.4520908092388053e-06
2463162.5,A.D. 2031-Oct-23 00:00:00.0000,0.870873238868773,0.4815890913716228,-4.334076667602413e-05,-0.008612755660716625,0.014987840680129436,-1.2990769327775626e-06
2463163.5,A.D. 2031-Oct-24 00:00:00.0000,0.8621305760617094,0.4965030917810904,-4.455601892389755e-05,-0.008872107353669865,0.014839431840695319,-1.1294711256222326e-06
2463164.5,A.D. 2031-Oct-25 00:00:00.0000,0.8531299517824669,0.5112665196179198,-4.5597499258132385e-05,-0.009128676957490927,0.014686716061932675,-9.532474996495415e-07
2463165.5,A.D. 2031-Oct-26 00:00:00.0000,0.8438741495106515,0.5258751260569774,-4.6463748622890294e-05,-0.009382465019550892,0.01452980591935207,-7.80712127885046e-07
2463166.5,A.D. 2031-Oct-27 00:00:00.0000,0.8343659433973488,0.5403247630549335,-4.716344435912039e-05,-0.009633488391322925,0.014368789634259692,-6.216967676880077e-07
2463167.5,A.D. 2031-Oct-28 00:00:00.0000,0.8246080859874519,0.5546113570792863,-4.771452677249192e-05,-0.009881771942014006,0.014203727652722266,-4.84769457206716e-07
2463168.5,A.D. 2031-Oct-29 00:00:00.0000,0.8146033048003904,0.568730880794179,-4.814258035991066e-05,-0.010127339281303334,0.014034652112698368,-3.7655204635742e-07
2463169.5,A.D. 2031-Oct-30 00:00:00.0000,0.8043543081855236,0.5826793259157614,-4.8478636592464966e-05,-0.010370203745631657,0.013861569754277719,-3.01266131864078e-07
2463170.5,A.D. 2031-Oct-31 00:00:00.0000,0.7938637993752173,0.596452680632855,-4.875668046950484e-05,-0.010610361287996275,0.013684468009545266,-2.6060561328970064e-07
2463171.5,A.D. 2031-Nov-01 00:00:00.0000,0.783134496108445,0.6100469142192532,-4.901120411885167e-05,-0.010847786605007216,0.013503323018944843,-2.539523268054763e-07
2463172.5,A.D. 2031-Nov-02 00:00:00.0000,0.7721691522947446,0.6234579698702832,-4.927511640779897e-05,-0.011082432901749269,0.013318107750367746,-2.7885144329526635e-07
2463173.5,A.D. 2031-Nov-03 00:00:00.0000,0.7609705783345972,0.6366817649933403,-4.957819744588681e-05,-0.011314234629593462,0.013128798561280585,-3.3159919765748606e-07
2463174.5,A.D. 2031-Nov-04 00:00:00.0000,0.7495416577605795,0.6497141968583662,-4.9946133236437615e-05,-0.011543111859694147,0.012935379276568808,-4.0779339494031087e-07
2463175.5,A.D. 2031-Nov-05 00:00:00.0000,0.7378853592895565,0.6625511510237048,-5.040003664402158e-05,-0.01176897487048403,0.012737842711772212,-5.02743512250871e-07
2463176.5,A.D. 2031-Nov-06 00:00:00.0000,0.7260047446498229,0.6751885102191191,-5.0956288483587196e-05,-0.011991727870271123,0.012536190187479038,-6.116986218986857e-07
2463177.5,A.D. 2031-Nov-07 00:00:00.0000,0.713902973387646,0.6876221620748062,-5.162651718606317e-05,-0.012211271253088735,0.01233042984952511,-7.299009519844434e-07
2463178.5,A.D. 2031-Nov-08 00:00:00.0000,0.7015833062479051,0.6998480049242793,-5.241755952905634e-05,-0.012427502187413831,0.012120574630685384,-8.525021460939748e-07
2463179.5,A.D. 2031-Nov-09 00:00:00.0000,0.6890491087785817,0.7118619517123321,-5.3331290149901116e-05,-0.012640313609248447,0.011906640621578394,-9.74394107913901e-07
2463180.5,A.D. 2031-Nov-10 00:00:00.0000,0.676303856632888,0.7236599327786181,-5.436426500829023e-05,-0.012849591898326048,0.011688646568716633,-1.0900177526044336e-06
2463181.5,A.D. 2031-Nov-11 00:00:00.0000,0.6633511436447332,0.735237898993279,-5.550719486278443e-05,-0.013055213772271047,0.011466615192022134,-1.1932292449408624e-06
2463182.5,A.D. 2031-Nov-12 00:00:00.0000,0.6501946930349596,0.7465918273728592,-5.6744354654583375e-05,-0.013257043325879587,0.011240576904184195,-1.277323782355019e-06
2463183.5,A.D. 2031-Nov-13 00:00:00.0000,0.6368383709318789,0.757717731721957,-5.80531417094488e-05,-0.013454930640837902,0.011010576116789031,-1.3353270915096337e-06
2463184.5,A.D. 2031-Nov-14 00:00:00.0000,0.6232861997591291,0.7686116806354417,-5.940409574065666e-05,-0.013648713741492262,0.010776679438885583,-1.3606350339534968e-06
2463185.5,A.D. 2031-Nov-15 00:00:00.0000,0.6095423673363898,0.7792698238699176,-6.076173046640145e-05,-0.013838225382361723,0.010538983769004551,-1.3479814021988447e-06
2463186.5,A.D. 2031-Nov-16 00:00:00.0000,0.5956112266474718,0.7896884254683807,-6.208642702913631e-05,-0.014023304766211534,0.01029762113680799,-1.2945474410588179e-06
2463187.5,A.D. 2031-Nov-17 00:00:00.0000,0.5814972822419993,0.799863898760981,-6.33373687312457e-05,-0.014203811989227369,0.010052757201428899,-1.2008701148704803e-06
2463188.5,A.D. 2031-Nov-18 00:00:00.0000,0.5672051625360953,0.8097928360850647,-6.447612763373291e-05,-0.014379641013509177,0.009804582248690533,-1.0711866743548324e-06
2463189.5,A.D. 2031-Nov-19 00:00:00.0000,0.5527395817248875,0.8194720264458224,-6.547022837164425e-05,-0.014550726887303411,0.009553296655882348,-9.130397544107198e-07
2463190.5,A.D. 2031-Nov-20 00:00:00.0000,0.5381052983194342,0.8288984576330164,-6.629598822144664e-05,-0.01471704521633496,0.009299095137619152,-7.36269744240799e-07
2463191.5,A.D. 2031-Nov-21 00:00:00.0000,0.5233070777016167,0.838069303829763,-6.694018400395489e-05,-0.014878605085773586,0.00904215406662728,-5.517416934178159e-07
2463192.5,A.D. 2031-Nov-22 00:00:00.0000,0.5083496637191446,0.8469819031097815,-6.740046760947435e-05,-0.015035438650973728,0.008782624076069898,-3.701658029000793e-07
2463193.5,A.D. 2031-Nov-23 00:00:00.0000,0.49323776098204386,0.8556337301569253,-6.768474289772368e-05,-0.015187590581569677,0.008520627703415693,-2.0121790413669748e-07
2463194.5,A.D. 2031-Nov-24 00:00:00.0000,0.4779760269617949,0.8640223684985071,-6.780983052109196e-05,-0.015335109182027996,0.008256260468414421,-5.298787220029713e-08
2463195.5,A.D. 2031-Nov-25 00:00:00.0000,0.4625690719270288,0.8721454848213084,-6.779971565198288e-05,-0.015478039573211146,0.007989593730672545,6.831878874990276e-08
2463196.5,A.D. 2031-Nov-26 00:00:00.0000,0.4470214648155089,0.8800008065913983,-6.768358639775995e-05,-0.015616418552410185,0.007720678339690932,1.5851324049941336e-07
2463197.5,A.D. 2031-Nov-27 00:00:00.0000,0.43133774359857463,0.8875861035717516,-6.749380056155232e-05,-0.01575027069780196,0.007449548767983245,2.154386137231588e-07
2463198.5,A.D. 2031-Nov-28 00:00:00.0000,0.41552242898238106,0.8948991737113182,-6.72638909277914e-05,-0.015879605601396174,0.0071762277221729545,2.3887685622218183e-07
2463199.5,A.D. 2031-Nov-29 00:00:00.0000,0.3995800402431396,0.9019378338544468,-6.702672074477523e-05,-0.01600441641085417,0.006900731134301432,2.3034093745496227e-07
2463200.5,A.D. 2031-Nov-30 00:00:00.0000,0.38351511176849545,0.9086999154843766,-6.68129018941894e-05,-0.016124679899005883,0.0066230731515301705,1.9276103656798984e-07
2463201.5,A.D. 2031-Dec-01 00:00:00.0000,0.36733220875778977,0.9151832652105623,-6.66495652501532e-05,-0.016240358044787934,0.006343270528285895,1.3010271386636534e-07
2463202.5,A.D. 2031-Dec-02 00:00:00.0000,0.35103594072561345,0.921385749101584,-6.655952190671543e-05,-0.01635140075656403,0.006061345844438262,4.697814387680653e-08
2463203.5,A.D. 2031-Dec-03 00:00:00.0000,0.33463097197136726,0.9273052594989043,-6.656078938390969e-05,-0.0164577490971208,0.005777329223194832,-5.168523899861487e-08
2463204.5,A.D. 2031-Dec-04 00:00:00.0000,0.31812202887353874,0.932939722795007,-6.666639954795684e-05,-0.016559338294772272,0.005491258575379629,-1.6087098088852334e-07
2463205.5,A.D. 2031-Dec-05 00:00:00.0000,0.30151390453910865,0.9382871068500717,-6.688437042919221e-05,-0.016656099937685763,0.005203178708984513,-2.755740962556163e-07
2463206.5,A.D. 2031-Dec-06 00:00:00.0000,0.2848114618395272,0.9433454271696036,-6.721771727901426e-05,-0.01674796296064695,0.004913139841653246,-3.907820878229466e-07
2463207.5,A.D. 2031-Dec-07 00:00:00.0000,0.26801963614062607,0.9481127515586919,-6.766439582921985e-05,-0.016834853261587852,0.004621196152616631,-5.013645790551203e-07
2463208.5,A.D. 2031-Dec-08 00:00:00.0000,0.25114343908666403,0.9525872036344273,-6.821710813099541e-05,-0.01691669200566663,0.004327405067006387,-6.019181951089739e-07
2463209.5,A.D. 2031-Dec-09 00:00:00.0000,0.2341879646172192,0.9567669662975397,-6.886295801957775e-05,-0.016993392935981,0.004031828017811276,-6.866342630270514e-07
2463210.5,A.D. 2031-Dec-10 00:00:00.0000,0.21715839789455316,0.960650287021558,-6.958302385064382e-05,-0.0170648594037112,0.003734533437366041,-7.492838919800351e-07
2463211.5,A.D. 2031-Dec-11 00:00:00.0000,0.20006002682895715,0.9642354874941018,-7.035202478689505e-05,-0.017130982415389955,0.003435602521553124,-7.834416456733723e-07
2463212.5,A.D. 2031-Dec-12 00:00:00.0000,0.18289825425603376,0.967520980386541,-7.113838227160095e-05,-0.01719164165219607,0.0031351375965849413,-7.830695708713678e-07
2463213.5,A.D. 2031-Dec-13 00:00:00.0000,0.16567860667399092,0.9705052951959657,-7.190507231309229e-05,-0.01724671166810471,0.0028332714700735045,-7.435113900932471e-07
2463214.5,A.D. 2031-Dec-14 00:00:00.0000,0.14840673359354667,0.9731871125344963,-7.261163185008656e-05,-0.01729607449419081,0.002530174241772984,-6.62763319798149e-07
2463215.5,A.D. 2031-Dec-15 00:00:00.0000,0.13108839156895555,0.9755653020145048,-7.321742173916384e-05,-0.017339637102737553,0.002226052930904418,-5.426316802408188e-07
2463216.5,A.D. 2031-Dec-16 00:00:00.0000,0.11372941038047771,0.9776389546985478,-7.368576202122234e-05,-0.017377348510217598,0.0019211407550655728,-3.892296865927128e-07
2463217.5,A.D. 2031-Dec-17 00:00:00.0000,0.09633564526267059,0.9794073999960697,-7.398805377221496e-05,-0.017409209469798837,0.0016156774461262438,-2.1242161432619416e-07
2463218.5,A.D. 2031-Dec-18 00:00:00.0000,0.07891292526495099,0.9808702009293768,-7.410683114983374e-05,-0.017435270189897812,0.001309887023601645,-2.430007842985259e-08
2463219.5,A.D. 2031-Dec-19 00:00:00.0000,0.06146700962845646,0.9820271292665439,-7.403703112702675e-05,-0.017455617282432383,0.0010039609120620744,1.6273742005545945e-07
2463220.5,A.D. 2031-Dec-20 00:00:00.0000,0.04400356020998502,0.9828781285519594,-7.378543081355295e-05,-0.017470355901129542,0.000698050927281105,3.3763093557257055e-07
2463221.5,A.D. 2031-Dec-21 00:00:00.0000,0.026528131372179912,0.983423274957881,-7.336876647386026e-05,-0.01747959357615007,0.0003922714491103147,4.916205446187379e-07
2463222.5,A.D. 2031-Dec-22 00:00:00.0000,0.00904617352989285,0.9836627433123238,-7.281124503211074e-05,-0.017483429359287688,8.6706850101439e-05,6.185252039405646e-07
2463223.5,A.D. 2031-Dec-23 00:00:00.0000,-0.008436955306267958,0.983596781427452,-7.21420244945953e-05,-0.017481948506578873,-0.00021857990161385326,7.145730341107163e-07
2463224.5,A.D. 2031-Dec-24 00:00:00.0000,-0.02591597477194525,0.983225692515836,-7.139297567869868e-05,-0.017475221025402082,-0.000523539917872478,7.780467872063778e-07
2463225.5,A.D. 2031-Dec-25 00:00:00.0000,-0.04338566704184415,0.9825498239398484,-7.059681315914786e-05,-0.017463302140743743,-0.0008281330544217373,8.089198237322407e-07
2463226.5,A.D. 2031-Dec-26 00:00:00.0000,-0.06084086255278927,0.9815695604223403,-6.978556192700957e-05,-0.01744623332984476,-0.0011323242214556328,8.085532418959964e-07
2463227.5,A.D. 2031-Dec-27 00:00:00.0000,-0.0782764267689385,0.9802853204035057,-6.898929466579555e-05,-0.01742404332670563,-0.0014360806701772429,7.794538529471183e-07
2463228.5,A.D. 2031-Dec-28 00:00:00.0000,-0.09568724790063085,0.9786975548618021,-6.823509265653973e-05,-0.01739674904631186,-0.0017393697109233813,7.250634608602817e-07
2463229.5,A.D. 2031-Dec-29 00:00:00.0000,-0.11306822558723946,0.9768067483138335,-6.754621385992656e-05,-0.017364356627288493,-0.0020421566241369403,6.495518904387939e-07
2463230.5,A.D. 2031-Dec-30 00:00:00.0000,-0.1304142607659567,0.9746134217952295,-6.694147087350349e-05,-0.0173268627815435,-0.002344402813791454,5.576045069881266e-07
2463231.5,A.D. 2031-Dec-31 00:00:00.0000,-0.14772024706127077,0.972118137482763,-6.643482004518818e-05,-0.017284256471711314,-0.002646064410223292,4.542157361897432e-07
2463232.5,A.D. 2032-Jan-01 00:00:00.0000,-0.164981063946072,0.9693215044017561,-6.603514403922312e-05,-0.017236520730909873,-0.0029470915212106135,3.445132068616088e-07
2463233.5,A.D. 2032-Jan-02 00:00:00.0000,-0.18219157165875063,0.9662241845260268,-6.574618402850209e-05,-0.01718363429301156,-0.003247428189248129,2.336380376249602e-07
2463234.5,A.D. 2032-Jan-03 00:00:00.0000,-0.19934660750081287,0.9628268986197095,-6.55665565497069e-05,-0.0171255726650806,-0.00354701290831448,1.2669643935870306e-07
2463235.5,A.D. 2032-Jan-04 00:00:00.0000,-0.21644098279949123,0.959130431421009,-6.548978324315138e-05,-0.017062308346730906,-0.0038457793493384368,2.8780272811711234e-08
2463236.5,A.D. 2032-Jan-05 00:00:00.0000,-0.23346947959834957,0.9551356362069531,-6.550427440763183e-05,-0.016993810061750846,-0.00414365677409786,-5.49669590671808e-08
2463237.5,A.D. 2032-Jan-06 00:00:00.0000,-0.250426846117574,0.9508434393661648,-6.559324245084044e-05,-0.01692004110892776,-0.004440569488963839,-1.1928589586498233e-07
2463238.5,A.D. 2032-Jan-07 00:00:00.0000,-0.26730779029806667,0.9462548462957703,-6.57345817201987e-05,-0.01684095729324218,-0.004736434624182967,-1.5881306196757218e-07
2463239.5,A.D. 2032-Jan-08 00:00:00.0000,-0.2841069714483058,0.9413709506274959,-6.590083948313026e-05,-0.016756505415595955,-0.0050311576150165295,-1.6827031700908792e-07
2463240.5,A.D. 2032-Jan-09 00:00:00.0000,-0.30081899131358325,0.9361929492232767,-6.605951349548268e-05,-0.016666623955396795,-0.005324625224640545,-1.4294692573917813e-07
2463241.5,A.D. 2032-Jan-10 00:00:00.0000,-0.31743838781402817,0.9307221650416679,-6.617401416576933e-05,-0.016571248097253716,-0.005616697078242582,-7.955193850383147e-08
2463242.5,A.D. 2032-Jan-11 00:00:00.0000,-0.3339596367950759,0.9249600781225318,-6.620564847754196e-05,-0.016470320923208687,-0.005907198541404191,2.2622628202216984e-08
2463243.5,A.D. 2032-Jan-12 00:00:00.0000,-0.3503771680787066,0.9189083611171179,-6.611680561513255e-05,-0.016363810484361276,-0.006195919618239062,1.605372178079983e-07
2463244.5,A.D. 2032-Jan-13 00:00:00.0000,-0.3666853999376374,0.9125689109031998,-6.587508101687488e-05,-0.016251728494847354,-0.006482624449861617,3.267970539902052e-07
2463245.5,A.D. 2032-Jan-14 00:00:00.0000,-0.38287878985445045,0.9059438648522363,-6.545748881319225e-05,-0.01613414275893944,-0.006767072100489618,5.101504237365563e-07
2463246.5,A.D. 2032-Jan-15 00:00:00.0000,-0.3989518913493646,0.8990355928716425,-6.48535532757597e-05,-0.016011176047724007,-0.007049042710790004,6.971918485992678e-07
2463247.5,A.D. 2032-Jan-16 00:00:00.0000,-0.41489940214583443,0.8918466648603871,-6.406631026041119e-05,-0.01588299044358158,-0.007328358786380759,8.746960809886148e-07
2463248.5,A.D. 2032-Jan-17 00:00:00.0000,-0.4307161920012972,0.8843798028565838,-6.311104633839563e-05,-0.015749763907996667,-0.00760489375990202,1.0316594086673393e-06
2463249.5,A.D. 2032-Jan-18 00:00:00.0000,-0.4463973073012999,0.8766378315427735,-6.20124401392871e-05,-0.015611668716521181,-0.007878567250578158,1.1603924348894647e-06
2463250.5,A.D. 2032-Jan-19 00:00:00.0000,-0.4619379578763181,0.8686236379833574,-6.080113437378017e-05,-0.015468858038238833,-0.008149332506814303,1.2566018846451092e-06
2463251.5,A.D. 2032-Jan-20 00:00:00.0000,-0.47733349496898886,0.8603401449876485,-5.95105870141907e-05,-0.015321461385279966,-0.008417162675644435,1.3188278347254e-06
2463252.5,A.D. 2032-Jan-21 00:00:00.0000,-0.49257938797195394,0.8517902969131326,-5.81746192647156e-05,-0.015169586104886381,-0.008682040073366556,1.3476775863447727e-06
2463253.5,A.D. 2032-Jan-22 00:00:00.0000,-0.5076712042084787,0.8429770541241902,-5.6825701181843726e-05,-0.015013321455852373,-0.008943949592745287,1.3451490227335329e-06
2463254.5,A.D. 2032-Jan-23 00:00:00.0000,-0.5226045930066778,0.8339033922400322,-5.5493816556866786e-05,-0.01485274282543736,-0.00920287551425344,1.3141549873637891e-06
2463255.5,A.D. 2032-Jan-24 00:00:00.0000,-0.5373752735336728,0.8245723034207499,-5.420570329691031e-05,-0.014687914931737022,-0.009458800395745063,1.2582405286433583e-06
2463256.5,A.D. 2032-Jan-25 00:00:00.0000,-0.5519790252049551,0.8149867982334384,-5.298430402883153e-05,-0.01451889378750758,-0.00971170485546811,1.181433820481242e-06
2463257.5,A.D. 2032-Jan-26 00:00:00.0000,-0.5664116795397653,0.8051499076347409,-5.184832690066524e-05,-0.01434572769550119,-0.009961567460611397,1.0881646459537356e-06
2463258.5,A.D. 2032-Jan-27 00:00:00.0000,-0.5806691127106819,0.79506468518558,-5.081187651484911e-05,-0.014168457717372797,-0.010208364341306352,9.831987944185724e-07
2463259.5,A.D. 2032-Jan-28 00:00:00.0000,-0.5947472384750997,0.7847342098229558,-4.988415572136369e-05,-0.01398711802711827,-0.01045206847433238,8.715590108252776e-07
2463260.5,A.D. 2032-Jan-29 00:00:00.0000,-0.6086420015192537,0.7741615894555016,-4.906925689147741e-05,-0.013801736409998525,-0.010692648787309052,7.584256039482062e-07
2463261.5,A.D. 2032-Jan-30 00:00:00.0000,-0.6223493714072873,0.7633499654507651,-4.836605892968421e-05,-0.01361233496670174,-0.01093006930729548,6.490270871154126e-07
2463262.5,A.D. 2032-Jan-31 00:00:00.0000,-0.6358653372907344,0.752302517877027,-4.7768231027883375e-05,-0.013418930896793413,-0.011164288519897009,5.485391785421953e-07
2463263.5,A.D. 2032-Feb-01 00:00:00.0000,-0.6491859033448376,0.7410224712697859,-4.726432657824665e-05,-0.013221537126571257,-0.011395258944924082,4.620070891645613e-07
2463264.5,A.D. 2032-Feb-02 00:00:00.0000,-0.6623070846572,0.7295131007905256,-4.68379419738962e-05,-0.013020162556307778,-0.011622926724162444,3.942919692078642e-07
2463265.5,A.D. 2032-Feb-03 00:00:00.0000,-0.6752249031307878,0.7177777389532344,-4.6467924574801086e-05,-0.012814811848096998,-0.011847230816928052,3.5002054584178756e-07
2463266.5,A.D. 2032-Feb-04 00:00:00.0000,-0.6879353830154489,0.7058197835706375,-4.612864777358146e-05,-0.012605484960419015,-0.012068101272544629,3.3349137570044756e-07
2463267.5,A.D. 2032-Feb-05 00:00:00.0000,-0.7004345460868401,0.6936427081068067,-4.579043003826195e-05,-0.012392177053298929,-0.012285456075769332,3.4846733969345304e-07
2463268.5,A.D. 2032-Feb-06 00:00:00.0000,-0.7127184073671231,0.6812500760029808,-4.542025248058132e-05,-0.012174879899208837,-0.012499196369451715,3.977729979766978e-07
2463269.5,A.D. 2032-Feb-07 00:00:00.0000,-0.724782973654474,0.6686455603997584,-4.498300322350737e-05,-0.011953586370695962,-0.012709200630036811,4.826389840142825e-07
2463270.5,A.D. 2032-Feb-08 00:00:00.0000,-0.7366242487331512,0.6558329694788184,-4.444349619421762e-05,-0.011728299506607646,-0.012915319706590775,6.018265692324364e-07
2463271.5,A.D. 2032-Feb-09 00:00:00.0000,-0.7482382501343243,0.642816274940629,-4.376939654237946e-05,-0.011499046393581106,-0.013117376193273089,7.507435885674706e-07
2463272.5,A.D. 2032-Feb-10 00:00:00.0000,-0.7596210412344044,0.6295996372207173,-4.2934864854160854e-05,-0.011265894207394725,-0.013315172180053462,9.209755227161782e-07
2463273.5,A.D. 2032-Feb-11 00:00:00.0000,-0.7707687780111473,0.6161874178056634,-4.192425096515325e-05,-0.01102896222947541,-0.0135085072392611,1.100727345191781e-06
2463274.5,A.D. 2032-Feb-12 00:00:00.0000,-0.7816777626628238,0.6025841696468749,-4.073477826036231e-05,-0.010788422495962768,-0.013697203121610178,1.276392090914332e-06
2463275.5,A.D. 2032-Feb-13 00:00:00.0000,-0.7923444905192671,0.5887946031418793,-3.9377229755347925e-05,-0.010544485797556949,-0.013881126176243843,1.4348610875959023e-06
2463276.5,A.D. 2032-Feb-14 00:00:00.0000,-0.8027656771878379,0.5748235349103693,-3.7874312758982636e-05,-0.010297377524496753,-0.01406019813644186,1.5656947993397625e-06
2463277.5,A.D. 2032-Feb-15 00:00:00.0000,-0.8129382605392037,0.560675833300019,-3.625728000010689e-05,-0.010047313252834748,-0.014234392039609517,1.662343412291903e-06
2463278.5,A.D. 2032-Feb-16 00:00:00.0000,-0.8228593819281922,0.5463563737778668,-3.4561929089459796e-05,-0.009794482610453431,-0.01440371774526859,1.7221884201697587e-06
2463279.5,A.D. 2032-Feb-17 00:00:00.0000,-0.8325263567501006,0.5318700107274491,-3.282501793170577e-05,-0.00953904397696497,-0.014568204876609316,1.7457579963270006e-06
2463280.5,A.D. 2032-Feb-18 00:00:00.0000,-0.841936644115331,0.5172215649459472,-3.108164550993083e-05,-0.009281127313266045,-0.014727889156685214,1.7356677846171397e-06
2463281.5,A.D. 2032-Feb-19 00:00:00.0000,-0.8510878215507496,0.5024158220697762,-2.9363648415052554e-05,-0.00902084067184404,-0.014882804280551486,1.695696209053332e-06
2463282.5,A.D. 2032-Feb-20 00:00:00.0000,-0.859977566521252,0.48745753657936564,-2.769877607114422e-05,-0.008758276888195526,-0.015032978631780816,1.630161957037631e-06
2463283.5,A.D. 2032-Feb-21 00:00:00.0000,-0.8686036439267655,0.4723514373931077,-2.6110335688177893e-05,-0.00849351867495074,-0.015178435077598388,1.543596994005571e-06
2463284.5,A.D. 2032-Feb-22 00:00:00.0000,-0.8769638976718418,0.4571022328473779,-2.4617049658845393e-05,-0.00822664167586767,-0.01531919215815934,1.440632641036073e-06
2463285.5,A.D. 2032-Feb-23 00:00:00.0000,-0.8850562443661795,0.44171461430839826,-2.3232959940475044e-05,-0.007957715751631424,-0.015455265479541928,1.3260047794789742e-06
2463286.5,A.D. 2032-Feb-24 00:00:00.0000,-0.8928786676501721,0.42619325859594936,-2.1967301186646964e-05,-0.0076868050433635884,-0.015586668617156274,1.204599915861537e-06
2463287.5,A.D. 2032-Feb-25 00:00:00.0000,-0.9004292122207874,0.4105428298904598,-2.082433167139073e-05,-0.0074139674056551185,-0.015713413219955962,1.0814860636149985e-06
2463288.5,A.D. 2032-Feb-26 00:00:00.0000,-0.9077059772010199,0.3947679819574728,-1.9803155979278535e-05,-0.007139253740619242,-0.015835508285411953,9.618944367424032e-07
2463289.5,A.D. 2032-Feb-27 00:00:00.0000,-0.9147071089702831,0.37887336144715833,-1.8897596924909437e-05,-0.006862707640434139,-0.015952958775525387,8.511387398210298e-07
2463290.5,A.D. 2032-Feb-28 00:00:00.0000,-0.9214307938970264,0.36286361278912665,-1.809617785483912e-05,-0.006584365571733235,-0.016065763863277457,7.544773008218975e-07
2463291.5,A.D. 2032-Feb-29 00:00:00.0000,-0.9278752515496981,0.3467433848959635,-1.7382264130142817e-05,-0.006304257638257568,-0.016173915114738445,6.769362266775413e-07
2463292.5,A.D. 2032-Mar-01 00:00:00.0000,-0.9340387289112685,0.33051733962412133,-1.673439185768266e-05,-0.006022408795174318,-0.016277394812850326,6.231149372245866e-07
2463293.5,A.D. 2032-Mar-02 00:00:00.0000,-0.9399194959556401,0.3141901618230061,-1.612679405289198e-05,-0.00573884033099059,-0.016376174443096966,5.969864765639583e-07
2463294.5,A.D. 2032-Mar-03 00:00:00.0000,-0.9455158427964799,0.2977665708837647,-1.5530130909102618e-05,-0.005453571534166191,-0.01647021316679001,6.016860158431045e-07
2463295.5,A.D. 2032-Mar-04 00:00:00.0000,-0.950826078655667,0.2812513339325288,-1.4912448426408567e-05,-0.005166621724373473,-0.016559456017397608,6.392594436372413e-07
2463296.5,A.D. 2032-Mar-05 00:00:00.0000,-0.9558485332542451,0.26464928103313173,-1.4240425057890823e-05,-0.004878013185561787,-0.01664383169131633,7.103322278400424e-07
2463297.5,A.D. 2032-Mar-06 00:00:00.0000,-0.9605815619276706,0.24796532269168944,-1.3481001627542832e-05,-0.00458777583212782,-0.016723250266587063,8.136729754412743e-07
2463298.5,A.D. 2032-Mar-07 00:00:00.0000,-0.9650235566199412,0.23120446924597346,-1.2603490902720932e-05,-0.004295954396885609,-0.016797601982928123,9.456833307536012e-07
2463299.5,A.D. 2032-Mar-08 00:00:00.0000,-0.9691729654000565,0.21437185012181822,-1.1582181967690975e-05,-0.004002618182787115,-0.01686675913161501,1.0999523779291293e-06
2463300.5,A.D. 2032-Mar-09 00:00:00.0000,-0.9730283224183739,0.19747272861402,-1.0399252350314363e-05,-0.0037078717325708084,-0.01693058348942448,1.2671392124685118e-06
2463301.5,A.D. 2032-Mar-10 00:00:00.0000,-0.9765882874705684,0.1805125058161447,-9.047499884998551e-06,-0.0034118625725627016,-0.016988940596741952,1.4354986944053262e-06
2463302.5,A.D. 2032-Mar-11 00:00:00.0000,-0.9798516897396984,0.16349670745967818,-7.532145513185356e-06,-0.0031147810337959826,-0.017041719001227265,1.592215044313709e-06
2463303.5,A.D. 2032-Mar-12 00:00:00.0000,-0.9828175659236238,0.1464309513241153,-5.8709696072782865e-06,-0.002816849036741719,-0.01708884864726478,1.7253268088602876e-06
2463304.5,A.D. 2032-Mar-13 00:00:00.0000,-0.985485182196981,0.12932089980683442,-4.0924753430097e-06,-0.002518299795966371,-0.017130311058341622,1.8256234639295395e-06
2463305.5,A.D. 2032-Mar-14 00:00:00.0000,-0.9878540341355067,0.11217220840327778,-2.2324707682432603e-06,-0.002219355452051563,-0.01716613711963578,1.887813609740346e-06
2463306.5,A.D. 2032-Mar-15 00:00:00.0000,-0.9899238266382377,0.09499048205881296,-3.300097398233435e-07,-0.0019202105416826767,-0.017196394353205465,1.9106288431741607e-06
2463307.5,A.D. 2032-Mar-16 00:00:00.0000,-0.991694442160117,0.07778124694582943,1.5763007688437895e-06,-0.001621025367882475,-0.017221169978297306,1.8960554957120258e-06
2463308.5,A.D. 2032-Mar-17 00:00:00.0000,-0.9931659069843272,0.0605499385546216,3.4509928346954176e-06,-0.0013219281888893664,-0.01724055606982914,1.848190452976436e-06
2463309.5,A.D. 2032-Mar-18 00:00:00.0000,-0.9943383624728751,0.04330190206137372,5.263296754422285e-06,-0.001023022252841789,-0.017254640093585395,1.7721794491660577e-06
2463310.5,A.D. 2032-Mar-19 00:00:00.0000,-0.9952120440789745,0.026042399336166176,6.987788877222675e-06,-0.0007243937393202891,-0.017263500912571225,1.673476088537021e-06
2463311.5,A.D. 2032-Mar-20 00:00:00.0000,-0.9957872676788883,0.008776617850805173,8.604478150008957e-06,-0.0004261181987396402,-0.017267208656518172,1.5574532002227512e-06
2463312.5,A.D. 2032-Mar-21 00:00:00.0000,-0.9960644211841646,-0.008490321414695865,1.0098649400572151e-05,-0.00012826463051020362,-0.017265826564185023,1.4292875737269164e-06
2463313.5,A.D. 2032-Mar-22 00:00:00.0000,-0.9960439590698085,-0.02575335825540866,1.1460683153589712e-05,0.00016910269887483213,-0.01725941332049108,1.2940107435671598e-06
2463314.5,A.D. 2032-Mar-23 00:00:00.0000,-0.9957263977980991,-0.04300748969524916,1.2685968560232503e-05,0.00046592418116014574,-0.017248024941578982,1.1566303017205906e-06
2463315.5,A.D. 2032-Mar-24 00:00:00.0000,-0.9951123107080956,-0.060247767864372685,1.3774941209102632e-05,0.0007621459022230083,-0.017231715675240414,1.0222477203741588e-06
2463316.5,A.D. 2032-Mar-25 00:00:00.0000,-0.9942023215818934,-0.07746929817260415,1.4733213430362237e-05,0.0010577211463839195,-0.017210537671281573,8.961177738030517e-07
2463317.5,A.D. 2032-Mar-26 00:00:00.0000,-0.9929970967346157,-0.0946672365215836,1.5571718198628638e-05,0.0013526117427225632,-0.01718453940399165,7.836113765609064e-07
2463318.5,A.D. 2032-Mar-27 00:00:00.0000,-0.9914973360813457,-0.11183678439190066,1.6306758531031527e-05,0.0016467886762154692,-0.017153763053203295,6.900622660785091e-07
2463319.5,A.D. 2032-Mar-28 00:00:00.0000,-0.9897037641557102,-0.1289731809607771,1.6959845933422823e-05,0.0019402315149072843,-0.01711824127227674,6.205011558755872e-07
2463320.5,A.D. 2032-Mar-29 00:00:00.0000,-0.9876171223947087,-0.14607169192324582,1.755722778221214e-05,0.002232926438984652,-0.01707799393232823,5.793061975830611e-07
2463321.5,A.D. 2032-Mar-30 00:00:00.0000,-0.9852381640693996,-0.16312759530327794,1.812904288787795e-05,0.0025248629596416527,-0.017033025451307714,5.698178053641005e-07
2463322.5,A.D. 2032-Mar-31 00:00:00.0000,-0.9825676530143415,-0.18013616508468105,1.8708096161298665e-05,0.002816029674795942,-0.016983323158478426,5.939701092830206e-07
2463323.5,A.D. 2032-Apr-01 00:00:00.0000,-0.9796063668981648,-0.19709265381106464,1.9328290122716922e-05,0.0031064094999255433,-0.01692885687551016,6.519778085967936e-07
2463324.5,A.D. 2032-Apr-02 00:00:00.0000,-0.976355105384768,-0.2139922753632767,2.002277856041717e-05,0.0033959746893151787,-0.01686957967495279,7.420945656914047e-07
2463325.5,A.D. 2032-Apr-03 00:00:00.0000,-0.9728147033370518,-0.23083018905886402,2.0821915201422072e-05,0.0036846817243199456,-0.01680542977369602,8.604449747351876e-07
2463326.5,A.D. 2032-Apr-04 00:00:00.0000,-0.9689860492227562,-0.24760148629063272,2.1751075510286682e-05,0.003972466017764449,-0.016736333789156895,1.0009438135463373e-06
2463327.5,A.D. 2032-Apr-05 00:00:00.0000,-0.9648701088536824,-0.26430118134880454,2.2828462186552375e-05,0.0042592366186948935,-0.016662211981688053,1.1553580135640575e-06
2463328.5,A.D. 2032-Apr-06 00:00:00.0000,-0.9604679540890151,-0.2809242088122761,2.4063087138860743e-05,0.004544871806217985,-0.016582986262679515,1.3136189052696998e-06
2463329.5,A.D. 2032-Apr-07 00:00:00.0000,-0.9557807947741406,-0.29746543047659585,2.5453243680631034e-05,0.00482921739633597,-0.016498591203631743,1.4645081387208462e-06
2463330.5,A.D. 2032-Apr-08 00:00:00.0000,-0.950810010048968,-0.3139196543610782,2.6985877381902743e-05,0.0051120900588273455,-0.01640898682169407,1.5967643880510972e-06
2463331.5,A.D. 2032-Apr-09 00:00:00.0000,-0.9455571731551525,-0.33028166616652915,2.863722661863732e-05,0.005393287078805643,-0.016314170048158955,1.7004743968060314e-06
2463332.5,A.D. 2032-Apr-10 00:00:00.0000,-0.9400240635485891,-0.34654626984667686,3.0374858567620916e-05,0.005672601562725498,-0.016214180841981153,1.7684021438229123e-06
2463333.5,A.D. 2032-Apr-11 00:00:00.0000,-0.9342126625960507,-0.3627083303403007,3.2160823986737075e-05,0.0059498392435977845,-0.016109100164609404,1.7968325658551096e-06
2463334.5,A.D. 2032-Apr-12 00:00:00.0000,-0.9281251337932052,-0.37876281023766983,3.3955290414947566e-05,0.0062248318391338875,-0.015999040250786793,1.7856649677553253e-06
2463335.5,A.D. 2032-Apr-13 00:00:00.0000,-0.9217637929358737,-0.3947047942812921,3.571990126035367e-05,0.006497443450602622,-0.015884130776740016,1.7378064586353722e-06
2463336.5,A.D. 2032-Apr-14 00:00:00.0000,-0.915131075638616,-0.41052949994554067,3.742030225592111e-05,0.006767569685315104,-0.015764505568767444,1.6581770443199754e-06
2463337.5,A.D. 2032-Apr-15 00:00:00.0000,-0.9082295084543854,-0.4262322764632936,3.902763684037916e-05,0.007035131854585558,-0.015640293145868907,1.5526984029555926e-06
2463338.5,A.D. 2032-Apr-16 00:00:00.0000,-0.9010616869124582,-0.441808596804824,4.051913605241544e-05,0.007300069447035727,-0.015511612060707107,1.427522405546962e-06
2463339.5,A.D. 2032-Apr-17 00:00:00.0000,-0.8936302608515371,-0.4572540470939475,4.187809937810328e-05,0.007562333380650068,-0.015378570201014222,1.2885864955137501e-06
2463340.5,A.D. 2032-Apr-18 00:00:00.0000,-0.8859379255338593,-0.47256431665909476,4.309358227139475e-05,0.007821881302583232,-0.015241266486972507,1.1414590558598664e-06
2463341.5,A.D. 2032-Apr-19 00:00:00.0000,-0.8779874162983204,-0.48773519034512486,4.4160036956442854e-05,0.008078675194079305,-0.015099793476895745,9.913840607561547e-07
2463342.5,A.D. 2032-Apr-20 00:00:00.0000,-0.8697815045706423,-0.5027625434107175,4.507705707474034e-05,0.008332680974229602,-0.014954239784739502,8.434290552384774e-07
2463343.5,A.D. 2032-Apr-21 00:00:00.0000,-0.8613229934884876,-0.5176423384377515,4.584928701031307e-05,0.008583869568535614,-0.014804691592741928,7.026541091554697e-07
2463344.5,A.D. 2032-Apr-22 00:00:00.0000,-0.8526147119806372,-0.5323706231049361,4.648648172087531e-05,0.008832218823747056,-0.014651232809580516,5.742333914626339e-07
2463345.5,A.D. 2032-Apr-23 00:00:00.0000,-0.8436595067934775,-0.5469435273294849,4.7003639660470104e-05,0.00907771557454329,-0.014493943623122514,4.634707209742114e-07
2463346.5,A.D. 2032-Apr-24 00:00:00.0000,-0.834460232702373,-0.5613572581379375,4.7421077565761355e-05,0.009320357066494811,-0.014332897426945239,3.756610151405245e-07
2463347.5,A.D. 2032-Apr-25 00:00:00.0000,-0.8250197419792821,-0.5756080907671121,4.776427709891418e-05,0.009560150880073084,-0.014168156443607638,3.1577075816799265e-07
2463348.5,A.D. 2032-Apr-26 00:00:00.0000,-0.8153408750054649,-0.5896923550405194,4.806332458504481e-05,0.009797112618213297,-0.013999766821362563,2.879501201044548e-07
2463349.5,A.D. 2032-Apr-27 00:00:00.0000,-0.8054264544737321,-0.6036064170661513,4.835180445720763e-05,0.01003126103869479,-0.013827754405168473,2.949443629680441e-07
2463350.5,A.D. 2032-Apr-28 00:00:00.0000,-0.7952792856086862,-0.6173466576099691,4.866510198616747e-05,0.010262611016693365,-0.01365212253003809,3.375239732391237e-07
2463351.5,A.D. 2032-Apr-29 00:00:00.0000,-0.7849021640614328,-0.6309094497234907,4.903820404010584e-05,0.010491165473238402,-0.013472852849901747,4.1407283419920305e-07
2463352.5,A.D. 2032-Apr-30 00:00:00.0000,-0.7742978917476184,-0.6442911388554156,4.950321469706145e-05,0.010716907824371501,-0.013289909439694523,5.20442565779774e-07
2463353.5,A.D. 2032-May-01 00:00:00.0000,-0.7634692993744215,-0.6574880284694574,5.008687679680327e-05,0.010939796341994833,-0.013103245541826193,6.501092905373246e-07
2463354.5,A.D. 2032-May-02 00:00:00.0000,-0.7524192733051889,-0.6704963732618977,5.080838800171199e-05,0.011159761179829236,-0.012912811816277663,7.945949311615832e-07
2463355.5,A.D. 2032-May-03 00:00:00.0000,-0.7411507840177782,-0.6833123809088327,5.167773924176246e-05,0.011376704128046202,-0.012718564994542457,9.440776160973626e-07
2463356.5,A.D. 2032-May-04 00:00:00.0000,-0.7296669135555417,-0.695932222355187,5.269472891980159e-05,0.011590500825834847,-0.012520476224616217,1.0881238846243533e-06
2463357.5,A.D. 2032-May-05 00:00:00.0000,-0.7179708796200032,-0.7083520501186685,5.384875259016906e-05,0.011801005258332033,-0.012318538692213546,1.2165023646845962e-06
2463358.5,A.D. 2032-May-06 00:00:00.0000,-0.7060660540078477,-0.7205680236533882,5.5119433500446916e-05,0.012008056586495718,-0.012112774002218189,1.3200442809806638e-06
2463359.5,A.D. 2032-May-07 00:00:00.0000,-0.6939559730553833,-0.7325763401017653,5.647810986854159e-05,0.012211488254733576,-0.011903236379504084,1.3914796298025144e-06
2463360.5,A.D. 2032-May-08 00:00:00.0000,-0.6816443380934974,-0.7443732676404565,5.789009396185271e-05,0.01241113866516609,-0.011690013454618719,1.4261185991342266e-06
2463361.5,A.D. 2032-May-09 00:00:00.0000,-0.6691350050989958,-0.7559551775021669,5.931746811988673e-05,0.012606861765509188,-0.011473222758575525,1.4222187820239914e-06
2463362.5,A.D. 2032-May-10 00:00:00.0000,-0.6564319647219331,-0.7673185703923472,6.0722040468592865e-05,0.012798535340980702,-0.011253004180093886,1.3809275407777797e-06
2463363.5,A.D. 2032-May-11 00:00:00.0000,-0.6435393159669118,-0.7784600939760831,6.206802948598377e-05,0.012986065201640246,-0.011029510015905172,1.305811349884264e-06
2463364.5,A.D. 2032-May-12 00:00:00.0000,-0.630461238019815,-0.7893765502159885,6.332412728099461e-05,0.013169384749222798,-0.01080289503745197,1.2021163594179166e-06
2463365.5,A.D. 2032-May-13 00:00:00.0000,-0.6172019644686715,-0.8000648937233049,6.446477692351317e-05,0.01334845088156583,-0.010573308737839755,1.0759717410841705e-06
2463366.5,A.D. 2032-May-14 00:00:00.0000,-0.6037657626980564,-0.8105222239584023,6.547070531594468e-05,0.013523238073808473,-0.010340890861587907,9.337224394867796e-07
2463367.5,A.D. 2032-May-15 00:00:00.0000,-0.5901569193222755,-0.820745774606449,6.632890000105719e-05,0.013693732491780882,-0.010105770127809015,7.814931708637576e-07
2463368.5,A.D. 2032-May-16 00:00:00.0000,-0.5763797309254186,-0.8307329029261732,6.703227354186707e-05,0.013859927416447801,-0.009868065271565427,6.249953489589871e-07
2463369.5,A.D. 2032-May-17 00:00:00.0000,-0.5624384984599748,-0.8404810808283263,6.757923769492583e-05,0.014021820543003629,-0.009627887275811375,4.695287343298642e-07
2463370.5,A.D. 2032-May-18 00:00:00.0000,-0.5483375233870068,-0.8499878883468515,6.797334663498704e-05,0.01417941316802596,-0.00938534177304503,3.2010519185274195e-07
2463371.5,A.D. 2032-May-19 00:00:00.0000,-0.5340811038037424,-0.8592510092565189,6.822309364748244e-05,0.014332710959840133,-0.009140530822778263,1.8161975428320294e-07
2463372.5,A.D. 2032-May-20 00:00:00.0000,-0.5196735292021822,-0.8682682279010406,6.83418730231901e-05,0.01448172583512892,-0.008893553468668854,5.8998497671757465e-08
2463373.5,A.D. 2032-May-21 00:00:00.0000,-0.5051190730519425,-0.8770374257743991,6.834804965093505e-05,0.014626478313929865,-0.008644504624250057,-4.27454137983714e-08
2463374.5,A.D. 2032-May-22 00:00:00.0000,-0.49042198312825813,-0.885556576025612,6.826501012685912e-05,0.014766999512781058,-0.008393472008379857,-1.1861586521457116e-07
2463375.5,A.D. 2032-May-23 00:00:00.0000,-0.4755864704751946,-0.8938237339269616,6.812100416974298e-05,0.01490333167935456,-0.008140531188340709,-1.6395691347754655e-07
2463376.5,A.D. 2032-May-24 00:00:00.0000,-0.4606166990804902,-0.9018370216867079,6.794854152393115e-05,0.015035526034059218,-0.007885739404930035,-1.7501733651167382e-07
2463377.5,A.D. 2032-May-25 00:00:00.0000,-0.44551677948290563,-0.9095946070763267,6.778312200418606e-05,0.015163636960753296,-0.007629129703353636,-1.4970223582737287e-07
2463378.5,A.D. 2032-May-26 00:00:00.0000,-0.4302907700728826,-0.9170946772644004,6.766118324434373e-05,0.015287712547269381,-0.007370707623001494,-8.835004574530684e-08
2463379.5,A.D. 2032-May-27 00:00:00.0000,-0.41494268910186083,-0.9243354115851898,6.7617361019223e-05,0.015407783024791712,-0.007110452687835128,5.71469345022926e-09
2463380.5,A.D. 2032-May-28 00:00:00.0000,-0.3994765380953215,-0.9313149587057318,6.768141458968908e-05,0.015523850092510623,-0.006848325720053627,1.2609744103900804e-07
2463381.5,A.D. 2032-May-29 00:00:00.0000,-0.38389633409724194,-0.9380314236491377,6.787535649366298e-05,0.01563588041456505,-0.006584280867132339,2.638275589075917e-07
2463382.5,A.D. 2032-May-30 00:00:00.0000,-0.36820614542337293,-0.9444828679996279,6.821133097091842e-05,0.015743805252131437,-0.006318279346620719,4.0832762004504357e-07
2463383.5,A.D. 2032-May-31 00:00:00.0000,-0.35241012474847905,-0.950667323248849,6.86905924703572e-05,0.015847525927052897,-0.006050301467833737,5.485936349513873e-07
2463384.5,A.D. 2032-Jun-01 00:00:00.0000,-0.33651253465643033,-0.9565828142775198,6.930364784452063e-05,0.015946922995497104,-0.005780354652483121,6.743006623975299e-07
2463385.5,A.D. 2032-Jun-02 00:00:00.0000,-0.3205177632521031,-0.9622273885947136,7.003138523992875e-05,0.01604186655801984,-0.005508476989247771,7.766522775215873e-07
2463386.5,A.D. 2032-Jun-03 00:00:00.0000,-0.30443032970888534,-0.9675991472224097,7.084690070975871e-05,0.01613222586367238,-0.005234737167879812,8.489283772921799e-07
2463387.5,A.D. 2032-Jun-04 00:00:00.0000,-0.2882548809263459,-0.972696274206441,7.171773699258167e-05,0.016217877431001965,-0.004959231979611595,8.867715960680046e-07
2463388.5,A.D. 2032-Jun-05 00:00:00.0000,-0.2719961808602629,-0.9775170627864138,7.260830198233838e-05,0.016298711591689084,-0.00468208223496029,8.882680412678135e-07
2463389.5,A.D. 2032-Jun-06 00:00:00.0000,-0.25565909408162835,-0.9820599368756457,7.348227935038965e-05,0.016374637480059136,-0.004403427510345463,8.538536412224195e-07
2463390.5,A.D. 2032-Jun-07 00:00:00.0000,-0.23924856518636708,-0.9863234668079685,7.430486259212185e-05,0.01644558629511072,-0.004123419986807487,7.860557875512639e-07
2463391.5,A.D. 2032-Jun-08 00:00:00.0000,-0.22276959593628076,-0.990306378644114,7.504465381635897e-05,0.016511512527999716,-0.0038422178316764415,6.890858116145578e-07
2463392.5,A.D. 2032-Jun-09 00:00:00.0000,-0.20622722226637458,-0.9940075569324391,7.567509790920915e-05,0.016572393006658394,-0.003559978868171903,5.683278316502612e-07
2463393.5,A.D. 2032-Jun-10 00:00:00.0000,-0.18962649324792263,-0.9974260416442158,7.617538494619015e-05,0.01662822402431502,-0.0032768553903904925,4.298009670666924e-07
2463394.5,A.D. 2032-Jun-11 00:00:00.0000,-0.1729724536002991,-1.000561020783703,7.653083810281673e-05,0.01667901725956346,-0.0029929907733386575,2.7968183317171206e-07
2463395.5,A.D. 2032-Jun-12 00:00:00.0000,-0.15627013049771993,-1.0034118206119715,7.673288391072215e-05,0.016724795425971085,-0.002708518082666055,1.2395522434011946e-07
2463396.5,A.D. 2032-Jun-13 00:00:00.0000,-0.13952452448839503,-1.005977895385212,7.677875159680319e-05,0.01676558852421417,-0.0024235604159375647,-3.177684692235823e-08
2463397.5,A.D. 2032-Jun-14 00:00:00.0000,-0.12274060359804814,-1.008258818061081,7.667105829278686e-05,0.016801431291733705,-0.0021382323824657976,-1.8233672478538544e-07
2463398.5,A.D. 2032-Jun-15 00:00:00.0000,-0.10592329926552631,-1.01025427275555,7.641741264067151e-05,0.016832362104585687,-0.0018526420032113503,-3.2290058367995687e-07
2463399.5,A.D. 2032-Jun-16 00:00:00.0000,-0.0890775026562181,-1.0119640490146455,7.603012343392472e-05,0.016858423293277077,-0.0015668923291057885,-4.488684027663442e-07
2463400.5,A.D. 2032-Jun-17 00:00:00.0000,-0.07220806005375123,-1.0133880372973592,7.552604322732142e-05,0.01687966260993551,-0.001281082145758021,-5.557345575674854e-07
2463401.5,A.D. 2032-Jun-18 00:00:00.0000,-0.05531976639549847,-1.0145262244695499,7.492651367061865e-05,0.016896135375296127,-0.0009953052034049929,-6.390254752706233e-07
2463402.5,A.D. 2032-Jun-19 00:00:00.0000,-0.03841735661666693,-1.0153786875917974,7.425730913235706e-05,0.016907906562630907,-0.0007096475120167863,-6.943782432447227e-07
2463403.5,A.D. 2032-Jun-20 00:00:00.0000,-0.021505495388224563,-1.0159455839310165,7.354839933921306e-05,0.016915051706942564,-0.00042418249553157416,-7.178358271236588e-07
2463404.5,A.D. 2032-Jun-21 00:00:00.0000,-0.004588767138159429,-1.016227135180221,7.283328432382387e-05,0.0169176551629154,-0.00013896439203579626,-7.064118863742769e-07
2463405.5,A.D. 2032-Jun-22 00:00:00.0000,0.01232833021455845,-1.0162236047454345,7.214763348336135e-05,0.01691580420482604,0.00014597866492554621,-6.589047124995878e-07
2463406.5,A.D. 2032-Jun-23 00:00:00.0000,0.029241383197090343,-1.0159352690389036,7.152704466614311e-05,0.016909578287246624,0.0004306491689821192,-5.768031432541577e-07
2463407.5,A.D. 2032-Jun-24 00:00:00.0000,0.0461460480037864,-1.0153623868766417,7.100397780040562e-05,0.01689903479332235,0.000715078961153931,-4.649682322728759e-07
2463408.5,A.D. 2032-Jun-25 00:00:00.0000,0.06303802125545903,-1.0145051741391242,7.060428082469219e-05,0.016884195209556287,0.0009993198045385261,-3.317079617319e-07
2463409.5,A.D. 2032-Jun-26 00:00:00.0000,0.07991299940107718,-1.0133637917385558,7.034405374598846e-05,0.016865037112452692,0.0012834266832783118,-1.8801326197129064e-07
2463410.5,A.D. 2032-Jun-27 00:00:00.0000,0.09676663477735062,-1.0119383520907033,7.022766109310907e-05,0.016841495847430697,0.0015674385192060022,-4.60794736653383e-08
2463411.5,A.D. 2032-Jun-28 00:00:00.0000,0.11359449827406615,-1.0102289434964036,7.024739375886746e-05,0.016813475621307635,0.0018513626286388535,8.241873691864961e-08
2463412.5,A.D. 2032-Jun-29 00:00:00.0000,0.1303920561010131,-1.0082356662286145,7.038474545554653e-05,0.016780865682832647,0.002135167258952216,1.8775166622663773e-07
2463413.5,A.D. 2032-Jun-30 00:00:00.0000,0.1471546629342993,-1.005958671745826,7.061281342574378e-05,0.01674355606100533,0.002418782526460827,2.6293233065527175e-07
2463414.5,A.D. 2032-Jul-01 00:00:00.0000,0.1638775689058839,-1.003398197872422,7.089917105859161e-05,0.016701449131961688,0.00270210693746595,3.038850595853718e-07
2463415.5,A.D. 2032-Jul-02 00:00:00.0000,0.1805559355947231,-1.0005545961828426,7.120867666918137e-05,0.016654466112392356,0.0029850159171220586,3.0919112735292887e-07
2463416.5,A.D. 2032-Jul-03 00:00:00.0000,0.19718485637504826,-0.9974283509691594,7.150591813090759e-05,0.01660254954442923,0.0032673698239399115,2.796500006605718e-07
2463417.5,A.D. 2032-Jul-04 00:00:00.0000,0.21375937793226185,-0.994020090928077,7.175719828065661e-05,0.016545663405332655,0.0035490204361306567,2.1781817626055417e-07
2463418.5,A.D. 2032-Jul-05 00:00:00.0000,0.23027452125568731,-0.9903305951345416,7.193207908053642e-05,0.016483792109387004,0.0038298159500031997,1.2759242646567802e-07
2463419.5,A.D. 2032-Jul-06 00:00:00.0000,0.24672530136590376,-0.9863607945827315,7.200453440215892e-05,0.0164169390312597,0.004109604922209229,1.3841591781052247e-08
2463420.5,A.D. 2032-Jul-07 00:00:00.0000,0.2631067453988927,-0.9821117701546919,7.195375184921686e-05,0.016345124695447636,0.004388239511633912,-1.1792987235767624e-07
2463421.5,A.D. 2032-Jul-08 00:00:00.0000,0.27941390869452387,-0.9775847476446796,7.176460955272073e-05,0.016268384587198675,0.0046655781215407584,-2.618955237847185e-07
2463422.5,A.D. 2032-Jul-09 00:00:00.0000,0.29564188850613055,-0.972781090481552,7.142785380931315e-05,0.01618676659948867,0.004941487333551082,-4.121887258820476e-07
2463423.5,A.D. 2032-Jul-10 00:00:00.0000,0.3117858350460951,-0.9677022909402868,7.094001970695283e-05,0.016100328304486346,0.00521584297362434,-5.631308131602932e-07
2463424.5,A.D. 2032-Jul-11 00:00:00.0000,0.32784095985273537,-0.9623499607511948,7.030315990114444e-05,0.01600913438877198,0.00548853025658459,-7.093836392318729e-07
2463425.5,A.D. 2032-Jul-12 00:00:00.0000,0.34380254183544884,-0.9567258219761794,6.952446365754557e-05,0.015913254635509057,0.005759443147611675,-8.460161736568782e-07
2463426.5,A.D. 2032-Jul-13 00:00:00.0000,0.3596659317096748,-0.9508316987846198,6.861584992360103e-05,0.015812762762024413,0.006028483269715979,-9.68492678183866e-07
2463427.5,A.D. 2032-Jul-14 00:00:00.0000,0.37542655576817174,-0.9446695103591599,6.75936014065959e-05,0.015707736264476708,0.006295558821519757,-1.0726082013867395e-06
2463428.5,A.D. 2032-Jul-15 00:00:00.0000,0.3910799199900601,-0.9382412646567214,6.647807282608244e-05,0.015598257222931268,0.0065605840416580715,-1.154412807206183e-06
2463429.5,A.D. 2032-Jul-16 00:00:00.0000,0.4066216153303553,-0.9315490521990437,6.52934581871007e-05,0.015484413789133868,0.006823479777508302,-1.2101795550042243e-06
2463430.5,A.D. 2032-Jul-17 00:00:00.0000,0.42204732461543365,-0.9245950385214695,6.406754059603213e-05,0.01536630178611137,0.007084175678375285,-1.2364835339861935e-06
2463431.5,A.D. 2032-Jul-18 00:00:00.0000,0.4373528307122519,-0.9173814534583412,6.2831276442061e-05,0.01524402545835514,0.007342614359600928,-1.2304664349135482e-06
2463432.5,A.D. 2032-Jul-19 00:00:00.0000,0.4525340244531588,-0.9099105753010401,6.161799474738371e-05,0.01511769596449655,0.007598757407981021,-1.1903491222639413e-06
2463433.5,A.D. 2032-Jul-20 00:00:00.0000,0.4675869092274328,-0.9021847084333475,6.046195378577734e-05,0.01498742594702237,0.007852592127696095,-1.1161969194111493e-06
2463434.5,A.D. 2032-Jul-21 00:00:00.0000,0.4825075976329708,-0.8942061548473752,5.939605074426428e-05,0.014853318989555555,0.008104136479270864,-1.0108126393637908e-06
2463435.5,A.D. 2032-Jul-22 00:00:00.0000,0.4972922951847563,-0.8859771831934451,5.8448696720908275e-05,0.014715454620226274,0.008353438387492314,-8.804452970033706e-07
2463436.5,A.D. 2032-Jul-23 00:00:00.0000,0.5119372682501966,-0.8775000028783959,5.764026126053424e-05,0.014573872684989607,0.008600565930559835,-7.34865742688118e-07
2463437.5,A.D. 2032-Jul-24 00:00:00.0000,0.5264387987360494,-0.8687767528392643,5.697991719452535e-05,0.014428563667779538,0.008845588187661976,-5.864580115140454e-07
2463438.5,A.D. 2032-Jul-25 00:00:00.0000,0.5407931347138634,-0.8598095122262941,5.6463881602485667e-05,0.014279470934632202,0.009088551847539136,-4.4839357638446943e-07
2463439.5,A.D. 2032-Jul-26 00:00:00.0000,0.5549964498951269,-0.8506003330000166,5.6075711827970694e-05,0.014126505744829734,0.009329462256982,-3.3247784029758546e-07
2463440.5,A.D. 2032-Jul-27 00:00:00.0000,0.5690448223377353,-0.841151286150109,5.578858197712249e-05,0.013969569345648943,0.009568275847842277,-2.4746429076043745e-07
2463441.5,A.D. 2032-Jul-28 00:00:00.0000,0.5829342352062259,-0.831464509152455,5.556878152903114e-05,0.013808573639001051,0.00980490482629583,-1.9833519737887327e-07
2463442.5,A.D. 2032-Jul-29 00:00:00.0000,0.5966605947923801,-0.8215422444051753,5.537944347127165e-05,0.013643454443053534,0.010039229491676328,-1.8651689368175044e-07
2463443.5,A.D. 2032-Jul-30 00:00:00.0000,0.6102197574569193,-0.8113868641275608,5.5183746175862265e-05,0.01347417626403156,0.01027111206939757,-2.1064014465111677e-07
2463444.5,A.D. 2032-Jul-31 00:00:00.0000,0.6236075580297947,-0.8010008825205739,5.4947264605277204e-05,0.013300730989401844,0.010500407910664693,-2.6742085089094436e-07
2463445.5,A.D. 2032-Aug-01 00:00:00.0000,0.6368198352492282,-0.7903869586939958,5.463949859564763e-05,0.013123133777903764,0.010726972738387682,-3.5239783935171365e-07
2463446.5,A.D. 2032-Aug-02 00:00:00.0000,0.6498524527573573,-0.7795478941273447,5.423477500437794e-05,0.012941418581623291,0.010950666518804775,-4.604455299862457e-07
2463447.5,A.D. 2032-Aug-03 00:00:00.0000,0.6627013159743398,-0.7684866274284418,5.3712739726398344e-05,0.012755634485219249,0.011171355208797267,-5.860917543228652e-07
2463448.5,A.D. 2032-Aug-04 00:00:00.0000,0.6753623858458181,-0.7572062279185208,5.305860031561544e-05,0.012565843098441557,0.011388911513353977,-7.23710913788951e-07
2463449.5,A.D. 2032-Aug-05 00:00:00.0000,0.6878316904120161,-0.7457098886362546,5.2263209798114595e-05,0.012372116743918898,0.011603215372443439,-8.67657550487065e-07
2463450.5,A.D. 2032-Aug-06 00:00:00.0000,0.7001053347978442,-0.7340009188516786,5.132302845287667e-05,0.012174537048660113,0.011814154473972428,-1.0123813802235498e-06
2463451.5,A.D. 2032-Aug-07 00:00:00.0000,0.7121795098623868,-0.722082736047814,5.02399727477616e-05,0.011973193634627573,0.012021624787783625,-1.1525384599267009e-06
2463452.5,A.D. 2032-Aug-08 00:00:00.0000,0.7240504995305685,-0.7099588574172895,4.902115657038785e-05,0.011768182789614662,0.012225530973778013,-1.2830935190221075e-06
2463453.5,A.D. 2032-Aug-09 00:00:00.0000,0.7357146868084113,-0.6976328910748527,4.7678540166420165e-05,0.01155960618809259,0.012425786526534022,-1.399399857229158e-06
2463454.5,A.D. 2032-Aug-10 00:00:00.0000,0.747168558621195,-0.6851085272712281,4.62285152324452e-05,0.011347569852808957,0.012622313638731286,-1.4972461446252305e-06
2463455.5,A.D. 2032-Aug-11 00:00:00.0000,0.7584087098222415,-0.6723895298272358,4.4691459857223335e-05,0.011132183564373429,0.012815042937751417,-1.5728714819677311e-06
2463456.5,A.D. 2032-Aug-12 00:00:00.0000,0.7694318468891691,-0.6594797277669672,4.309128736687421e-05,0.01091356083233747,0.01300391341619361,-1.6229671347165365e-06
2463457.5,A.D. 2032-Aug-13 00:00:00.0000,0.7802347918496484,-0.6463830067441624,4.1454985587114654e-05,0.010691819349307867,0.01318887299366428,-1.6447015005087287e-06
2463458.5,A.D. 2032-Aug-14 00:00:00.0000,0.7908144867672887,-0.6331032993943309,3.981209819408842e-05,0.010467081569488876,0.01336988017767062,-1.635820790159828e-06
2463459.5,A.D. 2032-Aug-15 00:00:00.0000,0.8011679985843596,-0.6196445733180397,3.819404191576157e-05,0.010239474689212307,0.01354690717945128,-1.5948869874002121e-06
2463460.5,A.D. 2032-Aug-16 00:00:00.0000,0.811292523190404,-0.6060108151996287,3.6633093644541516e-05,0.010009128897281935,0.01371994447628183,-1.5217068651206738e-06
2463461.5,A.D. 2032-Aug-17 00:00:00.0000,0.8211853862848632,-0.5922060099190677,3.516084568270451e-05,0.009776172469115765,0.013889006043587452,-1.417961773281769e-06
2463462.5,A.D. 2032-Aug-18 00:00:00.0000,0.8308440372212117,-0.578234114873374,3.3805963918962416e-05,0.009540722504599312,0.014054133249615637,-1.287943940638773e-06
2463463.5,A.D. 2032-Aug-19 00:00:00.0000,0.8402660313782723,-0.5640990324199436,3.2591256820673296e-05,0.00930287146161992,0.01421539408265238,-1.1391401539833994e-06
2463464.5,A.D. 2032-Aug-20 00:00:00.0000,0.8494489980403132,-0.5498045869730297,3.153040572139831e-05,0.009062672413436522,0.014372874114699782,-9.822503678173643e-07
2463465.5,A.D. 2032-Aug-21 00:00:00.0000,0.8583905953372944,-0.5353545159686887,3.062512907360253e-05,0.008820129111216306,0.014526657964628154,-8.302560156329844e-07
2463466.5,A.D. 2032-Aug-22 00:00:00.0000,0.8670884605720716,-0.5207524827170804,2.9863787794440212e-05,0.008575197633900555,0.014676805216679908,-6.965119733828837e-07
2463467.5,A.D. 2032-Aug-23 00:00:00.0000,0.8755401693499426,-0.5060021125004087,2.922217903909974e-05,0.008327802162741921,0.014823329699627463,-5.92414173013913e-07
2463468.5,A.D. 2032-Aug-24 00:00:00.0000,0.8837432157604214,-0.49110704384994863,2.8666496714233367e-05,0.008077859891234947,0.01496619094228054,-5.255493792217117e-07
2463469.5,A.D. 2032-Aug-25 00:00:00.0000,0.8916950179311544,-0.4760709808583209,2.8157596402023445e-05,0.007825305137385552,0.015105300383843449,-4.989994154047867e-07
2463470.5,A.D. 2032-Aug-26 00:00:00.0000,0.8993929436388034,-0.4608977337325385,2.7655341328893422e-05,0.007570104432620151,0.015240537422078608,-5.118234957935618e-07
2463471.5,A.D. 2032-Aug-27 00:00:00.0000,0.9068343453513628,-0.44559124173364245,2.7122075306709872e-05,0.007312260474327781,0.01537176731899393,-5.602171848210266e-07
2463472.5,A.D. 2032-Aug-28 00:00:00.0000,0.9140165948205995,-0.43015557989481223,2.652485183563758e-05,0.007051808033925009,0.015498855093331883,-6.387558556309796e-07
2463473.5,A.D. 2032-Aug-29 00:00:00.0000,0.920937111529915,-0.414594954791521,2.5836542987965224e-05,0.006788806494653628,0.015621673504907533,-7.413549337442417e-07
2463474.5,A.D. 2032-Aug-30 00:00:00.0000,0.9275933835479138,-0.39891369494918316,2.503617916952658e-05,0.006523332556026245,0.015740106088995932,-8.618493488411955e-07
2463475.5,A.D. 2032-Aug-31 00:00:00.0000,0.9339829819372603,-0.38311623987858395,2.4108875332353283e-05,0.006255474780844534,0.015854047198860806,-9.942595486866186e-07
2463476.5,A.D. 2032-Sep-01 00:00:00.0000,0.9401035707870266,-0.3672071298071378,2.304559811464475e-05,0.005985330263564442,0.01596340081853603,-1.1328637953487657e-06
2463477.5,A.D. 2032-Sep-02 00:00:00.0000,0.9459529148097627,-0.35119099670275955,2.184291117131824e-05,0.005713002990658532,0.016068079305977416,-1.2721849820100871e-06
2463478.5,A.D. 2032-Sep-03 00:00:00.0000,0.9515288858758464,-0.3350725563264323,2.050274366665695e-05,0.00543860324499614,0.01616800264933095,-1.4069670389398734e-06
2463479.5,A.D. 2032-Sep-04 00:00:00.0000,0.9568294692152548,-0.31885660069197763,1.9032169161985736e-05,0.005162247445651475,0.016263098396210728,-1.5321820422770778e-06
2463480.5,A.D. 2032-Sep-05 00:00:00.0000,0.9618527694801676,-0.30254799029761215,1.7443155568286537e-05,0.004884057970508555,0.01635330214772676,-1.643081255689488e-06
2463481.5,A.D. 2032-Sep-06 00:00:00.0000,0.9665970165085005,-0.28615164568008544,1.575224430592289e-05,0.004604162711392605,0.016438558374017278,-1.7352833437111212e-06
2463482.5,A.D. 2032-Sep-07 00:00:00.0000,0.9710605704816461,-0.2696725381022492,1.3980129800162406e-05,0.004322694314814854,0.016518821293696157,-1.8048822021526748e-06
2463483.5,A.D. 2032-Sep-08 00:00:00.0000,0.9752419262073021,-0.2531156794042653,1.2151129070841081e-05,0.004039789218544572,0.01659405565186206,-1.8485564834787244e-06
2463484.5,A.D. 2032-Sep-09 00:00:00.0000,0.9791397164094491,-0.23648611113536072,1.0292544972714495e-05,0.0037555866568900944,0.016664237396613532,-1.8636726809359903e-06
2463485.5,A.D. 2032-Sep-10 00:00:00.0000,0.9827527140591916,-0.21978889299137472,8.43392668732888e-06,0.0034702277425203536,0.01672935443397995,-1.848390621057811e-06
2463486.5,A.D. 2032-Sep-11 00:00:00.0000,0.9860798337997442,-0.20302909033509423,6.606212770455821e-06,0.003183854535314091,0.016789407761285766,-1.8017987945059907e-06
2463487.5,A.D. 2032-Sep-12 00:00:00.0000,0.9891201322852292,-0.1862117602712492,4.840707492816221e-06,0.002896608707561416,0.016844413258962753,-1.724119475543805e-06
2463488.5,A.D. 2032-Sep-13 00:00:00.0000,0.9918728066926817,-0.16934193556781013,3.167801146287536e-06,0.0026086290783475614,0.016894404176722062,-1.6170201872184653e-06
2463489.5,A.D. 2032-Sep-14 00:00:00.0000,0.9943371898059756,-0.15242460592563875,1.6153215175958593e-06,0.0023200470578932713,0.016939433801598007,-1.4840358726914914e-06
2463490.5,A.D. 2032-Sep-15 00:00:00.0000,0.9965127391341547,-0.13546469702167152,2.0643270430643057e-07,0.002030979180212301,0.016979576928917196,-1.331031624784973e-06
2463491.5,A.D. 2032-Sep-16 00:00:00.0000,0.9983990170732264,-0.11846704962105682,-1.0428765916980798e-06,0.0017415167987604218,0.017014927801275136,-1.1665188599001954e-06
2463492.5,A.D. 2032-Sep-17 00:00:00.0000,0.9999956600717159,-0.10143640365316625,-2.126424341323338e-06,0.0014517149365519887,0.017045591842588567,-1.0015217447951775e-06
2463493.5,A.D. 2032-Sep-18 00:00:00.0000,1.0013023379840413,-0.08437739430882095,-3.049974519968998e-06,0.0011615847251231321,0.017071669914146482,-8.486868303511983e-07
2463494.5,A.D. 2032-Sep-19 00:00:00.0000,1.0023187100183915,-0.06729456680297696,-3.8320618111932884e-06,0.0008710950163426722,0.017093237532307327,-7.20567242421069e-07
2463495.5,A.D. 2032-Sep-20 00:00:00.0000,1.0030443884061073,-0.05019241170713836,-4.502831604484541e-06,0.0005801863040570886,0.01711032592965994,-6.274764533509352e-07
2463496.5,A.D. 2032-Sep-21 00:00:00.0000,1.0034789212191102,-0.03307541476620832,-5.100839885040239e-06,0.00028879404352630017,0.01712291321957788,-5.756975712881828e-07
2463497.5,A.D. 2032-Sep-22 00:00:00.0000,1.0036217997708365,-0.01594810850937393,-5.668557210926554e-06,-3.1271543844865023e-06,0.017130929724221703,-5.667658445703607e-07
2463498.5,A.D. 2032-Sep-23 00:00:00.0000,1.0034724868017793,0.0011848874961158126,-6.24778884401155e-06,-0.00029558730975670676,0.01713427428995149,-5.979885687524342e-07
2463499.5,A.D. 2032-Sep-24 00:00:00.0000,1.0030304550557978,0.01831884500339609,-6.8760678087993876e-06,-0.0005885565706678985,0.01713283380984894,-6.637650933776956e-07
2463500.5,A.D. 2032-Sep-25 00:00:00.0000,1.002295225268534,0.0354489235119437,-7.584491880072022e-06,-0.0008819701552986528,0.017126498969539345,-7.570521315975061e-07
2463501.5,A.D. 2032-Sep-26 00:00:00.0000,1.0012663965891448,0.052570179134812656,-8.3968891881215e-06,-0.0011757376749662479,0.01711517324444862,-8.705041516761279e-07
2463502.5,A.D. 2032-Sep-27 00:00:00.0000,0.9999436674053417,0.06967757926295906,-9.32988585977281e-06,-0.0014697524349223297,0.017098775803663962,-9.97134555399611e-07
2463503.5,A.D. 2032-Sep-28 00:00:00.0000,0.9983268479294439,0.08676601801141993,-1.0393418783235363e-05,-0.0017638984000380273,0.017077240577918783,-1.130566934643968e-06
2463504.5,A.D. 2032-Sep-29 00:00:00.0000,0.9964158672522946,0.10383032976873428,-1.1591357141122304e-05,-0.0020580543141579016,0.01705051371899464,-1.26502754206286e-06
2463505.5,A.D. 2032-Sep-30 00:00:00.0000,0.9942107775295261,0.1208653000744452,-1.2922047927836168e-05,-0.002352095434486249,0.017018550989576428,-1.395221496400843e-06
2463506.5,A.D. 2032-Oct-01 00:00:00.0000,0.9917117573016627,0.13786567422506224,-1.4378724049885806e-05,-0.002645893665783985,0.016981315921502902,-1.5161953029150805e-06
2463507.5,A.D. 2032-Oct-02 00:00:00.0000,0.9889191151497881,0.15482616457786036,-1.594979579436356e-05,-0.0029393168778813305,0.01693877907795125,-1.6232487520768956e-06
2463508.5,A.D. 2032-Oct-03 00:00:00.0000,0.9858332941566409,0.17174145768440094,-1.7619093440497268e-05,-0.003232228077710045,0.016890918432567962,-1.7119285672413788e-06
2463509.5,A.D. 2032-Oct-04 00:00:00.0000,0.9824548770424812,0.18860622228458818,-1.936614884431969e-05,-0.0035244849621594485,0.0168377206635407,-1.7781123822412074e-06
2463510.5,A.D. 2032-Oct-05 00:00:00.0000,0.9787845914018228,0.2054151189109381,-2.116660221972584e-05,-0.003815940206485462,0.01677918301277491,-1.818171819589399e-06
2463511.5,A.D. 2032-Oct-06 00:00:00.0000,0.9748233142122732,0.2221628114583896,-2.2992800868953063e-05,-0.004106442638428739,0.016715315285864125,-1.8291878934055418e-06
2463512.5,A.D. 2032-Oct-07 00:00:00.0000,0.9705720747445459,0.23884398065495507,-2.48146251089757e-05,-0.004395839235284891,0.016646141596099527,-1.809184151973007e-06
2463513.5,A.D. 2032-Oct-08 00:00:00.0000,0.9660320551521426,0.2554533390324844,-2.6600542819816287e-05,-0.00468397772343774,0.01657170159368683,-1.757346556261388e-06
2463514.5,A.D. 2032-Oct-09 00:00:00.0000,0.9612045882673536,0.27198564683701265,-2.831886962797335e-05,-0.004970709530939739,0.016492051122696968,-1.674213761793426e-06
2463515.5,A.D. 2032-Oct-10 00:00:00.0000,0.9560911523259196,0.28843572834969944,-2.993920499112293e-05,-0.005255892976900398,0.016407262408923148,-1.5618404648488793e-06
2463516.5,A.D. 2032-Oct-11 00:00:00.0000,0.9506933623405571,0.3047984882088042,-3.1434023909933906e-05,-0.0055393968281260446,0.016317423877653198,-1.4239475944083373e-06
2463517.5,A.D. 2032-Oct-12 00:00:00.0000,0.9450129575931665,0.32106892731729636,-3.278041495777251e-05,-0.005821104572698281,0.01622263944628825,-1.2660629898762674e-06
2463518.5,A.D. 2032-Oct-13 00:00:00.0000,0.9390517843460789,0.33724215753665593,-3.396194154788915e-05,-0.006100919739897652,0.016123026648975455,-1.0956162160594932e-06
2463519.5,A.D. 2032-Oct-14 00:00:00.0000,0.9328117727400309,0.35331341344684714,-3.497053563232111e-05,-0.0063787721090386084,0.016018712413827543,-9.218855808685398e-07
2463520.5,A.D. 2032-Oct-15 00:00:00.0000,0.9262949074892354,0.3692780581334826,-3.580819738400609e-05,-0.00665462359012594,0.0159098251416953,-7.556324893500165e-07
2463521.5,A.D. 2032-Oct-16 00:00:00.0000,0.9195031938812651,0.3851315788976229,-3.648810087672551e-05,-0.006928471205142738,0.01579648251039386,-6.082575885579661e-07
2463522.5,A.D. 2032-Oct-17 00:00:00.0000,0.9124386236333831,0.400869569137908,-3.703459294496511e-05,-0.007200343864956362,0.01567877649150073,-4.904446705662339e-07
2463523.5,A.D. 2032-Oct-18 00:00:00.0000,0.9051031480801478,0.4164876955036294,-3.7481665414766544e-05,-0.0074702908048013255,0.015556759765635685,-4.105291746174854e-07
2463524.5,A.D. 2032-Oct-19 00:00:00.0000,0.8974986667163258,0.4319816545009973,-3.786986356984841e-05,-0.007738363032371532,0.015430439096857484,-3.731006950895862e-07
2463525.5,A.D. 2032-Oct-20 00:00:00.0000,0.8896270356517776,0.4473471276508276,-3.82421495969442e-05,-0.008004593203940584,0.01529977932536533,-3.7838502649112955e-07
2463526.5,A.D. 2032-Oct-21 00:00:00.0000,0.8814900940585962,0.4625797457178131,-3.863965502701562e-05,-0.00826898080543597,0.01516471690594798,-4.226394314763798e-07
2463527.5,A.D. 2032-Oct-22 00:00:00.0000,0.8730897008243348,0.4776750691050796,-3.909825398467204e-05,-0.008531486881113572,0.015025177602702442,-4.99325889911765e-07
2463528.5,A.D. 2032-Oct-23 00:00:00.0000,0.8644277717180335,0.49262858534777576,-3.9646483394311666e-05,-0.00879203783554618,0.01488109208785249,-6.005385451782028e-07
2463529.5,A.D. 2032-Oct-24 00:00:00.0000,0.8555063097592017,0.5074357194468688,-4.0304808771106726e-05,-0.00905053445746159,0.014732405695844544,-7.182054188513814e-07
2463530.5,A.D. 2032-Oct-25 00:00:00.0000,0.846327425805465,0.5220918507644623,-4.108587098107144e-05,-0.009306861825888732,0.01457908196378747,-8.448329682896537e-07
2463531.5,A.D. 2032-Oct-26 00:00:00.0000,0.8368933500616511,0.5365923310487652,-4.199524581274204e-05,-0.009560897248926491,0.014421101729922989,-9.738030852910432e-07
2463532.5,A.D. 2032-Oct-27 00:00:00.0000,0.8272064371225847,0.5509325002930984,-4.303233076833518e-05,-0.009812515213337779,0.014258460058359224,-1.0993569643468864e-06
2463533.5,A.D. 2032-Oct-28 00:00:00.0000,0.817269167506742,0.5651076992113572,-4.4191124124178015e-05,-0.010061589548982624,0.014091162787360991,-1.2164194831405295e-06
2463534.5,A.D. 2032-Oct-29 00:00:00.0000,0.807084148122581,0.5791132785581189,-4.546080122555722e-05,-0.01030799353685509,0.01391922380090926,-1.3203861637273086e-06
2463535.5,A.D. 2032-Oct-30 00:00:00.0000,0.7966541133087479,0.5929446063273431,-4.6826094792600536e-05,-0.010551598788381562,0.013742663571076412,-1.4069550522980688e-06
2463536.5,A.D. 2032-Oct-31 00:00:00.0000,0.7859819272837465,0.6065970742211888,-4.826755206075479e-05,-0.010792273670328766,0.01356150916691507,-1.4720550889509656e-06
2463537.5,A.D. 2032-Nov-01 00:00:00.0000,0.7750705880998721,0.6200661048524796,-4.9761781624972936e-05,-0.01102988198511886,0.013375795688126553,-1.511900407818142e-06
2463538.5,A.D. 2032-Nov-02 00:00:00.0000,0.7639232325150335,0.633347160993477,-5.128182217006237e-05,-0.01126428255644424,0.01318556886007073,-1.5231793506910018e-06
2463539.5,A.D. 2032-Nov-03 00:00:00.0000,0.752543140595826,0.6464357577974523,-5.279776186299983e-05,-0.011495330254511282,0.012990888277504359,-1.503361558589241e-06
2463540.5,A.D. 2032-Nov-04 00:00:00.0000,0.7409337384406662,0.6593274782840906,-5.427770560189341e-05,-0.011722878750207092,0.012791830548665131,-1.451076238068925e-06
2463541.5,A.D. 2032-Nov-05 00:00:00.0000,0.7290985973071635,0.6720179915600618,-5.5689126165608005e-05,-0.011946784898242819,0.012588491480557903,-1.3664878562650876e-06
2463542.5,A.D. 2032-Nov-06 00:00:00.0000,0.7170414277498878,0.6845030724282288,-5.700055466614161e-05,-0.01216691421114303,0.0123809865742368,-1.2515856474443994e-06
2463543.5,A.D. 2032-Nov-07 00:00:00.0000,0.704766068083181,0.6967786204799792,-5.8183488103601315e-05,-0.01238314658448267,0.012169449477474167,-1.1103199070324309e-06
2463544.5,A.D. 2032-Nov-08 00:00:00.0000,0.6922764673530918,0.7088406766536057,-5.921434284081698e-05,-0.012595381430181274,0.011954028521080318,-9.485564503227895e-07
2463545.5,A.D. 2032-Nov-09 00:00:00.0000,0.6795766637189249,0.7206854355554742,-6.0076275151927906e-05,-0.012803541665082628,0.011734881795684967,-7.738606651580642e-07
2463546.5,A.D. 2032-Nov-10 00:00:00.0000,0.6666707595047967,0.7323092523299405,-6.0760712991519104e-05,-0.013007576376940756,0.011512171232742223,-5.951405656458677e-07
2463547.5,A.D. 2032-Nov-11 00:00:00.0000,0.6535628942491305,0.7437086432083254,-6.126846811882327e-05,-0.013207462154048066,0.01128605588716793,-4.221646062512432e-07
2463548.5,A.D. 2032-Nov-12 00:00:00.0000,0.6402572171712426,0.7548802789207848,-6.161029844621415e-05,-0.013403202845321139,0.01105668436504048,-2.649397111505115e-07
2463549.5,A.D. 2032-Nov-13 00:00:00.0000,0.6267578609424257,0.7658209701174992,-6.180676672692377e-05,-0.013594827030345145,0.010824186468040587,-1.329229489056464e-07
2463550.5,A.D. 2032-Nov-14 00:00:00.0000,0.6130689195688026,0.7765276443255853,-6.188723065889286e-05,-0.01378238215572352,0.010588664837086134,-3.4082344258960396e-08
2463551.5,A.D. 2032-Nov-15 00:00:00.0000,0.5991944341143501,0.7869973152755423,-6.188786253290087e-05,-0.013965924700337331,0.0103501884365604,2.6074497596705564e-08
2463552.5,A.D. 2032-Nov-16 00:00:00.0000,0.5851383900060053,0.7972270476741693,-6.184877576843175e-05,-0.014145507130451504,0.010108790376068374,4.526919172958804e-08
2463553.5,A.D. 2032-Nov-17 00:00:00.0000,0.5709047279614329,0.80721392281613,-6.181059866422174e-05,-0.014321164272778955,0.009864471940494888,2.4749249016951428e-08
2463554.5,A.D. 2032-Nov-18 00:00:00.0000,0.5564973672910326,0.8169550113543308,-6.181105977929934e-05,-0.01449290280884733,0.009617212624676139,-3.1039626027422287e-08
2463555.5,A.D. 2032-Nov-19 00:00:00.0000,0.5419202368393401,0.8264473580774335,-6.188219008774233e-05,-0.014660696824764216,0.009366983507428409,-1.1532553796960371e-07
2463556.5,A.D. 2032-Nov-20 00:00:00.0000,0.5271773069940467,0.8356879801037096,-6.20485549689866e-05,-0.014824489994105416,0.009113760063792749,-2.2014021236314514e-07
2463557.5,A.D. 2032-Nov-21 00:00:00.0000,0.5122726169033239,0.8446738762124607,-6.232660088983549e-05,-0.014984202517871503,0.008857531248057719,-3.3736711062286145e-07
2463558.5,A.D. 2032-Nov-22 00:00:00.0000,0.4972102936324521,0.8534020428110072,-6.272490526358506e-05,-0.015139739794631783,0.008598303662661216,-4.594748107512981e-07
2463559.5,A.D. 2032-Nov-23 00:00:00.0000,0.48199456292875054,0.8618694918473389,-6.32449689036611e-05,-0.015291000184014678,0.008336101508271371,-5.798711072463891e-07
2463560.5,A.D. 2032-Nov-24 00:00:00.0000,0.4666297533316794,0.8700732672355658,-6.388219691797088e-05,-0.015437880418535896,0.008070963957764465,-6.929435861313481e-07
2463561.5,A.D. 2032-Nov-25 00:00:00.0000,0.451120296207729,0.8780104580799767,-6.462681319990654e-05,-0.015580278366181246,0.007802941629413451,-7.939073705563179e-07
2463562.5,A.D. 2032-Nov-26 00:00:00.0000,0.43547072419626187,0.8856782084621744,-6.546457642742852e-05,-0.015718093546324065,0.007532093404522832,-8.785781477622774e-07
2463563.5,A.D. 2032-Nov-27 00:00:00.0000,0.4196856699832669,0.893073724553004,-6.63772712530689e-05,-0.015851226079683204,0.00725848435243328,-9.431624908708325e-07
2463564.5,A.D. 2032-Nov-28 00:00:00.0000,0.40376986660093134,0.9001942803852134,-6.734302690819156e-05,-0.0159795748105165,0.006982185173835245,-9.841316697708464e-07
2463565.5,A.D. 2032-Nov-29 00:00:00.0000,0.3877281497054408,0.9070372239117186,-6.833657202763148e-05,-0.016103035357617087,0.006703273342061767,-9.982271160874834e-07
2463566.5,A.D. 2032-Nov-30 00:00:00.0000,0.37156546150256,0.9135999850497638,-6.932957532965234e-05,-0.016221498910694753,0.006421835905367862,-9.826307121756818e-07
2463567.5,A.D. 2032-Dec-01 00:00:00.0000,0.3552868551376674,0.9198800872264389,-7.029124462032387e-05,-0.016334852652691106,0.006137973592460021,-9.353100520510666e-07
2463568.5,A.D. 2032-Dec-02 00:00:00.0000,0.3388974975051111,0.9258751633567022,-7.118934777102366e-05,-0.01644298261135821,0.005851805387008723,-8.555072891544156e-07
2463569.5,A.D. 2032-Dec-03 00:00:00.0000,0.3224026677988896,0.9315829760801945,-7.199175883866214e-05,-0.01654577933333626,0.005563472205439931,-7.442797567933305e-07
2463570.5,A.D. 2032-Dec-04 00:00:00.0000,0.30580774911763475,0.9370014405349769,-7.266850928882219e-05,-0.01664314594042078,0.005273138019624251,-6.049406766025275e-07
2463571.5,A.D. 2032-Dec-05 00:00:00.0000,0.2891182114047205,0.9421286463832712,-7.319415709890911e-05,-0.016735007072192987,0.00498098708232063,-4.4322726920760563e-07
2463572.5,A.D. 2032-Dec-06 00:00:00.0000,0.2723395859250661,0.9469628749381934,-7.355013321733863e-05,-0.016821316475054995,0.004687216975856382,-2.6707580980415876e-07
2463573.5,A.D. 2032-Dec-07 00:00:00.0000,0.25547743374203563,0.9515026076750369,-7.372666046083903e-05,-0.016902061128193542,0.004392028634246764,-8.600307428375284e-08
2463574.5,A.D. 2032-Dec-08 00:00:00.0000,0.23853731228701222,0.9557465241382738,-7.372390658674978e-05,-0.016977260885670028,0.004095615510223196,8.977699425930834e-08
2463575.5,A.D. 2032-Dec-09 00:00:00.0000,0.22152474440227934,0.9596934895284597,-7.35522024447443e-05,-0.017046964066170227,0.0037981540792618542,2.5030702821986454e-07
2463576.5,A.D. 2032-Dec-10 00:00:00.0000,0.20444519325170885,0.9633425340579391,-7.323134399476162e-05,-0.017111240395667447,0.0034997969958201884,3.867430763789863e-07
2463577.5,A.D. 2032-Dec-11 00:00:00.0000,0.187304044975681,0.9666928269212492,-7.278912477080766e-05,-0.017170172788410355,0.0032006691328178003,4.920301216643195e-07
2463578.5,A.D. 2032-Dec-12 00:00:00.0000,0.1701065997281156,0.969743647593932,-7.225928993873809e-05,-0.01722384890150359,0.002900866120740648,5.613851421169472e-07
2463579.5,A.D. 2032-Dec-13 00:00:00.0000,0.15285807110501093,0.9724943567615939,-7.167909834323612e-05,-0.01727235283147568,0.002600455039267635,5.92598951481287e-07
2463580.5,A.D. 2032-Dec-14 00:00:00.0000,0.13556359371237142,0.9749443690088593,-7.108667662764067e-05,-0.01731575719804704,0.0022994772749332297,5.861454086718182e-07
2463581.5,A.D. 2032-Dec-15 00:00:00.0000,0.11822823823209062,0.9770931295319273,-7.051837643450463e-05,-0.017354116203951078,0.00199795373060815,5.450586107694585e-07
2463582.5,A.D. 2032-Dec-16 00:00:00.0000,0.10085703252484061,0.9789400972021421,-7.000638512478053e-05,-0.017387460692436806,0.0016958922388182777,4.745469205172975e-07
2463583.5,A.D. 2032-Dec-17 00:00:00.0000,0.08345498622245057,0.9804847358110781,-6.957684657534655e-05,-0.017415796254893007,0.0013932962990082986,3.813696639011837e-07
2463584.5,A.D. 2032-Dec-18 00:00:00.0000,0.06602711545894233,0.9817265140897465,-6.924868364126216e-05,-0.017439104844246225,0.0010901736025387564,2.7308005702884306e-07
2463585.5,A.D. 2032-Dec-19 00:00:00.0000,0.048578464413167675,0.9826649134521607,-6.903318141396221e-05,-0.01745734936869812,0.0007865427154798973,1.5728721110342396e-07
2463586.5,A.D. 2032-Dec-20 00:00:00.0000,0.03111412131020182,0.9832994410272059,-6.893423785991502e-05,-0.017470479913125614,0.00048243687266473137,4.1078791556800214e-08
2463587.5,A.D. 2032-Dec-21 00:00:00.0000,0.013639228064922519,0.9836296449539766,-6.894907556170818e-05,-0.01747843997796161,0.00017790476871713573,-6.931755015891154e-08
2463588.5,A.D. 2032-Dec-22 00:00:00.0000,-0.003841015765098368,0.9836551292300219,-6.906916981327878e-05,-0.01748117145772394,-0.00012699096618124428,-1.6863414996247603e-07
2463589.5,A.D. 2032-Dec-23 00:00:00.0000,-0.021321353077262382,0.9833755663210401,-6.928118004250252e-05,-0.017478617709828385,-0.0004321765313822034,-2.5248270248938557e-07
2463590.5,A.D. 2032-Dec-24 00:00:00.0000,-0.03879647139277494,0.9827907068349269,-6.956774440207204e-05,-0.01747072465844327,-0.0007375699007243167,-3.17175410115537e-07
2463591.5,A.D. 2032-Dec-25 00:00:00.0000,-0.05626100527632342,0.9819003865202842,-6.990808062982296e-05,-0.017457440269583107,-0.001043083111663673,-3.5952900046359576e-07
2463592.5,A.D. 2032-Dec-26 00:00:00.0000,-0.07370953763522713,0.9807045315556286,-7.027841175158398e-05,-0.01743871293510903,-0.0013486233160223298,-3.7672089850059973e-07
2463593.5,A.D. 2032-Dec-27 00:00:00.0000,-0.09113659912564419,0.979203163573962,-7.065229859282116e-05,-0.017414489422350108,-0.0016540922086113357,-3.6625560120511165e-07
2463594.5,A.D. 2032-Dec-28 00:00:00.0000,-0.10853666561709018,0.9773964061645078,-7.100101471601582e-05,-0.01738471319027357,-0.0019593836275447183,-3.2609055698078457e-07
2463595.5,A.D. 2032-Dec-29 00:00:00.0000,-0.1259041545663688,0.9752844946763265,-7.129414262844466e-05,-0.017349324077838107,-0.0022643793956833,-2.5495667214102114e-07
2463596.5,A.D. 2032-Dec-30 00:00:00.0000,-0.14323342225287702,0.9728677908441835,-7.150059013801505e-05,-0.017308260537034898,-0.0025689439933000743,-1.5287338689782834e-07
2463597.5,A.D. 2032-Dec-31 00:00:00.0000,-0.16051876496992368,0.970146802777935,-7.159019332332395e-05,-0.017261465441214555,-0.002872919472911683,-2.1786879272531603e-08
2463598.5,A.D. 2033-Jan-01 00:00:00.0000,-0.17775442795687574,0.9671222089853055,-7.153595072708546e-05,-0.017208895678512783,-0.0031761229183581755,1.3384408661723115e-07
2463599.5,A.D. 2033-Jan-02 00:00:00.0000,-0.19493462530035144,0.9637948825552408,-7.131670803146966e-05,-0.017150534085857264,-0.003478349062888718,3.0678128249457967e-07
2463600.5,A.D. 2033-Jan-03 00:00:00.0000,-0.2120535715932906,0.9601659094126044,-7.091983788098263e-05,-0.017086400335469095,-0.003779379604141923,4.873174637477841e-07
2463601.5,A.D. 2033-Jan-04 00:00:00.0000,-0.22910552215668892,0.9562365942263014,-7.034327388570519e-05,-0.01701655649979114,-0.004078998137971699,6.642490274032604e-07
2463602.5,A.D. 2033-Jan-05 00:00:00.0000,-0.2460848148457798,0.9520084501439131,-6.959631346261149e-05,-0.016941104419675578,-0.004377006732838699,8.263081031464138e-07
2463603.5,A.D. 2033-Jan-06 00:00:00.0000,-0.2629859051622222,0.9474831732820199,-6.869893216600958e-05,-0.016860175331655246,-0.004673239054796672,9.636290224606606e-07
2463604.5,A.D. 2033-Jan-07 00:00:00.0000,-0.2798033885433806,0.9426626073732614,-6.767979580350538e-05,-0.016773915356255987,-0.004967566611982192,1.0688303575611677e-06
2463605.5,A.D. 2033-Jan-08 00:00:00.0000,-0.2965320079854458,0.9375487058341562,-6.657347769951722e-05,-0.016682471363914268,-0.005259897890923435,1.1375127098838793e-06
2463606.5,A.D. 2033-Jan-09 00:00:00.0000,-0.3131666490962812,0.9321434973534239,-6.54174540398396e-05,-0.016585980286350426,-0.0055501726724715835,1.168231299296199e-06
2463607.5,A.D. 2033-Jan-10 00:00:00.0000,-0.3297023265919502,0.9264490583400417,-6.424930729620454e-05,-0.01648456265311844,-0.005838354438969337,1.1621440697806126e-06
2463608.5,A.D. 2033-Jan-11 00:00:00.0000,-0.34613416613291276,0.9204674930095686,-6.31043589022822e-05,-0.016378319526607114,-0.006124422924471683,1.1225320928261455e-06
2463609.5,A.D. 2033-Jan-12 00:00:00.0000,-0.3624573842595557,0.914200920468971,-6.201379352633486e-05,-0.016267331569869266,-0.006408367612562439,1.0543074984723476e-06
2463610.5,A.D. 2033-Jan-13 00:00:00.0000,-0.3786672680607468,0.9076514678267885,-6.1003265033850354e-05,-0.0161516593433588,-0.006690182145340219,9.635430019091145e-07
2463611.5,A.D. 2033-Jan-14 00:00:00.0000,-0.3947591555936799,0.9008212685531005,-6.009196438104356e-05,-0.016031344494886354,-0.006969859378778242,8.570164879468262e-07
2463612.5,A.D. 2033-Jan-15 00:00:00.0000,-0.41072841794388243,0.8937124655033624,-5.9292138374358556e-05,-0.015906411864931014,-0.007247387014518836,7.417654998712158e-07
2463613.5,A.D. 2033-Jan-16 00:00:00.0000,-0.4265704438698793,0.886327217936215,-5.8609042503837046e-05,-0.01577687254101801,-0.007522744037973768,6.246697559711878e-07
2463614.5,A.D. 2033-Jan-17 00:00:00.0000,-0.442280627903433,0.8786677115329337,-5.804128149981074e-05,-0.015642727654246846,-0.007795898338075506,5.121005169763478e-07
2463615.5,A.D. 2033-Jan-18 00:00:00.0000,-0.457854362421769,0.8707361700847024,-5.758144959122283e-05,-0.015503972426816464,-0.008066805775185695,4.0967758820898954e-07
2463616.5,A.D. 2033-Jan-19 00:00:00.0000,-0.4732870336298714,0.8625348673855497,-5.721694954422138e-05,-0.015360599839266478,-0.008335410668407246,3.221561309646175e-07
2463617.5,A.D. 2033-Jan-20 00:00:00.0000,-0.4885740207797481,0.8540661380640727,-5.6930861690377735e-05,-0.015212603360688515,-0.008601647349003141,2.534362103976445e-07
2463618.5,A.D. 2033-Jan-21 00:00:00.0000,-0.5037106975054508,0.8453323865620062,-5.670275531453044e-05,-0.015059978420385875,-0.008865442207911509,2.0666111560807624e-07
2463619.5,A.D. 2033-Jan-22 00:00:00.0000,-0.518692433974547,0.8363360940855337,-5.650937803096147e-05,-0.014902722586341182,-0.00912671559739028,1.8435386095934317e-07
2463620.5,A.D. 2033-Jan-23 00:00:00.0000,-0.5335145986546199,0.8270798239789453,-5.6325213148744925e-05,-0.01474083467243319,-0.00938538299323056,1.8853513343990367e-07
2463621.5,A.D. 2033-Jan-24 00:00:00.0000,-0.5481725588241794,0.8175662265166332,-5.6122952069684255e-05,-0.014574313209308368,-0.00964135492290169,2.2076599256691082e-07
2463622.5,A.D. 2033-Jan-25 00:00:00.0000,-0.5626616794958343,0.8077980445435177,-5.5873984296714385e-05,-0.014403154925612912,-0.009894535292746953,2.8206133027504127e-07
2463623.5,A.D. 2033-Jan-26 00:00:00.0000,-0.576977321191672,0.7977781216677539,-5.554905850150292e-05,-0.014227354147274721,-0.010144817955884664,3.726278340249632e-07
2463624.5,A.D. 2033-Jan-27 00:00:00.0000,-0.5911148380660508,0.7875094146816677,-5.51193043400547e-05,-0.01404690431380874,-0.010392081784724082,4.914044517243824e-07
2463625.5,A.D. 2033-Jan-28 00:00:00.0000,-0.6050695791640962,0.7769950112624158,-5.455780050220969e-05,-0.013861802944464128,-0.010636185303042936,6.354434338899916e-07
2463626.5,A.D. 2033-Jan-29 00:00:00.0000,-0.6188368967848215,0.7662381523934733,-5.384178541722868e-05,-0.013672060940206173,-0.010876963082075761,7.99280282586581e-07
2463627.5,A.D. 2033-Jan-30 00:00:00.0000,-0.6324121661403963,0.7552422561862635,-5.29553891856602e-05,-0.013477715569698137,-0.011114227119535105,9.745793822025024e-07
2463628.5,A.D. 2033-Jan-31 00:00:00.0000,-0.6457908185963178,0.7440109365284763,-5.1892430533240166e-05,-0.013278843855913307,-0.011347776159654446,1.1504155932505288e-06
2463629.5,A.D. 2033-Feb-01 00:00:00.0000,-0.6589683861765947,0.7325480081464055,-5.065850634236491e-05,-0.01307557067493857,-0.01157741323541861,1.3144198270089969e-06
2463630.5,A.D. 2033-Feb-02 00:00:00.0000,-0.6719405491487782,0.7208574716174948,-4.927154917043782e-05,-0.012868066159668274,-0.011802967122326714,1.454630910716397e-06
2463631.5,A.D. 2033-Feb-03 00:00:00.0000,-0.6847031749409092,0.7089434781650291,-4.776041475601645e-05,-0.01265653129026437,-0.012024309952285518,1.5614598995863877e-06
2463632.5,A.D. 2033-Feb-04 00:00:00.0000,-0.6972523385673156,0.6968102817182946,-4.6161757013670093e-05,-0.012441176542631303,-0.01224136432282908,1.6290456387970618e-06
2463633.5,A.D. 2033-Feb-05 00:00:00.0000,-0.7095843215625462,0.6844621899283437,-4.4516038715270016e-05,-0.012222201565378265,-0.012454098583040701,1.655605513637008e-06
2463634.5,A.D. 2033-Feb-06 00:00:00.0000,-0.7216955938060047,0.6719035242376289,-4.286366300652564e-05,-0.011999781924417353,-0.012662514414284204,1.6428995015451523e-06
2463635.5,A.D. 2033-Feb-07 00:00:00.0000,-0.7335827863979592,0.6591385937007028,-4.124190622121246e-05,-0.011774064318207272,-0.012866632678209885,1.5952447316258065e-06
2463636.5,A.D. 2033-Feb-08 00:00:00.0000,-0.7452426631363525,0.6461716819186721,-3.9682874581408844e-05,-0.0115451680248293,-0.013066481815146734,1.5185113536672345e-06
2463637.5,A.D. 2033-Feb-09 00:00:00.0000,-0.7566720951639683,0.6330070435888783,-3.821236594075777e-05,-0.011313189275465731,-0.013262090249510963,1.4193381961557354e-06
2463638.5,A.D. 2033-Feb-10 00:00:00.0000,-0.7678680403478484,0.6196489068304487,-3.684938109970696e-05,-0.011078206035869677,-0.013453482242577513,1.3046136560640697e-06
2463639.5,A.D. 2033-Feb-11 00:00:00.0000,-0.7788275270905036,0.6061014784701316,-3.5606045347213686e-05,-0.010840281986752054,-0.013640675896696099,1.181159919346201e-06
2463640.5,A.D. 2033-Feb-12 00:00:00.0000,-0.7895476416115822,0.5923689507499702,-3.448778097805712e-05,-0.010599469509529546,-0.01382368214971774,1.0555330855460925e-06
2463641.5,A.D. 2033-Feb-13 00:00:00.0000,-0.8000255178404475,0.578455508852615,-3.3493651005215236e-05,-0.01035581199300881,-0.01400250407373003,9.338723671654071e-07
2463642.5,A.D. 2033-Feb-14 00:00:00.0000,-0.8102583294505241,0.5643653390812446,-3.261684377389015e-05,-0.010109345870794904,-0.014177136263040485,8.217666826861269e-07
2463643.5,A.D. 2033-Feb-15 00:00:00.0000,-0.8202432839135738,0.5501026375760005,-3.184528372736227e-05,-0.009860102647310189,-0.014347564402967982,7.241374314050108e-07
2463644.5,A.D. 2033-Feb-16 00:00:00.0000,-0.8299776185919437,0.5356716192905066,-3.1162345183243985e-05,-0.009608110931488674,-0.014513765210822493,6.451527607739305e-07
2463645.5,A.D. 2033-Feb-17 00:00:00.0000,-0.8394585987984207,0.5210765267870242,-3.054762913327883e-05,-0.009353398296788202,-0.014675706863593829,5.881891914912444e-07
2463646.5,A.D. 2033-Feb-18 00:00:00.0000,-0.8486835175179857,0.5063216383787817,-2.9977752390263175e-05,-0.009095992700628762,-0.014833349848428278,5.558445418546128e-07
2463647.5,A.D. 2033-Feb-19 00:00:00.0000,-0.8576496962324431,0.4914112753101441,-2.94271031565759e-05,-0.0088359232445331,-0.014986647979948132,5.499883380206256e-07
2463648.5,A.D. 2033-Feb-20 00:00:00.0000,-0.8663544861402884,0.4763498079966978,-2.8868539676160757e-05,-0.008573220210502785,-0.015135549190141484,5.718189079964761e-07
2463649.5,A.D. 2033-Feb-21 00:00:00.0000,-0.8747952691046351,0.4611416617760959,-2.8274045995953717e-05,-0.008307914526310804,-0.015279995642450977,6.218842293737531e-07
2463650.5,A.D. 2033-Feb-22 00:00:00.0000,-0.8829694579384579,0.4457913230583203,-2.7615405187591113e-05,-0.008040037065173016,-0.015419922758449764,7.00018002199279e-07
2463651.5,A.D. 2033-Feb-23 00:00:00.0000,-0.890874496181152,0.43030334711316676,-2.6864998384345803e-05,-0.007769618468517475,-0.015555256892813571,8.05145138368639e-07
2463652.5,A.D. 2033-Feb-24 00:00:00.0000,-0.8985078583598886,0.4146823688535435,-2.599687678425323e-05,-0.007496690481421404,-0.01568591171765093,9.349282930765163e-07
2463653.5,A.D. 2033-Feb-25 00:00:00.0000,-0.9058670528421666,0.39893311763089384,-2.4988262433206533e-05,-0.007221290004650911,-0.01581178399984057,1.0852725614210117e-06
2463654.5,A.D. 2033-Feb-26 00:00:00.0000,-0.9129496305578393,0.38306043590688,-2.3821575709442014e-05,-0.006943466903676283,-0.015932750449937826,1.2497953483997914e-06
2463655.5,A.D. 2033-Feb-27 00:00:00.0000,-0.9197532034852973,0.3670692994029485,-2.2486916587462882e-05,-0.0066632955761776825,-0.016048668466286352,1.419500541182394e-06
2463656.5,A.D. 2033-Feb-28 00:00:00.0000,-0.9262754757569355,0.3509648331717086,-2.0984624245858402e-05,-0.006380887993998125,-0.016159384038283302,1.5830104421398745e-06
2463657.5,A.D. 2033-Mar-01 00:00:00.0000,-0.9325142864748623,0.33475231537244476,-1.9327187271955264e-05,-0.006096403007042193,-0.01626474840673678,1.7276664713217336e-06
2463658.5,A.D. 2033-Mar-02 00:00:00.0000,-0.9384676572029492,0.31843716095545044,-1.7539606121785564e-05,-0.005810045404226437,-0.016364640644528486,1.8414774853792838e-06
2463659.5,A.D. 2033-Mar-03 00:00:00.0000,-0.944133831707802,0.30202488296873703,-1.5657594503126662e-05,-0.0055220512983447005,-0.016458988218973698,1.915358747711367e-06
2463660.5,A.D. 2033-Mar-04 00:00:00.0000,-0.9495112954400134,0.28552103823945746,-1.3723769573702702e-05,-0.005232663457851567,-0.016547776413077166,1.944766258049545e-06
2463661.5,A.D. 2033-Mar-05 00:00:00.0000,-0.9545987692054444,0.2689311711855088,-1.1782809116972641e-05,-0.004942106146198623,-0.016631042668328357,1.9300700485702392e-06
2463662.5,A.D. 2033-Mar-06 00:00:00.0000,-0.9593951814610575,0.2522607694364357,-9.876884618998727e-06,-0.004650568668322466,-0.0167088598324831,1.8756930860914012e-06
2463663.5,A.D. 2033-Mar-07 00:00:00.0000,-0.9638996301683156,0.235515238306688,-8.042336726208618e-06,-0.004358200896389254,-0.016781316622842504,1.7886089176730875e-06
2463664.5,A.D. 2033-Mar-08 00:00:00.0000,-0.9681113451574122,0.21869989317697322,-6.307884028408877e-06,-0.004065117969582027,-0.016848502148485454,1.6768721181752078e-06
2463665.5,A.D. 2033-Mar-09 00:00:00.0000,-0.972029657616558,0.20181996408888334,-4.694107447251198e-06,-0.003771408996924213,-0.016910497033868446,1.548571400890205e-06
2463666.5,A.D. 2033-Mar-10 00:00:00.0000,-0.9756539784652035,0.1848806062132122,-3.2137338948796426e-06,-0.003477145606723198,-0.016967370220428546,1.411267649295282e-06
2463667.5,A.D. 2033-Mar-11 00:00:00.0000,-0.9789837842810807,0.16788691161114536,-1.8722874133673752e-06,-0.0031823883389695507,-0.017019179188400166,1.2717934773658107e-06
2463668.5,A.D. 2033-Mar-12 00:00:00.0000,-0.9820186083685067,0.1508439199537107,-6.688294515275504e-07,-0.0028871905811404235,-0.017065971530918697,1.1362495216850108e-06
2463669.5,A.D. 2033-Mar-13 00:00:00.0000,-0.9847580347502534,0.13375662757525605,4.033388135290944e-07,-0.0025916006059529917,-0.017107786556447076,1.0100666624349898e-06
2463670.5,A.D. 2033-Mar-14 00:00:00.0000,-0.9872016935777008,0.11662999518765686,1.35603481110821e-06,-0.002295662499745423,-0.017144656312910105,8.980563763437109e-07
2463671.5,A.D. 2033-Mar-15 00:00:00.0000,-0.9893492572111123,0.0994689549172689,2.205582536921855e-06,-0.0019994166724164116,-0.017176605930994113,8.044174643997694e-07
2463672.5,A.D. 2033-Mar-16 00:00:00.0000,-0.9912004368039143,0.08227841726883249,2.9721846337216773e-06,-0.00170290041084066,-0.01720365347184474,7.326995532101224e-07
2463673.5,A.D. 2033-Mar-17 00:00:00.0000,-0.9927549795574865,0.06506327836698945,3.6792436445219356e-06,-0.0014061486799350372,-0.01722580957454639,6.857417999033797e-07
2463674.5,A.D. 2033-Mar-18 00:00:00.0000,-0.9940126668995759,0.047828427536146065,4.352619390699309e-06,-0.001109195150109859,-0.017243077167125375,6.656100711429927e-07
2463675.5,A.D. 2033-Mar-19 00:00:00.0000,-0.9949733137373553,0.030578755076394303,5.019830198616607e-06,-0.0008120732851859646,-0.0172554513701364,6.735491618653708e-07
2463676.5,A.D. 2033-Mar-20 00:00:00.0000,-0.9956367687453898,0.013319160054788066,5.709215315760288e-06,-0.0005148172962525874,-0.017262919537612328,7.099517564123617e-07
2463677.5,A.D. 2033-Mar-21 00:00:00.0000,-0.9960029154928848,-0.003945441925185979,6.449068679461357e-06,-0.00021746286455744785,-0.017265461211737516,7.74328102192947e-07
2463678.5,A.D. 2033-Mar-22 00:00:00.0000,-0.9960716742127026,-0.021210110736053993,7.266730413465752e-06,7.995225846387107e-05,-0.017263047678827102,8.652459036703474e-07
2463679.5,A.D. 2033-Mar-23 00:00:00.0000,-0.9958430042553192,-0.038469872977455286,8.187588313269818e-06,0.00037738739362234796,-0.017255640858491086,9.802047301902256e-07
2463680.5,A.D. 2033-Mar-24 00:00:00.0000,-0.9953169077946443,-0.055719711750468685,9.233909414753107e-06,0.0006747971563732216,-0.017243191484551425,1.1154194763772794e-06
2463681.5,A.D. 2033-Mar-25 00:00:00.0000,-0.9944934361259027,-0.07295455440785556,1.0423410742958617e-05,0.0009721279016409787,-0.017225636998930424,1.2655209949010069e-06
2463682.5,A.D. 2033-Mar-26 00:00:00.0000,-0.993372700746972,-0.09016925849630111,1.176751629639804e-05,0.0012693116151617165,-0.017202900304913678,1.4232475156043943e-06
2463683.5,A.D. 2033-Mar-27 00:00:00.0000,-0.9919548919183401,-0.10735859768534495,1.3269367369330399e-05,0.0015662571486744438,-0.01717489138619957,1.57929723257166e-06
2463684.5,A.D. 2033-Mar-28 00:00:00.0000,-0.9902403067937251,-0.1245172517940572,1.4921873880780598e-05,0.0018628402686232189,-0.017141514286131868,1.7226066551963227e-06
2463685.5,A.D. 2033-Mar-29 00:00:00.0000,-0.9882293866273079,-0.14163980724999223,1.670637237809311e-05,0.0021588962681828978,-0.017102681081608,1.8413201702536893e-06
2463686.5,A.D. 2033-Mar-30 00:00:00.0000,-0.9859227578531651,-0.15872077460654177,1.8592637215831845e-05,0.0024542205199215477,-0.017058331419996315,1.9245043375044517e-06
2463687.5,A.D. 2033-Mar-31 00:00:00.0000,-0.9833212667984994,-0.17575462607931672,2.0540839997953105e-05,0.0027485809811423328,-0.017008451690452144,1.9642256224765388e-06
2463688.5,A.D. 2033-Apr-01 00:00:00.0000,-0.9804259962033771,-0.1927358485011493,2.2505449534979373e-05,0.0030417412485928136,-0.016953085317282467,1.9572073947958133e-06
2463689.5,A.D. 2033-Apr-02 00:00:00.0000,-0.9772382565125955,-0.20965899950602968,2.4440248333855713e-05,0.0033334862627418457,-0.016892328534116725,1.9053160528530352e-06
2463690.5,A.D. 2033-Apr-03 00:00:00.0000,-0.9737595543858901,-0.22651875263860008,2.6303144903195527e-05,0.0036236407134471057,-0.016826313410469473,1.8147007388135566e-06
2463691.5,A.D. 2033-Apr-04 00:00:00.0000,-0.9699915490256767,-0.243309922318895,2.8059644910837505e-05,0.003912074694202822,-0.0167551860920501,1.6940960879820897e-06
2463692.5,A.D. 2033-Apr-05 00:00:00.0000,-0.9659360088247855,-0.26002746827668916,2.968453373763493e-05,0.0041986981499417785,-0.016679088620000622,1.5530638806242064e-06
2463693.5,A.D. 2033-Apr-06 00:00:00.0000,-0.9615947768614391,-0.2766664855382051,3.116201488646088e-05,0.004483449769406793,-0.016598148477641243,1.400719969205798e-06
2463694.5,A.D. 2033-Apr-07 00:00:00.0000,-0.9569697479307498,-0.2932221877855234,3.248489240348381e-05,0.004766285743010988,-0.016512475448695513,1.2450898202933244e-06
2463695.5,A.D. 2033-Apr-08 00:00:00.0000,-0.9520628555398156,-0.309689890139116,3.3653373202103516e-05,0.005047171350056336,-0.0164221631020044,1.0929582003527697e-06
2463696.5,A.D. 2033-Apr-09 00:00:00.0000,-0.9468760655663276,-0.32606499455490034,3.4673874735269995e-05,0.0053260760100375705,-0.016327292137725137,9.499945750636799e-07
2463697.5,A.D. 2033-Apr-10 00:00:00.0000,-0.9414113733758525,-0.3423429786747055,3.555801661432354e-05,0.005602971154331375,-0.01622793372064206,8.209706379045292e-07
2463698.5,A.D. 2033-Apr-11 00:00:00.0000,-0.9356708020847955,-0.35851938758215923,3.63218251965361e-05,0.005877829889419364,-0.016124151866469,7.099550914359327e-07
2463699.5,A.D. 2033-Apr-12 00:00:00.0000,-0.9296564006715954,-0.3745898273363622,3.698509645858094e-05,0.006150627494837676,-0.01601600460349865,6.204300776541669e-07
2463700.5,A.D. 2033-Apr-13 00:00:00.0000,-0.9233702414887669,-0.39054995908731255,3.7570828516478366e-05,0.006421342021222211,-0.01590354401250935,5.553139773244768e-07
2463701.5,A.D. 2033-Apr-14 00:00:00.0000,-0.9168144173426588,-0.4063954927920334,3.8104633588843195e-05,0.006689954494001721,-0.015786815449380934,5.169007375645069e-07
2463702.5,A.D. 2033-Apr-15 00:00:00.0000,-0.9099910386860468,-0.4221221799079696,3.861405781264439e-05,0.006956448458544863,-0.015665856345753185,5.067413852277452e-07
2463703.5,A.D. 2033-Apr-16 00:00:00.0000,-0.9029022316235356,-0.4377258048437879,3.91277673040489e-05,0.0072208088177988395,-0.01554069498477017,5.25500637123285e-07
2463704.5,A.D. 2033-Apr-17 00:00:00.0000,-0.8955501373849822,-0.45320217530848306,3.967459170531039e-05,0.007483020091383134,-0.015411349561966893,5.72819822960902e-07
2463705.5,A.D. 2033-Apr-18 00:00:00.0000,-0.8879369137362242,-0.46854711193422083,4.028244298651975e-05,0.007743064321319329,-0.015277827681294813,6.472065955160722e-07
2463706.5,A.D. 2033-Apr-19 00:00:00.0000,-0.8800647385736187,-0.48375643760673376,4.0977139707181524e-05,0.008000918822108528,-0.015140126256167463,7.459553488712806e-07
2463707.5,A.D. 2033-Apr-20 00:00:00.0000,-0.8719358158199816,-0.4988259668402428,4.1781162802344385e-05,0.008256553816300789,-0.014998231670784224,8.650871574651354e-07
2463708.5,A.D. 2033-Apr-21 00:00:00.0000,-0.8635523838119736,-0.5137514953932824,4.271235439314159e-05,0.008509929764723485,-0.014852120097417966,9.992939220563771e-07
2463709.5,A.D. 2033-Apr-22 00:00:00.0000,-0.8549167266655006,-0.5285287903252278,4.378256166975883e-05,0.008760994008338758,-0.014701758117871952,1.1418869735231567e-06
2463710.5,A.D. 2033-Apr-23 00:00:00.0000,-0.8460311895069053,-0.5431535810541779,4.4996245958727974e-05,0.009009676352615044,-0.014547104249540085,1.2847899788372133e-06
2463711.5,A.D. 2033-Apr-24 00:00:00.0000,-0.836898198661244,-0.5576215528412849,4.634914516931059e-05,0.009255883638387733,-0.014388112495450219,1.4186743518258223e-06
2463712.5,A.D. 2033-Apr-25 00:00:00.0000,-0.8275202874162647,-0.5719283454169304,4.782720474335399e-05,0.0094994942913055,-0.014224739296466506,1.53338856701455e-06
2463713.5,A.D. 2033-Apr-26 00:00:00.0000,-0.8179001263309901,-0.5860695606646887,4.940614958109535e-05,0.00974035518401781,-0.014056954725818712,1.6188297192759455e-06
2463714.5,A.D. 2033-Apr-27 00:00:00.0000,-0.8080405541434328,-0.600040783324912,5.105216777396582e-05,0.0099782841510423,-0.01388475695167937,1.6662811088318146e-06
2463715.5,A.D. 2033-Apr-28 00:00:00.0000,-0.7979446021176959,-0.6138376163401179,5.272407838702458e-05,0.010213080857515046,-0.013708186197336639,1.6699766505340203e-06
2463716.5,A.D. 2033-Apr-29 00:00:00.0000,-0.7876155033571123,-0.6274557275025375,5.437696808123773e-05,0.010444545535459942,-0.0135273323830462,1.6283722658633286e-06
2463717.5,A.D. 2033-Apr-30 00:00:00.0000,-0.7770566813884584,-0.6408908984686559,5.596670628148084e-05,0.010672500527703745,-0.013342331744924886,1.5445523545631098e-06
2463718.5,A.D. 2033-May-01 00:00:00.0000,-0.7662717189906688,-0.6541390646545203,5.7454311137021e-05,0.010896807002267821,-0.013153352486962398,1.4255284089735615e-06
2463719.5,A.D. 2033-May-02 00:00:00.0000,-0.7552643152580681,-0.6671963374088723,5.880916076108575e-05,0.011117371236797693,-0.012960574899275103,1.2807189780721372e-06
2463720.5,A.D. 2033-May-03 00:00:00.0000,-0.744038241941423,-0.6800590066529323,6.001053389709534e-05,0.011334140194553791,-0.012764173303559096,1.1202400599920514e-06
2463721.5,A.D. 2033-May-04 00:00:00.0000,-0.7325973079033612,-0.6927235286020759,6.10475929334878e-05,0.011547090629150918,-0.01256430474155981,9.535697111267421e-07
2463722.5,A.D. 2033-May-05 00:00:00.0000,-0.720945335444199,-0.7051865060191976,6.191833297908845e-05,0.011756217036775148,-0.012361105169084657,7.888258079863945e-07
2463723.5,A.D. 2033-May-06 00:00:00.0000,-0.7090861476409945,-0.7174446675890943,6.26280960627181e-05,0.011961522073694456,-0.012154691028402737,6.325901868857858e-07
2463724.5,A.D. 2033-May-07 00:00:00.0000,-0.6970235634314312,-0.7294948503458794,6.318809758908114e-05,0.012163010689907912,-0.011945163332848228,4.900714372118836e-07
2463725.5,A.D. 2033-May-08 00:00:00.0000,-0.6847613968217197,-0.7413339864689659,6.361419692860354e-05,0.01236068760499798,-0.011732612029796663,3.654006595101198e-07
2463726.5,A.D. 2033-May-09 00:00:00.0000,-0.6723034573685354,-0.7529590940195054,6.392596792868529e-05,0.012554557097089244,-0.01151711938237564,2.6191769466573074e-07
2463727.5,A.D. 2033-May-10 00:00:00.0000,-0.6596535501692651,-0.7643672703386594,6.414601635574902e-05,0.012744624030854535,-0.011298761875555506,1.823702781669023e-07
2463728.5,A.D. 2033-May-11 00:00:00.0000,-0.6468154745852773,-0.7755556865864442,6.429943830701911e-05,0.012930895232595252,-0.011077610610407114,1.289942974534829e-07
2463729.5,A.D. 2033-May-12 00:00:00.0000,-0.6337930217112703,-0.7865215820012431,6.441329714886165e-05,0.013113380523351975,-0.010853730402032262,1.0347182110722517e-07
2463730.5,A.D. 2033-May-13 00:00:00.0000,-0.6205899712036334,-0.7972622567607536,6.451600348807317e-05,0.013292092896235078,-0.010627177959123128,1.0678334320440755e-07
2463731.5,A.D. 2033-May-14 00:00:00.0000,-0.6072100885071536,-0.8077750627710132,6.46365078242414e-05,0.013467047503649318,-0.01039799965521489,1.3898786742177282e-07
2463732.5,A.D. 2033-May-15 00:00:00.0000,-0.5936571237458174,-0.8180573922716743,6.480325699188156e-05,0.013638259345571647,-0.010166229493962089,1.989795220079594e-07
2463733.5,A.D. 2033-May-16 00:00:00.0000,-0.5799348135181754,-0.8281066647573688,6.504291921064179e-05,0.013805739822948785,-0.009931887868806829,2.8427777200273345e-07
2463734.5,A.D. 2033-May-17 00:00:00.0000,-0.5660468865392692,-0.8379203132564581,6.537893871888115e-05,0.01396949257846825,-0.009694981574979444,3.909040190754364e-07
2463735.5,A.D. 2033-May-18 00:00:00.0000,-0.5519970735642136,-0.8474957713409708,6.58300255456838e-05,0.014129509188703298,-0.009455505266786327,5.133788728169197e-07
2463736.5,A.D. 2033-May-19 00:00:00.0000,-0.5377891214713307,-0.856830462288685,6.640870740660862e-05,0.014285765225395925,-0.009213444271016873,6.448484684586073e-07
2463737.5,A.D. 2033-May-20 00:00:00.0000,-0.5234268109579251,-0.8659217916369382,6.712006814774885e-05,0.014438217001237914,-0.008968778515660837,7.773286184312283e-07
2463738.5,A.D. 2033-May-21 00:00:00.0000,-0.5089139770977723,-0.8747671441429448,6.7960783719964e-05,0.014586799109346307,-0.00872148740248958,9.020548661462512e-07
2463739.5,A.D. 2033-May-22 00:00:00.0000,-0.49425453192781654,-0.8833638861035601,6.891856316526616e-05,0.014731422858412856,-0.008471555684134595,1.0099459589047143e-06
2463740.5,A.D. 2033-May-23 00:00:00.0000,-0.4794524879996653,-0.8917093741499398,6.997212227097274e-05,0.014871976019411252,-0.008218980573101267,1.092212092238053e-06
2463741.5,A.D. 2033-May-24 00:00:00.0000,-0.46451198115281905,-0.8998009717961072,7.109185149437986e-05,0.015008324839503295,-0.007963780093492157,1.1411372911621677e-06
2463742.5,A.D. 2033-May-25 00:00:00.0000,-0.4494372895866611,-0.9076360746741459,7.22413454630749e-05,0.015140319652167458,-0.007706001869818763,1.1510069415965123e-06
2463743.5,A.D. 2033-May-26 00:00:00.0000,-0.43423284508645676,-0.9152121439742659,7.337987707499503e-05,0.015267805022416514,-0.007445730304075223,1.1190333485570273e-06
2463744.5,A.D. 2033-May-27 00:00:00.0000,-0.41890323199758545,-0.9225267450334665,7.446568654283747e-05,0.015390633820333292,-0.007183089188803361,1.0460079879370133e-06
2463745.5,A.D. 2033-May-28 00:00:00.0000,-0.4034531712685024,-0.9295775851658089,7.545965912659773e-05,0.015508682354573958,-0.006918237316749932,9.36384420951812e-07
2463746.5,A.D. 2033-May-29 00:00:00.0000,-0.3878874906506416,-0.9363625434313357,7.632873135805617e-05,0.015621862168288472,-0.006651356999522559,7.976509034891754e-07
2463747.5,A.D. 2033-May-30 00:00:00.0000,-0.37221108641699396,-0.9428796865203899,7.70483626730458e-05,0.015730124775552776,-0.006382638496724437,6.391370053561148e-07
2463748.5,A.D. 2033-May-31 00:00:00.0000,-0.3564288843896904,-0.9491272689959606,7.76036842470201e-05,0.01583345844829835,-0.00611226510711752,4.706346663070203e-07
2463749.5,A.D. 2033-Jun-01 00:00:00.0000,-0.3405458073056653,-0.9551037207043683,7.798935172979144e-05,0.01593187932929894,-0.005840402891207056,3.0124340604905145e-07
2463750.5,A.D. 2033-Jun-02 00:00:00.0000,-0.32456675232129045,-0.9608076269416007,7.820846509114906e-05,0.01602542068663661,-0.0055671964677410785,1.386796779029635e-07
2463751.5,A.D. 2033-Jun-03 00:00:00.0000,-0.30849657876223396,-0.966237707105503,7.827104368508884e-05,0.016114123593616855,-0.005292769877545497,-1.0935781062775914e-08
2463752.5,A.D. 2033-Jun-04 00:00:00.0000,-0.2923401037153657,-0.9713927958460321,7.819247390562533e-05,0.01619803069934892,-0.005017230327703191,-1.429492788392035e-07
2463753.5,A.D. 2033-Jun-05 00:00:00.0000,-0.2761021021963973,-0.9762718284945536,7.79921818862617e-05,0.016277183237727613,-0.004740672701868998,-2.538808726790091e-07
2463754.5,A.D. 2033-Jun-06 00:00:00.0000,-0.2597873089680193,-0.980873830756194,7.769261930599912e-05,0.016351620563085797,-0.004463183400560148,-3.4111118262677374e-07
2463755.5,A.D. 2033-Jun-07 00:00:00.0000,-0.24340041996286702,-0.9851979115794193,7.731853196977255e-05,0.016421381242740257,-0.004184842782331502,-4.026401805950578e-07
2463756.5,A.D. 2033-Jun-08 00:00:00.0000,-0.22694609222206422,-0.9892432576543171,7.689641231112818e-05,0.016486504791781844,-0.0039057259694636978,-4.3696568197694036e-07
2463757.5,A.D. 2033-Jun-09 00:00:00.0000,-0.2104289421101655,-0.9930091279123896,7.645400486853581e-05,0.016547033263931393,-0.003625902071729278,-4.431001991424008e-07
2463758.5,A.D. 2033-Jun-10 00:00:00.0000,-0.19385354230118948,-0.996494846556546,7.601972564884642e-05,0.016603012010058364,-0.0033454320815675728,-4.2072441657229003e-07
2463759.5,A.D. 2033-Jun-11 00:00:00.0000,-0.17722441867917163,-0.9996997935067735,7.562186819527164e-05,0.016654488998859796,-0.0030643659094912313,-3.7045440587526236e-07
2463760.5,A.D. 2033-Jun-12 00:00:00.0000,-0.1605460488340346,-1.0026233917471261,7.528750533132027e-05,0.016701512252328892,-0.0027827392984295257,-2.9417196618436136e-07
2463761.5,A.D. 2033-Jun-13 00:00:00.0000,-0.14382286413084924,-1.0052650919352664,7.504106212939026e-05,0.016744125284657168,-0.002500571617045419,-1.9533561008219199e-07
2463762.5,A.D. 2033-Jun-14 00:00:00.0000,-0.1270592571849943,-1.007624355704018,7.490263118854873e-05,0.016782360976709137,-0.002217865623549483,-7.916662698005785e-08
2463763.5,A.D. 2033-Jun-15 00:00:00.0000,-0.11025959582826182,-1.0097006400805577,7.488620755536076e-05,0.016816234941986044,-0.0019346100315803198,4.7390581688201425e-08
2463764.5,A.D. 2033-Jun-16 00:00:00.0000,-0.0934282433541779,-1.011493385979102,7.49981023810633e-05,0.016845739860496485,-0.0016507850489212723,1.7598992489109128e-07
2463765.5,A.D. 2033-Jun-17 00:00:00.0000,-0.07656958334032606,-1.0130020134674804,7.523581432492121e-05,0.01687084218930244,-0.0013663702061735132,2.9746779606828126e-07
2463766.5,A.D. 2033-Jun-18 00:00:00.0000,-0.05968804620047159,-1.0142259254686659,7.558758072750297e-05,0.016891482057505795,-0.0010813531493398905,4.025989243951022e-07
2463767.5,A.D. 2033-Jun-19 00:00:00.0000,-0.042788134228745105,-1.0151645201282473,7.603271876865792e-05,0.01690757631842942,-0.0007957379621184505,4.828998805184913e-07
2463768.5,A.D. 2033-Jun-20 00:00:00.0000,-0.025874442267134777,-1.015817210815238,7.654274766224711e-05,0.01691902411761951,-0.0005095519870433878,5.313732029797491e-07
2463769.5,A.D. 2033-Jun-21 00:00:00.0000,-0.00895167187611883,-1.0161834519749284,7.708319694132847e-05,0.016925714202169335,-0.00022285066477380924,5.431282861198632e-07
2463770.5,A.D. 2033-Jun-22 00:00:00.0000,0.007975362431189825,-1.0162627687489105,7.761595985744027e-05,0.016927533413553967,6.427980123658888e-05,5.158460222103403e-07
2463771.5,A.D. 2033-Jun-23 00:00:00.0000,0.024901735878821833,-1.0160547880614335,7.810201913507183e-05,0.016924375973771902,0.0003517222473112987,4.5005092206051155e-07
2463772.5,A.D. 2033-Jun-24 00:00:00.0000,0.04182242556816649,-1.0155592684574521,7.850432416143997e-05,0.016916152957172206,0.0006393313379974516,3.4912999510638563e-07
2463773.5,A.D. 2033-Jun-25 00:00:00.0000,0.058732331716199876,-1.01477612546762,7.879053166364914e-05,0.01690280076463392,0.0009269397510793834,2.1903187365530827e-07
2463774.5,A.D. 2033-Jun-26 00:00:00.0000,0.07562630617936623,-1.0137054491750812,7.893527460130094e-05,0.016884286929752138,0.0012143674476327233,6.76284704305278e-08
2463775.5,A.D. 2033-Jun-27 00:00:00.0000,0.09249918479542284,-1.01234751151882,7.892165356082773e-05,0.016860611762444463,0.0015014326013104637,-9.617859033317253e-08
2463776.5,A.D. 2033-Jun-28 00:00:00.0000,0.109345819036458,-1.0107027627652385,7.874177966875025e-05,0.01683180537087302,0.001787961929767048,-2.6342570303983734e-07
2463777.5,A.D. 2033-Jun-29 00:00:00.0000,0.12616110272641615,-1.0087718188872572,7.839640272935156e-05,0.0167979210424934,0.0020737982464515787,-4.2591586679303e-07
2463778.5,A.D. 2033-Jun-30 00:00:00.0000,0.1429399911410719,-1.0065554433267565,7.789384923418312e-05,0.01675902700542615,0.002358804061273027,-5.767532312455497e-07
2463779.5,A.D. 2033-Jul-01 00:00:00.0000,0.15967751197388574,-1.004054527106911,7.724859543987761e-05,0.016715198718601842,0.0026428614126784993,-7.105410973278705e-07
2463780.5,A.D. 2033-Jul-02 00:00:00.0000,0.1763687695119614,-1.0012700705292799,7.647978848280098e-05,0.016666513168773798,0.0029258691102332004,-8.233041995881946e-07
2463781.5,A.D. 2033-Jul-03 00:00:00.0000,0.19300894436897384,-0.998203168294243,7.560993624712555e-05,0.01661304570108412,0.0032077388891703137,-9.122493982172089e-07
2463782.5,A.D. 2033-Jul-04 00:00:00.0000,0.20959329123822798,-0.9948549984592128,7.46638680800049e-05,0.016554869144123015,0.0034883917593057597,-9.7548088086583e-07
2463783.5,A.D. 2033-Jul-05 00:00:00.0000,0.22611713665731542,-0.9912268145807935,7.366796439540546e-05,0.016492054584145995,0.003767755391406123,-1.0117593334635042e-06
2463784.5,A.D. 2033-Jul-06 00:00:00.0000,0.2425758780530229,-0.9873199397568083,7.26495799301001e-05,0.016424673022667795,0.004045762975872805,-1.0203627062550414e-06
2463785.5,A.D. 2033-Jul-07 00:00:00.0000,0.2589649845675353,-0.9831357610034693,7.163654109205815e-05,0.016352797156140585,0.004322353699358383,-1.0010809845904757e-06
2463786.5,A.D. 2033-Jul-08 00:00:00.0000,0.2752799994111566,-0.9786757223665952,7.065657517992635e-05,0.016276502521612474,0.004597474771006433,-9.543583947713978e-07
2463787.5,A.D. 2033-Jul-09 00:00:00.0000,0.2915165427188544,-0.9739413153489664,6.973652564717742e-05,0.016195867226581617,0.004871084685716374,-8.815756450727685e-07
2463788.5,A.D. 2033-Jul-10 00:00:00.0000,0.3076703131067766,-0.9689340657214416,6.890123003995752e-05,0.016110969502559035,0.005143157039908094,-7.854319786046395e-07
2463789.5,A.D. 2033-Jul-11 00:00:00.0000,0.3237370854587672,-0.9636555167159837,6.817200100816824e-05,0.016021882565401855,0.0054136837085888585,-6.703371674839542e-07
2463790.5,A.D. 2033-Jul-12 00:00:00.0000,0.33971270224604644,-0.9581072100394047,6.756476916589034e-05,0.01592866692645678,0.00568267572750156,-5.42667527051724e-07
2463791.5,A.D. 2033-Jul-13 00:00:00.0000,0.355593056351275,-0.952290667875218,6.708811141209365e-05,0.015831361404756814,0.005950160191125461,-4.1071041982059137e-07
2463792.5,A.D. 2033-Jul-14 00:00:00.0000,0.37137406523090255,-0.9462073804008435,6.674155033576375e-05,0.01572997527173985,0.006216172301030378,-2.8416398475146907e-07
2463793.5,A.D. 2033-Jul-15 00:00:00.0000,0.38705163901704565,-0.9398588034146853,6.651458307811554e-05,0.015624484443990687,0.006480743406431387,-1.731939502674747e-07
2463794.5,A.D. 2033-Jul-16 00:00:00.0000,0.40262164775471887,-0.933246368857758,6.638680513098097e-05,0.015514833746933493,0.006743887743952252,-8.723144611735337e-08
2463795.5,A.D. 2033-Jul-17 00:00:00.0000,0.41807989400380324,-0.9263715077583509,6.632923938511309e-05,0.01540094516517449,0.007005591423047157,-3.3819094419403106e-08
2463796.5,A.D. 2033-Jul-18 00:00:00.0000,0.4334220958138894,-0.9192356818718572,6.630667076125987e-05,0.015282729836057782,0.007265806348044434,-1.7791624342345016e-08
2463797.5,A.D. 2033-Jul-19 00:00:00.0000,0.44864388223879725,-0.911840418555428,6.62805683312167e-05,0.015160100619789939,0.007524449761712864,-4.092733011152116e-08
2463798.5,A.D. 2033-Jul-20 00:00:00.0000,0.4637408005991664,-0.9041873437225468,6.621213067846548e-05,0.015032982716023461,0.007781408245777681,-1.0203229488895572e-07
2463799.5,A.D. 2033-Jul-21 00:00:00.0000,0.47870833286698494,-0.8962782093687668,6.606508665152596e-05,0.014901321227033613,0.008036544260452756,-1.9731968634711756e-07
2463800.5,A.D. 2033-Jul-22 00:00:00.0000,0.49354191809584286,-0.8881149139849209,6.580802931550303e-05,0.014765085763976107,0.00828970362342169,-3.209444006496021e-07
2463801.5,A.D. 2033-Jul-23 00:00:00.0000,0.5082369782101643,-0.8796995154100433,6.541617672923308e-05,0.014624272651799839,0.008540723063984405,-4.6560486983962535e-07
2463802.5,A.D. 2033-Jul-24 00:00:00.0000,0.5227889449869828,-0.8710342362438492,6.487251529179757e-05,0.014478905153385237,0.0087894375134502,-6.231717186414798e-07
2463803.5,A.D. 2033-Jul-25 00:00:00.0000,0.5371932863362088,-0.8621214621993608,6.416831162825281e-05,0.014329031849686475,0.00903568688023391,-7.853169475060756e-07
2463804.5,A.D. 2033-Jul-26 00:00:00.0000,0.5514455300625277,-0.852963734114467,6.33030113615931e-05,0.014174723246796085,0.009279321863486907,-9.441021503677284e-07
2463805.5,A.D. 2033-Jul-27 00:00:00.0000,0.5655412834624335,-0.8435637348818409,6.228359496876668e-05,0.014016066922692938,0.009520208201694195,-1.0924653080227814e-06
2463806.5,A.D. 2033-Jul-28 00:00:00.0000,0.5794762476106774,-0.8339242731296804,6.112352294642683e-05,0.0138531619018244,0.009758228867286377,-1.2245472157992026e-06
2463807.5,A.D. 2033-Jul-29 00:00:00.0000,0.5932462260193925,-0.8240482657951677,5.984144902037267e-05,0.0136861131854353,0.009993284112115397,-1.3358274412766898e-06
2463808.5,A.D. 2033-Jul-30 00:00:00.0000,0.6068471282778518,-0.8139387215829196,5.845988883414865e-05,0.013515027306153064,0.01022528975278692,-1.4230832784432863e-06
2463809.5,A.D. 2033-Jul-31 00:00:00.0000,0.6202749700028596,-0.8035987267186231,5.700399784857405e-05,0.013340009449817211,0.010454174434467688,-1.48422321507264e-06
2463810.5,A.D. 2033-Aug-01 00:00:00.0000,0.6335258707602578,-0.7930314335966729,5.550054936019128e-05,0.01316116226131978,0.010679876715424436,-1.5180654175518627e-06
2463811.5,A.D. 2033-Aug-02 00:00:00.0000,0.6465960515429786,-0.7822400521187091,5.397713207257383e-05,0.012978586087194778,0.010902342707132487,-1.524130909956352e-06
2463812.5,A.D. 2033-Aug-03 00:00:00.0000,0.6594818330165494,-0.7712278428852257,5.246152273471512e-05,0.012792380175093558,0.011121524797462583,-1.5025084416262545e-06
2463813.5,A.D. 2033-Aug-04 00:00:00.0000,0.6721796351930763,-0.7599981109834439,5.0981140247645486e-05,0.01260264422204785,0.011337381770737676,-1.4538322704686162e-06
2463814.5,A.D. 2033-Aug-05 00:00:00.0000,0.6846859785388918,-0.748554198899438,4.956245407782089e-05,0.012409479567453049,0.011549880441662089,-1.3793987586598347e-06
2463815.5,A.D. 2033-Aug-06 00:00:00.0000,0.6969974857617524,-0.7368994770762028,4.823020257620257e-05,0.012212989212348821,0.011758998684114829,-1.2814291438459126e-06
2463816.5,A.D. 2033-Aug-07 00:00:00.0000,0.7091108826482636,-0.7250373309321106,4.700628364447665e-05,0.012013275743808078,0.01196472935477755,-1.1634542632949425e-06
2463817.5,A.D. 2033-Aug-08 00:00:00.0000,0.7210229954112102,-0.7129711439398536,4.5908229854366594e-05,0.0118104363140654,0.012167084000642023,-1.0307415858359217e-06
2463818.5,A.D. 2033-Aug-09 00:00:00.0000,0.732730741373186,-0.700704277857773,4.494729789350667e-05,0.0116045543646477,0.012366094473625685,-8.906060754752724e-07
2463819.5,A.D. 2033-Aug-10 00:00:00.0000,0.7442311100796505,-0.6882400533854678,4.412639949003843e-05,0.011395689071618746,0.012561810068976468,-7.523748140976501e-07
2463820.5,A.D. 2033-Aug-11 00:00:00.0000,0.755521133829431,-0.6755817367590461,4.343833803838198e-05,0.01118386537083027,0.012754288325030555,-6.267815783855813e-07
2463821.5,A.D. 2033-Aug-12 00:00:00.0000,0.7665978503067024,-0.662732538720216,4.286497355142793e-05,0.010969068898602372,0.012943579790380562,-5.247272550393299e-07
2463822.5,A.D. 2033-Aug-13 00:00:00.0000,0.7774582642981215,-0.649695630367956,4.237785952102701e-05,0.010751249662115322,0.01312971035516469,-4.5564230476819617e-07
2463823.5,A.D. 2033-Aug-14 00:00:00.0000,0.7880993178723987,-0.6364741754543255,4.194051043162498e-05,0.010530335015190132,0.013312667062175699,-4.259595164989551e-07
2463824.5,A.D. 2033-Aug-15 00:00:00.0000,0.7985178767663844,-0.6230713728865187,4.151191415673521e-05,0.010306248164180453,0.013492392466194752,-4.382223906652561e-07
2463825.5,A.D. 2033-Aug-16 00:00:00.0000,0.8087107354791883,-0.6094904999038031,4.105050325398422e-05,0.010078926046193065,0.013668788733439257,-4.910639198607706e-07
2463826.5,A.D. 2033-Aug-17 00:00:00.0000,0.8186746377359795,-0.5957349473993251,4.051776387726104e-05,0.009848331622686187,0.013841728517602903,-5.79899994001127e-07
2463827.5,A.D. 2033-Aug-18 00:00:00.0000,0.8284063056620465,-0.5818082429444215,3.988095005705579e-05,0.009614459046281347,0.014011067913791636,-6.979572212650295e-07
2463828.5,A.D. 2033-Aug-19 00:00:00.0000,0.8379024710876678,-0.5677140614477681,3.911475705520344e-05,0.009377333153259587,0.01417665779230714,-8.372796913723143e-07
2463829.5,A.D. 2033-Aug-20 00:00:00.0000,0.8471599045881281,-0.5534562260202417,3.820208534584132e-05,0.009137005869565382,0.0143383519688786,-9.895244829475288e-07
2463830.5,A.D. 2033-Aug-21 00:00:00.0000,0.8561754403228148,-0.5390387022195103,3.713413174129112e-05,0.008893551678963808,0.014496012397014679,-1.1465167182679396e-06
2463831.5,A.D. 2033-Aug-22 00:00:00.0000,0.8649459963839212,-0.5244655882163876,3.5910023680882206e-05,0.008647063278223554,0.01464951229701585,-1.3006203897420977e-06
2463832.5,A.D. 2033-Aug-23 00:00:00.0000,0.8734685910305326,-0.5097411024915438,3.453614522007336e-05,0.008397647689218357,0.014798738080577563,-1.444994141411289e-06
2463833.5,A.D. 2033-Aug-24 00:00:00.0000,0.8817403552094368,-0.4948695699970595,3.3025245218597404e-05,0.008145422685119873,0.014943590539157253,-1.5737754611072006e-06
2463834.5,A.D. 2033-Aug-25 00:00:00.0000,0.889758541583998,-0.4798554074466807,3.139539133388154e-05,0.007890513364737955,0.01508398539239336,-1.6822046047128512e-06
2463835.5,A.D. 2033-Aug-26 00:00:00.0000,0.8975205302090521,-0.46470310840997026,2.9668833198640908e-05,0.007633048891431484,0.015219853115871427,-1.7666804078101499e-06
2463836.5,A.D. 2033-Aug-27 00:00:00.0000,0.9050238311101484,-0.4494172289625729,2.7870847701310184e-05,0.00737315961006685,0.015351138006238493,-1.8247397478883488e-06
2463837.5,A.D. 2033-Aug-28 00:00:00.0000,0.9122660842932567,-0.4340023746065505,2.602864142370062e-05,0.007110974839402439,0.015477796614890866,-1.854966253886966e-06
2463838.5,A.D. 2033-Aug-29 00:00:00.0000,0.9192450579873054,-0.4184631889449894,2.4170370435388592e-05,0.006846621571716968,0.015599795872412012,-1.8568523010305286e-06
2463839.5,A.D. 2033-Aug-30 00:00:00.0000,0.9259586460725963,-0.40280434420526057,2.2324305888379857e-05,0.006580224136830764,0.01571711134470511,-1.8306525492491393e-06
2463840.5,A.D. 2033-Aug-31 00:00:00.0000,0.9324048655988725,-0.3870305332482786,2.0518131965029225e-05,0.006311904673510528,0.015829726077139537,-1.7772730608185674e-06
2463841.5,A.D. 2033-Sep-01 00:00:00.0000,0.9385818550360592,-0.3711464622745711,1.877831924610857e-05,0.006041784047552946,0.015937630411470165,-1.698237776731783e-06
2463842.5,A.D. 2033-Sep-02 00:00:00.0000,0.9444878734468518,-0.355156843115425,1.7129478496717233e-05,0.00576998267173289,0.016040823026193415,-1.595765784668258e-06
2463843.5,A.D. 2033-Sep-03 00:00:00.0000,0.9501213001355975,-0.33906638384182575,1.5593573220866072e-05,0.005496620502295027,0.0161393132452651,-1.4729778135112077e-06
2463844.5,A.D. 2033-Sep-04 00:00:00.0000,0.9554806335150358,-0.3228797765342642,1.418886321818417e-05,0.005221815318595778,0.016233124319022862,-1.3342229005420263e-06
2463845.5,A.D. 2033-Sep-05 00:00:00.0000,0.9605644869946697,-0.30660168161569884,1.2928483306074925e-05,0.004945678338605779,0.016322296810193884,-1.185465643164829e-06
2463846.5,A.D. 2033-Sep-06 00:00:00.0000,0.965371578862324,-0.29023670941216023,1.1818658875657756e-05,0.004668306547560531,0.016406890394731793,-1.0345938542999718e-06
2463847.5,A.D. 2033-Sep-07 00:00:00.0000,0.9699007129731642,-0.27378940172598604,1.0856747970038314e-05,0.004389772204742639,0.016486981575731433,-8.914121172375978e-07
2463848.5,A.D. 2033-Sep-08 00:00:00.0000,0.9741507484715437,-0.2572642188348444,1.0029563868741296e-05,0.004110112022922815,0.016562654776093727,-7.670443558088313e-07
2463849.5,A.D. 2033-Sep-09 00:00:00.0000,0.9781205604479463,-0.24066553914527192,9.312667201844573e-06,0.003829320792341214,0.016633986093693206,-6.725882344206622e-07
2463850.5,A.D. 2033-Sep-10 00:00:00.0000,0.9818089987349246,-0.22399767761470774,8.671319006765215e-06,0.0035473547920925846,0.01670102293188224,-6.172073638558999e-07
2463851.5,A.D. 2033-Sep-11 00:00:00.0000,0.9852148561607762,-0.2072649236866171,8.063381875753603e-06,0.0032641471929287028,0.01676376674879133,-6.062716609288685e-07
2463852.5,A.D. 2033-Sep-12 00:00:00.0000,0.9883368568296755,-0.19047159159242963,7.443730221315844e-06,0.0029796315333883738,0.016822166590419834,-6.403131987071829e-07
2463853.5,A.D. 2033-Sep-13 00:00:00.0000,0.9911736683718181,-0.17362207025137485,6.769094830693329e-06,0.0026937646082086015,0.016876126238595808,-7.152213438374571e-07
2463854.5,A.D. 2033-Sep-14 00:00:00.0000,0.9937239332943535,-0.1567208606485258,6.002153845145162e-06,0.0024065408230545893,0.016925520984073798,-8.234722561756073e-07
2463855.5,A.D. 2033-Sep-15 00:00:00.0000,0.9959863090731572,-0.13977259477009918,5.114134088076447e-06,0.0021179954043964873,0.016970216467111505,-9.557624624459038e-07
2463856.5,A.D. 2033-Sep-16 00:00:00.0000,0.9979595068767568,-0.12278203736829732,4.0858398132863744e-06,0.0018281991976958336,0.01701008346489376,-1.1024417155847922e-06
2463857.5,A.D. 2033-Sep-17 00:00:00.0000,0.9996423228891713,-0.10575407605226517,2.9074859715252737e-06,0.001537249850632403,0.017045006399325043,-1.2544511101050896e-06
2463858.5,A.D. 2033-Sep-18 00:00:00.0000,1.00103366068977,-0.0886937057042683,1.5778458376300205e-06,0.0012452632178972243,0.01707488649278355,-1.4037752829943588e-06
2463859.5,A.D. 2033-Sep-19 00:00:00.0000,1.0021325459866683,-0.0716060115273007,1.0312567655280123e-07,0.0009523668088417942,0.017099641718732277,-1.5435665591523934e-06
2463860.5,A.D. 2033-Sep-20 00:00:00.0000,1.0029381359530978,-0.0544961529091512,-1.504193323902008e-06,0.0006586954909652056,0.0171192054836091,-1.6681112208989707e-06
2463861.5,A.D. 2033-Sep-21 00:00:00.0000,1.0034497251659307,-0.037369348711040036,-3.226452397515617e-06,0.0003643888648453612,0.01713352522816961,-1.7727561353941882e-06
2463862.5,A.D. 2033-Sep-22 00:00:00.0000,1.0036667494375078,-0.02023086377483669,-5.041845288304367e-06,6.958955809188411e-05,0.017142561419446485,-1.8538526124971935e-06
2463863.5,A.D. 2033-Sep-23 00:00:00.0000,1.003588788145954,-0.003085996232842707,-6.925406591523766e-06,-0.00022555814644328084,0.0171462869269082,-1.9087280584015906e-06
2463864.5,A.D. 2033-Sep-24 00:00:00.0000,1.0032155652238193,0.01405993465931198,-8.849979990547773e-06,-0.0005209096477792213,0.01714468655582767,-1.935670594902038e-06
2463865.5,A.D. 2033-Sep-25 00:00:00.0000,1.002546948805016,0.03120160019821167,-1.0787168636700477e-05,-0.0008163213600019301,0.017137756498249015,-1.9339055280503014e-06
2463866.5,A.D. 2033-Sep-26 00:00:00.0000,1.0015829495963495,0.04833367326278762,-1.2708251859514604e-05,-0.0011116518982437977,0.017125503586740486,-1.9035505342126838e-06
2463867.5,A.D. 2033-Sep-27 00:00:00.0000,1.0003237182161109,0.06545083852004153,-1.4585046769699724e-05,-0.0014067629309535792,0.017107944418218824,-1.8455521332276944e-06
2463868.5,A.D. 2033-Sep-28 00:00:00.0000,0.9987695418964176,0.08254780178031867,-1.6390704287882697e-05,-0.0017015195954948506,0.017085104577660725,-1.76162238310653e-06
2463869.5,A.D. 2033-Sep-29 00:00:00.0000,0.9969208409670555,0.09961929875706653,-1.810045428441403e-05,-0.00199579054923648,0.017057018277965467,-1.6542059419439725e-06
2463870.5,A.D. 2033-Sep-30 00:00:00.0000,0.9947781653579494,0.11666010380232854,-1.9692346740166585e-05,-0.0022894479494021064,0.017023728713516914,-1.5265101673287585e-06
2463871.5,A.D. 2033-Oct-01 00:00:00.0000,0.9923421909490682,0.13366503942828373,-2.1148065382848815e-05,-0.0025823678835773544,0.016985289286724777,-1.3826227030916547e-06
2463872.5,A.D. 2033-Oct-02 00:00:00.0000,0.9896137149703629,0.15062898745685976,-2.24539050783385e-05,-0.002874431972392991,0.01694176558427134,-1.2277190852783577e-06
2463873.5,A.D. 2033-Oct-03 00:00:00.0000,0.9865936488707973,0.1675469022973973,-2.3601988055326934e-05,-0.0031655309622021883,0.016893237506143025,-1.0683216209301788e-06
2463874.5,A.D. 2033-Oct-04 00:00:00.0000,0.9832830063147777,0.18441382592638325,-2.4591724270985287e-05,-0.00345557094295664,0.016839800259260497,-9.125044292415072e-07
2463875.5,A.D. 2033-Oct-05 00:00:00.0000,0.9796828836489516,0.20122490246111085,-2.543137421306359e-05,-0.003744482060050758,0.016781562154405634,-7.698546873662039e-07
2463876.5,A.D. 2033-Oct-06 00:00:00.0000,0.9757944310525144,0.21797538791947427,-2.613934681368161e-05,-0.004032227962051303,0.01671863681225138,-6.5093906447233e-07
2463877.5,A.D. 2033-Oct-07 00:00:00.0000,0.9716188154459253,0.23466064874148018,-2.6744627622454178e-05,-0.004318811995350113,0.01665112846588346,-5.660805711551506e-07
2463878.5,A.D. 2033-Oct-08 00:00:00.0000,0.9671571810800781,0.25127614278923194,-2.7285653680056604e-05,-0.004604274772736626,0.016579112318814815,-5.235225913987894e-07
2463879.5,A.D. 2033-Oct-09 00:00:00.0000,0.9624106185479893,0.26781738076034894,-2.7807244348059825e-05,-0.004888679549611858,0.016502616410950643,-5.274999473500006e-07
2463880.5,A.D. 2033-Oct-10 00:00:00.0000,0.9573801538797364,0.2842798738692839,-2.8355900785088778e-05,-0.005172087668106641,0.016421613626024373,-5.770455394858216e-07
2463881.5,A.D. 2033-Oct-11 00:00:00.0000,0.952066763693376,0.3006590810185496,-2.8974564935205537e-05,-0.0054545327988967714,0.01633602889990332,-6.661582255272742e-07
2463882.5,A.D. 2033-Oct-12 00:00:00.0000,0.9464714123418464,0.3169503699228243,-2.9698231699101653e-05,-0.005736004117146055,0.016245758780967116,-7.852645034677335e-07
2463883.5,A.D. 2033-Oct-13 00:00:00.0000,0.9405950990877934,0.33314900036992257,-3.0551386169237334e-05,-0.006016443214336554,0.016150694491735833,-9.232593417025756e-07
2463884.5,A.D. 2033-Oct-14 00:00:00.0000,0.9344389023300583,0.34925012857310994,-3.1547416857738284e-05,-0.006295752178101547,0.016050739970690953,-1.0693019628992258e-06
2463885.5,A.D. 2033-Oct-15 00:00:00.0000,0.9280040128030727,0.36524882530838154,-3.268949322270495e-05,-0.006573806457262712,0.01594582125587756,-1.213914475460203e-06
2463886.5,A.D. 2033-Oct-16 00:00:00.0000,0.9212917539554017,0.3811400994399538,-3.3972177416672336e-05,-0.0068504669324631375,0.01583588832491609,-1.3493789916205906e-06
2463887.5,A.D. 2033-Oct-17 00:00:00.0000,0.914303591902511,0.3969189208224838,-3.5383177795526934e-05,-0.007125588486430166,0.015720912566315207,-1.469670787527841e-06
2463888.5,A.D. 2033-Oct-18 00:00:00.0000,0.907041138733339,0.4125802397577174,-3.69049156103211e-05,-0.007399024822298385,0.0156008828207435,-1.57019005158194e-06
2463889.5,A.D. 2033-Oct-19 00:00:00.0000,0.8995061524960168,0.4281190025820093,-3.851580308471261e-05,-0.007670630488815769,0.015475801805679727,-1.6474752954982103e-06
2463890.5,A.D. 2033-Oct-20 00:00:00.0000,0.8917005360463196,0.44353016422013875,-4.019126717247914e-05,-0.007940261321102086,0.015345683680687673,-1.6989901221924907e-06
2463891.5,A.D. 2033-Oct-21 00:00:00.0000,0.8836263358169262,0.45880869892345516,-4.190460930231065e-05,-0.008207774298370395,0.015210552824740077,-1.7230087032065066e-06
2463892.5,A.D. 2033-Oct-22 00:00:00.0000,0.8752857407285518,0.4739496102816163,-4.362779546308919e-05,-0.008473027484959981,0.015070443542617976,-1.7185867541725255e-06
2463893.5,A.D. 2033-Oct-23 00:00:00.0000,0.8666810809644739,0.48894794123354646,-4.533224728044386e-05,-0.008735880394424682,0.014925400285122778,-1.6855866108383597e-06
2463894.5,A.D. 2033-Oct-24 00:00:00.0000,0.8578148261321557,0.5037987843842401,-4.6989670349503046e-05,-0.00899619484320492,0.014775477980422133,-1.6247210489711614e-06
2463895.5,A.D. 2033-Oct-25 00:00:00.0000,0.8486895823750064,0.5184972925817756,-4.857292333861575e-05,-0.009253836163646683,0.01462074218882902,-1.537587275820083e-06
2463896.5,A.D. 2033-Oct-26 00:00:00.0000,0.8393080881837197,0.5330386895072439,-5.005690958296563e-05,-0.009508674553371682,0.014461268972078986,-1.4266770388286817e-06
2463897.5,A.D. 2033-Oct-27 00:00:00.0000,0.8296732088743595,0.5474182800172421,-5.1419467632274995e-05,-0.009760586369898207,0.014297144555869468,-1.2953664228835397e-06
2463898.5,A.D. 2033-Oct-28 00:00:00.0000,0.8197879298249839,0.5616314601291814,-5.264224852976216e-05,-0.010009455329578426,0.01412846499233536,-1.1479032746356996e-06
2463899.5,A.D. 2033-Oct-29 00:00:00.0000,0.8096553484942524,0.5756737267608245,-5.3711588862684805e-05,-0.010255173795845795,0.013955336033058402,-9.894147048740639e-07
2463900.5,A.D. 2033-Oct-30 00:00:00.0000,0.7992786649426562,0.5895406874794379,-5.4619407211102295e-05,-0.010497644570424033,0.01377787325983305,-8.25946545654723e-07
2463901.5,A.D. 2033-Oct-31 00:00:00.0000,0.7886611700839417,0.6032280704047599,-5.536415065760736e-05,-0.010736783734365339,0.013596202173165371,-6.645177475833813e-07
2463902.5,A.D. 2033-Nov-01 00:00:00.0000,0.7778062303694507,0.6167317338662016,-5.5951778651593195e-05,-0.010972524989753159,0.013410457429260005,-5.131251229551167e-07
2463903.5,A.D. 2033-Nov-02 00:00:00.0000,0.7667172673679072,0.6300476743218805,-5.63966776470793e-05,-0.011204825446665876,0.013220779859552525,-3.8057470654304515e-07
2463904.5,A.D. 2033-Nov-03 00:00:00.0000,0.7553977312489937,0.6431720294953368,-5.672225076277745e-05,-0.011433671717122918,0.013027309622738126,-2.759711960194263e-07
2463905.5,A.D. 2033-Nov-04 00:00:00.0000,0.7438510690768555,0.656101072227819,-5.6960761982033375e-05,-0.011659083617694367,0.012830174430125957,-2.077224255447626e-07
2463906.5,A.D. 2033-Nov-05 00:00:00.0000,0.732080692223719,0.6688311903937407,-5.7151940649950966e-05,-0.011881111539121565,0.012629473879253497,-1.820822531799627e-07
2463907.5,A.D. 2033-Nov-06 00:00:00.0000,0.7200899510532072,0.681358850893819,-5.734002410755387e-05,-0.012099824212742935,0.012425264296234915,-2.0157008396300699e-07
2463908.5,A.D. 2033-Nov-07 00:00:00.0000,0.7078821266361535,0.6936805516227579,-5.75694173114132e-05,-0.01231528744509363,0.01221755104846335,-2.639039233022281e-07
2463909.5,A.D. 2033-Nov-08 00:00:00.0000,0.6954604458566549,0.7057927720102898,-5.787981205377764e-05,-0.012527540056439253,0.012006293915993189,-3.620606956171849e-07
2463910.5,A.D. 2033-Nov-09 00:00:00.0000,0.6828281180641564,0.7176919355904322,-5.830201102782017e-05,-0.012736576356264068,0.0117914250691055,-4.855886200653329e-07
2463911.5,A.D. 2033-Nov-10 00:00:00.0000,0.6699883830369733,0.7293743940609845,-5.8855491225650066e-05,-0.012942341577995916,0.011572872522711147,-6.226434826951869e-07
2463912.5,A.D. 2033-Nov-11 00:00:00.0000,0.6569445569609399,0.7408364336700657,-5.9548018578440455e-05,-0.01314473974989253,0.0113505800037572,-7.619230260319149e-07
2463913.5,A.D. 2033-Nov-12 00:00:00.0000,0.6437000666821686,0.7520742972014087,-6.0376881033762465e-05,-0.013343648089041973,0.01112451785907008,-8.939102649353887e-07
2463914.5,A.D. 2033-Nov-13 00:00:00.0000,0.6302584691259644,0.7630842122129571,-6.133095341094187e-05,-0.013538931351060771,0.010894685025484505,-1.0113107094265037e-06
2463915.5,A.D. 2033-Nov-14 00:00:00.0000,0.6166234581426926,0.7738624180859849,-6.239288307761693e-05,-0.013730452262826348,0.010661105328400654,-1.1089086243306163e-06
2463916.5,A.D. 2033-Nov-15 00:00:00.0000,0.6027988633143596,0.7844051880878944,-6.354097330806172e-05,-0.013918077229317214,0.010423821739951942,-1.1831548849517993e-06
2463917.5,A.D. 2033-Nov-16 00:00:00.0000,0.5887886450438996,0.7947088457595628,-6.475062476967286e-05,-0.014101678298259649,0.010182891060767602,-1.2317257700363145e-06
2463918.5,A.D. 2033-Nov-17 00:00:00.0000,0.5745968889287345,0.804769776714074,-6.599537892658998e-05,-0.014281132871750727,0.009938380158968915,-1.2531811541688153e-06
2463919.5,A.D. 2033-Nov-18 00:00:00.0000,0.5602278009884755,0.8145844375724935,-6.724768997615385e-05,-0.014456322474769936,0.009690363992861268,-1.2467655682239268e-06
2463920.5,A.D. 2033-Nov-19 00:00:00.0000,0.5456857041884946,0.8241493637238,-6.847956825235382e-05,-0.014627131521176595,0.009438925173407916,-1.2123465786551544e-06
2463921.5,A.D. 2033-Nov-20 00:00:00.0000,0.5309750359363608,0.8334611772350548,-6.966321879036338e-05,-0.014793446677325711,0.009184154618676122,-1.1504604820435572e-06
2463922.5,A.D. 2033-Nov-21 00:00:00.0000,0.5161003457707285,0.8425165957441018,-7.077176208225931e-05,-0.014955157146782087,0.008926152773838745,-1.0624234083361863e-06
2463923.5,A.D. 2033-Nov-22 00:00:00.0000,0.5010662922611857,0.8513124426298202,-7.178007912274469e-05,-0.015112155957998684,0.008665030859316865,-9.504608782586089e-07
2463924.5,A.D. 2033-Nov-23 00:00:00.0000,0.485877638169475,0.8598456582411704,-7.266577612196415e-05,-0.015264342113252553,0.008400911670336712,-8.178106407901607e-07
2463925.5,A.D. 2033-Nov-24 00:00:00.0000,0.47053924315928436,0.8681133115561731,-7.34102235558016e-05,-0.015411623278864778,0.008133929599313302,-6.68764067397398e-07
2463926.5,A.D. 2033-Nov-25 00:00:00.0000,0.45505605371067126,0.8761126114189873,-7.399959820143296e-05,-0.015553918620941088,0.00786422977092253,-5.086297963559579e-07
2463927.5,A.D. 2033-Nov-26 00:00:00.0000,0.43943309026816385,0.8838409165054381,-7.442585097190952e-05,-0.015691161461886743,0.007591966395323435,-3.4362385343402837e-07
2463928.5,A.D. 2033-Nov-27 00:00:00.0000,0.423675431884389,0.8912957433392955,-7.468753506705026e-05,-0.015823301632132407,0.007317300551027059,-1.8070328342846227e-07
2463929.5,A.D. 2033-Nov-28 00:00:00.0000,0.4077881986298344,0.8984747718672517,-7.479044564581883e-05,-0.01595030761733361,0.007040397521553156,-2.7356326490755258e-08
2463930.5,A.D. 2033-Nov-29 00:00:00.0000,0.39177653187407524,0.9053758480968112,-7.474802501543154e-05,-0.016072168695109166,0.006761423527596173,1.086612375455313e-07
2463931.5,A.D. 2033-Nov-30 00:00:00.0000,0.3756455724183034,0.9119969829605337,-7.458145981112151e-05,-0.016188897059547507,0.006480541334451687,2.1968888017570387e-07
2463932.5,A.D. 2033-Dec-01 00:00:00.0000,0.3594004367134164,0.918336345922941,-7.431933632204533e-05,-0.01630052936566177,0.006197904013875702,2.9869476762189357e-07
2463933.5,A.D. 2033-Dec-02 00:00:00.0000,0.3430461923715035,0.9243922512188384,-7.399665082155666e-05,-0.016407126293979085,0.005913646439587849,3.4003719484024435e-07
2463934.5,A.D. 2033-Dec-03 00:00:00.0000,0.32658783595430985,0.9301631346689221,-7.365295114562349e-05,-0.016508768068140032,0.005627875196768662,3.4042377055644516e-07
2463935.5,A.D. 2033-Dec-04 00:00:00.0000,0.3100302780634964,0.9356475205683967,-7.332949333753685e-05,-0.016605544143704083,0.005340659395821437,2.998737379752325e-07
2463936.5,A.D. 2033-Dec-05 00:00:00.0000,0.2933783417095363,0.9408439815108217,-7.306558152135457e-05,-0.016697537246765832,0.005052026468100127,2.2231955813356614e-07
2463937.5,A.D. 2033-Dec-06 00:00:00.0000,0.27663677815944865,0.9457510981683787,-7.289465361379752e-05,-0.016784805237560763,0.0047619667376956115,1.1546079539422526e-07
2463938.5,A.D. 2033-Dec-07 00:00:00.0000,0.25981029952117585,0.9503674284945683,-7.284096434369919e-05,-0.016867366852756957,0.004470447416268329,-1.027549892315287e-08
2463939.5,A.D. 2033-Dec-08 00:00:00.0000,0.24290362126421272,0.9546914941498891,-7.291765796062886e-05,-0.016945196722630083,0.0041774320560131785,-1.4339528287665465e-07
2463940.5,A.D. 2033-Dec-09 00:00:00.0000,0.22592150434246638,0.9587217863246467,-7.312657576497906e-05,-0.017018230923230532,0.0038828987525280773,-2.730423616260263e-07
2463941.5,A.D. 2033-Dec-10 00:00:00.0000,0.20886878780086549,0.9624567867130498,-7.345955622295238e-05,-0.017086379594474146,0.0035868516230192693,-3.9021088898559863e-07
2463942.5,A.D. 2033-Dec-11 00:00:00.0000,0.19175040754867057,0.965894995779462,-7.390059416673576e-05,-0.01714954108364649,0.003289324001418669,-4.882455644626536e-07
2463943.5,A.D. 2033-Dec-12 00:00:00.0000,0.17457140214837852,0.9690349608099978,-7.442818053517162e-05,-0.01720761325372798,0.002990375329606351,-5.627405971424233e-07
2463944.5,A.D. 2033-Dec-13 00:00:00.0000,0.15733690954638013,0.9718752990946689,-7.501735150786668e-05,-0.017260500212279126,0.0026900850791639896,-6.111072795726144e-07
2463945.5,A.D. 2033-Dec-14 00:00:00.0000,0.1400521592608683,0.9744147147662069,-7.564124916989411e-05,-0.017308114847461316,0.0023885465137696025,-6.320649978535524e-07
2463946.5,A.D. 2033-Dec-15 00:00:00.0000,0.12272246358170619,0.9766520100355165,-7.62722062777312e-05,-0.017350378517304834,0.002085861886221786,-6.252168144435771e-07
2463947.5,A.D. 2033-Dec-16 00:00:00.0000,0.10535320990258708,0.9785860926026002,-7.688248085871366e-05,-0.01738721931254482,0.0017821396199174417,-5.907791449372149e-07
2463948.5,A.D. 2033-Dec-17 00:00:00.0000,0.08794985501969509,0.980215981229136,-7.74448034396148e-05,-0.017418570019638063,0.0014774934084336574,-5.294758447747841e-07
2463949.5,A.D. 2033-Dec-18 00:00:00.0000,0.07051792127095864,0.9815408112287978,-7.793289289842219e-05,-0.01744436658782165,0.0011720428785173737,-4.4257640126308044e-07
2463950.5,A.D. 2033-Dec-19 00:00:00.0000,0.05306299371396249,0.9825598412004397,-7.832206784801082e-05,-0.01746454766187981,0.0008659153207870689,-3.320416128793411e-07
2463951.5,A.D. 2033-Dec-20 00:00:00.0000,0.0355907170768964,0.9832724617758861,-7.859003724473928e-05,-0.01747905554764977,0.0005592478759072671,-2.007269045884906e-07
2463952.5,A.D. 2033-Dec-21 00:00:00.0000,0.0181067909585922,0.9836782064812332,-7.871789722248949e-05,-0.017487838747393333,0.0002521894453217147,-5.257986568156592e-08
2463953.5,A.D. 2033-Dec-22 00:00:00.0000,0.0006169617698940057,0.9837767640409217,-7.869129242217971e-05,-0.017490855878803918,-5.5098463331355453e-05,1.0724058140644151e-07
2463954.5,A.D. 2033-Dec-23 00:00:00.0000,-0.016872989711226274,0.9835679906995604,-7.850162834827074e-05,-0.017488080400215548,-0.0003624426386693295,2.7239105746186847e-07
2463955.5,A.D. 2033-Dec-24 00:00:00.0000,-0.03435726554392473,0.983051920605406,-7.814716501656023e-05,-0.017479505236026774,-0.0006696611564561047,4.355577558264676e-07
2463956.5,A.D. 2033-Dec-25 00:00:00.0000,-0.0518300719852157,0.9822287722092051,-7.763380252016769e-05,-0.017465146309487683,-0.0009765682834585903,5.888537616083597e-07
2463957.5,A.D. 2033-Dec-26 00:00:00.0000,-0.06928564350975451,0.9810989490627002,-7.697539693321972e-05,-0.01744504424140298,-0.0012829806359233268,7.243497400633123e-07
2463958.5,A.D. 2033-Dec-27 00:00:00.0000,-0.08671826748389168,0.9796630341932715,-7.619350967278921e-05,-0.017419263961166144,-0.0015887237278488593,8.346636900889964e-07
2463959.5,A.D. 2033-Dec-28 00:00:00.0000,-0.10412230747604907,0.9779217780424199,-7.531656599010691e-05,-0.017387892424422045,-0.001893638207239334,9.135442988639437e-07
2463960.5,A.D. 2033-Dec-29 00:00:00.0000,-0.1214922234813597,0.9758760804765039,-7.437844902957727e-05,-0.017351034769708264,-0.002197585450208185,9.564134539190448e-07
2463961.5,A.D. 2033-Dec-30 00:00:00.0000,-0.13882258758238067,0.9735269675593685,-7.341657621602913e-05,-0.01730880902026152,-0.0025004524311825205,9.60857916239586e-07
2463962.5,A.D. 2033-Dec-31 00:00:00.0000,-0.15610809349259108,0.9708755638973376,-7.246951608849411e-05,-0.017261339087137142,-0.0028021556297399683,9.270503175339419e-07
2463963.5,A.D. 2034-Jan-01 00:00:00.0000,-0.17334355811939656,0.9679230618678799,-7.157424568223263e-05,-0.017208745785658813,-0.003102643162466747,8.580300424277901e-07
2463964.5,A.D. 2034-Jan-02 00:00:00.0000,-0.19052391324377382,0.9646706901805664,-7.076324915430752e-05,-0.017151136198094545,-0.003401893722097065,7.597149689439358e-07
2463965.5,A.D. 2034-Jan-03 00:00:00.0000,-0.20764418633001436,0.9611196857073274,-7.006179946002755e-05,-0.017088592946010606,-0.0036999109250841133,6.405043576322801e-07
2463966.5,A.D. 2034-Jan-04 00:00:00.0000,-0.22469947166888093,0.9572712734447718,-6.94858690404133e-05,-0.017021166089610355,-0.003996712810986151,5.104226798782486e-07
2463967.5,A.D. 2034-Jan-05 00:00:00.0000,-0.241684895926403,0.9531266587617542,-6.904108157607842e-05,-0.016948870415401378,-0.004292318235455839,3.7993092034355004e-07
2463968.5,A.D. 2034-Jan-06 00:00:00.0000,-0.2585955842685456,0.9486870334159931,-6.87229012389038e-05,-0.016871689296858568,-0.004586733578285621,2.5869708109989256e-07
2463969.5,A.D. 2034-Jan-07 00:00:00.0000,-0.2754266331935556,0.9439535931900669,-6.851793272310467e-05,-0.01678958383839877,-0.004879943288551509,1.5465206952676104e-07
2463970.5,A.D. 2034-Jan-08 00:00:00.0000,-0.2921730938813673,0.9389275621864871,-6.840593158920216e-05,-0.016702504174583754,-0.00517190613838381,7.352976043030212e-08
2463971.5,A.D. 2034-Jan-09 00:00:00.0000,-0.3088299665068496,0.9336102181046324,-6.836202564660242e-05,-0.016610399622537835,-0.005462556767823138,1.888875369127035e-08
2463972.5,A.D. 2034-Jan-10 00:00:00.0000,-0.32539220320245044,0.9280029141249623,-6.83587347563046e-05,-0.016513225624116206,-0.005751810529977709,-7.539157130953533e-09
2463973.5,A.D. 2034-Jan-11 00:00:00.0000,-0.34185471611232643,0.9221070952764913,-6.836756303327371e-05,-0.01641094702872279,-0.006039569324744451,-5.37414462796272e-09
2463974.5,A.D. 2034-Jan-12 00:00:00.0000,-0.35821238715945386,0.9159243092350111,-6.836012304404196e-05,-0.01630353840829065,-0.006325726683992361,2.485154333947698e-08
2463975.5,A.D. 2034-Jan-13 00:00:00.0000,-0.3744600771140614,0.9094562128211929,-6.830887894058555e-05,-0.01619098254134557,-0.006610171198099946,8.200592813501687e-08
2463976.5,A.D. 2034-Jan-14 00:00:00.0000,-0.39059263269914474,0.9027045760272583,-6.818765701523986e-05,-0.016073268171853342,-0.006892788029443015,1.6450814566477388e-07
2463977.5,A.D. 2034-Jan-15 00:00:00.0000,-0.40660489147740775,0.8956712854427888,-6.79720861068032e-05,-0.015950387946639645,-0.007173458642770418,2.7032036042333323e-07
2463978.5,A.D. 2034-Jan-16 00:00:00.0000,-0.42249168507185875,0.8883583487077207,-6.764011650360784e-05,-0.015822337254667387,-0.00745205909034257,3.968041183043709e-07
2463979.5,A.D. 2034-Jan-17 00:00:00.0000,-0.4382478419331937,0.8807679011977221,-6.717273416185949e-05,-0.015689114573657948,-0.007728457364940409,5.404818139789763e-07
2463980.5,A.D. 2034-Jan-18 00:00:00.0000,-0.45386819141338836,0.8729022155202809,-6.655493546637083e-05,-0.015550723798106009,-0.00800251057615094,6.967671738944698e-07
2463981.5,A.D. 2034-Jan-19 00:00:00.0000,-0.46934757125485954,0.8647637134930318,-6.57769491695669e-05,-0.015407178736062739,-0.00827406301108951,8.597585625386228e-07
2463982.5,A.D. 2034-Jan-20 00:00:00.0000,-0.48468084053494115,0.8563549790872158,-6.483558486182722e-05,-0.015258509397149659,-0.008542946361079043,1.0222131350620967e-06
2463983.5,A.D. 2034-Jan-21 00:00:00.0000,-0.49986289933382994,0.8476787695651701,-6.37354687449124e-05,-0.015104768880917288,-0.008808983255248867,1.1758134797245665e-06
2463984.5,A.D. 2034-Jan-22 00:00:00.0000,-0.5148887148004951,0.8387380212182881,-6.248984136368561e-05,-0.014946038919654948,-0.00907199449583668,1.3117771513815876e-06
2463985.5,A.D. 2034-Jan-23 00:00:00.0000,-0.5297533511892115,0.8295358463294071,-6.112059535574356e-05,-0.014782431959482997,-0.009331809108217133,1.4217456576293184e-06
2463986.5,A.D. 2034-Jan-24 00:00:00.0000,-0.5444519996388998,0.8200755195360204,-5.9657356931414446e-05,-0.01461408846163561,-0.009588275058287535,1.4987700760247116e-06
2463987.5,A.D. 2034-Jan-25 00:00:00.0000,-0.5589800028917452,0.8103604542405863,-5.813563235364166e-05,-0.014441169660108208,-0.009841268031872661,1.538157269996884e-06
2463988.5,A.D. 2034-Jan-26 00:00:00.0000,-0.5733328711708731,0.8003941720548621,-5.659425908408036e-05,-0.014263847491051385,-0.010090696382808162,1.537993036337281e-06
2463989.5,A.D. 2034-Jan-27 00:00:00.0000,-0.5875062875304704,0.7901802694628501,-5.5072525508258745e-05,-0.014082293972887744,-0.010336501795695889,1.4992831906988585e-06
2463990.5,A.D. 2034-Jan-28 00:00:00.0000,-0.6014961030889063,0.7797223856628109,-5.360731989058976e-05,-0.0138966718056047,-0.010578656463452355,1.4257700685380154e-06
2463991.5,A.D. 2034-Jan-29 00:00:00.0000,-0.6152983238280374,0.7690241744524049,-5.223058128683692e-05,-0.01370712695141122,-0.010817158020633787,1.3235293661642807e-06
2463992.5,A.D. 2034-Jan-30 00:00:00.0000,-0.6289090909837639,0.7580892818920384,-5.0967226849499724e-05,-0.013513783207926894,-0.011052023161531406,1.2004304273027373e-06
2463993.5,A.D. 2034-Jan-31 00:00:00.0000,-0.6423246569443608,0.7469213308241894,-4.983367001189567e-05,-0.013316738647839044,-0.011283280343977619,1.0654974027338089e-06
2463994.5,A.D. 2034-Feb-01 00:00:00.0000,-0.6555413585803875,0.7355239130728951,-4.8837020468092004e-05,-0.013116064103931485,-0.011510961765731943,9.281879341676233e-07
2463995.5,A.D. 2034-Feb-02 00:00:00.0000,-0.6685555902705486,0.723900589859397,-4.79750320282592e-05,-0.012911804155896506,-0.011735095075252312,7.976291639712424e-07
2463996.5,A.D. 2034-Feb-03 00:00:00.0000,-0.6813637793113428,0.7120549002511345,-4.7236801219803394e-05,-0.012703980919228112,-0.011955695795519788,6.818985277204184e-07
2463997.5,A.D. 2034-Feb-04 00:00:00.0000,-0.6939623664082233,0.6999903763004063,-4.6604113732226866e-05,-0.012492600293426309,-0.012172761728195711,5.874669659174846e-07
2463998.5,A.D. 2034-Feb-05 00:00:00.0000,-0.706347793202163,0.6877105623492428,-4.605322351474598e-05,-0.01227765954375854,-0.01238627032710483,5.189020447046129e-07
2463999.5,A.D. 2034-Feb-06 00:00:00.0000,-0.7185164973973204,0.6752190353516991,-4.555678306841201e-05,-0.012059154657595116,-0.012596179245973834,4.788602787085471e-07
2464000.5,A.D. 2034-Feb-07 00:00:00.0000,-0.7304649145331833,0.6625194233125231,-4.5085655452804384e-05,-0.011837086090700635,-0.0128024293850625,4.6831700334953194e-07
2464001.5,A.D. 2034-Feb-08 00:00:00.0000,-0.7421894843569188,0.6496154199289597,-4.461042050603526e-05,-0.01161146216280558,-0.013004949216218916,4.869283780765698e-07
2464002.5,A.D. 2034-Feb-09 00:00:00.0000,-0.7536866593908185,0.6365107948065531,-4.4102501540920806e-05,-0.011382300107017554,-0.013203659117186142,5.334106186955586e-07
2464003.5,A.D. 2034-Feb-10 00:00:00.0000,-0.7649529135879292,0.6232093997517456,-4.3534943282379703e-05,-0.011149625315740704,-0.013398474760393094,6.058463066016254e-07
2464004.5,A.D. 2034-Feb-11 00:00:00.0000,-0.7759847496542128,0.6097151723842092,-4.2882943495340985e-05,-0.010913469564376195,-0.013589309031177586,7.018649268222346e-07
2464005.5,A.D. 2034-Feb-12 00:00:00.0000,-0.7867787044207503,0.596032138644723,-4.212427632247462e-05,-0.010673869017983588,-0.013776072316261496,8.186778642683349e-07
2464006.5,A.D. 2034-Feb-13 00:00:00.0000,-0.7973313524298619,0.5821644157969316,-4.1239752454262116e-05,-0.010430862773760761,-0.01395867126170601,9.529721078338792e-07
2464007.5,A.D. 2034-Feb-14 00:00:00.0000,-0.8076393086307392,0.5681162173153032,-4.02138469880008e-05,-0.01018449265554488,-0.014137006314652338,1.1006870769729866e-06
2464008.5,A.D. 2034-Feb-15 00:00:00.0000,-0.8176992317854375,0.5538918606069272,-3.9035589255689756e-05,-0.009934804949617222,-0.014310968643587081,1.2567251400912696e-06
2464009.5,A.D. 2034-Feb-16 00:00:00.0000,-0.8275078308229503,0.5394957777206418,-3.769973964823163e-05,-0.009681854631293707,-0.0144804374560749,1.4146862436330683e-06
2464010.5,A.D. 2034-Feb-17 00:00:00.0000,-0.8370618767307536,0.5249325279202322,-3.620816332009445e-05,-0.009425712160761745,-0.014645279247603378,1.5667668083618936e-06
2464011.5,A.D. 2034-Feb-18 00:00:00.0000,-0.8463582222000644,0.5102068092742761,-3.457115070162398e-05,-0.009166471930098256,-0.014805350821033746,1.7039962156021274e-06
2464012.5,A.D. 2034-Feb-19 00:00:00.0000,-0.8553938296313679,0.49532346471313143,-3.280827050801192e-05,-0.008904260028583043,-0.014960507464801728,1.816950001139092e-06
2464013.5,A.D. 2034-Feb-20 00:00:00.0000,-0.8641658051416377,0.48028747734394733,-3.094826542383093e-05,-0.00863923787086207,-0.015110616009813822,1.8969315771412966e-06
2464014.5,A.D. 2034-Feb-21 00:00:00.0000,-0.8726714327616744,0.46510395134698873,-2.9027623688244688e-05,-0.00837159857243552,-0.015255569923733168,1.9373776835206097e-06
2464015.5,A.D. 2034-Feb-22 00:00:00.0000,-0.8809082009580228,0.44977807873143666,-2.708781212827926e-05,-0.00810155540662749,-0.015395301640415523,1.935050466404364e-06
2464016.5,A.D. 2034-Feb-23 00:00:00.0000,-0.8888738147161884,0.4343150970712739,-2.5171606000859065e-05,-0.007829325212909013,-0.015529787725328285,1.8905979893351199e-06
2464017.5,A.D. 2034-Feb-24 00:00:00.0000,-0.8965661906248277,0.4187202464132486,-2.3319254279530532e-05,-0.007555111886646626,-0.01565904545034055,1.8083259466349403e-06
2464018.5,A.D. 2034-Feb-25 00:00:00.0000,-0.9039834374720122,0.40299873312059203,-2.1565205906695128e-05,-0.007279094473343876,-0.015783122939163063,1.6953553712922159e-06
2464019.5,A.D. 2034-Feb-26 00:00:00.0000,-0.9111238281100542,0.38715570512462255,-1.993583757533396e-05,-0.007001421647572297,-0.01590208689182626,1.560524518417966e-06
2464020.5,A.D. 2034-Feb-27 00:00:00.0000,-0.9179857686706325,0.37119623915197353,-1.844826747747111e-05,-0.006722211616228622,-0.016016011347746825,1.4133568985866614e-06
2464021.5,A.D. 2034-Feb-28 00:00:00.0000,-0.9245677694814597,0.35512533790536854,-1.7110093198878706e-05,-0.006441555235197836,-0.016124969131586057,1.2632575790084807e-06
2464022.5,A.D. 2034-Mar-01 00:00:00.0000,-0.9308684198511724,0.3389479344040964,-1.591980983686939e-05,-0.0061595203701474924,-0.016229025999780832,1.1189497336245003e-06
2464023.5,A.D. 2034-Mar-02 00:00:00.0000,-0.9368863673544802,0.32266890112331104,-1.4867695901306859e-05,-0.0058761564366703965,-0.01632823676026837,9.880906485436462e-07
2464024.5,A.D. 2034-Mar-03 00:00:00.0000,-0.9426203016144281,0.30629306232897907,-1.393702024621807e-05,-0.005591498854743669,-0.016422642675114313,8.770058413648692e-07
2464025.5,A.D. 2034-Mar-04 00:00:00.0000,-0.9480689425316781,0.2898252085112687,-1.3105468811926406e-05,-0.005305573508626753,-0.016512269845794594,7.905139208722234e-07
2464026.5,A.D. 2034-Mar-05 00:00:00.0000,-0.9532310329998955,0.2732701119299384,-1.234669999402622e-05,-0.005018401245550967,-0.01659712862890188,7.318469016478148e-07
2464027.5,A.D. 2034-Mar-06 00:00:00.0000,-0.9581053360580533,0.25663254216502573,-1.163192559062438e-05,-0.004730002192049347,-0.016677214226946947,7.026806151438764e-07
2464028.5,A.D. 2034-Mar-07 00:00:00.0000,-0.9626906360926794,0.23991728048464814,-1.093140500024363e-05,-0.004440399457663344,-0.016752508437995337,7.032758417869594e-07
2464029.5,A.D. 2034-Mar-08 00:00:00.0000,-0.9669857432470975,0.2231291319968441,-1.0215752470020151e-05,-0.004149621781828682,-0.016822982264818757,7.327046169864334e-07
2464030.5,A.D. 2034-Mar-09 00:00:00.0000,-0.9709894998313094,0.206272934978542,-9.456994873010938e-06,-0.003857704869061313,-0.01688859885084289,7.891136462988658e-07
2464031.5,A.D. 2034-Mar-10 00:00:00.0000,-0.9747007874146253,0.18935356736043926,-8.629371151829937e-06,-0.0035646914506873213,-0.016949316133759582,8.699682806875374e-07
2464032.5,A.D. 2034-Mar-11 00:00:00.0000,-0.9781185334648612,0.17237595092454797,-7.709918922401068e-06,-0.003270630387528084,-0.017005088692632293,9.722270366740925e-07
2464033.5,A.D. 2034-Mar-12 00:00:00.0000,-0.9812417168157637,0.15534505420918476,-6.678936265175635e-06,-0.0029755753188852384,-0.017055868446325295,1.0924125854413577e-06
2464034.5,A.D. 2034-Mar-13 00:00:00.0000,-0.9840693718092247,0.1382658953528838,-5.520431313665289e-06,-0.002679583471702171,-0.017101604073769004,1.2265643490825967e-06
2464035.5,A.D. 2034-Mar-14 00:00:00.0000,-0.9866005916080188,0.12114354612730777,-4.222676966429766e-06,-0.002382715310479892,-0.01714223925246163,1.3700785292283998e-06
2464036.5,A.D. 2034-Mar-15 00:00:00.0000,-0.9888345318812275,0.10398313817890184,-2.7789698853192623e-06,-0.0020850357560233206,-0.017177710095650108,1.5174676083021406e-06
2464037.5,A.D. 2034-Mar-16 00:00:00.0000,-0.9907704167899128,0.08678987192259283,-1.1886426688582995e-06,-0.0017866176713835678,-0.01720794258914211,1.6621105618965092e-06
2464038.5,A.D. 2034-Mar-17 00:00:00.0000,-0.9924075497876215,0.06956902744704696,5.417198796030934e-07,-0.0014875480262668318,-0.017232851417696208,1.7961209227014078e-06
2464039.5,A.D. 2034-Mar-18 00:00:00.0000,-0.9937453318051105,0.05232597508962939,2.3970670134168816e-06,-0.0011879363246378044,-0.017252342162920382,1.910518245997676e-06
2464040.5,A.D. 2034-Mar-19 00:00:00.0000,-0.9947832882593162,0.035066181247998,4.353076134183945e-06,-0.0008879233405568082,-0.017266318920191988,1.995901048069159e-06
2464041.5,A.D. 2034-Mar-20 00:00:00.0000,-0.9955211034315585,0.017795203444221083,6.376315947174884e-06,-0.0005876863609078749,-0.017274698100321905,2.0437080724463615e-06
2464042.5,A.D. 2034-Mar-21 00:00:00.0000,-0.9959586564052306,0.0005186692793928577,8.425900314657748e-06,-0.0002874363662487328,-0.017277426149879118,2.047876639611086e-06
2464043.5,A.D. 2034-Mar-22 00:00:00.0000,-0.9960960489360543,-0.016757761968773044,1.0456788547571754e-05,1.2595346512197473e-05,-0.0172744953499258,2.0063665391304217e-06
2464044.5,A.D. 2034-Mar-23 00:00:00.0000,-0.9959336154659881,-0.034028449592649536,1.2424261207899159e-05,0.00031217860691067165,-0.01726595067488068,1.9218877465300846e-06
2464045.5,A.D. 2034-Mar-24 00:00:00.0000,-0.9954719105959535,-0.05128782232172665,1.428854912227924e-05,0.0006111065726310337,-0.017251884060264896,1.8014625165865034e-06
2464046.5,A.D. 2034-Mar-25 00:00:00.0000,-0.9947116773876408,-0.0685304179662558,1.601850201710683e-05,0.0009092107975297792,-0.01723241859225132,1.6550219256406477e-06
2464047.5,A.D. 2034-Mar-26 00:00:00.0000,-0.9936538059336985,-0.08575090499543929,1.7593621842548834e-05,0.0012063655047306623,-0.017207689439922857,1.4936544431179741e-06
2464048.5,A.D. 2034-Mar-27 00:00:00.0000,-0.9922992924928022,-0.10294408624825661,1.9004435568884657e-05,0.0015024828244239344,-0.017177828025597912,1.3281167077454326e-06
2464049.5,A.D. 2034-Mar-28 00:00:00.0000,-0.9906492060144644,-0.1201048898498042,2.025164926337887e-05,0.0017975035873970672,-0.017142952434883008,1.1679044622528363e-06
2464050.5,A.D. 2034-Mar-29 00:00:00.0000,-0.9887046642765872,-0.13722835356753665,2.1344652534924672e-05,0.0020913878552588296,-0.017103163611529686,1.0208591865595534e-06
2464051.5,A.D. 2034-Mar-30 00:00:00.0000,-0.9864668186128875,-0.15430960739824295,2.2299822316698924e-05,0.002384107408386034,-0.017058545237549686,8.931251417023135e-07
2464052.5,A.D. 2034-Mar-31 00:00:00.0000,-0.9839368449453366,-0.171343856979646,2.313887659464563e-05,0.0026756406100023134,-0.0170091652075999,7.892647339930739e-07
2464053.5,A.D. 2034-Apr-01 00:00:00.0000,-0.9811159389757893,-0.18832636868166555,2.3887366910470465e-05,0.002965969094756934,-0.016955077363779703,7.124062435761577e-07
2464054.5,A.D. 2034-Apr-02 00:00:00.0000,-0.9780053141064936,-0.20525245631235467,2.4573310194928412e-05,0.003255075499623855,-0.016896322955276325,6.643710087786805e-07
2464055.5,A.D. 2034-Apr-03 00:00:00.0000,-0.974606201370262,-0.22211746913169936,2.522593510148694e-05,0.003542941640265842,-0.016832931821924545,6.457774790109416e-07
2464056.5,A.D. 2034-Apr-04 00:00:00.0000,-0.9709198510888579,-0.23891678100241628,2.587452875836787e-05,0.0038295468594759623,-0.016764923526668432,6.561418051773556e-07
2464057.5,A.D. 2034-Apr-05 00:00:00.0000,-0.9669475361007548,-0.2556457807394331,2.654739083575244e-05,0.004114866559651245,-0.016692308644488126,6.939941704591718e-07
2464058.5,A.D. 2034-Apr-06 00:00:00.0000,-0.9626905562971065,-0.27229986385534793,2.727091472099084e-05,0.0043988710863284665,-0.016615090257192298,7.570160298431595e-07
2464059.5,A.D. 2034-Apr-07 00:00:00.0000,-0.958150244025222,-0.2888744258515379,2.8068811828487183e-05,0.004681525130137634,-0.01653326551218067,8.421857168401875e-07
2464060.5,A.D. 2034-Apr-08 00:00:00.0000,-0.9533279698056698,-0.30536485698692195,2.896147530965312e-05,0.004962787689897106,-0.01644682696606323,9.459067025352474e-07
2464061.5,A.D. 2034-Apr-09 00:00:00.0000,-0.9482251478584495,-0.3217665381500116,2.9965450849685468e-05,0.005242612450085799,-0.016355763397900316,1.0640887508045985e-06
2464062.5,A.D. 2034-Apr-10 00:00:00.0000,-0.9428432411796495,-0.33807483717175607,3.109295463172258e-05,0.005520948230283421,-0.016260059847968782,1.1921580928714574e-06
2464063.5,A.D. 2034-Apr-11 00:00:00.0000,-0.9371837663386061,-0.35428510474802233,3.23513613450692e-05,0.005797738998586165,-0.016159696803741904,1.32498748915143e-06
2464064.5,A.D. 2034-Apr-12 00:00:00.0000,-0.9312482987365215,-0.3703926691835073,3.37425869584739e-05,0.0060729228252950586,-0.01605464871435287,1.456760606809002e-06
2464065.5,A.D. 2034-Apr-13 00:00:00.0000,-0.9250384797149384,-0.38639282952824816,3.526232174511368e-05,0.006346429127088254,-0.015944882394003858,1.5808199903091264e-06
2464066.5,A.D. 2034-Apr-14 00:00:00.0000,-0.918556027488299,-0.402280847488337,3.689914154260282e-05,0.006618173728607125,-0.01583035639747529,1.68959660657153e-06
2464067.5,A.D. 2034-Apr-15 00:00:00.0000,-0.9118027540957347,-0.41805193987314104,3.863365144627408e-05,0.006888051864825167,-0.015711023039097858,1.7747750615449126e-06
2464068.5,A.D. 2034-Apr-16 00:00:00.0000,-0.9047805898786359,-0.433701275212637,4.043799051686519e-05,0.007155930497265606,-0.015586835028171231,1.8278805687854356e-06
2464069.5,A.D. 2034-Apr-17 00:00:00.0000,-0.8974916147363621,-0.44922397991723295,4.227619363780788e-05,0.007421643126340589,-0.015457757983021944,1.841414523591528e-06
2464070.5,A.D. 2034-Apr-18 00:00:00.0000,-0.8899380914249471,-0.4646151595379955,4.410593720692525e-05,0.0076849916838786,-0.01532378761103557,1.8104426760976153e-06
2464071.5,A.D. 2034-Apr-19 00:00:00.0000,-0.8821224917598444,-0.4798699375789278,4.588192457738737e-05,0.007945759174103409,-0.015184966464500836,1.7341801575350817e-06
2464072.5,A.D. 2034-Apr-20 00:00:00.0000,-0.8740475049001958,-0.4949835076128322,4.75605565591331e-05,0.008203732186989875,-0.015041392473528073,1.6168529637819013e-06
2464073.5,A.D. 2034-Apr-21 00:00:00.0000,-0.8657160209386918,-0.5099511871472391,4.910484648611758e-05,0.008458726163160846,-0.014893213409581624,1.46727377512112e-06
2464074.5,A.D. 2034-Apr-22 00:00:00.0000,-0.8571310920645872,-0.5247684590064051,5.0488261934429376e-05,0.008710603435219297,-0.014740608298591917,1.2971918653333255e-06
2464075.5,A.D. 2034-Apr-23 00:00:00.0000,-0.8482958821952685,-0.5394309907073556,5.169657933306576e-05,0.008959277807778885,-0.014583763624662597,1.1191173609653322e-06
2464076.5,A.D. 2034-Apr-24 00:00:00.0000,-0.8392136185707154,-0.5539346313730316,5.272766310563398e-05,0.009204706806586149,-0.014422853489835212,9.444673096773555e-07
2464077.5,A.D. 2034-Apr-25 00:00:00.0000,-0.8298875547636074,-0.5682753930877684,5.3589772538317685e-05,0.009446877781470851,-0.01425802867883906,7.825104481717132e-07
2464078.5,A.D. 2034-Apr-26 00:00:00.0000,-0.8203209479231933,-0.5824494257802525,5.4299223220010255e-05,0.009685794194710804,-0.014089414247234476,6.400975714004025e-07
2464079.5,A.D. 2034-Apr-27 00:00:00.0000,-0.8105170480485315,-0.5964529926349932,5.487805561132596e-05,0.009921465581475932,-0.013917112370814704,5.218894986884148e-07
2464080.5,A.D. 2034-Apr-28 00:00:00.0000,-0.8004790951338013,-0.6102824495318379,5.5352047948165154e-05,0.010153901765506929,-0.013741207071782282,4.307732903213202e-07
2464081.5,A.D. 2034-Apr-29 00:00:00.0000,-0.7902103203589449,-0.6239342291817964,5.574914907048601e-05,0.01038311032549938,-0.013561768636412721,3.6826222847293293e-07
2464082.5,A.D. 2034-Apr-30 00:00:00.0000,-0.7797139487711566,-0.637404829101559,5.609826205555066e-05,0.010609095925149338,-0.013378856807247933,3.347904515129444e-07
2464083.5,A.D. 2034-May-01 00:00:00.0000,-0.7689932021987149,-0.6506908021140696,5.642826318280233e-05,0.01083186036211711,-0.013192522676058303,3.2989149754860755e-07
2464084.5,A.D. 2034-May-02 00:00:00.0000,-0.7580513020742228,-0.6637887482245688,5.6767152451198537e-05,0.011051402615432956,-0.013002809614633574,3.522892521466805e-07
2464085.5,A.D. 2034-May-03 00:00:00.0000,-0.7468914723608844,-0.6766953071357138,5.714126809988492e-05,0.011267718566073238,-0.012809753696693484,3.9994174841314303e-07
2464086.5,A.D. 2034-May-04 00:00:00.0000,-0.7355169429426451,-0.689407151099886,5.757453681078516e-05,0.011480800362579641,-0.012613384005120172,4.7007377545242805e-07
2464087.5,A.D. 2034-May-05 00:00:00.0000,-0.7239309537678514,-0.7019209781290557,5.808776093074429e-05,0.011690635581602089,-0.012413723064202553,5.592206328229198e-07
2464088.5,A.D. 2034-May-06 00:00:00.0000,-0.7121367598496107,-0.7142335057282998,5.869795790530489e-05,0.01189720638538926,-0.012210787447904277,6.632882666809531e-07
2464089.5,A.D. 2034-May-07 00:00:00.0000,-0.7001376370484043,-0.7263414652837429,5.941776440401639e-05,0.012100488811330707,-0.012004588451506613,7.776199200774978e-07
2464090.5,A.D. 2034-May-08 00:00:00.0000,-0.6879368885001604,-0.7382415970724469,6.025490296542224e-05,0.01230045217179554,-0.011795132629910051,8.970513969550513e-07
2464091.5,A.D. 2034-May-09 00:00:00.0000,-0.6755378516721529,-0.7499306456712322,6.121169143319311e-05,0.012497058346127576,-0.011582422040006654,1.015939702245776e-06
2464092.5,A.D. 2034-May-10 00:00:00.0000,-0.6629439063386333,-0.7614053554521335,6.228456666924e-05,0.012690260573200008,-0.011366454194161298,1.1281648450925304e-06
2464093.5,A.D. 2034-May-11 00:00:00.0000,-0.6501584842106038,-0.7726624660008548,6.346360654714317e-05,0.012880001273660378,-0.011147222036842168,1.22713202890523e-06
2464094.5,A.D. 2034-May-12 00:00:00.0000,-0.6371850813911736,-0.7836987078088085,6.47320797439633e-05,0.013066208539882676,-0.010924714676064195,1.3058394857861032e-06
2464095.5,A.D. 2034-May-13 00:00:00.0000,-0.6240272750074297,-0.7945107995512078,6.606613912077939e-05,0.01324879136368051,-0.010698920054244828,1.357118622112556e-06
2464096.5,A.D. 2034-May-14 00:00:00.0000,-0.6106887448932395,-0.8050954496066435,6.743489592246343e-05,0.013427634569824274,-0.010469830994099791,1.3741768731038572e-06
2464097.5,A.D. 2034-May-15 00:00:00.0000,-0.5971732995865919,-0.8154493657773252,6.880123131628104e-05,0.013602595757164446,-0.01023745562663385,1.3515366481658e-06
2464098.5,A.D. 2034-May-16 00:00:00.0000,-0.5834849029454554,-0.825569277452554,7.012373074448733e-05,0.013773507754127261,-0.010001831515191423,1.2863126081685277e-06
2464099.5,A.D. 2034-May-17 00:00:00.0000,-0.5696276941158547,-0.8354519723535364,7.135994106047406e-05,0.013940189840701528,-0.009763039805193479,1.1795003010444252e-06
2464100.5,A.D. 2034-May-18 00:00:00.0000,-0.5556059916221331,-0.8450943448205678,7.247068614711379e-05,0.014102467889914068,-0.009521212982971436,1.0366980094331826e-06
2464101.5,A.D. 2034-May-19 00:00:00.0000,-0.5414242748100827,-0.8544934460231559,7.342458068003866e-05,0.014260198199813858,-0.009276530267974765,8.677170006170636e-07
2464102.5,A.D. 2034-May-20 00:00:00.0000,-0.5270871433905754,-0.8636465227567889,7.4201537786652e-05,0.014413285873540418,-0.009029199890965556,6.85002010161219e-07
2464103.5,A.D. 2034-May-21 00:00:00.0000,-0.5125992646671613,-0.8725510343720246,7.479431576066424e-05,0.014561690307465269,-0.008779434601066173,5.014250903975561e-07
2464104.5,A.D. 2034-May-22 00:00:00.0000,-0.4979653223188491,-0.8812046458568445,7.520790825043516e-05,0.014705417123126193,-0.008527429980323567,3.283160396730041e-07
2464105.5,A.D. 2034-May-23 00:00:00.0000,-0.48318997778605516,-0.8896052036247097,7.545735546328703e-05,0.014844502291750085,-0.008273352153930337,1.743309364780447e-07
2464106.5,A.D. 2034-May-24 00:00:00.0000,-0.4682778482962144,-0.8977507042258706,7.55648934474806e-05,0.01497899582252177,-0.008017335596402475,4.523140112663696e-08
2464107.5,A.D. 2034-May-25 00:00:00.0000,-0.4532334992832581,-0.905639264563646,7.555721909391229e-05,0.015108949758771464,-0.00775948760505811,-5.5728469099258367e-08
2464108.5,A.D. 2034-May-26 00:00:00.0000,-0.4380614460534553,-0.9132690981221694,7.54632847762465e-05,0.015234411637418687,-0.007499895218731336,-1.2718669287893664e-07
2464109.5,A.D. 2034-May-27 00:00:00.0000,-0.42276615967691855,-0.92063849803455,7.531270480662264e-05,0.015355422295722766,-0.007238631632589986,-1.6909685432739872e-07
2464110.5,A.D. 2034-May-28 00:00:00.0000,-0.4073520736465522,-0.9277458257068836,7.513466334438723e-05,0.015472016235398805,-0.006975760789351984,-1.823116339146359e-07
2464111.5,A.D. 2034-May-29 00:00:00.0000,-0.3918235895597536,-0.9345895030146797,7.495714828850288e-05,0.015584222996236166,-0.006711339964268734,-1.683447311707496e-07
2464112.5,A.D. 2034-May-30 00:00:00.0000,-0.37618508137495266,-0.9411680062273093,7.480634673595625e-05,0.0156920685022443,-0.006445420723021811,-1.2927810461320535e-07
2464113.5,A.D. 2034-May-31 00:00:00.0000,-0.3604408985902198,-0.9474798603113841,7.470608145763996e-05,0.0157955758084488,-0.0061780488203468506,-6.776386304463522e-08
2464114.5,A.D. 2034-Jun-01 00:00:00.0000,-0.34459536908023675,-0.9535236328442415,7.46772197991732e-05,0.0158947650230203,-0.005909263612135885,1.2930630317178453e-08
2464115.5,A.D. 2034-Jun-02 00:00:00.0000,-0.328652802422303,-0.9592979273063162,7.473703479119606e-05,0.01598965242733402,-0.005639097473748562,1.088788138610935e-07
2464116.5,A.D. 2034-Jun-03 00:00:00.0000,-0.3126174944277192,-0.9648013759521186,7.489853703021122e-05,0.016080248987744645,-0.005367575585806962,2.154846266110705e-07
2464117.5,A.D. 2034-Jun-04 00:00:00.0000,-0.296493733348309,-0.9700326327381391,7.516982091639096e-05,0.016166558543530957,-0.005094716278920255,3.275230045270748e-07
2464118.5,A.D. 2034-Jun-05 00:00:00.0000,-0.28028580793855923,-0.9749903668875048,7.555347787235993e-05,0.016248575947524685,-0.004820531951606284,4.392323560004661e-07
2464119.5,A.D. 2034-Jun-06 00:00:00.0000,-0.26399801732431066,-0.9796732576143083,7.604612396303787e-05,0.01632628532685798,-0.004545030446999164,5.444486574779174e-07
2464120.5,A.D. 2034-Jun-07 00:00:00.0000,-0.24763468254504067,-0.9840799903963574,7.663807722627292e-05,0.0163996584595246,-0.004268216757643223,6.367693989600812e-07
2464121.5,A.D. 2034-Jun-08 00:00:00.0000,-0.2312001597222797,-0.9882092551089058,7.731321314217082e-05,0.01646865311275372,-0.0039900950626084964,7.097476753358436e-07
2464122.5,A.D. 2034-Jun-09 00:00:00.0000,-0.21469885498375788,-0.9920597464621255,7.804903813207691e-05,0.01653321117586012,-0.003710671370052782,7.571405131823525e-07
2464123.5,A.D. 2034-Jun-10 00:00:00.0000,-0.19813524134664354,-0.995630167614934,7.881705876530007e-05,0.016593256657067425,-0.003429957345393101,7.732622359379385e-07
2464124.5,A.D. 2034-Jun-11 00:00:00.0000,-0.1815138774434054,-0.9989192385174792,7.958358341519422e-05,0.016648694167531883,-0.0031479760562182174,7.535058014724205e-07
2464125.5,A.D. 2034-Jun-12 00:00:00.0000,-0.16483942696246792,-1.0019257111666864,8.031114632169682e-05,0.01669940931392619,-0.0028647700632441924,6.950663124638809e-07
2464126.5,A.D. 2034-Jun-13 00:00:00.0000,-0.14811667587982774,-1.0046483939296584,8.096073650577488e-05,0.016745273098586075,-0.002580411225818195,5.978049481646507e-07
2464127.5,A.D. 2034-Jun-14 00:00:00.0000,-0.13135054244400768,-1.0070861855959865,8.1494875556588e-05,0.016786152233815983,-0.0022950097770136225,4.6503085340811196e-07
2464128.5,A.D. 2034-Jun-15 00:00:00.0000,-0.11454607374822467,-1.009238116434039,8.18812841627955e-05,0.016821925402110468,-0.002008718475841257,3.0382794349704644e-07
2464129.5,A.D. 2034-Jun-16 00:00:00.0000,-0.0977084243329666,-1.0111033891179857,8.209648925008818e-05,0.016852502056526768,-0.001721727661434942,1.2456396432301994e-07
2464130.5,A.D. 2034-Jun-17 00:00:00.0000,-0.08084281733892895,-1.0126814095103454,8.212848025895179e-05,0.016877837336592354,-0.0014342501417530182,-6.04965996299826e-08
2464131.5,A.D. 2034-Jun-18 00:00:00.0000,-0.06395449537082006,-1.0139717987255603,8.197766846883304e-05,0.016897936975579196,-0.0011464999355872275,-2.391022628893311e-07
2464132.5,A.D. 2034-Jun-19 00:00:00.0000,-0.0470486724264999,-1.0149743839337528,8.165595123398132e-05,0.01691285046921993,-0.0008586723105426926,-4.0077975894684666e-07
2464133.5,A.D. 2034-Jun-20 00:00:00.0000,-0.030130497125564974,-1.0156891726671495,8.118433062755532e-05,0.01692265628869893,-0.0005709314919070706,-5.378963813918184e-07
2464134.5,A.D. 2034-Jun-21 00:00:00.0000,-0.013205032022950385,-1.016116319668024,8.05899034246307e-05,0.016927445560267592,-0.0002834079358344843,-6.458665404810171e-07
2464135.5,A.D. 2034-Jun-22 00:00:00.0000,0.0037227522475970325,-1.0162560949165678,7.990298901743888e-05,0.01692730932643496,3.7972079913129695e-06,-7.227263358711905e-07
2464136.5,A.D. 2034-Jun-23 00:00:00.0000,0.02064797281990185,-1.0161088580341842,7.915484677972726e-05,0.016922331328492697,0.00029060447068911575,-7.684392047350354e-07
2464137.5,A.D. 2034-Jun-24 00:00:00.0000,0.03756582577924566,-1.0156750404478738,7.837609404533102e-05,0.016912585652590958,0.0005769485937681734,-7.842263686661035e-07
2464138.5,A.D. 2034-Jun-25 00:00:00.0000,0.05447157670139929,-1.0149551341552525,7.75957125011869e-05,0.016898137479251642,0.0008627729635247,-7.720734930943199e-07
2464139.5,A.D. 2034-Jun-26 00:00:00.0000,0.07136055275250981,-1.0139496848804848,7.684044186893162e-05,0.01687904520093027,0.0011480263904326327,-7.344484110948314e-07
2464140.5,A.D. 2034-Jun-27 00:00:00.0000,0.08822813704308033,-1.012659287381009,7.613436090328652e-05,0.016855362646282162,0.0014326619471003406,-6.742010890445933e-07
2464141.5,A.D. 2034-Jun-28 00:00:00.0000,0.10506976492002684,-1.0110845811191298,7.549849896375692e-05,0.016827140637168496,0.001716637296938866,-5.945929710467194e-07
2464142.5,A.D. 2034-Jun-29 00:00:00.0000,0.121880921297847,-1.0092262451225986,7.495037764181613e-05,0.01679442746432413,0.001999915881806481,-4.993979082361552e-07
2464143.5,A.D. 2034-Jun-30 00:00:00.0000,0.13865713784960665,-1.0070849914901456,7.450343940355536e-05,0.0167572681233401,0.0022824683413763458,-3.930179285263379e-07
2464144.5,A.D. 2034-Jul-01 00:00:00.0000,0.15539398882983535,-1.0046615576142122,7.416637560358966e-05,0.016715702370538914,0.0025642735629590424,-2.8056020004464526e-07
2464145.5,A.D. 2034-Jul-02 00:00:00.0000,0.17208708447031626,-1.0019566977648948,7.39424167517724e-05,0.01666976187758969,0.002845318830624988,-1.6782881098252882e-07
2464146.5,A.D. 2034-Jul-03 00:00:00.0000,0.18873206127393258,-0.9989711751404722,7.382868750755188e-05,0.016619466967349412,0.0031255986990021585,-6.120004464268497e-08
2464147.5,A.D. 2034-Jul-04 00:00:00.0000,0.20532456908550906,-0.9957057557450716,7.381574910690785e-05,0.016564823535762285,0.003405112469302509,3.262687168716361e-08
2464148.5,A.D. 2034-Jul-05 00:00:00.0000,0.22186025542353238,-0.9921612054305317,7.388744680530951e-05,0.016505820736327587,0.0036838604348079238,1.0698564009451954e-07
2464149.5,A.D. 2034-Jul-06 00:00:00.0000,0.23833474805086335,-0.9883382911542363,7.40211517803437e-05,0.016442429817439597,0.003961839276072757,1.5566915518524748e-07
2464150.5,A.D. 2034-Jul-07 00:00:00.0000,0.25474363702635444,-0.9842377870898279,7.418844812382127e-05,0.016374604251615982,0.004239037021474305,1.7338779788262363e-07
2464151.5,A.D. 2034-Jul-08 00:00:00.0000,0.2710824575262587,-0.9798604858727452,7.435628296263798e-05,0.016302281141571756,0.0045154278449450495,1.5623476256486942e-07
2464152.5,A.D. 2034-Jul-09 00:00:00.0000,0.28734667472524417,-0.9752072150881791,7.448858120286141e-05,0.01622538396293229,0.00479096678936414,1.0214907753390178e-07
2464153.5,A.D. 2034-Jul-10 00:00:00.0000,0.303531672219403,-0.9702788590412578,7.454831804988137e-05,0.016143826992470967,0.005065584515236818,1.1364158811135141e-08
2464154.5,A.D. 2034-Jul-11 00:00:00.0000,0.3196327459766538,-0.9650763855850311,7.450001469613646e-05,0.016057522046789986,0.005339182576285857,-1.1320774134716315e-07
2464155.5,A.D. 2034-Jul-12 00:00:00.0000,0.33564510640847356,-0.9596008769168759,7.431254070111514e-05,0.01596638801781336,0.0056116304896815655,-2.65772117344439e-07
2464156.5,A.D. 2034-Jul-13 00:00:00.0000,0.3515638912563141,-0.9538535615966192,7.396195748619925e-05,0.01587036277310848,0.005882766581457053,-4.378042563949525e-07
2464157.5,A.D. 2034-Jul-14 00:00:00.0000,0.3673841907775766,-0.9478358430106801,7.343396374823383e-05,0.0157694153641914,0.006152404479163387,-6.187107181057467e-07
2464158.5,A.D. 2034-Jul-15 00:00:00.0000,0.38310108385394676,-0.9415493182836119,7.272541299790193e-05,0.015663555011278727,0.0064203455732872025,-7.970057948126497e-07
2464159.5,A.D. 2034-Jul-16 00:00:00.0000,0.39870967994988554,-0.9349957825975034,7.184448357194299e-05,0.015552833353440255,0.006686395128775973,-9.617723129642985e-07
2464160.5,A.D. 2034-Jul-17 00:00:00.0000,0.4142051592624183,-0.9281772173940896,7.080941314528149e-05,0.015437338629942905,0.006950377586352245,-1.1039985254846883e-06
2464161.5,A.D. 2034-Jul-18 00:00:00.0000,0.4295828037052144,-0.9210957655890847,6.964612486566402e-05,0.015317183743020555,0.007212146646884553,-1.2174088115453093e-06
2464162.5,A.D. 2034-Jul-19 00:00:00.0000,0.44483801461339373,-0.9137537002904602,6.838535271150889e-05,0.01519249240346862,0.007471588106516454,-1.2986329082560048e-06
2464163.5,A.D. 2034-Jul-20 00:00:00.0000,0.45996631740955624,-0.9061533939940108,6.705988913320563e-05,0.015063387467348883,0.00772861644192928,-1.3468292135125917e-06
2464164.5,A.D. 2034-Jul-21 00:00:00.0000,0.4749633567248216,-0.8982972931641767,6.570237256733255e-05,0.014929983686321119,0.007983167982648634,-1.3630301256371492e-06
2464165.5,A.D. 2034-Jul-22 00:00:00.0000,0.48982488658173634,-0.8901879000986517,6.434375602461593e-05,0.014792384952376152,0.008235193592705106,-1.3494714594037932e-06
2464166.5,A.D. 2034-Jul-23 00:00:00.0000,0.5045467595837972,-0.8818277615026208,6.301238088048039e-05,0.014650684808758214,0.008484652788295053,-1.3090705510810963e-06
2464167.5,A.D. 2034-Jul-24 00:00:00.0000,0.5191249175938368,-0.8732194618648407,6.17334699379995e-05,0.014504968667075449,0.008731510064733496,-1.2451123388126506e-06
2464168.5,A.D. 2034-Jul-25 00:00:00.0000,0.5335553849181488,-0.8643656193922572,6.0528833164969085e-05,0.014355316415891706,0.00897573340416817,-1.1611324035977546e-06
2464169.5,A.D. 2034-Jul-26 00:00:00.0000,0.5478342638976291,-0.8552688825147837,5.9416609608297606e-05,0.014201804504433571,0.00921729453988548,-1.0609528799187442e-06
2464170.5,A.D. 2034-Jul-27 00:00:00.0000,0.5619577320649748,-0.8459319254828532,5.841091987928879e-05,0.014044506914641555,0.009456170404815717,-9.488157070562835e-07
2464171.5,A.D. 2034-Jul-28 00:00:00.0000,0.5759220395610275,-0.8363574421893025,5.7521361762177025e-05,0.013883494663836642,0.00969234512097874,-8.295525487217012e-07
2464172.5,A.D. 2034-Jul-29 00:00:00.0000,0.589723505244192,-0.8265481380306645,5.675234522859061e-05,0.013718833681132405,0.009925811801398194,-7.087242480918094e-07
2464173.5,A.D. 2034-Jul-30 00:00:00.0000,0.603358509895801,-0.8165067203994669,5.6102333695432925e-05,0.013550581170718758,0.01015657334462728,-5.926564432125332e-07
2464174.5,A.D. 2034-Jul-31 00:00:00.0000,0.616823485223712,-0.8062358892322811,5.556313143403998e-05,0.013378780967723361,0.010384641402375164,-4.883012130116633e-07
2464175.5,A.D. 2034-Aug-01 00:00:00.0000,0.6301148981027577,-0.795738329766282,5.511941693367583e-05,0.013203458853020303,0.01061003293288937,-4.028795456873918e-07
2464176.5,A.D. 2034-Aug-02 00:00:00.0000,0.6432292306474862,-0.7850167099974118,5.474874321983031e-05,0.013024619132654323,0.01083276429752869,-3.433117139839619e-07
2464177.5,A.D. 2034-Aug-03 00:00:00.0000,0.6561629580414818,-0.7740736850045749,5.4422185145371116e-05,0.012842243753892119,0.011052843615177157,-3.155111010425087e-07
2464178.5,A.D. 2034-Aug-04 00:00:00.0000,0.6689125270918138,-0.7629119092358111,5.4105707923652205e-05,0.012656294694361185,0.011270262747645433,-3.236722952869267e-07
2464179.5,A.D. 2034-Aug-05 00:00:00.0000,0.6814743387909271,-0.7515340563305003,5.3762190359932113e-05,0.012466719490167791,0.011484990488385558,-3.6969515782019343e-07
2464180.5,A.D. 2034-Aug-06 00:00:00.0000,0.6938447376158671,-0.739942844628822,5.335391152790284e-05,0.012273458985999689,0.011696968140256454,-4.528450804401065e-07
2464181.5,A.D. 2034-Aug-07 00:00:00.0000,0.7060200091754635,-0.7281410656850987,5.284524288799588e-05,0.012076456081469965,0.01190610794712313,-5.69681816646485e-07
2464182.5,A.D. 2034-Aug-08 00:00:00.0000,0.7179963866613431,-0.7161316129640126,5.220528449789712e-05,0.011875664457808618,0.012112294245287803,-7.142367856570359e-07
2464183.5,A.D. 2034-Aug-09 00:00:00.0000,0.7297700657468703,-0.7039175081583725,5.141021379096048e-05,0.011671056671304093,0.012315387025626687,-8.784061174227506e-07
2464184.5,A.D. 2034-Aug-10 00:00:00.0000,0.7413372270835912,-0.6915019228083893,5.0445141160752015e-05,0.011462631174026926,0.012515227762756835,-1.0525427570862278e-06
2464185.5,A.D. 2034-Aug-11 00:00:00.0000,0.7526940650225432,-0.6788881929652412,4.93052769554254e-05,0.011250417598088853,0.012711647482845551,-1.2262388468225741e-06
2464186.5,A.D. 2034-Aug-12 00:00:00.0000,0.7638368203264868,-0.6660798247845638,4.799623568348028e-05,0.01103447925748631,0.012904476722866345,-1.3892567383183467e-06
2464187.5,A.D. 2034-Aug-13 00:00:00.0000,0.7747618135274682,-0.6530804896477632,4.653337880408285e-05,0.01081491179201362,0.013093556251145232,-1.5324952972336948e-06
2464188.5,A.D. 2034-Aug-14 00:00:00.0000,0.7854654747950982,-0.6398940089630852,4.494024678937811e-05,0.010591837579611414,0.013278746626546324,-1.648812431214119e-06
2464189.5,A.D. 2034-Aug-15 00:00:00.0000,0.7959443664211526,-0.6265243308672268,4.324631788015315e-05,0.010365396820276067,0.013459934535780246,-1.73352397446054e-06
2464190.5,A.D. 2034-Aug-16 00:00:00.0000,0.8061951955521784,-0.6129755027687626,4.148447411134345e-05,0.010135737350532262,0.013637034679686097,-1.7844854357340115e-06
2464191.5,A.D. 2034-Aug-17 00:00:00.0000,0.8162148171076476,-0.5992516442086526,3.968858306767031e-05,0.009903005566465747,0.013809987406682739,-1.8017961171335073e-06
2464192.5,A.D. 2034-Aug-18 00:00:00.0000,0.8260002289342679,-0.5853569236490316,3.789150605158731e-05,0.009667340164643136,0.01397875352855855,-1.7872717511453654e-06
2464193.5,A.D. 2034-Aug-19 00:00:00.0000,0.8355485623814084,-0.5712955410564096,3.612367417339189e-05,0.009428869233399724,0.014143308228405175,-1.7438643975447888e-06
2464194.5,A.D. 2034-Aug-20 00:00:00.0000,0.8448570714641616,-0.5570717163321435,3.441220889249369e-05,0.009187710191324815,0.014303635675427856,-1.675172107259879e-06
2464195.5,A.D. 2034-Aug-21 00:00:00.0000,0.8539231229635965,-0.5426896823539517,3.2780453545805e-05,0.008943971533013748,0.01445972528452093,-1.5851143611148418e-06
2464196.5,A.D. 2034-Aug-22 00:00:00.0000,0.8627441887102129,-0.5281536807957539,3.124773804158443e-05,0.00869775527691203,0.01461156990309222,-1.477789000314914e-06
2464197.5,A.D. 2034-Aug-23 00:00:00.0000,0.8713178402723089,-0.5134679588504537,2.982920434112219e-05,0.008449159193362978,0.014759165767537495,-1.3574878584715351e-06
2464198.5,A.D. 2034-Aug-24 00:00:00.0000,0.8796417454637582,-0.49863676526954287,2.8535554154683882e-05,0.008198278115302639,0.014902513834184943,-1.2288285453779394e-06
2464199.5,A.D. 2034-Aug-25 00:00:00.0000,0.8877136654788804,-0.483664344604633,2.7372629046037012e-05,0.007945203805675776,0.015041621941746372,-1.0969477022719866e-06
2464200.5,A.D. 2034-Aug-26 00:00:00.0000,0.8955314510069708,-0.4685549291592519,2.6340794607326564e-05,0.007690022999996738,0.015176507091228118,-9.67686537537862e-07
2464201.5,A.D. 2034-Aug-27 00:00:00.0000,0.903093035398711,-0.4533127289882036,2.543417918733358e-05,0.0074328134710999845,0.015307196889988876,-8.476796042085644e-07
2464202.5,A.D. 2034-Aug-28 00:00:00.0000,0.91039642300715,-0.4379419213582867,2.463991601041869e-05,0.007173638417591292,0.015433728976322132,-7.442411215967983e-07
2464203.5,A.D. 2034-Aug-29 00:00:00.0000,0.9174396714783014,-0.4224466422965074,2.3937642326200483e-05,0.006912540223425128,0.015556147249593531,-6.649514579147826e-07
2464204.5,A.D. 2034-Aug-30 00:00:00.0000,0.9242208682536843,-0.40683098380243343,2.3299581533703216e-05,0.006649535503979778,0.015674494296179287,-6.169071306356072e-07
2464205.5,A.D. 2034-Aug-31 00:00:00.0000,0.9307381037656555,-0.3910990003264309,2.2691514049529628e-05,0.00638461384054312,0.015788800680228126,-6.057201586773739e-07
2464206.5,A.D. 2034-Sep-01 00:00:00.0000,0.9369894460458582,-0.37525472662574816,2.2074783053548716e-05,0.006117742068832369,0.015899073404328362,-6.344975689623077e-07
2464207.5,A.D. 2034-Sep-02 00:00:00.0000,0.9429729225385446,-0.3593022061837735,2.1409201337559686e-05,0.005848874225072076,0.016005286898411675,-7.031108646211561e-07
2464208.5,A.D. 2034-Sep-03 00:00:00.0000,0.9486865138759126,-0.3432455261029589,2.0656434844355223e-05,0.00557796500533766,0.016107379437481133,-8.080004855606459e-07
2464209.5,A.D. 2034-Sep-04 00:00:00.0000,0.9541281614176584,-0.32708885237005525,1.978328332478009e-05,0.005304983224898958,0.016205255931736353,-9.4256660461867e-07
2464210.5,A.D. 2034-Sep-05 00:00:00.0000,0.9592957868819426,-0.3108364596315947,1.8764335523391895e-05,0.005029922136103777,0.016298795739406388,-1.0979905842045685e-06
2464211.5,A.D. 2034-Sep-06 00:00:00.0000,0.964187320037048,-0.29449275172276823,1.7583693521015095e-05,0.004752805154826507,0.016387862888227293,-1.2642322558891806e-06
2464212.5,A.D. 2034-Sep-07 00:00:00.0000,0.968800729903103,-0.2780622718124113,1.623570685437001e-05,0.004473687315985807,0.016472316297874844,-1.4309849357219317e-06
2464213.5,A.D. 2034-Sep-08 00:00:00.0000,0.9731340557729363,-0.2615497029336254,1.4724823708839937e-05,0.004192653678142731,0.016552018659583844,-1.5884768222379897e-06
2464214.5,A.D. 2034-Sep-09 00:00:00.0000,0.9771854356150633,-0.24495986047466423,1.3064728049893768e-05,0.003909815838543028,0.016626843636173713,-1.7280992427602523e-06
2464215.5,A.D. 2034-Sep-10 00:00:00.0000,0.98095313034212,-0.22829767826906824,1.1276928548573975e-05,0.003625307216351246,0.016696681485101093,-1.8428774093650296e-06
2464216.5,A.D. 2034-Sep-11 00:00:00.0000,0.9844355428657856,-0.2115681898321367,9.388952718158514e-06,0.003339277374549716,0.016761443124104686,-1.9277877870521174e-06
2464217.5,A.D. 2034-Sep-12 00:00:00.0000,0.9876312310921742,-0.19477650639790117,7.432307554720216e-06,0.0030518856403516552,0.016821062412394883,-1.979903502614452e-06
2464218.5,A.D. 2034-Sep-13 00:00:00.0000,0.9905389143959188,-0.17792779369163678,5.4403901426273775e-06,0.0027632945587837076,0.016875496364038324,-1.998347026436756e-06
2464219.5,A.D. 2034-Sep-14 00:00:00.0000,0.9931574737940545,-0.1610272495481741,3.4465408972271306e-06,0.0024736639836942255,0.016924723276151563,-1.984056767508018e-06
2464220.5,A.D. 2034-Sep-15 00:00:00.0000,0.995485946875905,-0.14408008428055769,1.4824045606308674e-06,0.0021831466159424866,0.016968739211598048,-1.9394164706473884e-06
2464221.5,A.D. 2034-Sep-16 00:00:00.0000,0.9975235192202078,-0.12709150505455097,-4.233027439566966e-07,0.001891885483408039,0.01700755366171362,-1.86782864028278e-06
2464222.5,A.D. 2034-Sep-17 00:00:00.0000,0.9992695142875381,-0.11006670461365124,-2.245608728917535e-06,0.0016000133724287423,0.017041185333565332,-1.7733191774859286e-06
2464223.5,A.D. 2034-Sep-18 00:00:00.0000,1.0007233835559592,-0.0930108538173781,-3.963749800190931e-06,0.001307653784427962,0.017069658841468858,-1.6602407202350761e-06
2464224.5,A.D. 2034-Sep-19 00:00:00.0000,1.0018846980993046,-0.0759290968312763,-5.561404616381281e-06,0.001014922742238185,0.01709300275866645,-1.533109738825554e-06
2464225.5,A.D. 2034-Sep-20 00:00:00.0000,1.002753142089538,-0.05882654752227103,-7.026834238975362e-06,0.000721930711960626,0.017111249150567175,-1.3965809739562377e-06
2464226.5,A.D. 2034-Sep-21 00:00:00.0000,1.0033285079907865,-0.041708285631129945,-8.353057685569832e-06,0.00042878395707324365,0.017124434444869482,-1.2555387753223217e-06
2464227.5,A.D. 2034-Sep-22 00:00:00.0000,1.0036106925675943,-0.024579351545607437,-9.53816176841539e-06,0.00013558471740805555,0.017132601283954333,-1.1152663247563205e-06
2464228.5,A.D. 2034-Sep-23 00:00:00.0000,1.0035996922594175,-0.007444738960295462,-1.0585795534406702e-05,-0.0001575703176256485,0.017135800779778654,-9.816337888789627e-07
2464229.5,A.D. 2034-Sep-24 00:00:00.0000,1.003295596004131,0.009690614563418016,-1.1505827745430906e-05,-0.00045059362763538263,0.017134094278028915,-8.612191749639424e-07
2464230.5,A.D. 2034-Sep-25 00:00:00.0000,1.002698573366487,0.026821838035402466,-1.2315043385236465e-05,-0.000743412583724209,0.01712755334275549,-7.612433357654083e-07
2464231.5,A.D. 2034-Sep-26 00:00:00.0000,1.0018088561716443,0.043944135914602,-1.303762505145904e-05,-0.0010359764931453345,0.01711625638464529,-6.891826297643531e-07
2464232.5,A.D. 2034-Sep-27 00:00:00.0000,1.0006267132161208,0.061052791352452666,-1.370504054621739e-05,-0.0013282629484944767,0.017100280617305338,-6.51960034611464e-07
2464233.5,A.D. 2034-Sep-28 00:00:00.0000,0.9991524202918953,0.07814315897930406,-1.4354917838144358e-05,-0.0016202802510904815,0.017079689372882793,-6.54752322591169e-07
2464234.5,A.D. 2034-Sep-29 00:00:00.0000,0.99738623118632,0.09521064361556952,-1.502863609004911e-05,-0.0019120625807549571,0.017054517291094383,-6.996801273285255e-07
2464235.5,A.D. 2034-Sep-30 00:00:00.0000,0.9953283577989859,0.11225066512079955,-1.5767740239430787e-05,-0.0022036566870896725,0.017024758360634332,-7.848517084995565e-07
2464236.5,A.D. 2034-Oct-01 00:00:00.0000,0.99297896684273,0.12925861499692176,-1.660977603055639e-05,-0.0024951028336120886,0.016990362116309842,-9.042185881102419e-07
2464237.5,A.D. 2034-Oct-02 00:00:00.0000,0.9903381960009997,0.14622981441823305,-1.7584465953434412e-05,-0.002786416084763765,0.016951240284914203,-1.048388488628108e-06
2464238.5,A.D. 2034-Oct-03 00:00:00.0000,0.9874061859742955,0.16315948328699856,-1.871107065577262e-05,-0.0030775740480272237,0.01690728142341021,-1.2061041438557954e-06
2464239.5,A.D. 2034-Oct-04 00:00:00.0000,0.9841831202560835,0.18004272563707172,-1.9997337918004886e-05,-0.003368513738606647,0.016858367972301162,-1.3658465352312392e-06
2464240.5,A.D. 2034-Oct-05 00:00:00.0000,0.9806692639828015,0.19687453103503152,-2.1439914264351955e-05,-0.0036591360454084777,0.016804390524880836,-1.5171006540558793e-06
2464241.5,A.D. 2034-Oct-06 00:00:00.0000,0.9768649960471985,0.21364978770863763,-2.3025764168766856e-05,-0.003949314080961621,0.016745256865850343,-1.6510984279267132e-06
2464242.5,A.D. 2034-Oct-07 00:00:00.0000,0.9727708324007697,0.2303633021438628,-2.4734090679017976e-05,-0.004238902000149689,0.016680896082146013,-1.7611029655472957e-06
2464243.5,A.D. 2034-Oct-08 00:00:00.0000,0.9683874411458974,0.2470098210022293,-2.6538381793807356e-05,-0.004527742432343589,0.016611259400380197,-1.8424058916418145e-06
2464244.5,A.D. 2034-Oct-09 00:00:00.0000,0.9637156510937587,0.2635840529529976,-2.8408378516313823e-05,-0.00481567214211614,0.016536319410981177,-1.8921944157803162e-06
2464245.5,A.D. 2034-Oct-10 00:00:00.0000,0.9587564553946195,0.2800806893792375,-3.031188517709815e-05,-0.005102526317310756,0.016456068700889184,-1.909377848081793e-06
2464246.5,A.D. 2034-Oct-11 00:00:00.0000,0.9535110113382416,0.29649442359066885,-3.2216399236246524e-05,-0.0053881420165811855,0.016370518250723907,-1.8944007725033483e-06
2464247.5,A.D. 2034-Oct-12 00:00:00.0000,0.9479806369871581,0.312819968308123,-3.409054549517815e-05,-0.0056723610801868475,0.016279695559745934,-1.849036549041003e-06
2464248.5,A.D. 2034-Oct-13 00:00:00.0000,0.9421668051563411,0.3290520710867432,-3.590528938639253e-05,-0.005955032505905138,0.01618364238740232,-1.7761512305366364e-06
2464249.5,A.D. 2034-Oct-14 00:00:00.0000,0.9360711353577135,0.34518552729365887,-3.763490071139498e-05,-0.0062360141076074835,0.016082412143890078,-1.6794430876898288e-06
2464250.5,A.D. 2034-Oct-15 00:00:00.0000,0.9296953845238595,0.3612151903935143,-3.925765413240346e-05,-0.006515173278291453,0.015976067170772528,-1.5631819022829716e-06
2464251.5,A.D. 2034-Oct-16 00:00:00.0000,0.923041437433831,0.3771359796161809,-4.075628337788544e-05,-0.006792386837489212,0.015864676293348534,-1.4319832173437942e-06
2464252.5,A.D. 2034-Oct-17 00:00:00.0000,0.9161112976752643,0.39294288547857764,-4.211824151035718e-05,-0.007067540162257186,0.015748313035218488,-1.2906509988778271e-06
2464253.5,A.D. 2034-Oct-18 00:00:00.0000,0.9089070796771235,0.40863097397486475,-4.333584748990653e-05,-0.007340525992410457,0.015627054772739443,-1.1441096269921443e-06
2464254.5,A.D. 2034-Oct-19 00:00:00.0000,0.9014310018902262,0.42419539043837073,-4.4406411307503906e-05,-0.007611243421067281,0.01550098292204042,-9.974278109296342e-07
2464255.5,A.D. 2034-Oct-20 00:00:00.0000,0.8936853806504187,0.43963136406430836,-4.5332422424845455e-05,-0.007879597634354956,0.0153701840330704,-8.559164966802701e-07
2464256.5,A.D. 2034-Oct-21 00:00:00.0000,0.8856726236908565,0.4549342138343379,-4.6121857141149935e-05,-0.008145500964582735,0.015234751411837357,-7.252598300860565e-07
2464257.5,A.D. 2034-Oct-22 00:00:00.0000,0.8773952217339716,0.47009935604981556,-4.678860585995617e-05,-0.008408875745792408,0.01509478656529304,-6.116096134891847e-07
2464258.5,A.D. 2034-Oct-23 00:00:00.0000,0.8688557362117743,0.4851223127695093,-4.7352934419428826e-05,-0.008669659201706746,0.014950399337661516,-5.215384384534036e-07
2464259.5,A.D. 2034-Oct-24 00:00:00.0000,0.8600567812117771,0.4999987190909865,-4.7841771871046176e-05,-0.008927809956768794,0.014801705174748448,-4.617153780837379e-07
2464260.5,A.D. 2034-Oct-25 00:00:00.0000,0.8510009987037276,0.5147243255554855,-4.8288478895275956e-05,-0.009183314568911461,0.014648817865045228,-4.381745162805557e-07
2464261.5,A.D. 2034-Oct-26 00:00:00.0000,0.8416910284810766,0.5292949906461362,-4.873166137186473e-05,-0.009436190917108091,0.014491837017710698,-4.5514739310307593e-07
2464262.5,A.D. 2034-Oct-27 00:00:00.0000,0.8321294780150624,0.5437066587112098,-4.921267110472583e-05,-0.009686484315045884,0.014330832007143026,-5.136645067828253e-07
2464263.5,A.D. 2034-Oct-28 00:00:00.0000,0.8223189011413504,0.5579553220987079,-4.9771791496077394e-05,-0.009934253553003142,0.014165827580353537,-6.104276504801201e-07
2464264.5,A.D. 2034-Oct-29 00:00:00.0000,0.8122617952766349,0.5720369727414651,-5.04436969613388e-05,-0.01017954857775341,0.013996798306047876,-7.375799156916936e-07
2464265.5,A.D. 2034-Oct-30 00:00:00.0000,0.8019606222799701,0.5859475548164844,-5.125329589800451e-05,-0.010422387077895702,0.013823676583125905,-8.837121498625981e-07
2464266.5,A.D. 2034-Oct-31 00:00:00.0000,0.7914178493453564,0.5996829317015517,-5.2213107244191605e-05,-0.010662739204839526,0.01364637229260783,-1.035823127535825e-06
2464267.5,A.D. 2034-Nov-01 00:00:00.0000,0.7806359986725547,0.6132388752291303,-5.3322758581710924e-05,-0.010900525567510925,0.013464796170151967,-1.1814575764268168e-06
2464268.5,A.D. 2034-Nov-02 00:00:00.0000,0.769617693021473,0.6266110764752124,-5.4570383656056815e-05,-0.011135626650691854,0.013278878344877405,-1.3102721612563608e-06
2464269.5,A.D. 2034-Nov-03 00:00:00.0000,0.7583656886927437,0.6397951706833943,-5.5935150852956577e-05,-0.01136789739279539,0.013088577838585915,-1.4147240542586195e-06
2464270.5,A.D. 2034-Nov-04 00:00:00.0000,0.7468828939579072,0.6527867673673818,-5.7390090285391865e-05,-0.011597180919559883,0.01289388387245054,-1.49002941221271e-06
2464271.5,A.D. 2034-Nov-05 00:00:00.0000,0.7351723755954563,0.6655814790095076,-5.8904656018023274e-05,-0.011823318352953357,0.012694812370396616,-1.5337338079790356e-06
2464272.5,A.D. 2034-Nov-06 00:00:00.0000,0.7232373577800363,0.6781749452805715,-6.044679506716575e-05,-0.01204615441361335,0.012491400953030026,-1.5451949543226088e-06
2464273.5,A.D. 2034-Nov-07 00:00:00.0000,0.7110812170131463,0.6905628523925067,-6.198453042108658e-05,-0.012265539977410853,0.012283704424698352,-1.5251445967452154e-06
2464274.5,A.D. 2034-Nov-08 00:00:00.0000,0.698707475421474,0.7027409485272741,-6.348716939306266e-05,-0.012481333000199962,0.012071791476159492,-1.475378080977801e-06
2464275.5,A.D. 2034-Nov-09 00:00:00.0000,0.6861197934801568,0.7147050565613934,-6.492625856343677e-05,-0.01269339888060333,0.011855742518391237,-1.398551449850772e-06
2464276.5,A.D. 2034-Nov-10 00:00:00.0000,0.6733219623942323,0.7264510850171413,-6.627637106359367e-05,-0.012901610837771678,0.01163564822208705,-1.2980411969583905e-06
2464277.5,A.D. 2034-Nov-11 00:00:00.0000,0.6603178960164694,0.7379750377152254,-6.75157669711567e-05,-0.013105850459109355,0.011411608316116498,-1.1778249701089821e-06
2464278.5,A.D. 2034-Nov-12 00:00:00.0000,0.6471116221730848,0.7492730222253244,-6.862693382443318e-05,-0.013306008304678091,0.011183730354322812,-1.0423588088867648e-06
2464279.5,A.D. 2034-Nov-13 00:00:00.0000,0.6337072734445787,0.760341257029611,-6.959700040237344e-05,-0.013501984358050539,0.010952128381491748,-8.964474969680872e-07
2464280.5,A.D. 2034-Nov-14 00:00:00.0000,0.6201090776425418,0.7711760773487795,-7.041802251408436e-05,-0.013693688168725817,0.010716921625986416,-7.451214115716804e-07
2464281.5,A.D. 2034-Nov-15 00:00:00.0000,0.606321348304885,0.7817739397703013,-7.108715752907245e-05,-0.013881038689644293,0.010478233453298059,-5.935406354492588e-07
2464282.5,A.D. 2034-Nov-16 00:00:00.0000,0.5923484754310232,0.7921314260564318,-7.160676413123011e-05,-0.01406396400866463,0.010236190801166637,-4.4694321057527455e-07
2464283.5,A.D. 2034-Nov-17 00:00:00.0000,0.5781949163902819,0.8022452466737744,-7.198447440049338e-05,-0.014242401343253311,0.009990924186240608,-3.106404119837684e-07
2464284.5,A.D. 2034-Nov-18 00:00:00.0000,0.5638651865097565,0.812112244569344,-7.223327789922006e-05,-0.014416297768780922,0.009742568143755228,-1.9004020601004534e-07
2464285.5,A.D. 2034-Nov-19 00:00:00.0000,0.5493638483692836,0.8217293994301893,-7.237162526950452e-05,-0.014585612145558367,0.009491261649782966,-9.065254660830572e-08
2464286.5,A.D. 2034-Nov-20 00:00:00.0000,0.534695498435338,0.8310938320260591,-7.242349701472002e-05,-0.014750318534805299,0.00923714769127456,-1.799886757136673e-08
2464287.5,A.D. 2034-Nov-21 00:00:00.0000,0.5198647495774321,0.8402028071961074,-7.241829058819693e-05,-0.014910410928339859,0.00898037075036078,2.267999698231947e-08
2464288.5,A.D. 2034-Nov-22 00:00:00.0000,0.5048762085971251,0.8490537326751537,-7.239026771453572e-05,-0.015065908212037486,0.008721070769403422,2.7027232050656923e-08
2464289.5,A.D. 2034-Nov-23 00:00:00.0000,0.4897344496224803,0.8576441496754994,-7.237721728290703e-05,-0.015216856948414936,0.00845937263651687,-7.46705211403356e-09
2464290.5,A.D. 2034-Nov-24 00:00:00.0000,0.4744439872962135,0.8659717109342627,-7.241801718614697e-05,-0.015363328354021566,0.008195371994142673,-8.02682996283575e-08
2464291.5,A.D. 2034-Nov-25 00:00:00.0000,0.45900925735965964,0.8740341442204411,-7.254903425908723e-05,-0.015505406147801885,0.007929121296161964,-1.867601026696349e-07
2464292.5,A.D. 2034-Nov-26 00:00:00.0000,0.4434346141765296,0.881829204810081,-7.279981506546089e-05,-0.01564316527389241,0.007660622935286112,-3.1796622486169535e-07
2464293.5,A.D. 2034-Nov-27 00:00:00.0000,0.42772435191636965,0.8893546274060632,-7.318909020800877e-05,-0.01577664731421626,0.0073898357141528115,-4.614961594422494e-07
2464294.5,A.D. 2034-Nov-28 00:00:00.0000,0.4118827478451261,0.8966080917324247,-7.372232072582769e-05,-0.01590584257847721,0.007116695106199487,-6.036037849437684e-07
2464295.5,A.D. 2034-Nov-29 00:00:00.0000,0.39591411664380666,0.9035872124565896,-7.439155803122304e-05,-0.0160306867090018,0.00684113991869764,-7.315922664488269e-07
2464296.5,A.D. 2034-Nov-30 00:00:00.0000,0.37982286048416597,0.9102895544559501,-7.517747870587759e-05,-0.016151071848028643,0.006563134667955085,-8.356243695272305e-07
2464297.5,A.D. 2034-Dec-01 00:00:00.0000,0.36361350342406895,0.9167126651697804,-7.6052696880205e-05,-0.016266865355350008,0.006282680809899324,-9.094395892128743e-07
2464298.5,A.D. 2034-Dec-02 00:00:00.0000,0.3472907068797858,0.922854112360725,-7.69852783444758e-05,-0.016377927752442362,0.005999816825893866,-9.501017947514763e-07
2464299.5,A.D. 2034-Dec-03 00:00:00.0000,0.3308592697595033,0.928711518162924,-7.794170639977325e-05,-0.016484125029234974,0.00571461159000477,-9.57238742920199e-07
2464300.5,A.D. 2034-Dec-04 00:00:00.0000,0.3143241195216345,0.9342825852238817,-7.888902263470085e-05,-0.016585334643287878,0.005427155881549774,-9.322109621547154e-07
2464301.5,A.D. 2034-Dec-05 00:00:00.0000,0.2976902997166747,0.9395651148036609,-7.97962119139502e-05,-0.016681446924267825,0.005137555120960367,-8.774551197699745e-07
2464302.5,A.D. 2034-Dec-06 00:00:00.0000,0.2809629574949941,0.9445570187535249,-8.063505094497131e-05,-0.01677236407733395,0.00484592445182985,-7.96067936020177e-07
2464303.5,A.D. 2034-Dec-07 00:00:00.0000,0.2641473325727996,0.9492563277340879,-8.13806486350373e-05,-0.016857998487939063,0.004552386058283391,-6.915955008323011e-07
2464304.5,A.D. 2034-Dec-08 00:00:00.0000,0.24724874779657952,0.9536611976131155,-8.201184934959861e-05,-0.016938271334508852,0.004257068084746081,-5.679573094587445e-07
2464305.5,A.D. 2034-Dec-09 00:00:00.0000,0.2302726007407419,0.9577699152785951,-8.251159770776231e-05,-0.017013111944192666,0.003960104430446781,-4.2943456037030044e-07
2464306.5,A.D. 2034-Dec-10 00:00:00.0000,0.21322435554719685,0.9615809044166322,-8.286729991643947e-05,-0.017082457936763554,0.003661634794317941,-2.806673100796834e-07
2464307.5,A.D. 2034-Dec-11 00:00:00.0000,0.19610953430109493,0.9650927312678075,-8.307117111518052e-05,-0.017146255963083074,0.0033618045318732984,-1.2662523247490396e-07
2464308.5,A.D. 2034-Dec-12 00:00:00.0000,0.1789337074967579,0.9683041100458972,-8.312053352989502e-05,-0.017204462732299183,0.003060764105208708,2.7462188511543144e-08
2464309.5,A.D. 2034-Dec-13 00:00:00.0000,0.16170248345970384,0.9712139075933393,-8.301802579809922e-05,-0.017257046029505674,0.0027586681216295993,1.7621146991618373e-07
2464310.5,A.D. 2034-Dec-14 00:00:00.0000,0.14442149683853014,0.9738211469303776,-8.277169517365384e-05,-0.01730398554259415,0.002455674116767516,3.1421029116781793e-07
2464311.5,A.D. 2034-Dec-15 00:00:00.0000,0.12709639637062356,0.9761250095479789,-8.239496268847897e-05,-0.017345273506335846,0.0021519412909730253,4.3614395542948455e-07
2464312.5,A.D. 2034-Dec-16 00:00:00.0000,0.10973283201782377,0.9781248364715402,-8.190646489354491e-05,-0.017380915365158383,0.0018476293195464897,5.369161453620084e-07
2464313.5,A.D. 2034-Dec-17 00:00:00.0000,0.0923364413000571,0.9798201281401863,-8.132977268589546e-05,-0.017410930768613147,0.0015428971312832162,6.11778627138543e-07
2464314.5,A.D. 2034-Dec-18 00:00:00.0000,0.07491283435062455,0.9812105428858421,-8.069295978430113e-05,-0.017435355159606206,0.0012379012297142596,6.565113570769584e-07
2464315.5,A.D. 2034-Dec-19 00:00:00.0000,0.05746757708325171,0.9822958932031391,-8.002793978847749e-05,-0.01745424191521874,0.0009327928061435969,6.677170386856932e-07
2464316.5,A.D. 2034-Dec-20 00:00:00.0000,0.04000617217836334,0.9830761381434877,-7.936942271923607e-05,-0.017467664391936918,0.0006277127253586653,6.432971683633808e-07
2464317.5,A.D. 2034-Dec-21 00:00:00.0000,0.022534038670550035,0.9835513693308432,-7.875329034635779e-05,-0.017475716341492687,0.0003227837347714498,5.831360804498811e-07
2464318.5,A.D. 2034-Dec-22 00:00:00.0000,0.005056492908652421,0.9837217879044485,-7.821421163717139e-05,-0.017478508306211855,1.8100323494222972e-05,4.899094122831612e-07
2464319.5,A.D. 2034-Dec-23 00:00:00.0000,-0.012421263814666482,0.9835876710676078,-7.778248817487495e-05,-0.0174761575614401,-0.00028628131005929377,3.6975599217458563e-07
2464320.5,A.D. 2034-Dec-24 00:00:00.0000,-0.029894143968186297,0.9831493305603768,-7.748046873253398e-05,-0.01746877102897774,-0.0005903484544627467,2.32390971000263e-07
2464321.5,A.D. 2034-Dec-25 00:00:00.0000,-0.04735715312082639,0.9824070706095339,-7.731930219815075e-05,-0.017456424598246013,-0.0008941270035029653,9.027124480992295e-08
2464322.5,A.D. 2034-Dec-26 00:00:00.0000,-0.06480534984183019,0.9813611568520634,-7.729703146041945e-05,-0.017439146376804163,-0.0011976645560480492,-4.320937838013891e-08
2464323.5,A.D. 2034-Dec-27 00:00:00.0000,-0.08223379420566085,0.9800118065957026,-7.739877465275508e-05,-0.017416911654413333,-0.0015010059147189032,-1.5595983570450347e-07
2464324.5,A.D. 2034-Dec-28 00:00:00.0000,-0.09963749847785107,0.9783592035987094,-7.759900794103536e-05,-0.01738965207635024,-0.0018041701999787687,-2.3901589257329144e-07
2464325.5,A.D. 2034-Dec-29 00:00:00.0000,-0.11701139232806494,0.9764035313290853,-7.786518530782578e-05,-0.01735727425451636,-0.0021071377176009615,-2.873327609361066e-07
2464326.5,A.D. 2034-Dec-30 00:00:00.0000,-0.13435030789467534,0.9741450132795955,-7.816159796627594e-05,-0.017319679491322442,-0.002409848786756387,-2.995149094532194e-07
2464327.5,A.D. 2034-Dec-31 00:00:00.0000,-0.15164898228481472,0.9715839497773714,-7.845260038466992e-05,-0.017276778217709902,-0.0027122110531644698,-2.7690877271242454e-07
2464328.5,A.D. 2035-Jan-01 00:00:00.0000,-0.16890207087074563,0.9687207455161955,-7.870482787169477e-05,-0.017228497165549236,-0.0030141098716106006,-2.2256752836736567e-07
2464329.5,A.D. 2035-Jan-02 00:00:00.0000,-0.18610416462582915,0.9655559269802368,-7.888846262948829e-05,-0.01717478066622405,-0.003315417648225916,-1.4041851246748957e-07
2464330.5,A.D. 2035-Jan-03 00:00:00.0000,-0.2032498068860749,0.962090151893985,-7.897782181128412e-05,-0.01711558862902549,-0.003616000311111753,-3.474332002012673e-08
2464331.5,A.D. 2035-Jan-04 00:00:00.0000,-0.22033350738684873,0.9583242137376633,-7.895157227734419e-05,-0.01705089341780227,-0.003915720778369812,9.006084711711634e-08
2464332.5,A.D. 2035-Jan-05 00:00:00.0000,-0.23734975324662727,0.9542590440303119,-7.87928121764911e-05,-0.016980677037768316,-0.004214440095790215,2.295244538868085e-07
2464333.5,A.D. 2035-Jan-06 00:00:00.0000,-0.2542930176099277,0.9498957142769247,-7.84891690896307e-05,-0.016904929338908813,-0.004512017114893928,3.7904319015468904e-07
2464334.5,A.D. 2035-Jan-07 00:00:00.0000,-0.27115776711528283,0.9452354386257077,-7.803298141517432e-05,-0.01682364747410197,-0.004808307518856284,5.337850129047022e-07
2464335.5,A.D. 2035-Jan-08 00:00:00.0000,-0.28793846943532575,0.9402795775380152,-7.742156309980442e-05,-0.01673683655743965,-0.005103162872152293,6.886246846496199e-07
2464336.5,A.D. 2035-Jan-09 00:00:00.0000,-0.3046296019749846,0.9350296421693616,-7.665750221981101e-05,-0.016644511264934575,-0.005396430223829483,8.381469305131341e-07
2464337.5,A.D. 2035-Jan-10 00:00:00.0000,-0.3212256624754921,0.9294872987138694,-7.574891184317144e-05,-0.016546697967311827,-0.00568795261951662,9.767407696055706e-07
2464338.5,A.D. 2035-Jan-11 00:00:00.0000,-0.33772118181218475,0.9236543717161029,-7.470953950528797e-05,-0.016443436900781486,-0.0059775706567581485,1.0987863450995182e-06
2464339.5,A.D. 2035-Jan-12 00:00:00.0000,-0.35411073878321675,0.9175328453409264,-7.355865094336333e-05,-0.01633478390990635,-0.0062651249771453,1.1989149165624135e-06
2464340.5,A.D. 2035-Jan-13 00:00:00.0000,-0.37038897628927053,0.9111248618004802,-7.232063056976506e-05,-0.016220811453988702,-0.006550459402008698,1.2723095639846834e-06
2464341.5,A.D. 2035-Jan-14 00:00:00.0000,-0.3865506181111231,0.9044327164671904,-7.102427442228247e-05,-0.016101608803874966,-0.006833424374552094,1.3150152654649585e-06
2464342.5,A.D. 2035-Jan-15 00:00:00.0000,-0.40259048552505505,0.8974588494845389,-6.970177564352105e-05,-0.015977281549174535,-0.007113880508684419,1.3242431215312445e-06
2464343.5,A.D. 2035-Jan-16 00:00:00.0000,-0.41850351314175216,0.8902058337624882,-6.838740640428267e-05,-0.015847950547304944,-0.007391702303156977,1.2986761519800215e-06
2464344.5,A.D. 2035-Jan-17 00:00:00.0000,-0.43428476338247457,0.8826763590656589,-6.711588463794819e-05,-0.015713750194409706,-0.007666782295029411,1.2387971547313873e-06
2464345.5,A.D. 2035-Jan-18 00:00:00.0000,-0.4499294386638543,0.8748732116220068,-6.592039799332165e-05,-0.01557482542976715,-0.007939035875714163,1.1472439548784405e-06
2464346.5,A.D. 2035-Jan-19 00:00:00.0000,-0.46543288952893996,0.866799248671246,-6.483027651777987e-05,-0.015431326425833386,-0.008208406474327993,1.029141419578021e-06
2464347.5,A.D. 2035-Jan-20 00:00:00.0000,-0.4807906158439018,0.858457368142772,-6.38683994608764e-05,-0.015283399892074483,-0.008474869793450291,8.922697358713603e-07
2464348.5,A.D. 2035-Jan-21 00:00:00.0000,-0.49599825747330084,0.8498504755641338,-6.304860590254829e-05,-0.01513117684373027,-0.008738434627354885,7.468485836483642e-07
2464349.5,A.D. 2035-Jan-22 00:00:00.0000,-0.5110515716398443,0.840981453072386,-6.237360383863435e-05,-0.014974758727489294,-0.008999137419161822,6.0473148401642e-07
2464350.5,A.D. 2035-Jan-23 00:00:00.0000,-0.5259463972803319,0.831853137683407,-6.183400060414625e-05,-0.014814206138746393,-0.009257029205661042,4.779901315998597e-07
2464351.5,A.D. 2035-Jan-24 00:00:00.0000,-0.540678611544052,0.8224683157203715,-6.140894274042897e-05,-0.014649535127949868,-0.009512157036116088,3.771882883008715e-07
2464352.5,A.D. 2035-Jan-25 00:00:00.0000,-0.5552440876725104,0.812829736357053,-6.106841143507495e-05,-0.014480723742912894,-0.009764545428372896,3.0989587188083035e-07
2464353.5,A.D. 2035-Jan-26 00:00:00.0000,-0.5696386639218736,0.80294014100513,-6.077666230398469e-05,-0.014307726859757034,-0.010014184110421098,2.7994756985832033e-07
2464354.5,A.D. 2035-Jan-27 00:00:00.0000,-0.5838581291938676,0.7928023002793348,-6.0495951505456555e-05,-0.014130493700416904,-0.010261025280071466,2.8760068077160317e-07
2464355.5,A.D. 2035-Jan-28 00:00:00.0000,-0.5978982250238266,0.7824190493005067,-6.0189743572361625e-05,-0.013948982235347525,-0.010504989142712454,3.303491972148358e-07
2464356.5,A.D. 2035-Jan-29 00:00:00.0000,-0.6117546589933178,0.7717933149727352,-5.982495492191729e-05,-0.013763167412080965,-0.010745973666830886,4.039666850673217e-07
2464357.5,A.D. 2035-Jan-30 00:00:00.0000,-0.6254231232441625,0.7609281331666782,-5.937319658803564e-05,-0.013573043362706693,-0.01098386444079298,5.034197949588807e-07
2464358.5,A.D. 2035-Jan-31 00:00:00.0000,-0.6388993129890571,0.7498266571126417,-5.8811247828353715e-05,-0.013378621583524193,-0.011218542142943409,6.234798062077914e-07
2464359.5,A.D. 2035-Feb-01 00:00:00.0000,-0.6521789421497248,0.7384921598772275,-5.812107863840564e-05,-0.013179927353925045,-0.011449886899035294,7.59020728543893e-07
2464360.5,A.D. 2035-Feb-02 00:00:00.0000,-0.665257755273234,0.7269280339087915,-5.728970237111415e-05,-0.012976996095429951,-0.011677779901689684,9.050761788089038e-07
2464361.5,A.D. 2035-Feb-03 00:00:00.0000,-0.678131536217544,0.7151377900043641,-5.630905305227023e-05,-0.012769870666071968,-0.011902103091953865,1.0567484513031943e-06
2464362.5,A.D. 2035-Feb-04 00:00:00.0000,-0.6907961148108882,0.703125057208821,-5.517599131473608e-05,-0.012558600060206388,-0.012122737749263824,1.2090552998485836e-06
2464363.5,A.D. 2035-Feb-05 00:00:00.0000,-0.7032473729848637,0.6908935843428573,-5.389246413434363e-05,-0.012343239660808336,-0.012339562767756388,1.356786625491103e-06
2464364.5,A.D. 2035-Feb-06 00:00:00.0000,-0.7154812519130823,0.6784472431096615,-5.24657767360797e-05,-0.01212385296781231,-0.012552453339197855,1.4944330680279831e-06
2464365.5,A.D. 2035-Feb-07 00:00:00.0000,-0.7274937614995853,0.6657900320320256,-5.090887761372867e-05,-0.011900514496391023,-0.012761280715351596,1.616238853923077e-06
2464366.5,A.D. 2035-Feb-08 00:00:00.0000,-0.7392809931192671,0.6529260798465425,-4.924051278662766e-05,-0.011673313260586548,-0.012965913607460404,1.7164142554804688e-06
2464367.5,A.D. 2035-Feb-09 00:00:00.0000,-0.7508391357857843,0.6398596465449201,-4.7485084315460135e-05,-0.011442355983722756,-0.01316622150669754,1.7895119441752637e-06
2464368.5,A.D. 2035-Feb-10 00:00:00.0000,-0.7621644949798481,0.6265951201833667,-4.567206498692132e-05,-0.011207769046905625,-0.013362079754478317,1.8309278325129967e-06
2464369.5,A.D. 2035-Feb-11 00:00:00.0000,-0.7732535124342108,0.6131370080166187,-4.3834882761428376e-05,-0.010969698347266249,-0.013553375668052429,1.83744431654221e-06
2464370.5,A.D. 2035-Feb-12 00:00:00.0000,-0.78410278455906,0.5994899214128931,-4.2009283654711485e-05,-0.010728306712937107,-0.013740014664247239,1.8077131698700025e-06
2464371.5,A.D. 2035-Feb-13 00:00:00.0000,-0.7947090771448233,0.5856585550957105,-4.023127989416503e-05,-0.010483769132203525,-0.013921925329080227,1.7425906515707987e-06
2464372.5,A.D. 2035-Feb-14 00:00:00.0000,-0.8050693344823331,0.5716476621462248,-3.853485702451833e-05,-0.010236266491922783,-0.014099062758004413,1.6452815645859066e-06
2464373.5,A.D. 2035-Feb-15 00:00:00.0000,-0.8151806817934877,0.5574620266201095,-3.694963284688407e-05,-0.009985978565927232,-0.014271409992054753,1.5212945504066185e-06
2464374.5,A.D. 2035-Feb-16 00:00:00.0000,-0.8250404204787977,0.5431064356376907,-3.549864681148576e-05,-0.009733076704386917,-0.014438977654670171,1.3782286441380174e-06
2464375.5,A.D. 2035-Feb-17 00:00:00.0000,-0.8346460159714928,0.5285856527307782,-3.419644515271644e-05,-0.00947771637132909,-0.014601801768381068,1.22539260732349e-06
2464376.5,A.D. 2035-Feb-18 00:00:00.0000,-0.8439950781225498,0.5139043944375952,-3.304764235862218e-05,-0.009220029736682456,-0.01475993934229846,1.0732257697921077e-06
2464377.5,A.D. 2035-Feb-19 00:00:00.0000,-0.8530853344960218,0.4990673126905406,-3.2046177334464676e-05,-0.00896011910396115,-0.014913461105982757,9.324845575869233e-07
2464378.5,A.D. 2035-Feb-20 00:00:00.0000,-0.8619145981446033,0.4840789860141818,-3.1175494605736344e-05,-0.008698052764161692,-0.015062441206523123,8.132185670123557e-07
2464379.5,A.D. 2035-Feb-21 00:00:00.0000,-0.8704807332751789,0.46894392217441583,-3.040980094713488e-05,-0.00843386522258979,-0.015206944912320112,7.236782312502528e-07
2464380.5,A.D. 2035-Feb-22 00:00:00.0000,-0.8787816238839282,0.4536665731261366,-2.9716345917792144e-05,-0.008167562974851805,-0.01534701682275071,6.69406453176224e-07
2464381.5,A.D. 2035-Feb-23 00:00:00.0000,-0.8868151507425954,0.4382513601839247,-2.905840658552594e-05,-0.00789913513318362,-0.015482672703544613,6.52774868104058e-07
2464382.5,A.D. 2035-Feb-24 00:00:00.0000,-0.8945791803791022,0.4227027045611696,-2.839845245309516e-05,-0.007628566225420826,-0.015613897117562526,6.730911893622942e-07
2464383.5,A.D. 2035-Feb-25 00:00:00.0000,-0.9020715664877662,0.4070250572680786,-2.7700943829746975e-05,-0.00735584770562178,-0.015740646889306424,7.271945884792992e-07
2464384.5,A.D. 2035-Feb-26 00:00:00.0000,-0.9092901610592845,0.39122292339580134,-2.6934387826556578e-05,-0.007080985593818548,-0.01586285842612987,8.102984612975005e-07
2464385.5,A.D. 2035-Feb-27 00:00:00.0000,-0.9162328308192178,0.3753008783157551,-2.607254154330985e-05,-0.006804003481791739,-0.015980456111634355,9.168134625923767e-07
2464386.5,A.D. 2035-Feb-28 00:00:00.0000,-0.9228974746631899,0.35926357594784386,-2.5094883332153253e-05,-0.0065249417539276315,-0.016093359479262385,1.0409678384412702e-06
2464387.5,A.D. 2035-Mar-01 00:00:00.0000,-0.9292820390804439,0.343115751003018,-2.398659653567336e-05,-0.006243854625435149,-0.016201487989779304,1.1771602655792681e-06
2464388.5,A.D. 2035-Mar-02 00:00:00.0000,-0.9353845301900986,0.3268622177429397,-2.2738326108200565e-05,-0.005960806559479851,-0.016304763258001117,1.320070408555107e-06
2464389.5,A.D. 2035-Mar-03 00:00:00.0000,-0.9412030223783027,0.3105078676143731,-2.1345917985984137e-05,-0.00567586920128026,-0.01640310917997133,1.4645958066461605e-06
2464390.5,A.D. 2035-Mar-04 00:00:00.0000,-0.9467356644309023,0.2940576675244381,-1.981027573115019e-05,-0.005389119518755081,-0.016496450644759506,1.605693287359022e-06
2464391.5,A.D. 2035-Mar-05 00:00:00.0000,-0.95198068457305,0.2775166598071638,-1.8137392272697583e-05,-0.005100639517026997,-0.016584711563323962,1.7381993832053357e-06
2464392.5,A.D. 2035-Mar-06 00:00:00.0000,-0.9569363960807995,0.26088996418837124,-1.6338541947261375e-05,-0.004810517676397936,-0.01666781297439328,1.8567012360627636e-06
2464393.5,A.D. 2035-Mar-07 00:00:00.0000,-0.9616012051736296,0.2441827812626755,-1.4430546267670334e-05,-0.004518852040225926,-0.01674567206104839,1.9555303918473086e-06
2464394.5,A.D. 2035-Mar-08 00:00:00.0000,-0.9659736226631802,0.22740039612254973,-1.2435954942720492e-05,-0.0042257545304412655,-0.016818202980648296,2.028949142948366e-06
2464395.5,A.D. 2035-Mar-09 00:00:00.0000,-0.9700522801632043,0.21054817990308397,-1.0382922690916283e-05,-0.003931355547233,-0.016885320312256924,2.0715770003416272e-06
2464396.5,A.D. 2035-Mar-10 00:00:00.0000,-0.9738359504297746,0.193631586401301,-8.304540035571556e-06,-0.0036358073383614274,-0.01694694544915299,2.079047847448627e-06
2464397.5,A.D. 2035-Mar-11 00:00:00.0000,-0.9773235697030447,0.17665614103910185,-6.237429393266141e-06,-0.0033392843425069027,-0.017003015317543467,2.048796837277409e-06
2464398.5,A.D. 2035-Mar-12 00:00:00.0000,-0.980514258268896,0.15962742064576826,-4.219567453691577e-06,-0.003041979141992458,-0.017053491632887323,1.9807828689320525e-06
2464399.5,A.D. 2035-Mar-13 00:00:00.0000,-0.9834073346733617,0.1425510247716461,-2.2875140795656076e-06,-0.002744093941146704,-0.01709836814127574,1.8779170724932046e-06
2464400.5,A.D. 2035-Mar-14 00:00:00.0000,-0.9860023197702011,0.12543254175712495,-4.7343276522073435e-07,-0.0024458291380342807,-0.01713767357856015,1.746035251070883e-06
2464401.5,A.D. 2035-Mar-15 00:00:00.0000,-0.9882989289792653,0.10827751442684606,1.1976216905189187e-06,-0.0021473716459039028,-0.017171469463448965,1.593403280944692e-06
2464402.5,A.D. 2035-Mar-16 00:00:00.0000,-0.9902970538274748,0.09109141028387271,2.709740956466969e-06,-0.0018488854783148998,-0.01719984356567506,1.429894598144919e-06
2464403.5,A.D. 2035-Mar-17 00:00:00.0000,-0.9919967358246757,0.07387959961887419,4.05729973794437e-06,-0.0015505059346116246,-0.017222900955242676,1.266043881542337e-06
2464404.5,A.D. 2035-Mar-18 00:00:00.0000,-0.9933981363650265,0.05664734297060664,5.245157351175171e-06,-0.0012523373773447863,-0.01724075451311164,1.1121445832988169e-06
2464405.5,A.D. 2035-Mar-19 00:00:00.0000,-0.9945015059001512,0.039399787834201276,6.288016735332527e-06,-0.0009544538567762803,-0.017253516043290992,9.774732798883073e-07
2464406.5,A.D. 2035-Mar-20 00:00:00.0000,-0.9953071548451439,0.022141973768687172,7.20908008917486e-06,-0.000656901861830041,-0.01726128839082201,8.696588596128621e-07
2464407.5,A.D. 2035-Mar-21 00:00:00.0000,-0.9958154281447177,0.004878844825626662,8.038147434459093e-06,-0.00035970486420739767,-0.017264158713722742,7.94201419737016e-07
2464408.5,A.D. 2035-Mar-22 00:00:00.0000,-0.9960266852367574,-0.012384732004872006,8.809319713649474e-06,-6.286954732946747e-05,-0.017262193264917257,7.541697397289663e-07
2464409.5,A.D. 2035-Mar-23 00:00:00.0000,-0.9959412869737719,-0.02964394415134294,9.558509334972252e-06,0.00023360659920749303,-0.017255434337965784,7.501270687360849e-07
2464410.5,A.D. 2035-Mar-24 00:00:00.0000,-0.9955595904941201,-0.046894009120534964,1.032100657107536e-05,0.0005297271601479171,-0.017243900001354808,7.80318925839483e-07
2464411.5,A.D. 2035-Mar-25 00:00:00.0000,-0.9948819519537161,-0.06413015136567841,1.1129358396193792e-05,0.0008254894194763262,-0.017227586739538676,8.411005926572939e-07
2464412.5,A.D. 2035-Mar-26 00:00:00.0000,-0.99390873572806,-0.08134758301245562,1.201175988032023e-05,0.001120878969382155,-0.017206474359935955,9.275153612720173e-07
2464413.5,A.D. 2035-Mar-27 00:00:00.0000,-0.9926403276900866,-0.09854149012556743,1.2991046498776764e-05,0.0014158670030180397,-0.017180531935782232,1.0338961823784838e-06
2464414.5,A.D. 2035-Mar-28 00:00:00.0000,-0.9910771498521477,-0.11570702486411975,1.4084248928297181e-05,0.0017104102201018424,-0.017149723432102644,1.154372322892783e-06
2464415.5,A.D. 2035-Mar-29 00:00:00.0000,-0.9892196740706646,-0.1328393026573522,1.530257433784411e-05,0.0020044526439767555,-0.017114011993542535,1.28320833613769e-06
2464416.5,A.D. 2035-Mar-30 00:00:00.0000,-0.987068433385964,-0.1499334027773015,1.665163359962977e-05,0.002297928365408297,-0.017073362416801848,1.4149582928312113e-06
2464417.5,A.D. 2035-Mar-31 00:00:00.0000,-0.9846240305569095,-0.16698437046894232,1.8131740069426063e-05,0.0025907642658307664,-0.0170277418300458,1.5444616588808353e-06
2464418.5,A.D. 2035-Apr-01 00:00:00.0000,-0.9818871442025854,-0.1839872190011798,1.97381455622616e-05,0.002882881975236761,-0.016977118932566395,1.6667313726055453e-06
2464419.5,A.D. 2035-Apr-02 00:00:00.0000,-0.9788585335950206,-0.20093693045516853,2.14611356259107e-05,0.0031741985413842213,-0.01692146232942856,1.7767950139691928e-06
2464420.5,A.D. 2035-Apr-03 00:00:00.0000,-0.9755390435760434,-0.2178284546643846,2.3285970197550138e-05,0.0034646254694388062,-0.016860738621795098,1.8695562125483196e-06
2464421.5,A.D. 2035-Apr-04 00:00:00.0000,-0.9719296113232294,-0.23465670645573566,2.5192726993002804e-05,0.003754065978530753,-0.01679491107149727,1.9397522699214156e-06
2464422.5,A.D. 2035-Apr-05 00:00:00.0000,-0.968031276703742,-0.25141656226032094,2.7156186045859784e-05,0.0040424106340654,-0.016723939862664735,1.982093513915163e-06
2464423.5,A.D. 2035-Apr-06 00:00:00.0000,-0.9638451975349994,-0.2681028582653616,2.9145979428580254e-05,0.004329532088530897,-0.016647785111292345,1.991665941059069e-06
2464424.5,A.D. 2035-Apr-07 00:00:00.0000,-0.9593726699270829,-0.2847103933560907,3.112729448960949e-05,0.0046152805219422865,-0.016566413533353894,1.964635124051411e-06
2464425.5,A.D. 2035-Apr-08 00:00:00.0000,-0.954615151840847,-0.30123394059338,3.30624089302514e-05,0.004899482223608821,-0.01647980870935248,1.8991819479206143e-06
2464426.5,A.D. 2035-Apr-09 00:00:00.0000,-0.9495742853926491,-0.3176682700706141,3.491318887129766e-05,0.005181943883468061,-0.016387983094796534,1.7964409518782938e-06
2464427.5,A.D. 2035-Apr-10 00:00:00.0000,-0.9442519114214833,-0.3340081831417745,3.6644378744667095e-05,0.0054624637605391844,-0.01629098801056138,1.6610811490876183e-06
2464428.5,A.D. 2035-Apr-11 00:00:00.0000,-0.9386500700360939,-0.3502485537810386,3.82271468448859e-05,0.005740847987504464,-0.016188917270193913,1.501194909549658e-06
2464429.5,A.D. 2035-Apr-12 00:00:00.0000,-0.9327709841432711,-0.3663843692293221,3.964212096585851e-05,0.006016927380524381,-0.0160819020041843,1.3274027426759323e-06
2464430.5,A.D. 2035-Apr-13 00:00:00.0000,-0.9266170281840903,-0.3824107614296703,4.08812283393059e-05,0.00629056943748511,-0.01597009794017818,1.1514235878797793e-06
2464431.5,A.D. 2035-Apr-14 00:00:00.0000,-0.9201906887023721,-0.39832302371148004,4.194802840541579e-05,0.006561682461405293,-0.015853669472820655,9.845704662054018e-07
2464432.5,A.D. 2035-Apr-15 00:00:00.0000,-0.9134945246566623,-0.41411661199114086,4.285668185383602e-05,0.006830212297149495,-0.015732775312963614,8.365784345420429e-07
2464433.5,A.D. 2035-Apr-16 00:00:00.0000,-0.9065311335139585,-0.4297871337113689,4.36299970071941e-05,0.007096134605993602,-0.01560755856918358,7.149385206336517e-07
2464434.5,A.D. 2035-Apr-17 00:00:00.0000,-0.8993031259230859,-0.4453303293059694,4.429704719619633e-05,0.007359445896271675,-0.015478141602481687,6.246836460988662e-07
2464435.5,A.D. 2035-Apr-18 00:00:00.0000,-0.8918131090589446,-0.4607420504282504,4.489073426554035e-05,0.0076201553697652115,-0.015344624439120696,5.68466502845654e-07
2464436.5,A.D. 2035-Apr-19 00:00:00.0000,-0.8840636773834664,-0.4760182377340716,4.544551152048774e-05,0.007878278263433267,-0.015207085244985891,5.467805324176771e-07
2464437.5,A.D. 2035-Apr-20 00:00:00.0000,-0.8760574093688696,-0.4911548997188363,4.599536093783022e-05,0.008133830521995738,-0.015065581844091331,5.582389205709799e-07
2464438.5,A.D. 2035-Apr-21 00:00:00.0000,-0.8677968690391634,-0.5061480934043354,4.657206553000503e-05,0.00838682443747539,-0.01492015387211688,5.998847183030271e-07
2464439.5,A.D. 2035-Apr-22 00:00:00.0000,-0.8592846114717247,-0.5209939074707559,4.720380699839492e-05,0.008637265085558976,-0.014770825517052505,6.675316146979787e-07
2464440.5,A.D. 2035-Apr-23 00:00:00.0000,-0.8505231914313471,-0.5356884484220659,4.791411826390386e-05,0.008885147657421481,-0.014617608831271353,7.561307260307423e-07
2464441.5,A.D. 2035-Apr-24 00:00:00.0000,-0.8415151741320113,-0.5502278302764032,4.872120680839553e-05,0.009130455907787622,-0.014460507416989777,8.601398706722636e-07
2464442.5,A.D. 2035-Apr-25 00:00:00.0000,-0.832263146929981,-0.5646081679648719,4.96376325391016e-05,0.009373161848658414,-0.01429952007709091,9.738562099685294e-07
2464443.5,A.D. 2035-Apr-26 00:00:00.0000,-0.8227697307335525,-0.578825574156074,5.067028280598625e-05,0.009613226582010557,-0.014134643934866322,1.0916719741960092e-06
2464444.5,A.D. 2035-Apr-27 00:00:00.0000,-0.8130375901513698,-0.5928761587545353,5.1820552853243e-05,0.009850601912842098,-0.01396587660734597,1.2082269582643269e-06
2464445.5,A.D. 2035-Apr-28 00:00:00.0000,-0.8030694418519341,-0.6067560300010197,5.308462447554794e-05,0.010085232219208597,-0.013793217220782408,1.3184537182606498e-06
2464446.5,A.D. 2035-Apr-29 00:00:00.0000,-0.7928680611627771,-0.6204612960129016,5.4453743039743946e-05,0.010317056009512415,-0.013616666300390696,1.4175338430087495e-06
2464447.5,A.D. 2035-Apr-30 00:00:00.0000,-0.7824362874913647,-0.6339880657502385,5.5914420979627847e-05,0.010546006640584417,-0.013436224792296258,1.50080206600472e-06
2464448.5,A.D. 2035-May-01 00:00:00.0000,-0.7717770296332528,-0.6473324487540509,5.744854031451005e-05,0.010772011762376545,-0.013251892680235463,1.5636500354629337e-06
2464449.5,A.D. 2035-May-02 00:00:00.0000,-0.7608932724031807,-0.6604905535725255,5.9033385876438125e-05,0.010994991194067893,-0.013063667878943724,1.601496365522736e-06
2464450.5,A.D. 2035-May-03 00:00:00.0000,-0.7497880862076869,-0.6734584856006349,6.0641715223137217e-05,0.0112148531897322,-0.012871546348141992,1.6099046302145434e-06
2464451.5,A.D. 2035-May-04 00:00:00.0000,-0.7384646409964825,-0.6862323461340624,6.224205766648754e-05,0.011431489551713539,-0.012675524619112193,1.5849377539560517e-06
2464452.5,A.D. 2035-May-05 00:00:00.0000,-0.7269262251710801,-0.6988082356667988,6.379951500588634e-05,0.011644770914128645,-0.01247560592565526,1.5238126892748157e-06
2464453.5,A.D. 2035-May-06 00:00:00.0000,-0.715176268151675,-0.7111822653880194,6.527736216996763e-05,0.011854544639129976,-0.01227181044303061,1.4258290866029407e-06
2464454.5,A.D. 2035-May-07 00:00:00.0000,-0.7032183624140641,-0.7233505805388293,6.663963922621747e-05,0.012060638510959508,-0.012064188344530014,1.2933723480084507e-06
2464455.5,A.D. 2035-May-08 00:00:00.0000,-0.6910562778495323,-0.7353093967064553,6.785462327504566e-05,0.012262872595436895,-0.011852831749469172,1.1325908209934287e-06
2464456.5,A.D. 2035-May-09 00:00:00.0000,-0.6786939603530368,-0.7470550451108862,6.88986155621393e-05,0.01246107839844975,-0.011637879775916623,9.532803270282823e-07
2464457.5,A.D. 2035-May-10 00:00:00.0000,-0.6661355096969274,-0.7585840174525552,6.975910240408262e-05,0.012655119901095467,-0.01141951218384237,7.677459878844753e-07
2464458.5,A.D. 2035-May-11 00:00:00.0000,-0.6533851387491703,-0.7698929986323308,7.043635478234893e-05,0.012844908551757067,-0.011197932078557148,5.889051658884243e-07
2464459.5,A.D. 2035-May-12 00:00:00.0000,-0.6404471232663395,-0.7809788790850772,7.094302559474058e-05,0.013030406637289159,-0.010973343770455075,4.2830714072713496e-07
2464460.5,A.D. 2035-May-13 00:00:00.0000,-0.6273257542668911,-0.7918387459393833,7.130201693244488e-05,0.013211619299548545,-0.010745933770728579,2.9474029944214323e-07
2464461.5,A.D. 2035-May-14 00:00:00.0000,-0.6140253020364626,-0.8024698590391501,7.154338649283368e-05,0.013388580310110356,-0.010515859951501973,1.937102324601454e-07
2464462.5,A.D. 2035-May-15 00:00:00.0000,-0.6005499949195797,-0.8128696204880248,7.170111934057502e-05,0.013561337587588883,-0.010283249131035128,1.2764248669862175e-07
2464463.5,A.D. 2035-May-16 00:00:00.0000,-0.5869040110501919,-0.8230355448546481,7.181032110996203e-05,0.013729942164009292,-0.010048200219861912,9.646237982756557e-08
2464464.5,A.D. 2035-May-17 00:00:00.0000,-0.5730914789413468,-0.8329652338692493,7.190504495677071e-05,0.013894441451146274,-0.00981078956026282,9.824182467967256e-08
2464465.5,A.D. 2035-May-18 00:00:00.0000,-0.5591164830027765,-0.84265635654048,7.20167221898016e-05,0.014054875892938315,-0.009571076162515905,1.2974371496963342e-07
2464466.5,A.D. 2035-May-19 00:00:00.0000,-0.5449830713006253,-0.8521066340092434,7.217306452565605e-05,0.014211277604209845,-0.00932910587612497,1.8682138742239146e-07
2464467.5,A.D. 2035-May-20 00:00:00.0000,-0.530695264175705,-0.8613138280009603,7.239730356517635e-05,0.014363669868175402,-0.00908491445683954,2.647011954426042e-07
2464468.5,A.D. 2035-May-21 00:00:00.0000,-0.5162570632139521,-0.8702757319397127,7.270767455314805e-05,0.014512066872611392,-0.008838529895648635,3.5819628562125863e-07
2464469.5,A.D. 2035-May-22 00:00:00.0000,-0.5016724604496923,-0.8789901641927576,7.311709623379975e-05,0.014656473506159166,-0.008589974406171964,4.618896961457788e-07
2464470.5,A.D. 2035-May-23 00:00:00.0000,-0.4869454477142768,-0.8874549632364046,7.36330263442872e-05,0.01479688529572089,-0.008339266299811854,5.703034544567299e-07
2464471.5,A.D. 2035-May-24 00:00:00.0000,-0.47208002591407866,-0.8956679846544388,7.425747844348357e-05,0.014933288631283263,-0.008086421761457482,6.780503265332055e-07
2464472.5,A.D. 2035-May-25 00:00:00.0000,-0.45708021390786174,-0.9036270998041425,7.498717595173847e-05,0.015065661340487547,-0.007831456375790495,7.799537595258187e-07
2464473.5,A.D. 2035-May-26 00:00:00.0000,-0.44195005666829057,-0.9113301957980436,7.58138040426062e-05,0.015193973515034084,-0.0075743862003456505,8.71121886694636e-07
2464474.5,A.D. 2035-May-27 00:00:00.0000,-0.42669363259356774,-0.918775176267884,7.672431030365122e-05,0.015318188329569672,-0.0073152282438483885,9.469716291363881e-07
2464475.5,A.D. 2035-May-28 00:00:00.0000,-0.4113150601547836,-0.9259599623062965,7.77012088895137e-05,0.01543826248490152,-0.007054000361456947,1.00321514158127e-06
2464476.5,A.D. 2035-May-29 00:00:00.0000,-0.39581850445480704,-0.932882493095084,7.872286436891612e-05,0.015554145877559829,-0.006790720789610234,1.0358394905544182e-06
2464477.5,A.D. 2035-May-30 00:00:00.0000,-0.3802081846489668,-0.939540726073636,7.97637718272009e-05,0.015665780162504292,-0.006525407792641983,1.041129295954229e-06
2464478.5,A.D. 2035-May-31 00:00:00.0000,-0.3644883834266293,-0.9459326371103256,8.079490829440182e-05,0.015773096071600743,-0.006258080170769806,1.0157989976884533e-06
2464479.5,A.D. 2035-Jun-01 00:00:00.0000,-0.3486634597082887,-0.9520562220257873,8.178430278378181e-05,0.015876009758593303,-0.005988759641196226,9.573102029624461e-07
2464480.5,A.D. 2035-Jun-02 00:00:00.0000,-0.3327378651101267,-0.9579095018993055,8.26980429543549e-05,0.015974419163378287,-0.00571747619411258,8.644339875313586e-07
2464481.5,A.D. 2035-Jun-03 00:00:00.0000,-0.31671616324010915,-0.963490535539815,8.350196788248793e-05,0.016068202412399764,-0.005444277097078091,7.380497628948344e-07
2464482.5,A.D. 2035-Jun-04 00:00:00.0000,-0.300603048369656,-0.968797442570455,8.41642216848406e-05,0.01615722119572226,-0.005169238815024421,5.820261319925498e-07
2464483.5,A.D. 2035-Jun-05 00:00:00.0000,-0.28440335703462877,-0.9738284386691182,8.465858916687115e-05,0.016241331859907882,-0.004892478627961009,4.0382935923929585e-07
2464484.5,A.D. 2035-Jun-06 00:00:00.0000,-0.2681220644323856,-0.9785818799653784,8.49681039848362e-05,0.016320404395172898,-0.004614160262260973,2.1438210784863033e-07
2464485.5,A.D. 2035-Jun-07 00:00:00.0000,-0.2517642595932787,-0.9830563076127112,8.508799079853288e-05,0.01639434469994761,-0.004334487908684246,2.6852741156790238e-08
2464486.5,A.D. 2035-Jun-08 00:00:00.0000,-0.23533510019260406,-0.9872504798123174,8.502691197198438e-05,0.016463111473586332,-0.004053687502359059,-1.4544230828292917e-07
2464487.5,A.D. 2035-Jun-09 00:00:00.0000,-0.21883975657214508,-0.9911633809446527,8.480596448953855e-05,0.016526720043660726,-0.003771981153186309,-2.9128889501641637e-07
2464488.5,A.D. 2035-Jun-10 00:00:00.0000,-0.20228335930106278,-0.994794205832766,8.44557194161172e-05,0.016585231939030835,-0.003489564615952484,-4.0311900611624497e-07
2464489.5,A.D. 2035-Jun-11 00:00:00.0000,-0.18567096201855599,-0.9981423263275084,8.401227523831869e-05,0.016638736122578962,-0.0032065951983934787,-4.774216804669885e-07
2464490.5,A.D. 2035-Jun-12 00:00:00.0000,-0.16900752371516536,-1.001207251702933,8.351341230820126e-05,0.016687330138423415,-0.002923191117509436,-5.141993816532047e-07
2464491.5,A.D. 2035-Jun-13 00:00:00.0000,-0.1522979074317608,-1.0039885925830716,8.299556087515382e-05,0.016731106675253057,-0.0026394383372957513,-5.159739053275105e-07
2464492.5,A.D. 2035-Jun-14 00:00:00.0000,-0.13554688902676462,-1.0064860332943504,8.249178875260054e-05,0.016770146769119428,-0.002355399824722994,-4.868009968818644e-07
2464493.5,A.D. 2035-Jun-15 00:00:00.0000,-0.11875917001887033,-1.0086993131408268,8.203066096839674e-05,0.01680451807142591,-0.002071123745461942,-4.3153246330766803e-07
2464494.5,A.D. 2035-Jun-16 00:00:00.0000,-0.10193939060690195,-1.0106282146982706,8.163569090247672e-05,0.016834275855981847,-0.0017866492232442622,-3.5536617854000917e-07
2464495.5,A.D. 2035-Jun-17 00:00:00.0000,-0.08509214112491857,-1.0122725566368533,8.13251221893183e-05,0.016859464894376147,-0.001502009720603535,-2.6361983210799543e-07
2464496.5,A.D. 2035-Jun-18 00:00:00.0000,-0.06822197167314267,-1.013632189009756,8.111186316983014e-05,0.016880121108834217,-0.0012172347226858129,-1.616372634493306e-07
2464497.5,A.D. 2035-Jun-19 00:00:00.0000,-0.05133340040857973,-1.0147069897048644,8.100348225703396e-05,0.016896272570723677,-0.0009323505005220009,-5.4749380450838075e-08
2464498.5,A.D. 2035-Jun-20 00:00:00.0000,-0.03443092117799234,-1.0154968614677704,8.100223767371791e-05,0.01690793984057781,-0.0006473805747649715,5.1761724577900856e-08
2464499.5,A.D. 2035-Jun-21 00:00:00.0000,-0.017519011054530628,-1.0160017294080104,8.11051526624862e-05,0.01691513586614636,-0.0003623462612435521,1.5271987245468304e-07
2464500.5,A.D. 2035-Jun-22 00:00:00.0000,-0.000602138081163972,-1.016221539159942,8.130416018994682e-05,0.01691786571475392,-7.72674403435405e-05,2.431356944829071e-07
2464501.5,A.D. 2035-Jun-23 00:00:00.0000,0.016315230729824173,-1.0161562559108357,8.158633614986707e-05,0.016916126354516083,0.00020783649754383752,3.183002639235338e-07
2464502.5,A.D. 2035-Jun-24 00:00:00.0000,0.03322862124067167,-1.0158058644016048,8.193422629611599e-05,0.016909906558009523,0.0004929456797870572,3.7387670979378426e-07
2464503.5,A.D. 2035-Jun-25 00:00:00.0000,0.05013354396440856,-1.0151703698518832,8.232625984063903e-05,0.01689918683484126,0.0007780388910570888,4.0598159963430715e-07
2464504.5,A.D. 2035-Jun-26 00:00:00.0000,0.06702548569742564,-1.0142497996759103,8.273724130346483e-05,0.016883939167043446,0.0010630928388233177,4.1126269431136933e-07
2464505.5,A.D. 2035-Jun-27 00:00:00.0000,0.0838999006764946,-1.0130442059430642,8.313892820946382e-05,0.01686412628204808,0.0013480813437951697,3.869988103883163e-07
2464506.5,A.D. 2035-Jun-28 00:00:00.0000,0.10075220070237745,-1.0115536688675197,8.350073731184164e-05,0.01683970030513274,0.0016329739919080757,3.312654546016132e-07
2464507.5,A.D. 2035-Jun-29 00:00:00.0000,0.11757774364816907,-1.0097783022005253,8.379067132791784e-05,0.01681060093895131,0.0019177335453426092,2.4321885883009723e-07
2464508.5,A.D. 2035-Jun-30 00:00:00.0000,0.13437182017143323,-1.0077182621651808,8.39766070965577e-05,0.016776753866607895,0.0022023113234899013,1.2353869364385693e-07
2464509.5,A.D. 2035-Jul-01 00:00:00.0000,0.1511296395155285,-1.0053737622580807,8.402810449616708e-05,0.016738070839087703,0.002486640063728004,-2.4982251648331428e-08
2464510.5,A.D. 2035-Jul-02 00:00:00.0000,0.16784631713064546,-1.0027450963034164,8.391883455234983e-05,0.016694453626634513,0.002770624770308007,-1.9682140468453523e-07
2464511.5,A.D. 2035-Jul-03 00:00:00.0000,0.1845168691211484,-0.999832670779117,8.362953077237563e-05,0.016645804005206533,0.0030541338978488236,-3.833545074849592e-07
2464512.5,A.D. 2035-Jul-04 00:00:00.0000,0.20113622001979786,-0.996637044014541,8.315103139431063e-05,0.016592040242518785,0.0033369952888667237,-5.731106930209522e-07
2464513.5,A.D. 2035-Jul-05 00:00:00.0000,0.21769922912845524,-0.9931589649474637,8.248661898385424e-05,0.016533116829588104,0.003619001819491827,-7.529480531268135e-07
2464514.5,A.D. 2035-Jul-06 00:00:00.0000,0.23420073531448005,-0.9893994003398485,8.165274170084877e-05,0.01646904025614554,0.003899928701787822,-9.100533905175436e-07
2464515.5,A.D. 2035-Jul-07 00:00:00.0000,0.25063561226743425,-0.9853595403326767,8.067756367431225e-05,0.016399873133425,0.00417955827005664,-1.0341456103489475e-06
2464516.5,A.D. 2035-Jul-08 00:00:00.0000,0.2669988206081625,-0.9810407792123843,7.959757139162544e-05,0.016325723959655737,0.0044577030960698,-1.119028162581965e-06
2464517.5,A.D. 2035-Jul-09 00:00:00.0000,0.2832854442804905,-0.9764446776128345,7.84532001930841e-05,0.01624672720817413,0.004734218997583262,-1.1629591262869537e-06
2464518.5,A.D. 2035-Jul-10 00:00:00.0000,0.29949070578786896,-0.9715729180917059,7.728466371080401e-05,0.016163022375303815,0.005009005457024225,-1.167941358814852e-06
2464519.5,A.D. 2035-Jul-11 00:00:00.0000,0.3156099629950276,-0.9664272652416309,7.612881383694803e-05,0.016074738830378417,0.005281997061480224,-1.1384754695101409e-06
2464520.5,A.D. 2035-Jul-12 00:00:00.0000,0.3316386947610955,-0.9610095363920337,7.501727434375468e-05,0.01598198860252758,0.005553151818155709,-1.0803361325942758e-06
2464521.5,A.D. 2035-Jul-13 00:00:00.0000,0.34757248275344205,-0.9553215835850798,7.397564375374857e-05,0.015884865510773297,0.005822440823357286,-9.996855115939552e-07
2464522.5,A.D. 2035-Jul-14 00:00:00.0000,0.3634069943606134,-0.9493652843056288,7.302338458408786e-05,0.015783447754553634,0.006089841214117898,-9.025807146368794e-07
2464523.5,A.D. 2035-Jul-15 00:00:00.0000,0.37913796886362955,-0.9431425375631299,7.21740414117774e-05,0.015677801509508826,0.006355332412419103,-7.947886267384945e-07
2464524.5,A.D. 2035-Jul-16 00:00:00.0000,0.394761207048768,-0.9366552624300101,7.143554255301617e-05,0.015567984046813123,0.006618894795269197,-6.817835624854016e-07
2464525.5,A.D. 2035-Jul-17 00:00:00.0000,0.41027256340768625,-0.9299053971287414,7.081045890368752e-05,0.01545404573561102,0.006880509764344485,-5.688199119646232e-07
2464526.5,A.D. 2035-Jul-18 00:00:00.0000,0.4256679397238208,-0.9228948977217655,7.029618553400836e-05,0.015336030826683951,0.007140160344811897,-4.6100404621573487e-07
2464527.5,A.D. 2035-Jul-19 00:00:00.0000,0.4409432789064404,-0.9156257362120537,6.988507181721144e-05,0.01521397721241071,0.0073978316795677125,-3.6331998672747176e-07
2464528.5,A.D. 2035-Jul-20 00:00:00.0000,0.45609455821259204,-0.9080998983776473,6.956455852999932e-05,0.015087915506880675,0.007653511019075177,-2.8058815584016e-07
2464529.5,A.D. 2035-Jul-21 00:00:00.0000,0.4711177813745816,-0.9003193819529539,6.931739061895399e-05,0.014957867843016316,0.00790718702490936,-2.1735663838551602e-07
2464530.5,A.D. 2035-Jul-22 00:00:00.0000,0.4860089695392255,-0.8922861958511319,6.912196682480429e-05,0.014823846753135311,0.008158848400615084,-1.7773957891198752e-07
2464531.5,A.D. 2035-Jul-23 00:00:00.0000,0.5007641512426378,-0.8840023610297704,6.895286796663899e-05,0.014685854389549289,0.00840848200844449,-1.6522543926472236e-07
2464532.5,A.D. 2035-Jul-24 00:00:00.0000,0.5153793518216958,-0.8754699134081473,6.878158292247017e-05,0.014543882178507283,0.00865607068261326,-1.8247615832078045e-07
2464533.5,A.D. 2035-Jul-25 00:00:00.0000,0.5298505826757164,-0.8666909090584389,6.85774353503692e-05,0.01439791084770468,0.008901590879126349,-2.3112674199147246e-07
2464534.5,A.D. 2035-Jul-26 00:00:00.0000,0.5441738306921632,-0.8576674318357247,6.83087129904857e-05,0.014247910711079613,0.00914501012364126,-3.115778965685988e-07
2464535.5,A.D. 2035-Jul-27 00:00:00.0000,0.558345048076363,-0.8484016037578048,6.794401610779798e-05,0.014093842213509906,0.009386284007576219,-4.2276128228221327e-07
2464536.5,A.D. 2035-Jul-28 00:00:00.0000,0.5723601429745784,-0.8388955987658734,6.74538623120942e-05,0.013935657064938954,0.009625352373069457,-5.618603011986695e-07
2464537.5,A.D. 2035-Jul-29 00:00:00.0000,0.5862149718413552,-0.8291516608026915,6.681258873211794e-05,0.013773300771032062,0.009862134497625867,-7.240017641600852e-07
2464538.5,A.D. 2035-Jul-30 00:00:00.0000,0.5999053355378827,-0.8191721270644456,6.6000545939927e-05,0.013606717787196507,0.010096523715005835,-9.020020511268225e-07
2464539.5,A.D. 2035-Jul-31 00:00:00.0000,0.6134269824095027,-0.8089594563212182,6.500644926428342e-05,0.013435860467423536,0.0103283830270681,-1.0863426257281432e-06
2464540.5,A.D. 2035-Aug-01 00:00:00.0000,0.6267756223300951,-0.798516260004047,6.382954118351678e-05,0.013260701907468886,0.010557544502623195,-1.2656123884950154e-06
2464541.5,A.D. 2035-Aug-02 00:00:00.0000,0.6399469547390545,-0.7878453306474763,6.248099552182234e-05,0.013081250484227964,0.01078381562929489,-1.4275971949309122e-06
2464542.5,A.D. 2035-Aug-03 00:00:00.0000,0.6529367101346081,-0.7769496597693178,6.098392120453655e-05,0.012897561263476822,0.011006994043561227,-1.5609505471195003e-06
2464543.5,A.D. 2035-Aug-04 00:00:00.0000,0.6657406990076136,-0.7658324377005067,5.9371569490401815e-05,0.012709738654923345,0.011226888090268032,-1.6570168265873994e-06
2464544.5,A.D. 2035-Aug-05 00:00:00.0000,0.6783548576896383,-0.7544970325601633,5.7683913067932165e-05,0.01251792754862769,0.011443336692387231,-1.7111558249742237e-06
2464545.5,A.D. 2035-Aug-06 00:00:00.0000,0.6907752804630776,-0.7429469527687015,5.5963372280095666e-05,0.01232229559500979,0.011656221428495003,-1.7230764193305251e-06
2464546.5,A.D. 2035-Aug-07 00:00:00.0000,0.7029982322809692,-0.7311858029823917,5.42507316242439e-05,0.012123013401998254,0.011865467529127227,-1.6961635116393236e-06
2464547.5,A.D. 2035-Aug-08 00:00:00.0000,0.7150201435140368,-0.7192172439034683,5.2582066916219194e-05,0.011920239253367316,0.012071035833133893,-1.636221529591794e-06
2464548.5,A.D. 2035-Aug-09 00:00:00.0000,0.7268375931174748,-0.7070449625641343,5.098699085261703e-05,0.011714111377425273,0.012272910791598453,-1.550175697317135e-06
2464549.5,A.D. 2035-Aug-10 00:00:00.0000,0.7384472876307878,-0.6946726545337848,4.9488055164850814e-05,0.01150474698576822,0.012471089242438463,-1.4450961107388438e-06
2464550.5,A.D. 2035-Aug-11 00:00:00.0000,0.7498460415037566,-0.682104015818431,4.8100913304048115e-05,0.011292245394570079,0.01266557247048561,-1.3276520999548139e-06
2464551.5,A.D. 2035-Aug-12 00:00:00.0000,0.7610307614334274,-0.6693427408257671,4.683483828553682e-05,0.011076692540254304,0.012856361954575558,-1.2039276813865036e-06
2464552.5,A.D. 2035-Aug-13 00:00:00.0000,0.771998435120452,-0.65639252303567,4.569329961847173e-05,0.010858165085456995,0.0130434580347023,-1.0794650128156922e-06
2464553.5,A.D. 2035-Aug-14 00:00:00.0000,0.7827461235269548,-0.6432570560019379,4.467443639191442e-05,0.010636733231051337,0.013226860399860514,-9.594101076874064e-07
2464554.5,A.D. 2035-Aug-15 00:00:00.0000,0.7932709551747197,-0.6299400333836275,4.377137407558901e-05,0.01041246197810705,0.01340656939001257,-8.486667976567104e-07
2464555.5,A.D. 2035-Aug-16 00:00:00.0000,0.8035701209608473,-0.616445147609167,4.297241067782796e-05,0.010185410936485485,0.013582587312224607,-7.51995679913238e-07
2464556.5,A.D. 2035-Aug-17 00:00:00.0000,0.8136408681727835,-0.6027760874782235,4.2261148810860506e-05,0.009955632977507062,0.013754919161700187,-6.740184442409224e-07
2464557.5,A.D. 2035-Aug-18 00:00:00.0000,0.8234804927574495,-0.5889365355303344,4.161667976166975e-05,0.009723172174545375,0.013923572308840912,-6.191079344826215e-07
2464558.5,A.D. 2035-Aug-19 00:00:00.0000,0.8330863294064607,-0.5749301663546924,4.10139349812728e-05,0.009488061596703568,0.014088554908309084,-5.911654067986552e-07
2464559.5,A.D. 2035-Aug-20 00:00:00.0000,0.8424557396230762,-0.5607606471389208,4.0424307296078975e-05,0.009250321582841557,0.014249873036617754,-5.933099654813404e-07
2464560.5,A.D. 2035-Aug-21 00:00:00.0000,0.8515860985471728,-0.5464316416068662,3.981660790600689e-05,0.009009959065779378,0.014407526846989581,-6.275266886686516e-07
2464561.5,A.D. 2035-Aug-22 00:00:00.0000,0.8604747817932599,-0.5319468180834275,3.9158371893549295e-05,0.00876696831115276,0.014561506258709096,-6.943311976085338e-07
2464562.5,A.D. 2035-Aug-23 00:00:00.0000,0.8691191537745344,-0.5173098618547264,3.841746849744768e-05,0.008521333136358025,0.014711786770678626,-7.925028884104454e-07
2464563.5,A.D. 2035-Aug-24 00:00:00.0000,0.8775165589124445,-0.5025244914487758,3.756392950686194e-05,0.008273030417068386,0.014858325866119921,-9.189186791824528e-07
2464564.5,A.D. 2035-Aug-25 00:00:00.0000,0.8856643168818465,-0.4875944781095194,3.657188913790815e-05,0.008022034613696646,0.015001060241110073,-1.0684965091184901e-06
2464565.5,A.D. 2035-Aug-26 00:00:00.0000,0.8935597228322141,-0.47252366759877523,3.542152519180414e-05,0.007768323197680157,0.015139903931332313,-1.234250240135072e-06
2464566.5,A.D. 2035-Aug-27 00:00:00.0000,0.9012000535268629,-0.45731600336033473,3.410088275757184e-05,0.0075118830958237435,0.015274747517791417,-1.4074757862633816e-06
2464567.5,A.D. 2035-Aug-28 00:00:00.0000,0.9085825805136604,-0.44197554971263997,3.260742414650541e-05,0.007252718317854251,0.015405459009423016,-1.5781250604628383e-06
2464568.5,A.D. 2035-Aug-29 00:00:00.0000,0.91570459143235,-0.4265065128734324,3.0949076750938746e-05,0.006990858484796214,0.015531887512351017,-1.7354496654899745e-06
2464569.5,A.D. 2035-Aug-30 00:00:00.0000,0.9225634198087194,-0.41091325639646836,2.914447761724306e-05,0.0067263669503183215,0.015653870904084263,-1.8689650972022477e-06
2464570.5,A.D. 2035-Aug-31 00:00:00.0000,0.9291564817643252,-0.3952003067149316,2.7222114786787813e-05,0.0064593460205461094,0.01577124787111078,-1.969667465424498e-06
2464571.5,A.D. 2035-Sep-01 00:00:00.0000,0.935481315269113,-0.3793723450229255,2.5218220654384218e-05,0.0061899363909222425,0.01588387274042113,-2.031257683772157e-06
2464572.5,A.D. 2035-Sep-02 00:00:00.0000,0.9415356151889996,-0.36343418439670583,2.317359020972864e-05,0.0059183092508278985,0.015991629432899102,-2.0510038190781912e-06
2464573.5,A.D. 2035-Sep-03 00:00:00.0000,0.9473172571875329,-0.3473907352446328,2.1129856363795405e-05,0.005644652372081147,0.016094440201417322,-2.0299289097214997e-06
2464574.5,A.D. 2035-Sep-04 00:00:00.0000,0.9528243063221509,-0.33124696584040675,1.9125953340845032e-05,0.005369154220226118,0.016192266544873466,-1.972263590803169e-06
2464575.5,A.D. 2035-Sep-05 00:00:00.0000,0.9580550107653484,-0.3150078657311289,1.7195406140710954e-05,0.005091990790517955,0.01628510291535846,-1.8843998440086001e-06
2464576.5,A.D. 2035-Sep-06 00:00:00.0000,0.963007785068251,-0.2986784177565415,1.5364755009616645e-05,0.004813318121389091,0.016372966441571244,-1.7737324607104958e-06
2464577.5,A.D. 2035-Sep-07 00:00:00.0000,0.9676811889762025,-0.28226358072417895,1.3653051287994598e-05,0.0045332707181567795,0.016455886464422746,-1.6477162373971234e-06
2464578.5,A.D. 2035-Sep-08 00:00:00.0000,0.9720739069428708,-0.26576828147919557,1.2072117119733036e-05,0.004251964147678921,0.01653389650370339,-1.5132907083593306e-06
2464579.5,A.D. 2035-Sep-09 00:00:00.0000,0.9761847313543115,-0.2491974133458091,1.062719721564507e-05,0.003969499495991726,0.016607029574968242,-1.3766591426543837e-06
2464580.5,A.D. 2035-Sep-10 00:00:00.0000,0.9800125503324608,-0.23255583768451757,9.317695277929635e-06,0.003685967820601004,0.016675316518150463,-1.243320142681932e-06
2464581.5,A.D. 2035-Sep-11 00:00:00.0000,0.9835563394954265,-0.21584838598249,8.137802715930113e-06,0.0034014534867461096,0.01673878643576328,-1.118232553229984e-06
2464582.5,A.D. 2035-Sep-12 00:00:00.0000,0.9868151562772833,-0.19907986086300153,7.076938956215297e-06,0.0031160359103189804,0.016797468260699683,-1.006012725415911e-06
2464583.5,A.D. 2035-Sep-13 00:00:00.0000,0.9897881351488496,-0.18225503532862894,6.120010798765265e-06,0.0028297896258769268,0.01685139258806588,-9.11088387295884e-07
2464584.5,A.D. 2035-Sep-14 00:00:00.0000,0.9924744821249812,-0.16537865035450922,5.247563665088462e-06,0.0025427828331192584,0.016900593026835033,-8.377528965360425e-07
2464585.5,A.D. 2035-Sep-15 00:00:00.0000,0.9948734671949265,-0.1484554116491967,4.435946296359714e-06,0.0022550747737173325,0.016945106408814546,-7.900784454126404e-07
2464586.5,A.D. 2035-Sep-16 00:00:00.0000,0.9969844137825814,-0.13148998701881237,3.6576434544442724e-06,0.001966712538440755,0.016984971292850794,-7.716650751370853e-07
2464587.5,A.D. 2035-Sep-17 00:00:00.0000,0.9988066850898274,-0.11448700623262115,2.8819401922670534e-06,0.0016777281987574717,0.017020224432685197,-7.852332667687369e-07
2464588.5,A.D. 2035-Sep-18 00:00:00.0000,1.0003396681953074,-0.0974510654144381,2.0760514226631502e-06,0.0013881373796923108,0.017050895326631035,-8.321141844226055e-07
2464589.5,A.D. 2035-Sep-19 00:00:00.0000,1.0015827579042627,-0.0803867375569583,1.206770425305728e-06,0.001097940340983949,0.017076999604263392,-9.117427554496638e-07
2464590.5,A.D. 2035-Sep-20 00:00:00.0000,1.002535343209686,-0.06329858968234646,2.4256621663692904e-07,0.0008071261530729266,0.017098532609574165,-1.0212900913252001e-06
2464591.5,A.D. 2035-Sep-21 00:00:00.0000,1.0031967994066202,-0.04619120565274437,-8.440741068817854e-07,0.000515679704174108,0.017115464771604062,-1.1555573722549099e-06
2464592.5,A.D. 2035-Sep-22 00:00:00.0000,1.003566488184194,-0.029069212175793762,-2.074355059910497e-06,0.00022359040413147903,0.017127739986631793,-1.3071882388093504e-06
2464593.5,A.D. 2035-Sep-23 00:00:00.0000,1.0036437666157805,-0.011937304722704808,-3.4612447775654137e-06,-6.91389871043147e-05,0.017135277395423268,-1.4671692669295856e-06
2464594.5,A.D. 2035-Sep-24 00:00:00.0000,1.003428004446945,0.0051997298563431224,-5.0081536099910204e-06,-0.0003624847743777981,0.01713797607849016,-1.6255243195020825e-06
2464595.5,A.D. 2035-Sep-25 00:00:00.0000,1.002918608008092,0.022336996496920287,-6.708359221102102e-06,-0.0006563967314820623,0.017135721765887006,-1.7720974732485182e-06
2464596.5,A.D. 2035-Sep-26 00:00:00.0000,1.0021150486368018,0.03946948245714112,-8.545226273224162e-06,-0.0009507946821976699,0.01712839476761241,-1.8973503019539167e-06
2464597.5,A.D. 2035-Sep-27 00:00:00.0000,1.0010168934173393,0.05659205619396864,-1.0493213014241265e-05,-0.001245567305540191,0.01711587866844757,-1.9931330172340626e-06
2464598.5,A.D. 2035-Sep-28 00:00:00.0000,0.9996238358976276,0.07369947518061887,-1.2519620287124704e-05,-0.0015405734493504992,0.01709806944264884,-2.05338918018537e-06
2464599.5,A.D. 2035-Sep-29 00:00:00.0000,0.9979357240301276,0.09078640278339417,-1.458698175882864e-05,-0.00183564644886777,0.01707488429143786,-2.074716470507006e-06
2464600.5,A.D. 2035-Sep-30 00:00:00.0000,0.9959525821703685,0.10784743331260704,-1.6655894771470935e-05,-0.002130601671029865,0.017046268888731862,-2.056666150466142e-06
2464601.5,A.D. 2035-Oct-01 00:00:00.0000,0.9936746241513077,0.12487712283430369,-1.8687972374863855e-05,-0.0024252466100643313,0.01701220139438915,-2.0016725710914736e-06
2464602.5,A.D. 2035-Oct-02 00:00:00.0000,0.9911022556867283,0.1418700218485252,-2.0648523951687663e-05,-0.0027193917654298036,0.016972692066180958,-1.914586611600186e-06
2464603.5,A.D. 2035-Oct-03 00:00:00.0000,0.9882360664763332,0.15882070534879433,-2.2508607439136682e-05,-0.003012859978970647,0.0169277785468786,-1.801911932400827e-06
2464604.5,A.D. 2035-Oct-04 00:00:00.0000,0.9850768145683982,0.17572379656610423,-2.4246248367430332e-05,-0.0033054923587891877,0.016877518277280772,-1.6709386719504552e-06
2464605.5,A.D. 2035-Oct-05 00:00:00.0000,0.9816254068318213,0.19257398259196648,-2.584682907371649e-05,-0.0035971501473891485,0.016821980213355306,-1.5289804755077222e-06
2464606.5,A.D. 2035-Oct-06 00:00:00.0000,0.9778828793572589,0.20936602221712386,-2.7302827527128657e-05,-0.0038877131895097353,0.01676123780675597,-1.3828510233769274e-06
2464607.5,A.D. 2035-Oct-07 00:00:00.0000,0.9738503805149373,0.22609474788529577,-2.8613171189284196e-05,-0.004177076411071733,0.016695364356002062,-1.2386156522235291e-06
2464608.5,A.D. 2035-Oct-08 00:00:00.0000,0.9695291578968177,0.24275506428918367,-2.9782463721288298e-05,-0.0044651457978389375,0.016624430904359683,-1.1015735001869048e-06
2464609.5,A.D. 2035-Oct-09 00:00:00.0000,0.9649205490383139,0.2593419459623868,-3.082027503827123e-05,-0.004751835007223421,0.01654850622440859,-9.76387059604878e-07
2464610.5,A.D. 2035-Oct-10 00:00:00.0000,0.9600259749139284,0.2758504355965034,-3.174059775184046e-05,-0.005037063285716507,0.016467658152932472,-8.67271521349176e-07
2464611.5,A.D. 2035-Oct-11 00:00:00.0000,0.9548469347248303,0.29227564404099166,-3.2561490365686914e-05,-0.005320754994226256,0.016381955492470453,-7.78167255169988e-07
2464612.5,A.D. 2035-Oct-12 00:00:00.0000,0.9493850003270012,0.3086127521687216,-3.330485710342424e-05,-0.005602840793205371,0.016291469714111464,-7.128305262836529e-07
2464613.5,A.D. 2035-Oct-13 00:00:00.0000,0.9436418087009549,0.3248570140225611,-3.3996253530060435e-05,-0.005883260327514232,0.01619627568385952,-6.747854492962034e-07
2464614.5,A.D. 2035-Oct-14 00:00:00.0000,0.937619051159297,0.3410037598628927,-3.466455432924209e-05,-0.006161965957673907,0.016096450603463486,-6.670898032059611e-07
2464615.5,A.D. 2035-Oct-15 00:00:00.0000,0.931318458655293,0.35704839694835433,-3.534128270699197e-05,-0.006438926628904636,0.015992070434082916,-6.918922259897027e-07
2464616.5,A.D. 2035-Oct-16 00:00:00.0000,0.9247417837441914,0.37298640531488525,-3.605940311536558e-05,-0.006714130407468168,0.01588320347326187,-7.498136971556307e-07
2464617.5,A.D. 2035-Oct-17 00:00:00.0000,0.9178907814437268,0.3888133258969863,-3.6851454015675604e-05,-0.00698758383310415,0.01576990166026189,-8.392748138444422e-07
2464618.5,A.D. 2035-Oct-18 00:00:00.0000,0.910767193023353,0.40452473954339857,-3.7747067356947375e-05,-0.0072593065266584305,0.015652191482056745,-9.559835004653158e-07
2464619.5,A.D. 2035-Oct-19 00:00:00.0000,0.9033727377362497,0.42011623794737685,-3.877016090296635e-05,-0.007529320821676079,0.015530067431413653,-1.0928312009747872e-06
2464620.5,A.D. 2035-Oct-20 00:00:00.0000,0.8957091167249055,0.4355833905628031,-3.993630456667571e-05,-0.00779763826967425,0.01540349091118512,-1.2403566946079133e-06
2464621.5,A.D. 2035-Oct-21 00:00:00.0000,0.8877780305383679,0.450921713767285,-4.125082589270663e-05,-0.008064246572872828,0.015272395823854161,-1.387733761525948e-06
2464622.5,A.D. 2035-Oct-22 00:00:00.0000,0.879581207937459,0.46612664851512475,-4.2708065869921895e-05,-0.008329100582584507,0.015136699544033457,-1.5240298017268012e-06
2464623.5,A.D. 2035-Oct-23 00:00:00.0000,0.8711204407679936,0.48119355036468,-4.429188786351619e-05,-0.008592119282394362,0.014996316096374555,-1.6394001910429186e-06
2464624.5,A.D. 2035-Oct-24 00:00:00.0000,0.8623976189570987,0.49611769236730274,-4.597723769718495e-05,-0.008853188315538947,0.014851168232246907,-1.7259680440800607e-06
2464625.5,A.D. 2035-Oct-25 00:00:00.0000,0.8534147610081458,0.5108942785893439,-4.7732385955847004e-05,-0.009112166078141441,0.014701196437730766,-1.778309555470337e-06
2464626.5,A.D. 2035-Oct-26 00:00:00.0000,0.8441740375294895,0.5255184649158543,-4.952147945244304e-05,-0.009368891253538358,0.014546364543443189,-1.7936036637822003e-06
2464627.5,A.D. 2035-Oct-27 00:00:00.0000,0.8346777871126712,0.5399853840168501,-5.130711924288528e-05,-0.00962319043335686,0.01438666257890371,-1.7715526161468505e-06
2464628.5,A.D. 2035-Oct-28 00:00:00.0000,0.8249285247781619,0.5542901721164363,-5.305278051866042e-05,-0.00987488533108991,0.014222107625207259,-1.7141546815706434e-06
2464629.5,A.D. 2035-Oct-29 00:00:00.0000,0.8149289434451109,0.5684279957925608,-5.4724947446396254e-05,-0.01012379951440905,0.014052743052236052,-1.6253640696058936e-06
2464630.5,A.D. 2035-Oct-30 00:00:00.0000,0.8046819089579275,0.5823940772314001,-5.629485603407536e-05,-0.010369764512421433,0.013878636185176358,-1.5106487385920637e-06
2464631.5,A.D. 2035-Oct-31 00:00:00.0000,0.7941904494859485,0.5961837163664381,-5.773975138856171e-05,-0.010612624869612449,0.013699874430848817,-1.3764672206618984e-06
2464632.5,A.D. 2035-Nov-01 00:00:00.0000,0.7834577406401254,0.6097923084964036,-5.9043601538520855e-05,-0.01085224156433188,0.013516560199366295,-1.229716121702404e-06
2464633.5,A.D. 2035-Nov-02 00:00:00.0000,0.772487088176961,0.6232153565105234,-6.019727513830162e-05,-0.01108849337769897,0.013328805342556012,-1.0772236685291065e-06
2464634.5,A.D. 2035-Nov-03 00:00:00.0000,0.7612819103712725,0.6364484776918348,-6.119826692509941e-05,-0.011321276232552836,0.013136726023248101,-9.253619504383416e-07
2464635.5,A.D. 2035-Nov-04 00:00:00.0000,0.7498457218754598,0.6494874059468607,-6.205011432005682e-05,-0.011550500996205712,0.012940438804492364,-7.798206890838647e-07
2464636.5,A.D. 2035-Nov-05 00:00:00.0000,0.7381821202200688,0.6623279909289951,-6.276167070522163e-05,-0.011776090537942291,0.012740058381846006,-6.455436167850608e-07
2464637.5,A.D. 2035-Nov-06 00:00:00.0000,0.7262947752781197,0.6749661957311122,-6.334638300409824e-05,-0.011997976874542371,0.01253569695731561,-5.267926839530198e-07
2464638.5,A.D. 2035-Nov-07 00:00:00.0000,0.7141874212455278,0.6873980946434407,-6.38216747386961e-05,-0.012216099088895227,0.012327464919619287,-4.272846766885186e-07
2464639.5,A.D. 2035-Nov-08 00:00:00.0000,0.7018638501135251,0.6996198720272996,-6.420847603498679e-05,-0.012430402486387758,0.012115472295595496,-3.5033803411719364e-07
2464640.5,A.D. 2035-Nov-09 00:00:00.0000,0.6893279052521007,0.7116278227597207,-6.453087957748732e-05,-0.01264083924228679,0.011899830324752824,-2.98967657069822e-07
2464641.5,A.D. 2035-Nov-10 00:00:00.0000,0.6765834735701483,0.7234183540068215,-6.481583977702927e-05,-0.012847370590486351,0.011680652407344786,-2.7586634583861537e-07
2464642.5,A.D. 2035-Nov-11 00:00:00.0000,0.6636344747937726,0.7349879872722139,-6.509277175099714e-05,-0.013049970329997886,0.01145805354959293,-2.832136553538134e-07
2464643.5,A.D. 2035-Nov-12 00:00:00.0000,0.6504848468397281,0.7463333587377138,-6.539285267672488e-05,-0.013248628960990222,0.01123214734487294,-3.222666343252707e-07
2464644.5,A.D. 2035-Nov-13 00:00:00.0000,0.6371385272893874,0.7574512150060663,-6.574780151405289e-05,-0.01344335704243367,0.011003039707345053,-3.9273204351527597e-07
2464645.5,A.D. 2035-Nov-14 00:00:00.0000,0.6235994327903338,0.7683384009006019,-6.6187956216188e-05,-0.01363418555590077,0.01077081936358254,-4.920160526415576e-07
2464646.5,A.D. 2035-Nov-15 00:00:00.0000,0.6098714406598048,0.7789918367300672,-6.673963179610493e-05,-0.013821160752594978,0.010535546738022959,-6.145876772689225e-07
2464647.5,A.D. 2035-Nov-16 00:00:00.0000,0.5959583790904275,0.7894084851029796,-6.742204278417039e-05,-0.01400433205738804,0.01029724493319268,-7.518057570645186e-07
2464648.5,A.D. 2035-Nov-17 00:00:00.0000,0.5818640324531154,0.7995853117804284,-6.824442077397852e-05,-0.01418373453691189,0.010055897590511205,-8.925172315347009e-07
2464649.5,A.D. 2035-Nov-18 00:00:00.0000,0.5675921648458835,0.8095192493061641,-6.920414442944361e-05,-0.014359371021780558,0.00981145680905821,-1.0244546339935563e-06
2464650.5,A.D. 2035-Nov-19 00:00:00.0000,0.5531465589026473,0.8192071733062629,-7.028652451276829e-05,-0.014531200484883646,0.009563859944585461,-1.1360561783802912e-06
2464651.5,A.D. 2035-Nov-20 00:00:00.0000,0.5385310611611184,0.8286458978130349,-7.146636415997631e-05,-0.014699136853953016,0.00931304969896277,-1.2180923715921419e-06
2464652.5,A.D. 2035-Nov-21 00:00:00.0000,0.5237496235157315,0.837832189454962,-7.271083019595225e-05,-0.014863057494746914,0.00905899077752644,-1.2646076077154905e-06
2464653.5,A.D. 2035-Nov-22 00:00:00.0000,0.5088063331948562,0.8467627947458801,-7.398285910328382e-05,-0.015022816763109249,0.008801679109540106,-1.273062254463731e-06
2464654.5,A.D. 2035-Nov-23 00:00:00.0000,0.4937054288446796,0.8554344727404888,-7.524438898604518e-05,-0.015178259510861264,0.008541143646939373,-1.2438962004369918e-06
2464655.5,A.D. 2035-Nov-24 00:00:00.0000,0.47845130452594786,0.8638440268059097,-7.645900590871364e-05,-0.015329231461325471,0.008277443315112806,-1.1798469653714694e-06
2464656.5,A.D. 2035-Nov-25 00:00:00.0000,0.4630485052453372,0.8719883321659163,-7.759389754186035e-05,-0.015475585821154625,0.008010662032531925,-1.0852768993381774e-06
2464657.5,A.D. 2035-Nov-26 00:00:00.0000,0.4475017174312627,0.8798643583562779,-7.862119139820638e-05,-0.015617186980262116,0.0077409037284630715,-9.656233665428505e-07
2464658.5,A.D. 2035-Nov-27 00:00:00.0000,0.4318157566560434,0.8874691870448241,-7.951881013051124e-05,-0.015753912505460085,0.0074682880956834785,-8.26977934541866e-07
2464659.5,A.D. 2035-Nov-28 00:00:00.0000,0.41599555382818865,0.8948000259692881,-8.027095383618365e-05,-0.01588565431123749,0.007192947027283308,-6.75753268762275e-07
2464660.5,A.D. 2035-Nov-29 00:00:00.0000,0.4000461404492555,0.9018542195171487,-8.086827525664208e-05,-0.016012319383715983,0.006915021408450617,-5.183968279370407e-07
2464661.5,A.D. 2035-Nov-30 00:00:00.0000,0.38397263336468396,0.9086292561653339,-8.130778369094902e-05,-0.016133830046960982,0.006634658023307689,-3.6113403395906774e-07
2464662.5,A.D. 2035-Dec-01 00:00:00.0000,0.3677802195428884,0.915122772876409,-8.159250932853184e-05,-0.016250123614902762,0.0063520065836076755,-2.0974886314530492e-07
2464663.5,A.D. 2035-Dec-02 00:00:00.0000,0.35147414154971607,0.9213325566729481,-8.173097561695484e-05,-0.016361151350718903,0.006067217106090244,-6.942309315352066e-08
2464664.5,A.D. 2035-Dec-03 00:00:00.0000,0.33505968436706846,0.9272565438928109,-8.173654830349528e-05,-0.016466876858690666,0.005780437945954823,5.534758242204183e-08
2464665.5,A.D. 2035-Dec-04 00:00:00.0000,0.3185421639726204,0.9328928179075107,-8.162674097521824e-05,-0.016567274238460585,0.005491814713856827,1.6075789173135246e-07
2464666.5,A.D. 2035-Dec-05 00:00:00.0000,0.3019269176990883,0.9382396062243707,-8.142254957076759e-05,-0.016662326450266433,0.005201490114029397,2.436352412920213e-07
2464667.5,A.D. 2035-Dec-06 00:00:00.0000,0.28521929593077894,0.9432952778183648,-8.114786158489161e-05,-0.016752024346188023,0.004909604515860562,3.013551642762825e-07
2464668.5,A.D. 2035-Dec-07 00:00:00.0000,0.26842465427641826,0.9480583412441532,-8.082894371067075e-05,-0.016836366737137388,0.004616296859914134,3.317777196351073e-07
2464669.5,A.D. 2035-Dec-08 00:00:00.0000,0.2515483450588572,0.9525274435833505,-8.049395974707159e-05,-0.016915361711606222,0.004321705308625707,3.33260200985822e-07
2464670.5,A.D. 2035-Dec-09 00:00:00.0000,0.2345957068562241,0.9567013695997426,-8.017241329635115e-05,-0.016989029183578034,0.004025966867497333,3.0480445417834854e-07
2464671.5,A.D. 2035-Dec-10 00:00:00.0000,0.21757205103274938,0.9605790396169778,-7.989435360786851e-05,-0.017057404249983275,0.0037292150455389425,2.463903198156065e-07
2464672.5,A.D. 2035-Dec-11 00:00:00.0000,0.20048264491851367,0.9641595036809305,-7.968914408451925e-05,-0.01712054028787075,0.003431574628903104,1.595155198417246e-07
2464673.5,A.D. 2035-Dec-12 00:00:00.0000,0.18333269279894257,0.9674419288252076,-7.958360698436566e-05,-0.017178509834351076,0.003133153119645091,4.7883890151052674e-08
2464674.5,A.D. 2035-Dec-13 00:00:00.0000,0.1661273182476453,0.9704255764014148,-7.959948065841663e-05,-0.017231400544734675,0.0028340297467070127,-8.195474448930664e-08
2464675.5,A.D. 2035-Dec-14 00:00:00.0000,0.1488715540180176,0.9731097684333972,-7.975040438304962e-05,-0.01727930385117892,0.0025342452528559958,-2.203693002837673e-07
2464676.5,A.D. 2035-Dec-15 00:00:00.0000,0.13157034704105325,0.975493846350372,-8.003904353821776e-05,-0.01732229645528955,0.002233797863013479,-3.5522221444949446e-07
2464677.5,A.D. 2035-Dec-16 00:00:00.0000,0.11422858376760325,0.9775771310580271,-8.045528578694972e-05,-0.017360419327943785,0.0019326506174880867,-4.734285749721566e-07
2464678.5,A.D. 2035-Dec-17 00:00:00.0000,0.0968511343056409,0.9793588966195815,-8.097637094076795e-05,-0.01739366262218114,0.0016307508172399509,-5.631598127738264e-07
2464679.5,A.D. 2035-Dec-18 00:00:00.0000,0.0794429054342565,0.9808383671641779,-8.156921994905894e-05,-0.017421963799429705,0.001328055529643984,-6.158862411482515e-07
2464680.5,A.D. 2035-Dec-19 00:00:00.0000,0.062008888215052994,0.982014738213391,-8.219438030659323e-05,-0.01744521976904915,0.001024553301953046,-6.274694857201843e-07
2464681.5,A.D. 2035-Dec-20 00:00:00.0000,0.04455418886643703,0.9828872145698884,-8.281045413146793e-05,-0.017463306810154983,0.0007202748848685049,-5.980495227859367e-07
2464682.5,A.D. 2035-Dec-21 00:00:00.0000,0.02708403940119122,0.983455052892856,-8.33779376317317e-05,-0.017476099857552156,0.00041529230516312556,-5.310722047729344e-07
2464683.5,A.D. 2035-Dec-22 00:00:00.0000,0.009603791751271545,0.983717599233848,-8.386190445703183e-05,-0.017483485729338704,0.00010971063996306246,-4.320441635084357e-07
2464684.5,A.D. 2035-Dec-23 00:00:00.0000,-0.007881097758207592,0.9836743169610662,-8.423350587723747e-05,-0.01748536935402643,-0.0001963422016256165,-3.0746372415563985e-07
2464685.5,A.D. 2035-Dec-24 00:00:00.0000,-0.025365087395882113,0.9833248050258726,-8.447057398609557e-05,-0.017481674890655455,-0.0005027241969117552,-1.6410488872828207e-07
2464686.5,A.D. 2035-Dec-25 00:00:00.0000,-0.04284256864961568,0.982668808846832,-8.455767965527207e-05,-0.01747234427844882,-0.0008092852073152587,-8.628112957398348e-09
2464687.5,A.D. 2035-Dec-26 00:00:00.0000,-0.06030788295675522,0.981706226482005,-8.448591949491551e-05,-0.017457335140613716,-0.0011158705202206885,1.5259274728701132e-07
2464688.5,A.D. 2035-Dec-27 00:00:00.0000,-0.07775533647416816,0.9804371121406604,-8.425258992591036e-05,-0.01743661906062708,-0.0014223227819239093,3.135395477400474e-07
2464689.5,A.D. 2035-Dec-28 00:00:00.0000,-0.09517921345523296,0.9788616782028784,-8.386080975184789e-05,-0.01741018052375614,-0.0017284831739007355,4.68593392383333e-07
2464690.5,A.D. 2035-Dec-29 00:00:00.0000,-0.11257378885311736,0.9769802961789589,-8.331909443266829e-05,-0.017378016383073278,-0.00203419242992155,6.125910303649371e-07
2464691.5,A.D. 2035-Dec-30 00:00:00.0000,-0.12993334052265762,0.9747934966028878,-8.264086409629814e-05,-0.017340135535133982,-0.002339291971218417,7.408998501227235e-07
2464692.5,A.D. 2035-Dec-31 00:00:00.0000,-0.14725216107613717,0.9723019677233494,-8.184387277611085e-05,-0.017296558513036877,-0.0026436251574847233,8.494970972128022e-07
2464693.5,A.D. 2036-Jan-01 00:00:00.0000,-0.16452456922316255,0.9695065529555543,-8.094956492779232e-05,-0.01724731685419411,-0.0029470384773526417,9.35032933545942e-07
2464694.5,A.D. 2036-Jan-02 00:00:00.0000,-0.1817449203816655,0.9664082472642166,-7.998238312020407e-05,-0.017192452300917125,-0.003249382464139206,9.948639271931096e-07
2464695.5,A.D. 2036-Jan-03 00:00:00.0000,-0.19890761649747712,0.9630081928248149,-7.896905680986895e-05,-0.017132016066406047,-0.0035505122173316943,1.027059363085083e-06
2464696.5,A.D. 2036-Jan-04 00:00:00.0000,-0.21600711529566677,0.9593076743404518,-7.79378902754122e-05,-0.017066068487185174,-0.0038502876007271356,1.0304016922768865e-06
2464697.5,A.D. 2036-Jan-05 00:00:00.0000,-0.23303793950343019,0.9553081142045948,-7.69180378033592e-05,-0.01699467935287654,-0.004148573423895445,1.004418964609102e-06
2464698.5,A.D. 2036-Jan-06 00:00:00.0000,-0.24999468680488612,0.9510110672740879,-7.593871077769612e-05,-0.01691792903992853,-0.004445240148266796,9.494968124537842e-07
2464699.5,A.D. 2036-Jan-07 00:00:00.0000,-0.26687204126894515,0.9464182143758154,-7.502821345787358e-05,-0.016835910255343093,-0.004740165845413854,8.671156567305044e-07
2464700.5,A.D. 2036-Jan-08 00:00:00.0000,-0.28366478655791877,0.9415313529006801,-7.421266745093626e-05,-0.016748729682306507,-0.0050332401845827185,7.60236596091222e-07
2464701.5,A.D. 2036-Jan-09 00:00:00.0000,-0.30036782017512065,0.9363523821618205,-7.351428636174439e-05,-0.01665650811130229,-0.005324370948520769,6.338023230984547e-07
2464702.5,A.D. 2036-Jan-10 00:00:00.0000,-0.3169761662203742,0.9308832810832428,-7.294914432143732e-05,-0.016559376928549845,-0.005613492668077043,4.95213968538555e-07
2464703.5,A.D. 2036-Jan-11 00:00:00.0000,-0.3334849818490325,0.9251260770037112,-7.252459029466634e-05,-0.016457468719503765,-0.00590057521141901,3.545050961738733e-07
2464704.5,A.D. 2036-Jan-12 00:00:00.0000,-0.3498895509540795,0.9190828076448078,-7.223679404255125e-05,-0.016350901227442018,-0.006185627991768785,2.238435548518241e-07
2464705.5,A.D. 2036-Jan-13 00:00:00.0000,-0.36618525949747394,0.9127554832933188,-7.206924511581601e-05,-0.016239757569673583,-0.006468694538651495,1.1610758224350779e-07
2464706.5,A.D. 2036-Jan-14 00:00:00.0000,-0.38236755209281953,0.9061460605452007,-7.199309143764672e-05,-0.016124070008131805,-0.006749834825348198,4.270749823999008e-08
2464707.5,A.D. 2036-Jan-15 00:00:00.0000,-0.3984318777949481,0.8992564385556862,-7.196974943585665e-05,-0.016003815793925565,-0.007029099179803054,1.1377297838664954e-08
2464708.5,A.D. 2036-Jan-16 00:00:00.0000,-0.41437363961946566,0.8920884816073595,-7.195534013783767e-05,-0.01587892869088388,-0.0073065036131451135,2.4869635063873143e-08
2464709.5,A.D. 2036-Jan-17 00:00:00.0000,-0.4301881617376868,0.8846440613678548,-7.190573795489711e-05,-0.015749321380854525,-0.007582016323549272,8.10558798786153e-08
2464710.5,A.D. 2036-Jan-18 00:00:00.0000,-0.44587068043223327,0.8769251053879025,-7.17808965562032e-05,-0.015614908888872321,-0.00785555854119526,1.7417321882652274e-07
2464711.5,A.D. 2036-Jan-19 00:00:00.0000,-0.46141635541252185,0.8689336391224739,-7.15476526349328e-05,-0.015475624974146196,-0.008127015531236858,2.9649161054173866e-07
2464712.5,A.D. 2036-Jan-20 00:00:00.0000,-0.4768202927699183,0.8606718148160668,-7.118094011220983e-05,-0.015331429087233657,-0.008396250740537858,4.397438291635335e-07
2464713.5,A.D. 2036-Jan-21 00:00:00.0000,-0.4920775709655029,0.8521419270052933,-7.066383087029795e-05,-0.01518230605121585,-0.008663117807612,5.960249299195777e-07
2464714.5,A.D. 2036-Jan-22 00:00:00.0000,-0.5071832643796147,0.8433464180594431,-6.998693916886506e-05,-0.01502826208944334,-0.008927468372516992,7.581870992080239e-07
2464715.5,A.D. 2036-Jan-23 00:00:00.0000,-0.522132462335193,0.8342878779535117,-6.914761469756936e-05,-0.014869320123238342,-0.009189155966371872,9.198991920691931e-07
2464716.5,A.D. 2036-Jan-24 00:00:00.0000,-0.5369202837756902,0.8249690416050789,-6.814916854673542e-05,-0.014705515949729823,-0.00944803722448011,1.0755473513750533e-06
2464717.5,A.D. 2036-Jan-25 00:00:00.0000,-0.5515418888219998,0.8153927857829771,-6.700022259865414e-05,-0.014536895849105788,-0.009703971726473644,1.2201039316445164e-06
2464718.5,A.D. 2036-Jan-26 00:00:00.0000,-0.5659924886358796,0.8055621264298899,-6.571417365452697e-05,-0.014363515545264664,-0.009956821464213457,1.3490371717133014e-06
2464719.5,A.D. 2036-Jan-27 00:00:00.0000,-0.5802673547721271,0.7954802164237362,-6.430871377215868e-05,-0.014185440148031856,-0.010206450573488434,1.458291184130323e-06
2464720.5,A.D. 2036-Jan-28 00:00:00.0000,-0.5943618287687146,0.7851503433339878,-6.28053346291493e-05,-0.014002744607738428,-0.010452725640084913,1.5443359640240225e-06
2464721.5,A.D. 2036-Jan-29 00:00:00.0000,-0.6082713322596218,0.7745759265573551,-6.122875443370803e-05,-0.013815514239741485,-0.010695516623158471,1.6042679736649728e-06
2464722.5,A.D. 2036-Jan-30 00:00:00.0000,-0.6219913775056478,0.7637605132799388,-5.960623072984473e-05,-0.01362384499607897,-0.010934698241421275,1.635932838807354e-06
2464723.5,A.D. 2036-Jan-31 00:00:00.0000,-0.6355175780042815,0.7527077729266625,-5.796675090735936e-05,-0.01342784334600609,-0.011170151568091908,1.638043539791979e-06
2464724.5,A.D. 2036-Feb-01 00:00:00.0000,-0.6488456588021926,0.7414214900111817,-5.634011352301478e-05,-0.013227625825239547,-0.011401765605958071,1.6102796333686567e-06
2464725.5,A.D. 2036-Feb-02 00:00:00.0000,-0.6619714662712909,0.7299055554623674,-5.475591896054914e-05,-0.013023318452486438,-0.011629438763838576,1.553371706806661e-06
2464726.5,A.D. 2036-Feb-03 00:00:00.0000,-0.6748909773246472,0.7181639564709508,-5.32424743552984e-05,-0.012815056218244572,-0.011853080385429253,1.4691932075749542e-06
2464727.5,A.D. 2036-Feb-04 00:00:00.0000,-0.6876003081829767,0.7062007646316754,-5.1825590245350886e-05,-0.012602982677924637,-0.012072612706628953,1.3608900683328492e-06
2464728.5,A.D. 2036-Feb-05 00:00:00.0000,-0.7000957226693716,0.6940201217113735,-5.0527219296832124e-05,-0.012387249322024146,-0.01228797372457813,1.233068063304354e-06
2464729.5,A.D. 2036-Feb-06 00:00:00.0000,-0.712373639441352,0.6816262219378869,-4.9363883758146696e-05,-0.012168013898743713,-0.01249912130967577,1.0920202438869612e-06
2464730.5,A.D. 2036-Feb-07 00:00:00.0000,-0.7244306364918662,0.6690232896188716,-4.834488797276767e-05,-0.01194543638332768,-0.012706038317647007,9.459076280304859e-07
2464731.5,A.D. 2036-Feb-08 00:00:00.0000,-0.7362634498365124,0.6562155516498446,-4.747044372212999e-05,-0.011719671174899509,-0.012908737358401192,8.047159440674701e-07
2464732.5,A.D. 2036-Feb-09 00:00:00.0000,-0.7478689621935007,0.6432072065210112,-4.673005150160216e-05,-0.011490854927250707,-0.013107262459881964,6.797455031490847e-07
2464733.5,A.D. 2036-Feb-10 00:00:00.0000,-0.7592441778653505,0.6300023947275446,-4.610171264110277e-05,-0.011259091650165583,-0.01330168400724248,5.824419958519149e-07
2464734.5,A.D. 2036-Feb-11 00:00:00.0000,-0.7703861832226908,0.6166051787431504,-4.5552630121367804e-05,-0.01102443984541839,-0.013492084530076035,5.226310451938214e-07
2464735.5,A.D. 2036-Feb-12 00:00:00.0000,-0.7812920981022714,0.6030195413220406,-4.504179323119246e-05,-0.01078690826351005,-0.013678536988291015,5.066276765259324e-07
2464736.5,A.D. 2036-Feb-13 00:00:00.0000,-0.791959029309605,0.5892494065937469,-4.452420356666495e-05,-0.010546464642089033,-0.013861082365248335,5.359715952300741e-07
2464737.5,A.D. 2036-Feb-14 00:00:00.0000,-0.8023840388678294,0.5752986801748506,-4.39557911479598e-05,-0.010303055556981414,-0.01403971536250177,6.07365987092201e-07
2464738.5,A.D. 2036-Feb-15 00:00:00.0000,-0.8125641345751923,0.5611712971579944,-4.3297769356464254e-05,-0.010056629637513099,-0.014214383229942226,7.138014892456564e-07
2464739.5,A.D. 2036-Feb-16 00:00:00.0000,-0.8224962817740588,0.5468712651905271,-4.251950337221412e-05,-0.00980715560274577,-0.014384995941251177,8.46281398134535e-07
2464740.5,A.D. 2036-Feb-17 00:00:00.0000,-0.8321774285451919,0.5324026942833775,-4.1599656434915715e-05,-0.009554630837076788,-0.014551441377996072,9.954377153259164e-07
2464741.5,A.D. 2036-Feb-18 00:00:00.0000,-0.8416045349624539,0.517769811626405,-4.052597038187903e-05,-0.009299081410836815,-0.014713599305545548,1.1526078574556754e-06
2464742.5,A.D. 2036-Feb-19 00:00:00.0000,-0.8507745995662297,0.5029769645278293,-3.929427696082548e-05,-0.009040557160949885,-0.01487135088468599,1.31031076549668e-06
2464743.5,A.D. 2036-Feb-20 00:00:00.0000,-0.8596846799830702,0.48802861629669525,-3.790727023528297e-05,-0.008779125401673518,-0.015024583395335417,1.4622839865961563e-06
2464744.5,A.D. 2036-Feb-21 00:00:00.0000,-0.8683319075675487,0.47292933931171194,-3.63733722421225e-05,-0.008514865510205756,-0.015173191399475691,1.6032931544982878e-06
2464745.5,A.D. 2036-Feb-22 00:00:00.0000,-0.8767134974952301,0.45768380805434183,-3.470583047830549e-05,-0.008247865311607188,-0.015317075895172953,1.72888125398735e-06
2464746.5,A.D. 2036-Feb-23 00:00:00.0000,-0.8848267561978355,0.44229679344002154,-3.292205084778141e-05,-0.00797821934823918,-0.01545614274749194,1.835160763331684e-06
2464747.5,A.D. 2036-Feb-24 00:00:00.0000,-0.8926690878852089,0.42677315869196863,-3.104309380529227e-05,-0.007706028711829636,-0.015590301291336373,1.918700458203127e-06
2464748.5,A.D. 2036-Feb-25 00:00:00.0000,-0.900238001480975,0.4111178562795418,-2.9093227929332615e-05,-0.0074314019501959296,-0.015719463670301487,1.9765245247917e-06
2464749.5,A.D. 2036-Feb-26 00:00:00.0000,-0.9075311187727882,0.39533592501328596,-2.709942982476567e-05,-0.007154456494508449,-0.015843545215505295,2.006218162247921e-06
2464750.5,A.D. 2036-Feb-27 00:00:00.0000,-0.9145461840117288,0.3794324862019818,-2.5090734714326533e-05,-0.006875320036861542,-0.015962465935208718,2.0061151053171124e-06
2464751.5,A.D. 2036-Feb-28 00:00:00.0000,-0.9212810746428532,0.36341273782189176,-2.3097374590330643e-05,-0.006594131336953804,-0.016076152955700883,1.9755274217912074e-06
2464752.5,A.D. 2036-Feb-29 00:00:00.0000,-0.9277338123911955,0.34728194591324013,-2.1149685163457634e-05,-0.006311040080822395,-0.016184543553069388,1.9149701450991714e-06
2464753.5,A.D. 2036-Mar-01 00:00:00.0000,-0.9339025736611198,0.3310454328427758,-1.927680931938756e-05,-0.006026205646335343,-0.016287588310721732,1.8263374830553929e-06
2464754.5,A.D. 2036-Mar-02 00:00:00.0000,-0.939785698188227,0.31470856252546736,-1.7505260550464605e-05,-0.005739794876703942,-0.016385253987140386,1.7130041223705215e-06
2464755.5,A.D. 2036-Mar-03 00:00:00.0000,-0.9453816950697896,0.2982767230258708,-1.5857425065956104e-05,-0.005451979107178328,-0.0164775258724927,1.5798475916949258e-06
2464756.5,A.D. 2036-Mar-04 00:00:00.0000,-0.9506892455360617,0.2817553070611538,-1.435007658162709e-05,-0.0051629306358152195,-0.016564409646002195,1.4332027169130088e-06
2464757.5,A.D. 2036-Mar-05 00:00:00.0000,-0.9557072019029867,0.265149690846645,-1.2992967316454393e-05,-0.00487281857799963,-0.016645932847283038,1.280753885347285e-06
2464758.5,A.D. 2036-Mar-06 00:00:00.0000,-0.9604345819264298,0.24846521167693483,-1.1787566302215363e-05,-0.0045818037327525415,-0.01672214588733261,1.1313403889791786e-06
2464759.5,A.D. 2036-Mar-07 00:00:00.0000,-0.9648705573204727,0.23170714494631797,-1.072606322980867e-05,-0.0042900319772406865,-0.01679312200167658,9.946046345414826e-07
2464760.5,A.D. 2036-Mar-08 00:00:00.0000,-0.9690144348650459,0.21488068225623183,-9.790844862410371e-06,-0.003997626107833563,-0.01685895485659793,8.803816380158782e-07
2464761.5,A.D. 2036-Mar-09 00:00:00.0000,-0.9728656289416987,0.1979909137948842,-8.954745515381826e-06,-0.0037046771519593626,-0.01691975212730669,7.977564494862545e-07
2464762.5,A.D. 2036-Mar-10 00:00:00.0000,-0.9764236261293813,0.18104281966588487,-8.182391809062327e-06,-0.0034112377286045076,-0.01697562396772313,7.538430879081218e-07
2464763.5,A.D. 2036-Mar-11 00:00:00.0000,-0.9796879456828399,0.1640412750218328,-7.432807937344379e-06,-0.0031173210555133376,-0.017026667324385864,7.525460136467407e-07
2464764.5,A.D. 2036-Mar-12 00:00:00.0000,-0.9826581030788822,0.14699107149127258,-6.663091847645237e-06,-0.002822908323328771,-0.017072949878070627,7.93733526892892e-07
2464765.5,A.D. 2036-Mar-13 00:00:00.0000,-0.9853335850859174,0.12989695257188832,-5.832541269569002e-06,-0.0025279639361838937,-0.017114499073189036,8.732104543050373e-07
2464766.5,A.D. 2036-Mar-14 00:00:00.0000,-0.9877138422971459,0.11276365559616848,-4.90635670446326e-06,-0.0022324542157893903,-0.017151300342107118,9.835701600146149e-07
2464767.5,A.D. 2036-Mar-15 00:00:00.0000,-0.9897982995224504,0.0955959506454294,-3.858170632606403e-06,-0.0019363634418419998,-0.01718330462044609,1.1156114534325567e-06
2464768.5,A.D. 2036-Mar-16 00:00:00.0000,-0.9915863789254951,0.0783986687907566,-2.671093225395489e-06,-0.001639702866787148,-0.01721044133548609,1.2598019480194698e-06
2464769.5,A.D. 2036-Mar-17 00:00:00.0000,-0.993077528230804,0.061176716762943596,-1.3374574738972994e-06,-0.001342512030363711,-0.017232631768691612,1.407365815747659e-06
2464770.5,A.D. 2036-Mar-18 00:00:00.0000,-0.9942712472744334,0.04393507969596903,1.4225867108824524e-07,-0.0010448546511062566,-0.01724979914097479,1.5508385065756122e-06
2464771.5,A.D. 2036-Mar-19 00:00:00.0000,-0.9951671090740171,0.026678816023059812,1.7608231804268417e-06,-0.0007468122798685664,-0.01726187420516471,1.684163327556429e-06
2464772.5,A.D. 2036-Mar-20 00:00:00.0000,-0.9957647745290008,0.009413048817499287,3.5055816623504956e-06,-0.0004484782284233162,-0.01726879695963791,1.8025082389706294e-06
2464773.5,A.D. 2036-Mar-21 00:00:00.0000,-0.9960640017926646,-0.007857043201659402,5.35954026447766e-06,-0.00014995311731616772,-0.017270515846693802,1.9019767211885954e-06
2464774.5,A.D. 2036-Mar-22 00:00:00.0000,-0.9960646521965264,-0.025126233179503802,7.30216023742084e-06,0.00014865755696462246,-0.017266985788804395,1.9793361564941308e-06
2464775.5,A.D. 2036-Mar-23 00:00:00.0000,-0.9957666947074396,-0.04238925154242788,9.30992148864157e-06,0.0004472439734772097,-0.017258166114737194,2.03183596814061e-06
2464776.5,A.D. 2036-Mar-24 00:00:00.0000,-0.9951702106192339,-0.05964078960935106,1.135676533644484e-05,0.0007456910426887803,-0.017244019125959634,2.0571516884939465e-06
2464777.5,A.D. 2036-Mar-25 00:00:00.0000,-0.9942753997262783,-0.07687550231807758,1.3414550327701664e-05,0.0010438764823324622,-0.017224509833868553,2.053467438030215e-06
2464778.5,A.D. 2036-Mar-26 00:00:00.0000,-0.993082588650654,-0.09408801142739234,1.5453657345880872e-05,0.0013416685521959516,-0.01719960721525973,2.0196888357274503e-06
2464779.5,A.D. 2036-Mar-27 00:00:00.0000,-0.9915922412883489,-0.1112729107932392,1.7443860443204658e-05,0.0016389242192527613,-0.01716928709855787,1.9557537237622656e-06
2464780.5,A.D. 2036-Mar-28 00:00:00.0000,-0.9898049705244976,-0.12842477526614743,1.9355532696779527e-05,0.0019354885917757143,-0.01713353644615561,1.8629787020893396e-06
2464781.5,A.D. 2036-Mar-29 00:00:00.0000,-0.9877215495686062,-0.145538174310101,2.116118073383301e-05,0.002231196341114794,-0.017092358368757842,1.7443539904125704e-06
2464782.5,A.D. 2036-Mar-30 00:00:00.0000,-0.9853429207133301,-0.16260769058258984,2.2837208641896113e-05,0.00252587544229258,-0.01704577684289572,1.604692703992208e-06
2464783.5,A.D. 2036-Mar-31 00:00:00.0000,-0.9826701992754073,-0.17962794260938725,2.4365727555007012e-05,0.0028193529734674505,-0.016993840008131707,1.4505650616207584e-06
2464784.5,A.D. 2036-Apr-01 00:00:00.0000,-0.979704671032781,-0.1965936096783708,2.5736181931819137e-05,0.003111462153512002,-0.01693662121226324,1.2899995556395407e-06
2464785.5,A.D. 2036-Apr-02 00:00:00.0000,-0.9764477824528855,-0.21349945651803748,2.6946574400138265e-05,0.003402049545469308,-0.016874217543566824,1.131988960909993e-06
2464786.5,A.D. 2036-Apr-03 00:00:00.0000,-0.9729011240272113,-0.23034035535376957,2.8004127654327763e-05,0.00369098152172207,-0.01680674613203811,9.858706290789473e-07
2464787.5,A.D. 2036-Apr-04 00:00:00.0000,-0.969066407731915,-0.24711130336034545,2.892529152252892e-05,0.003978149498933766,-0.01673433872033997,8.606451539263798e-07
2464788.5,A.D. 2036-Apr-05 00:00:00.0000,-0.964945439950901,-0.26380743397679335,2.973505430345454e-05,0.004263473753609397,-0.016657134850081284,7.64270142840322e-07
2464789.5,A.D. 2036-Apr-06 00:00:00.0000,-0.9605400913891023,-0.28042402075379685,3.0465543847228957e-05,0.004546905554178798,-0.016575273740902258,7.029499330024389e-07
2464790.5,A.D. 2036-Apr-07 00:00:00.0000,-0.9558522659558149,-0.29695647245506823,3.1153932539604535e-05,0.004828426937999287,-0.016488884967753,6.80465300212719e-07
2464791.5,A.D. 2036-Apr-08 00:00:00.0000,-0.9508838714671719,-0.31340031848345284,3.183973247466928e-05,0.005108047125649138,-0.016398078623519077,6.976470948088098e-07
2464792.5,A.D. 2036-Apr-09 00:00:00.0000,-0.9456367959513985,-0.3297511848583161,3.2561701196287715e-05,0.005385794853610428,-0.016302936610033306,7.521518545831557e-07
2464793.5,A.D. 2036-Apr-10 00:00:00.0000,-0.9401128935403524,-0.3460047630037525,3.33547371895558e-05,0.005661707079638594,-0.01620350735965863,8.386829597258192e-07
2464794.5,A.D. 2036-Apr-11 00:00:00.0000,-0.9343139826674012,-0.3621567758173081,3.4247238035642025e-05,0.005935816130302333,-0.016099805887096457,9.496854553236774e-07
2464795.5,A.D. 2036-Apr-12 00:00:00.0000,-0.9282418566152254,-0.37820294666252546,3.5259336926981265e-05,0.006208138384674563,-0.015991819458453113,1.076370339693737e-06
2464796.5,A.D. 2036-Apr-13 00:00:00.0000,-0.9218983034316812,-0.39413897619199656,3.640221791732249e-05,0.006478667191935424,-0.01587951715621474,1.2097985253541615e-06
2464797.5,A.D. 2036-Apr-14 00:00:00.0000,-0.9152851302933693,-0.4099605294806546,3.767842938441745e-05,0.00674737106270842,-0.015762860424184195,1.3417557141853542e-06
2464798.5,A.D. 2036-Apr-15 00:00:00.0000,-0.9084041873306531,-0.42566323302666215,3.908289783753167e-05,0.007014196287929672,-0.015641811891809625,1.465265645602987e-06
2464799.5,A.D. 2036-Apr-16 00:00:00.0000,-0.9012573874188258,-0.44124267903986286,4.06042671870596e-05,0.00727907202690974,-0.015516341000599156,1.5747378774756215e-06
2464800.5,A.D. 2036-Apr-17 00:00:00.0000,-0.893846720510012,-0.456694433662754,4.222624207496329e-05,0.007541915838093135,-0.015386426316189014,1.6658494539570699e-06
2464801.5,A.D. 2036-Apr-18 00:00:00.0000,-0.8861742628412806,-0.47201404614604137,4.3928735186087136e-05,0.007802638220554279,-0.015252055294311676,1.7352928827019889e-06
2464802.5,A.D. 2036-Apr-19 00:00:00.0000,-0.878242182415065,-0.4871970569630844,4.568874529168225e-05,0.008061145464645213,-0.015113222572977458,1.7805061687301656e-06
2464803.5,A.D. 2036-Apr-20 00:00:00.0000,-0.870052742552918,-0.502239003906926,4.748099172918758e-05,0.00831734066279791,-0.014969927798813822,1.7994663911643554e-06
2464804.5,A.D. 2036-Apr-21 00:00:00.0000,-0.8616083052946396,-0.5171354261327803,4.9278396402364036e-05,0.008571123055035901,-0.014822173815182332,1.790597579353303e-06
2464805.5,A.D. 2036-Apr-22 00:00:00.0000,-0.8529113361388232,-0.5318818668563619,5.105254366287509e-05,0.008822386075838271,-0.014669965889218489,1.7528219678796161e-06
2464806.5,A.D. 2036-Apr-23 00:00:00.0000,-0.8439644111643035,-0.5464738760414118,5.2774268501058416e-05,0.009071014657137277,-0.01451331254945179,1.685765434236831e-06
2464807.5,A.D. 2036-Apr-24 00:00:00.0000,-0.8347702268928959,-0.5609070149163767,5.441452266083125e-05,0.0093168826050408,-0.014352228457050278,1.5901026334878602e-06
2464808.5,A.D. 2036-Apr-25 00:00:00.0000,-0.8253316122806106,-0.5751768644374545,5.5945634844122916e-05,0.00955985117686452,-0.014186739399291612,1.467986530378869e-06
2464809.5,A.D. 2036-Apr-26 00:00:00.0000,-0.8156515409865203,-0.5892790396152711,5.7342999278591e-05,0.009799770163620188,-0.014016888865607459,1.32345265560226e-06
2464810.5,A.D. 2036-Apr-27 00:00:00.0000,-0.805733140837887,-0.6032092106643224,5.858709166703937e-05,0.010036482538091048,-0.013842744812622222,1.162641300108045e-06
2464811.5,A.D. 2036-Apr-28 00:00:00.0000,-0.795579696741248,-0.6169631301479044,5.966554832732487e-05,0.010269832834133383,-0.013664404506716517,9.936789522800407e-07
2464812.5,A.D. 2036-Apr-29 00:00:00.0000,-0.7851946438020118,-0.6305366630891521,6.057491635210095e-05,0.010499678021956487,-0.013481995311275566,8.261354464285121e-07
2464813.5,A.D. 2036-Apr-30 00:00:00.0000,-0.7745815493258783,-0.6439258153106489,6.1321666168737e-05,0.010725898391326422,-0.013295670305882376,6.701141914924802e-07
2464814.5,A.D. 2036-May-01 00:00:00.0000,-0.7637440851115317,-0.6571267549931734,6.192218847470056e-05,0.01094840567019281,-0.01310559935728803,5.351713453258868e-07
2464815.5,A.D. 2036-May-02 00:00:00.0000,-0.7526859938229871,-0.6701358238772052,6.240172960832008e-05,0.011167146578262899,-0.012911957762361091,4.2931319566229656e-07
2464816.5,A.D. 2036-May-03 00:00:00.0000,-0.7414110542250386,-0.6829495369688615,6.279244727337866e-05,0.011382101652650205,-0.012714915005919236,3.5826164166481123e-07
2464817.5,A.D. 2036-May-04 00:00:00.0000,-0.7299230495128345,-0.6955645718748088,6.313089953415093e-05,0.011593280485718813,-0.012514625472064698,3.2505658471139827e-07
2464818.5,A.D. 2036-May-05 00:00:00.0000,-0.7182257415561023,-0.7079777501600617,6.345529360548214e-05,0.011800714894654469,-0.01231122181010451,3.299625213530599e-07
2464819.5,A.D. 2036-May-06 00:00:00.0000,-0.7063228525081876,-0.7201860133739592,6.380276439122776e-05,0.012004451161859468,-0.012104810855981325,3.7061032152070997e-07
2464820.5,A.D. 2036-May-07 00:00:00.0000,-0.6942180543773034,-0.7321863961556506,6.420688945036198e-05,0.012204541935091922,-0.011895471837606217,4.423223522578676e-07
2464821.5,A.D. 2036-May-08 00:00:00.0000,-0.681914966721491,-0.7439759986540023,6.469560999174114e-05,0.012401038143968647,-0.011683256811253468,5.38596570412493e-07
2464822.5,A.D. 2036-May-09 00:00:00.0000,-0.6694171622111096,-0.7555519605465755,6.528970673141265e-05,0.01259398146502088,-0.011468193437621973,6.517264860786309e-07
2464823.5,A.D. 2036-May-10 00:00:00.0000,-0.6567281791098818,-0.766911438985543,6.600194285352755e-05,0.012783398177582155,-0.011250290007185127,7.735027864692155e-07
2464824.5,A.D. 2036-May-11 00:00:00.0000,-0.6438515388188634,-0.778051592463555,6.683691150091074e-05,0.012969295314509436,-0.011029542103360424,8.959026779972312e-07
2464825.5,A.D. 2036-May-12 00:00:00.0000,-0.6307907658778331,-0.7889695717048492,6.779152061350343e-05,0.013151659631232914,-0.010805939772893153,1.0116580418722188e-06
2464826.5,A.D. 2036-May-13 00:00:00.0000,-0.6175494076260799,-0.7996625174336617,6.885594896551093e-05,0.013330459229994965,-0.01057947390559348,1.1146202004005243e-06
2464827.5,A.D. 2036-May-14 00:00:00.0000,-0.6041310512293773,-0.8101275636883655,7.001485215978967e-05,0.013505647029140692,-0.010350140824375785,1.1998962112633953e-06
2464828.5,A.D. 2036-May-15 00:00:00.0000,-0.5905393367827564,-0.8203618446343669,7.124860292756621e-05,0.013677164949552807,-0.010117944678413787,1.2637909132393305e-06
2464829.5,A.D. 2036-May-16 00:00:00.0000,-0.5767779663200747,-0.8303625027291301,7.253440555473208e-05,0.013844947760193993,-0.00988289782563751,1.303626755118348e-06
2464830.5,A.D. 2036-May-17 00:00:00.0000,-0.5628507094737222,-0.8401266964954255,7.384720338508957e-05,0.01400892584011909,-0.009645019782317377,1.3175233768858416e-06
2464831.5,A.D. 2036-May-18 00:00:00.0000,-0.5487614070839736,-0.8496516068318593,7.516037659812293e-05,0.014169026482882213,-0.009404335473677344,1.304209298283582e-06
2464832.5,A.D. 2036-May-19 00:00:00.0000,-0.5345139742725091,-0.8589344415345452,7.644629163906749e-05,0.014325173672654654,-0.009160873525965379,1.2629214311530516e-06
2464833.5,A.D. 2036-May-20 00:00:00.0000,-0.5201124044465665,-0.8679724384264469,7.767681134735297e-05,0.014477286490761063,-0.008914665304804592,1.193432452702066e-06
2464834.5,A.D. 2036-May-21 00:00:00.0000,-0.5055607754321798,-0.8767628681832336,7.882390759767955e-05,0.014625276537431627,-0.00866574538186564,1.0962312166426714e-06
2464835.5,A.D. 2036-May-22 00:00:00.0000,-0.49086325840254424,-0.8853030386089895,7.98605335429892e-05,0.014769045070703786,-0.008414154063589635,9.728594241584858e-07
2464836.5,A.D. 2036-May-23 00:00:00.0000,-0.4760241293499367,-0.8935903026620927,8.076189725486121e-05,0.014908481014792946,-0.008159942396628624,8.263665378892749e-07
2464837.5,A.D. 2036-May-24 00:00:00.0000,-0.46104778145299313,-0.9016220726848468,8.150720847598649e-05,0.015043461460297657,-0.007903179460416574,6.617763222746592e-07
2464838.5,A.D. 2036-May-25 00:00:00.0000,-0.4459387349565461,-0.9093958425817648,8.208182160314546e-05,0.015173856400473917,-0.007643960637009553,4.863747851620262e-07
2464839.5,A.D. 2036-May-26 00:00:00.0000,-0.4307016397303387,-0.9169092176840068,8.247947712652738e-05,0.015299538667425236,-0.0073824141616217484,3.095797182279496e-07
2464840.5,A.D. 2036-May-27 00:00:00.0000,-0.41534126560880613,-0.9241599488449438,8.270412207870904e-05,0.015420398047024421,-0.0071187024631861745,1.4221253152790788e-07
2464841.5,A.D. 2036-May-28 00:00:00.0000,-0.39986247792417423,-0.931145964105774,8.277070465735788e-05,0.015536355997636933,-0.006853015730000055,-4.7961393904515524e-09
2464842.5,A.D. 2036-May-29 00:00:00.0000,-0.3842702001082009,-0.9378653900344853,8.270451177337707e-05,0.01564737597143407,-0.006585558058811475,-1.2195349337291731e-07
2464843.5,A.D. 2036-May-30 00:00:00.0000,-0.3685693698722141,-0.9443165569786176,8.253903217938309e-05,0.015753465553667443,-0.0063165299855535845,-2.0252596191006852e-07
2464844.5,A.D. 2036-May-31 00:00:00.0000,-0.3527648976379483,-0.9504979872896052,8.231278217518319e-05,0.015854670093206433,-0.006046112760099334,-2.4324933673945747e-07
2464845.5,A.D. 2036-Jun-01 00:00:00.0000,-0.3368616344109722,-0.9564083704728741,8.20657803649448e-05,0.015951060878719944,-0.005774458349157847,-2.4433128331751783e-07
2464846.5,A.D. 2036-Jun-02 00:00:00.0000,-0.320864352411781,-0.9620465317246886,8.183630590248248e-05,0.016042722119412454,-0.005501686110494098,-2.0892716765729682e-07
2464847.5,A.D. 2036-Jun-03 00:00:00.0000,-0.30477773792146634,-0.9674113998865587,8.165832298869893e-05,0.01612973990056899,-0.005227884568495817,-1.423791049727352e-07
2464848.5,A.D. 2036-Jun-04 00:00:00.0000,-0.28860639360937457,-0.9725019787135634,8.15596823983966e-05,0.016212194311134777,-0.004953115879541396,-5.14520217666428e-08
2464849.5,A.D. 2036-Jun-05 00:00:00.0000,-0.2723548472346849,-0.9773173231229635,8.156103669043387e-05,0.016290154444529883,-0.00467742109111689,5.632072427313587e-08
2464850.5,A.D. 2036-Jun-06 00:00:00.0000,-0.2560275642641968,-0.9818565206732371,8.167534613605875e-05,0.016363675421368802,-0.004400825262424127,1.7316703823162863e-07
2464851.5,A.D. 2036-Jun-07 00:00:00.0000,-0.23962896276626405,-0.9861186779925859,8.190786256092983e-05,0.016432796728224168,-0.004123342246049882,2.9150727934005786e-07
2464852.5,A.D. 2036-Jun-08 00:00:00.0000,-0.22316342945526899,-0.9901029118511585,8.225650538894088e-05,0.016497541555580194,-0.003844979208021991,4.043095655458411e-07
2464853.5,A.D. 2036-Jun-09 00:00:00.0000,-0.20663533591594438,-0.9938083446318805,8.271255632033766e-05,0.016557917107409607,-0.0035657408887551974,5.053700964251492e-07
2464854.5,A.D. 2036-Jun-10 00:00:00.0000,-0.1900490540187436,-0.9972341038565766,8.32615906331838e-05,0.016613915905112082,-0.0032856334037624922,5.895029423013995e-07
2464855.5,A.D. 2036-Jun-11 00:00:00.0000,-0.17340896957830385,-1.0003793251454742,8.38845461641026e-05,0.01666551795753204,-0.003004667252071825,6.526240222212344e-07
2464856.5,A.D. 2036-Jun-12 00:00:00.0000,-0.1567194935451854,-1.0032431576606318,8.455882265136432e-05,0.016712693450397224,-0.0027228592390228647,6.917297351761943e-07
2464857.5,A.D. 2036-Jun-13 00:00:00.0000,-0.13998507045294062,-1.0058247708752999,8.525931547940836e-05,0.016755405457547983,-0.002440233208176535,7.047925920177062e-07
2464858.5,A.D. 2036-Jun-14 00:00:00.0000,-0.12321018436031023,-1.0081233615288971,8.59593198266901e-05,0.01679361215942357,-0.0021568197243450114,6.906141424927615e-07
2464859.5,A.D. 2036-Jun-15 00:00:00.0000,-0.10639936299876528,-1.010138159883263,8.663128670393737e-05,0.016827268158671776,-0.0018726550676916901,6.486842068440029e-07
2464860.5,A.D. 2036-Jun-16 00:00:00.0000,-0.08955718116292548,-1.011868434836262,8.724746193479879e-05,0.016856324655278608,-0.0015877800482500825,5.790953429317129e-07
2464861.5,A.D. 2036-Jun-17 00:00:00.0000,-0.07268826452058692,-1.0133134980080263,8.778048556682185e-05,0.01688072844391565,-0.0013022392428877153,4.825557466270755e-07
2464862.5,A.D. 2036-Jun-18 00:00:00.0000,-0.05579729494361329,-1.0144727075506383,8.820406780939892e-05,0.01690041993088979,-0.001016081320239818,3.605338076152136e-07
2464863.5,A.D. 2036-Jun-19 00:00:00.0000,-0.038889018112319054,-1.0153454731159133,8.849388279916227e-05,0.01691533069121661,-0.000729361144644914,2.155494561892257e-07
2464864.5,A.D. 2036-Jun-20 00:00:00.0000,-0.021968253402985277,-1.0159312640703235,8.862882049164649e-05,0.016925381558398112,-0.0004421442398585483,5.159101961350135e-08
2464865.5,A.D. 2036-Jun-21 00:00:00.0000,-0.005039904784164532,-1.016229623437818,8.85926850775824e-05,0.016930482828600383,-0.00015451373449955498,-1.254307649945073e-07
2464866.5,A.D. 2036-Jun-22 00:00:00.0000,0.011891030381509108,-1.0162401897004942,8.837629294604686e-05,0.01693053858544764,0.00013342114938161412,-3.073774294946974e-07
2464867.5,A.D. 2036-Jun-23 00:00:00.0000,0.028819459651563174,-1.015962726850766,8.797968898712808e-05,0.01692545677415791,0.00042151766825511037,-4.840011076209082e-07
2464868.5,A.D. 2036-Jun-24 00:00:00.0000,0.045740206775230906,-1.0153971596463365,8.741391806449282e-05,0.01691516474390618,0.0007095973379846023,-6.437487201450419e-07
2464869.5,A.D. 2036-Jun-25 00:00:00.0000,0.06264803987783392,-1.014543606734831,8.670161523846222e-05,0.0168996266230307,0.0009974529093288499,-7.752981269650233e-07
2464870.5,A.D. 2036-Jun-26 00:00:00.0000,0.07953771525750694,-1.0134024016701182,8.587582167181254e-05,0.016878855971755594,0.001284865319406566,-8.694778952888204e-07
2464871.5,A.D. 2036-Jun-27 00:00:00.0000,0.09640402878238548,-1.011974093637962,8.497696465197216e-05,0.016852917596891812,0.0015716261661533363,-9.208965702781688e-07
2464872.5,A.D. 2036-Jun-28 00:00:00.0000,0.11324186283566604,-1.0102594262432802,8.404862771050752e-05,0.016821917132096253,0.0018575577284271048,-9.286583179461109e-07
2464873.5,A.D. 2036-Jun-29 00:00:00.0000,0.1300462184205197,-1.0082593004611429,8.313315755314899e-05,0.016785982901824658,0.002142523875290716,-8.95992254397269e-07
2464874.5,A.D. 2036-Jun-30 00:00:00.0000,0.14681222829119328,-1.0059747321216044,8.226806018258193e-05,0.016745247276529623,0.0024264302969103225,-8.291299955528091e-07
2464875.5,A.D. 2036-Jul-01 00:00:00.0000,0.16353515359777873,-1.0034068133011922,8.148366704859973e-05,0.01669983293933253,0.0027092172297358296,-7.359761897158696e-07
2464876.5,A.D. 2036-Jul-02 00:00:00.0000,0.18021037007455876,-1.0005566827380339,8.08020490077295e-05,0.016649845675407327,0.0029908494357642726,-6.249911238659916e-07
2464877.5,A.D. 2036-Jul-03 00:00:00.0000,0.19683334980685752,-0.997425506063616,8.023686420073011e-05,0.01659537238503916,0.0032713070137985094,-5.044471938416091e-07
2464878.5,A.D. 2036-Jul-04 00:00:00.0000,0.21339964266936337,-0.9940144640939385,7.979377263454606e-05,0.01653648203820933,0.0035505785687028964,-3.820228306027617e-07
2464879.5,A.D. 2036-Jul-05 00:00:00.0000,0.22990485936377053,-0.9903247467387823,7.947113619349203e-05,0.016473227669020905,0.0038286567213599927,-2.6461681954944084e-07
2464880.5,A.D. 2036-Jul-06 00:00:00.0000,0.24634465649290557,-0.9863575505144152,7.926084230678459e-05,0.016405648345548546,0.004105535256216103,-1.5827094945206088e-07
2464881.5,A.D. 2036-Jul-07 00:00:00.0000,0.2627147234292336,-0.9821140784131964,7.914918238967743e-05,0.016333770777844037,0.004381207149828057,-6.812980836559207e-08
2464882.5,A.D. 2036-Jul-08 00:00:00.0000,0.2790107706376408,-0.9775955415283081,7.911776518095281e-05,0.016257610652087223,0.004655662974718999,1.590563985244485e-09
2464883.5,A.D. 2036-Jul-09 00:00:00.0000,0.2952285192891621,-0.9728031621787001,7.914445731177677e-05,0.016177173914830263,0.00492888948658539,4.7624071323180686e-08
2464884.5,A.D. 2036-Jul-10 00:00:00.0000,0.3113636922058728,-0.9677381783425011,7.920433495037821e-05,0.016092458165023922,0.005200868440750576,6.765307090799906e-08
2464885.5,A.D. 2036-Jul-11 00:00:00.0000,0.3274120062564197,-0.962401849098548,7.927061813000739e-05,0.016003454147117343,0.005471575784567677,6.027454474564361e-08
2464886.5,A.D. 2036-Jul-12 00:00:00.0000,0.34336916622892355,-0.9567954606378567,7.93155558755683e-05,0.0159101471731073,0.005740981333780146,2.4937424116775568e-08
2464887.5,A.D. 2036-Jul-13 00:00:00.0000,0.35923085997968507,-0.9509203323622234,7.931124153972862e-05,0.015812518204212832,0.00600904890204311,-3.812997363544905e-08
2464888.5,A.D. 2036-Jul-14 00:00:00.0000,0.3749927543792711,-0.9447778227077895,7.923036326909872e-05,0.015710544325042826,0.006275736670445337,-1.2797122549198154e-07
2464889.5,A.D. 2036-Jul-15 00:00:00.0000,0.39065049135356805,-0.9383693346352985,7.904692913633296e-05,0.015604198445334646,0.00654099740610473,-2.428950010464826e-07
2464890.5,A.D. 2036-Jul-16 00:00:00.0000,0.4061996832425423,-0.9316963211952161,7.873704272025232e-05,0.015493448260224299,0.0068047779955076534,-3.803759912484693e-07
2464891.5,A.D. 2036-Jul-17 00:00:00.0000,0.42163590687060487,-0.9247602921578163,7.827983348693125e-05,0.015378254799784583,0.0070670176770285574,-5.368427969511226e-07
2464892.5,A.D. 2036-Jul-18 00:00:00.0000,0.4369546962563526,-0.9175628233054076,7.765865367731381e-05,0.015258571328089478,0.007327644405176455,-7.073624185895365e-07
2464893.5,A.D. 2036-Jul-19 00:00:00.0000,0.4521515349171262,-0.9101055704189385,7.686261789538707e-05,0.015134343899402167,0.007586569108753923,-8.852879155665099e-07
2464894.5,A.D. 2036-Jul-20 00:00:00.0000,0.4672218502955148,-0.9023902898608424,7.588845341135413e-05,0.015005515367576255,0.00784367844551298,-1.0620235317647758e-06
2464895.5,A.D. 2036-Jul-21 00:00:00.0000,0.4821610146736315,-0.8944188663617497,7.474242546343831e-05,0.01487203457598816,0.00809882813733581,-1.2271573458426432e-06
2464896.5,A.D. 2036-Jul-22 00:00:00.0000,0.49696435810903117,-0.8861933456538323,7.344182766121557e-05,0.014733871051976977,0.008351840688728447,-1.36923881317489e-06
2464897.5,A.D. 2036-Jul-23 00:00:00.0000,0.5116271978088295,-0.8777159653231609,7.20153098621448e-05,0.014591032391722202,0.008602511875022797,-1.4773193725686138e-06
2464898.5,A.D. 2036-Jul-24 00:00:00.0000,0.526144883652014,-0.8689891737627466,7.050137802631311e-05,0.014443577876110773,0.008850627989493496,-1.542981584537226e-06
2464899.5,A.D. 2036-Jul-25 00:00:00.0000,0.5405128522574386,-0.8600156277174821,6.89449046770861e-05,0.014291620899471622,0.009095990289774192,-1.562146646433225e-06
2464900.5,A.D. 2036-Jul-26 00:00:00.0000,0.5547266762683565,-0.8507981653475901,6.73922860277518e-05,0.014135317051733775,0.00933843782524104,-1.5358642979393002e-06
2464901.5,A.D. 2036-Jul-27 00:00:00.0000,0.568782096048045,-0.8413397611673427,6.588648609300196e-05,0.013974842144151511,0.0095778597241373,-1.4697535839580306e-06
2464902.5,A.D. 2036-Jul-28 00:00:00.0000,0.5826750281240937,-0.8316434755883969,6.446318688552498e-05,0.013810369269468218,0.009814193814095712,-1.372458314587949e-06
2464903.5,A.D. 2036-Jul-29 00:00:00.0000,0.5964015536295517,-0.8217124113152334,6.314866752794953e-05,0.013642052634002307,0.010047415329329283,-1.253860355743423e-06
2464904.5,A.D. 2036-Jul-30 00:00:00.0000,0.609957895240432,-0.811549683181242,6.195932046686156e-05,0.01347002068539725,0.010277522421895955,-1.1236643809002329e-06
2464905.5,A.D. 2036-Jul-31 00:00:00.0000,0.6233403911750771,-0.8011584017475304,6.090228527437863e-05,0.013294376553925218,0.0105045237468592,-9.905848970245591e-07
2464906.5,A.D. 2036-Aug-01 00:00:00.0000,0.6365454717934966,-0.7905416672639279,5.9976620368631286e-05,0.013115202221723687,0.01072843026795039,-8.620539072746038e-07
2464907.5,A.D. 2036-Aug-02 00:00:00.0000,0.6495696409405005,-0.7797025697585495,5.917459126472681e-05,0.012932563456597252,0.010949251027574344,-7.442445814629472e-07
2464908.5,A.D. 2036-Aug-03 00:00:00.0000,0.6624094618749691,-0.7686441918967896,5.848285852034588e-05,0.012746513887032605,0.011166991599688524,-6.422217792671165e-07
2464909.5,A.D. 2036-Aug-04 00:00:00.0000,0.6750615466005687,-0.7573696126146694,5.788350555452873e-05,0.012557097714320788,0.01138165388957692,-5.600973798891324e-07
2464910.5,A.D. 2036-Aug-05 00:00:00.0000,0.6875225472729954,-0.7458819107049169,5.735493456719469e-05,0.012364351210154608,0.011593236302106503,-5.011338080162361e-07
2464911.5,A.D. 2036-Aug-06 00:00:00.0000,0.6997891486682357,-0.73418416829658,5.687269061023614e-05,0.012168303418941503,0.01180173372747798,-4.677851696754366e-07
2464912.5,A.D. 2036-Aug-07 00:00:00.0000,0.7118580611458155,-0.722279474532509,5.641026986748975e-05,0.011968976514554133,0.012007137152018316,-4.6169156768067125e-07
2464913.5,A.D. 2036-Aug-08 00:00:00.0000,0.7237260139456597,-0.7101709298072925,5.5939946422022716e-05,0.011766386154557504,0.012209432950196263,-4.836521959633803e-07
2464914.5,A.D. 2036-Aug-09 00:00:00.0000,0.7353897489160018,-0.6978616507982938,5.543362655589761e-05,0.01156054200021654,0.01240860204092266,-5.336002852490431e-07
2464915.5,A.D. 2036-Aug-10 00:00:00.0000,0.746846014844476,-0.6853547763276165,5.486372170987307e-05,0.0113514483865838,0.012604619094536845,-6.105915011336886e-07
2464916.5,A.D. 2036-Aug-11 00:00:00.0000,0.7580915624745467,-0.6726534739514191,5.420402739996838e-05,0.01113910499102456,0.012797451871266824,-7.128016022773269e-07
2464917.5,A.D. 2036-Aug-12 00:00:00.0000,0.769123140108876,-0.6597609471766238,5.343060711876644e-05,0.010923507310198208,0.012987060595648322,-8.375148251197521e-07
2464918.5,A.D. 2036-Aug-13 00:00:00.0000,0.7799374895445909,-0.6466804433974523,5.252270320267422e-05,0.010704646844743471,0.01317339708044064,-9.810772466558553e-07
2464919.5,A.D. 2036-Aug-14 00:00:00.0000,0.7905313420863304,-0.6334152630075226,5.146372110398542e-05,0.010482511116962355,0.013356403174620333,-1.1387943991942483e-06
2464920.5,A.D. 2036-Aug-15 00:00:00.0000,0.8009014146755586,-0.6199687705874064,5.024234484099734e-05,0.010257084000709632,0.013536008102244038,-1.3047744295610294e-06
2464921.5,A.D. 2036-Aug-16 00:00:00.0000,0.8110444068697885,-0.6063444094102665,4.8853820252183505e-05,0.010028347281756177,0.013712124491215526,-1.4717617071800192e-06
2464922.5,A.D. 2036-Aug-17 00:00:00.0000,0.8209570005316968,-0.5925457204396257,4.730136637617887e-05,0.009796284754144294,0.013884643505634581,-1.6310718322211898e-06
2464923.5,A.D. 2036-Aug-18 00:00:00.0000,0.830635865447863,-0.57857636607327,4.5597526798604465e-05,0.009560890161810873,0.014053430584250362,-1.7728125025223314e-06
2464924.5,A.D. 2036-Aug-19 00:00:00.0000,0.8400776750443943,-0.5644401567087807,4.376506591822315e-05,0.009322179365945187,0.014218324633296284,-1.8866060406390592e-06
2464925.5,A.D. 2036-Aug-20 00:00:00.0000,0.8492791357141704,-0.5501410748891037,4.183683359919043e-05,0.009080204824428381,0.014379144239424843,-1.9629314074022695e-06
2464926.5,A.D. 2036-Aug-21 00:00:00.0000,0.8582370298044992,-0.5356832886815648,3.985403380315282e-05,0.008835067367475075,0.014535703076116693,-1.994912064758639e-06
2464927.5,A.D. 2036-Aug-22 00:00:00.0000,0.8669482662250827,-0.5210711456988357,3.786270462059165e-05,0.008586918611360683,0.014687832394200403,-1.979983152830504e-06
2464928.5,A.D. 2036-Aug-23 00:00:00.0000,0.8754099268522758,-0.5063091439823069,3.5908909788163096e-05,0.00833594993485226,0.01483540326433509,-1.920684632790547e-06
2464929.5,A.D. 2036-Aug-24 00:00:00.0000,0.883619295943582,-0.49140188463387774,3.403378637235038e-05,0.008082370559689208,0.014978339513656319,-1.8241327795672768e-06
2464930.5,A.D. 2036-Aug-25 00:00:00.0000,0.8915738656075611,-0.47635401844138037,3.226971681636567e-05,0.007826383236998125,0.015116616623255065,-1.700393538691591e-06
2464931.5,A.D. 2036-Aug-26 00:00:00.0000,0.8992713196170926,-0.46117019982096363,3.063837674124243e-05,0.0075681664208348326,0.015250249159661755,-1.560497304266714e-06
2464932.5,A.D. 2036-Aug-27 00:00:00.0000,0.9067095045584469,-0.44585505614493975,2.9150628564547973e-05,0.007307866910217355,0.01537927385183741,-1.4148278384181935e-06
2464933.5,A.D. 2036-Aug-28 00:00:00.0000,0.9138863983659075,-0.43041317331890944,2.7807678418502064e-05,0.00704560138625038,0.01550373484901414,-1.2722251464733091e-06
2464934.5,A.D. 2036-Aug-29 00:00:00.0000,0.9208000831093877,-0.41484909357410227,2.6602786843717264e-05,0.006781462644275757,0.01562367423805913,-1.139741947933724e-06
2464935.5,A.D. 2036-Aug-30 00:00:00.0000,0.9274487247041486,-0.3991673200590303,2.552299823399169e-05,0.006515526692537371,0.015739127734613338,-1.0228040068057635e-06
2464936.5,A.D. 2036-Aug-31 00:00:00.0000,0.9338305591640944,-0.38337232379888286,2.455061446583487e-05,0.006247858513192647,0.01585012394621397,-9.255260562688787e-07
2464937.5,A.D. 2036-Sep-01 00:00:00.0000,0.9399438835987464,-0.3674685503571232,2.3664347564166696e-05,0.005978515759080716,0.01595668543737578,-8.510179335539324e-07
2464938.5,A.D. 2036-Sep-02 00:00:00.0000,0.9457870499146718,-0.35146042511225833,2.2840207667730937e-05,0.005707550532936986,0.016058830255608832,-8.016001251928632e-07
2464939.5,A.D. 2036-Sep-03 00:00:00.0000,0.9513584595459025,-0.3353523571404473,2.2052231776323393e-05,0.005435009765094989,0.01615657309524295,-7.789063639698413e-07
2464940.5,A.D. 2036-Sep-04 00:00:00.0000,0.9566565581133537,-0.31914874229830514,2.1273162553368096e-05,0.005160934793510364,0.016249925694076836,-7.838846671335967e-07
2464941.5,A.D. 2036-Sep-05 00:00:00.0000,0.9616798295034872,-0.302853966344981,2.0475165166714144e-05,0.004885360708697786,0.01633889636182287,-8.167259931788053e-07
2464942.5,A.D. 2036-Sep-06 00:00:00.0000,0.9664267893699714,-0.2864724089279735,1.9630636357005068e-05,0.004608315919020897,0.016423488758289376,-8.767575144663497e-07
2464943.5,A.D. 2036-Sep-07 00:00:00.0000,0.970895978443012,-0.2700084490603301,1.871312242259867e-05,0.004329822235400039,0.01650370018385074,-9.623371604017774e-07
2464944.5,A.D. 2036-Sep-08 00:00:00.0000,0.9750859562372168,-0.2534664724186344,1.769832971617906e-05,0.004049895586095031,0.016579519699116176,-1.0707776564170932e-06
2464945.5,A.D. 2036-Sep-09 00:00:00.0000,0.9789952957676556,-0.23685088049218056,1.6565190091888524e-05,0.0037685472957101024,0.016650926336413723,-1.1983133779837277e-06
2464946.5,A.D. 2036-Sep-10 00:00:00.0000,0.9826225797596511,-0.22016610142038273,1.529693876137624e-05,0.0034857857650038514,0.016717887514573575,-1.3401070371453836e-06
2464947.5,A.D. 2036-Sep-11 00:00:00.0000,0.9859663986822408,-0.20341660233824685,1.3882170786721391e-05,0.003201618430399507,0.016780357581595393,-1.490283442482226e-06
2464948.5,A.D. 2036-Sep-12 00:00:00.0000,0.9890253509020581,-0.1866069031951025,1.2315854277308977e-05,0.002916054082325635,0.01683827629158889,-1.6419824147034453e-06
2464949.5,A.D. 2036-Sep-13 00:00:00.0000,0.9917980454824843,-0.1697415921906126,1.0600275891490074e-05,0.002629105928754595,0.016891567092665507,-1.7874469544548223e-06
2464950.5,A.D. 2036-Sep-14 00:00:00.0000,0.9942831086882369,-0.15282534294295874,8.745858727141956e-06,0.002340796066278327,0.016940135461031482,-1.9182037438207053e-06
2464951.5,A.D. 2036-Sep-15 00:00:00.0000,0.9964791959563768,-0.13586293295785595,6.771712814331047e-06,0.002051162028173335,0.016983868183689847,-2.025437141277384e-06
2464952.5,A.D. 2036-Sep-16 00:00:00.0000,0.998385011537399,-0.1188592616591486,4.705665180445899e-06,0.0017602655016640204,0.01702263529532883,-2.10067361980684e-06
2464953.5,A.D. 2036-Sep-17 00:00:00.0000,0.9999993374763825,-0.10181936426034198,2.583421283776233e-06,0.0014682019193493284,0.017056296799464823,-2.1368331233306774e-06
2464954.5,A.D. 2036-Sep-18 00:00:00.0000,1.0013210713594056,-0.084748415884761,4.4653041031596766e-07,0.001175107711654847,0.017084715512673418,-2.129530159495538e-06
2464955.5,A.D. 2036-Sep-19 00:00:00.0000,1.0023492682880748,-0.06765172015017377,-1.6609326401632388e-06,0.0008811607721180981,0.01710777478547279,-2.0782600832210754e-06
2464956.5,A.D. 2036-Sep-20 00:00:00.0000,1.0030831784419816,-0.05053467947090384,-3.696597753135003e-06,0.0005865709058787555,0.01712539628184721,-1.9869503807213673e-06
2464957.5,A.D. 2036-Sep-21 00:00:00.0000,1.0035222702717566,-0.0334027503927993,-5.624090044140541e-06,0.00029156125674158266,0.017137551039310462,-1.8634977024882401e-06
2464958.5,A.D. 2036-Sep-22 00:00:00.0000,1.0036662329189237,-0.016261393379395053,-7.416356913024873e-06,-3.6533947900373817e-06,0.017144259122351433,-1.7183597309740082e-06
2464959.5,A.D. 2036-Sep-23 00:00:00.0000,1.003514958599973,0.0008839713981697274,-9.057323157109108e-06,-0.000298883850405237,0.01714557855824929,-1.5627317218774946e-06
2464960.5,A.D. 2036-Sep-24 00:00:00.0000,1.0030685121910417,0.018027994001491736,-1.0541794431506625e-05,-0.0005939744937249748,0.017141588974794633,-1.4069636440121374e-06
2464961.5,A.D. 2036-Sep-25 00:00:00.0000,1.0023270975349043,0.035165408362424704,-1.1874082441767314e-05,-0.0008888022398838272,0.017132376273795314,-1.2596213917758163e-06
2464962.5,A.D. 2036-Sep-26 00:00:00.0000,1.0012910279189395,0.05229103286737157,-1.306603880470147e-05,-0.0011832699521879474,0.017118022210687697,-1.1272213691904428e-06
2464963.5,A.D. 2036-Sep-27 00:00:00.0000,0.9999607041896279,0.06939976335824692,-1.4135076283983527e-05,-0.0014772983421451821,0.017098599540634828,-1.0144260877561972e-06
2464964.5,A.D. 2036-Sep-28 00:00:00.0000,0.9983366005242976,0.08648656354064511,-1.5102505572005558e-05,-0.0017708190654731125,0.017074171378711128,-9.244397612350242e-07
2464965.5,A.D. 2036-Sep-29 00:00:00.0000,0.9964192559862961,0.10354645606459205,-1.599228247422259e-05,-0.0020637701359303992,0.017044792880241435,-8.594087326124568e-07
2464966.5,A.D. 2036-Sep-30 00:00:00.0000,0.9942092694641436,0.12057451576242978,-1.683011056731169e-05,-0.002356093691897485,0.017010513654352806,-8.20720908638122e-07
2464967.5,A.D. 2036-Oct-01 00:00:00.0000,0.991707295856667,0.13756586520562641,-1.7642774785995708e-05,-0.0026477356378884274,0.01697137985378939,-8.091658171545035e-07
2464968.5,A.D. 2036-Oct-02 00:00:00.0000,0.9889140419433718,0.15451567192049895,-1.845756479775065e-05,-0.0029386465224405392,0.01692743533075006,-8.249565079960185e-07
2464969.5,A.D. 2036-Oct-03 00:00:00.0000,0.9858302610340303,0.17141914615835674,-1.9301660175580178e-05,-0.0032287829923937678,0.01687872156124793,-8.676364380566822e-07
